id,pincode_id,city_id,state_id,status,created_at,updated_at,deleted_at
1,1,1,7,NULL,"2026-01-19 08:56:52","2026-01-19 08:56:52",NULL
2,2,2,7,NULL,"2026-01-19 08:56:52","2026-01-19 08:56:52",NULL
3,3,3,7,NULL,"2026-01-19 08:56:52","2026-01-19 08:56:52",NULL
4,4,4,7,NULL,"2026-01-19 08:56:52","2026-01-19 08:56:52",NULL
5,5,5,7,NULL,"2026-01-19 08:56:52","2026-01-19 08:56:52",NULL
6,6,6,7,NULL,"2026-01-19 08:56:52","2026-01-19 08:56:52",NULL
7,7,7,7,NULL,"2026-01-19 08:56:52","2026-01-19 08:56:52",NULL
8,8,8,7,NULL,"2026-01-19 08:56:52","2026-01-19 08:56:52",NULL
9,9,9,7,NULL,"2026-01-19 08:56:52","2026-01-19 08:56:52",NULL
10,10,10,7,NULL,"2026-01-19 08:56:52","2026-01-19 08:56:52",NULL
11,11,11,7,NULL,"2026-01-19 08:56:52","2026-01-19 08:56:52",NULL
12,12,12,7,NULL,"2026-01-19 08:56:52","2026-01-19 08:56:52",NULL
13,13,13,7,NULL,"2026-01-19 08:56:52","2026-01-19 08:56:52",NULL
14,14,14,7,NULL,"2026-01-19 08:56:52","2026-01-19 08:56:52",NULL
15,15,15,7,NULL,"2026-01-19 08:56:52","2026-01-19 08:56:52",NULL
16,16,16,7,NULL,"2026-01-19 08:56:52","2026-01-19 08:56:52",NULL
17,17,17,7,NULL,"2026-01-19 08:56:52","2026-01-19 08:56:52",NULL
18,18,18,7,NULL,"2026-01-19 08:56:52","2026-01-19 08:56:52",NULL
19,19,19,7,NULL,"2026-01-19 08:56:52","2026-01-19 08:56:52",NULL
20,20,20,7,NULL,"2026-01-19 08:56:52","2026-01-19 08:56:52",NULL
21,21,21,7,NULL,"2026-01-19 08:56:52","2026-01-19 08:56:52",NULL
22,22,22,7,NULL,"2026-01-19 08:56:52","2026-01-19 08:56:52",NULL
23,23,23,7,NULL,"2026-01-19 08:56:52","2026-01-19 08:56:52",NULL
24,24,24,7,NULL,"2026-01-19 08:56:52","2026-01-19 08:56:52",NULL
25,25,25,7,NULL,"2026-01-19 08:56:52","2026-01-19 08:56:52",NULL
26,26,26,7,NULL,"2026-01-19 08:56:52","2026-01-19 08:56:52",NULL
27,27,27,7,NULL,"2026-01-19 08:56:52","2026-01-19 08:56:52",NULL
28,28,28,7,NULL,"2026-01-19 08:56:52","2026-01-19 08:56:52",NULL
29,29,29,7,NULL,"2026-01-19 08:56:52","2026-01-19 08:56:52",NULL
30,30,30,7,NULL,"2026-01-19 08:56:52","2026-01-19 08:56:52",NULL
31,31,31,7,NULL,"2026-01-19 08:56:52","2026-01-19 08:56:52",NULL
32,32,32,7,NULL,"2026-01-19 08:56:52","2026-01-19 08:56:52",NULL
33,33,33,7,NULL,"2026-01-19 08:56:52","2026-01-19 08:56:52",NULL
34,34,34,7,NULL,"2026-01-19 08:56:52","2026-01-19 08:56:52",NULL
35,35,35,7,NULL,"2026-01-19 08:56:52","2026-01-19 08:56:52",NULL
36,36,36,7,NULL,"2026-01-19 08:56:52","2026-01-19 08:56:52",NULL
37,37,37,7,NULL,"2026-01-19 08:56:52","2026-01-19 08:56:52",NULL
38,38,38,7,NULL,"2026-01-19 08:56:52","2026-01-19 08:56:52",NULL
39,39,39,7,NULL,"2026-01-19 08:56:52","2026-01-19 08:56:52",NULL
40,40,40,7,NULL,"2026-01-19 08:56:52","2026-01-19 08:56:52",NULL
41,41,41,7,NULL,"2026-01-19 08:56:52","2026-01-19 08:56:52",NULL
42,42,42,7,NULL,"2026-01-19 08:56:52","2026-01-19 08:56:52",NULL
43,43,43,7,NULL,"2026-01-19 08:56:52","2026-01-19 08:56:52",NULL
44,44,44,7,NULL,"2026-01-19 08:56:52","2026-01-19 08:56:52",NULL
45,45,45,7,NULL,"2026-01-19 08:56:52","2026-01-19 08:56:52",NULL
46,46,46,7,NULL,"2026-01-19 08:56:52","2026-01-19 08:56:52",NULL
47,47,47,7,NULL,"2026-01-19 08:56:52","2026-01-19 08:56:52",NULL
48,48,48,7,NULL,"2026-01-19 08:56:52","2026-01-19 08:56:52",NULL
49,49,49,7,NULL,"2026-01-19 08:56:52","2026-01-19 08:56:52",NULL
50,50,50,7,NULL,"2026-01-19 08:56:52","2026-01-19 08:56:52",NULL
51,51,51,7,NULL,"2026-01-19 08:56:52","2026-01-19 08:56:52",NULL
52,52,52,7,NULL,"2026-01-19 08:56:52","2026-01-19 08:56:52",NULL
53,53,53,7,NULL,"2026-01-19 08:56:52","2026-01-19 08:56:52",NULL
54,54,54,7,NULL,"2026-01-19 08:56:52","2026-01-19 08:56:52",NULL
55,55,55,7,NULL,"2026-01-19 08:56:52","2026-01-19 08:56:52",NULL
56,56,56,7,NULL,"2026-01-19 08:56:52","2026-01-19 08:56:52",NULL
57,57,57,7,NULL,"2026-01-19 08:56:52","2026-01-19 08:56:52",NULL
58,58,58,7,NULL,"2026-01-19 08:56:52","2026-01-19 08:56:52",NULL
59,59,59,7,NULL,"2026-01-19 08:56:52","2026-01-19 08:56:52",NULL
60,60,60,7,NULL,"2026-01-19 08:56:52","2026-01-19 08:56:52",NULL
61,61,61,7,NULL,"2026-01-19 08:56:52","2026-01-19 08:56:52",NULL
62,62,62,7,NULL,"2026-01-19 08:56:52","2026-01-19 08:56:52",NULL
63,63,63,7,NULL,"2026-01-19 08:56:52","2026-01-19 08:56:52",NULL
64,64,64,7,NULL,"2026-01-19 08:56:52","2026-01-19 08:56:52",NULL
65,65,65,7,NULL,"2026-01-19 08:56:52","2026-01-19 08:56:52",NULL
66,66,66,7,NULL,"2026-01-19 08:56:52","2026-01-19 08:56:52",NULL
67,67,67,7,NULL,"2026-01-19 08:56:52","2026-01-19 08:56:52",NULL
68,68,68,7,NULL,"2026-01-19 08:56:52","2026-01-19 08:56:52",NULL
69,69,69,7,NULL,"2026-01-19 08:56:52","2026-01-19 08:56:52",NULL
70,70,70,7,NULL,"2026-01-19 08:56:52","2026-01-19 08:56:52",NULL
71,71,71,7,NULL,"2026-01-19 08:56:52","2026-01-19 08:56:52",NULL
72,72,72,7,NULL,"2026-01-19 08:56:52","2026-01-19 08:56:52",NULL
73,73,73,7,NULL,"2026-01-19 08:56:52","2026-01-19 08:56:52",NULL
74,74,74,7,NULL,"2026-01-19 08:56:52","2026-01-19 08:56:52",NULL
75,75,75,7,NULL,"2026-01-19 08:56:52","2026-01-19 08:56:52",NULL
76,76,76,7,NULL,"2026-01-19 08:56:52","2026-01-19 08:56:52",NULL
77,77,77,7,NULL,"2026-01-19 08:56:52","2026-01-19 08:56:52",NULL
78,78,78,7,NULL,"2026-01-19 08:56:52","2026-01-19 08:56:52",NULL
79,79,79,7,NULL,"2026-01-19 08:56:52","2026-01-19 08:56:52",NULL
80,80,80,7,NULL,"2026-01-19 08:56:52","2026-01-19 08:56:52",NULL
81,81,81,7,NULL,"2026-01-19 08:56:52","2026-01-19 08:56:52",NULL
82,82,82,7,NULL,"2026-01-19 08:56:52","2026-01-19 08:56:52",NULL
83,83,83,7,NULL,"2026-01-19 08:56:52","2026-01-19 08:56:52",NULL
84,84,84,7,NULL,"2026-01-19 08:56:52","2026-01-19 08:56:52",NULL
85,85,85,7,NULL,"2026-01-19 08:56:52","2026-01-19 08:56:52",NULL
86,86,86,7,NULL,"2026-01-19 08:56:52","2026-01-19 08:56:52",NULL
87,87,87,7,NULL,"2026-01-19 08:56:52","2026-01-19 08:56:52",NULL
88,88,88,7,NULL,"2026-01-19 08:56:52","2026-01-19 08:56:52",NULL
89,89,89,7,NULL,"2026-01-19 08:56:52","2026-01-19 08:56:52",NULL
90,90,90,7,NULL,"2026-01-19 08:56:52","2026-01-19 08:56:52",NULL
91,91,91,7,NULL,"2026-01-19 08:56:52","2026-01-19 08:56:52",NULL
92,92,92,7,NULL,"2026-01-19 08:56:52","2026-01-19 08:56:52",NULL
93,93,93,7,NULL,"2026-01-19 08:56:52","2026-01-19 08:56:52",NULL
94,94,94,7,NULL,"2026-01-19 08:56:52","2026-01-19 08:56:52",NULL
95,95,95,7,NULL,"2026-01-19 08:56:52","2026-01-19 08:56:52",NULL
96,96,96,7,NULL,"2026-01-19 08:56:52","2026-01-19 08:56:52",NULL
97,97,97,7,NULL,"2026-01-19 08:56:52","2026-01-19 08:56:52",NULL
98,98,98,7,NULL,"2026-01-19 08:56:52","2026-01-19 08:56:52",NULL
99,99,99,7,NULL,"2026-01-19 08:56:52","2026-01-19 08:56:52",NULL
100,100,100,7,NULL,"2026-01-19 08:56:52","2026-01-19 08:56:52",NULL
101,101,101,7,NULL,"2026-01-19 08:56:52","2026-01-19 08:56:52",NULL
102,102,102,7,NULL,"2026-01-19 08:56:52","2026-01-19 08:56:52",NULL
103,103,103,7,NULL,"2026-01-19 08:56:52","2026-01-19 08:56:52",NULL
104,104,104,7,NULL,"2026-01-19 08:56:52","2026-01-19 08:56:52",NULL
105,105,105,7,NULL,"2026-01-19 08:56:52","2026-01-19 08:56:52",NULL
106,106,106,7,NULL,"2026-01-19 08:56:52","2026-01-19 08:56:52",NULL
107,107,107,7,NULL,"2026-01-19 08:56:52","2026-01-19 08:56:52",NULL
108,108,108,7,NULL,"2026-01-19 08:56:52","2026-01-19 08:56:52",NULL
109,109,109,7,NULL,"2026-01-19 08:56:52","2026-01-19 08:56:52",NULL
110,110,110,7,NULL,"2026-01-19 08:56:52","2026-01-19 08:56:52",NULL
111,111,111,7,NULL,"2026-01-19 08:56:52","2026-01-19 08:56:52",NULL
112,112,112,7,NULL,"2026-01-19 08:56:52","2026-01-19 08:56:52",NULL
113,113,113,7,NULL,"2026-01-19 08:56:52","2026-01-19 08:56:52",NULL
114,114,114,7,NULL,"2026-01-19 08:56:52","2026-01-19 08:56:52",NULL
115,115,115,7,NULL,"2026-01-19 08:56:52","2026-01-19 08:56:52",NULL
116,116,116,7,NULL,"2026-01-19 08:56:52","2026-01-19 08:56:52",NULL
117,117,117,7,NULL,"2026-01-19 08:56:52","2026-01-19 08:56:52",NULL
118,118,118,7,NULL,"2026-01-19 08:56:52","2026-01-19 08:56:52",NULL
119,119,119,7,NULL,"2026-01-19 08:56:52","2026-01-19 08:56:52",NULL
120,120,120,7,NULL,"2026-01-19 08:56:52","2026-01-19 08:56:52",NULL
121,121,121,7,NULL,"2026-01-19 08:56:52","2026-01-19 08:56:52",NULL
122,122,122,7,NULL,"2026-01-19 08:56:52","2026-01-19 08:56:52",NULL
123,123,123,7,NULL,"2026-01-19 08:56:52","2026-01-19 08:56:52",NULL
124,124,124,7,NULL,"2026-01-19 08:56:52","2026-01-19 08:56:52",NULL
125,125,125,7,NULL,"2026-01-19 08:56:52","2026-01-19 08:56:52",NULL
126,126,126,7,NULL,"2026-01-19 08:56:52","2026-01-19 08:56:52",NULL
127,127,127,7,NULL,"2026-01-19 08:56:52","2026-01-19 08:56:52",NULL
128,128,128,7,NULL,"2026-01-19 08:56:52","2026-01-19 08:56:52",NULL
129,129,129,7,NULL,"2026-01-19 08:56:52","2026-01-19 08:56:52",NULL
130,130,130,7,NULL,"2026-01-19 08:56:52","2026-01-19 08:56:52",NULL
131,131,131,7,NULL,"2026-01-19 08:56:52","2026-01-19 08:56:52",NULL
132,132,132,7,NULL,"2026-01-19 08:56:52","2026-01-19 08:56:52",NULL
133,133,133,7,NULL,"2026-01-19 08:56:52","2026-01-19 08:56:52",NULL
134,134,134,7,NULL,"2026-01-19 08:56:52","2026-01-19 08:56:52",NULL
135,135,135,7,NULL,"2026-01-19 08:56:52","2026-01-19 08:56:52",NULL
136,136,136,7,NULL,"2026-01-19 08:56:52","2026-01-19 08:56:52",NULL
137,137,137,7,NULL,"2026-01-19 08:56:52","2026-01-19 08:56:52",NULL
138,138,138,7,NULL,"2026-01-19 08:56:52","2026-01-19 08:56:52",NULL
139,139,139,7,NULL,"2026-01-19 08:56:52","2026-01-19 08:56:52",NULL
140,140,140,7,NULL,"2026-01-19 08:56:52","2026-01-19 08:56:52",NULL
141,141,141,7,NULL,"2026-01-19 08:56:52","2026-01-19 08:56:52",NULL
142,142,142,7,NULL,"2026-01-19 08:56:52","2026-01-19 08:56:52",NULL
143,143,143,7,NULL,"2026-01-19 08:56:52","2026-01-19 08:56:52",NULL
144,144,144,7,NULL,"2026-01-19 08:56:52","2026-01-19 08:56:52",NULL
145,145,145,7,NULL,"2026-01-19 08:56:52","2026-01-19 08:56:52",NULL
146,146,146,7,NULL,"2026-01-19 08:56:52","2026-01-19 08:56:52",NULL
147,147,147,7,NULL,"2026-01-19 08:56:52","2026-01-19 08:56:52",NULL
148,148,148,7,NULL,"2026-01-19 08:56:52","2026-01-19 08:56:52",NULL
149,149,149,7,NULL,"2026-01-19 08:56:52","2026-01-19 08:56:52",NULL
150,150,150,7,NULL,"2026-01-19 08:56:52","2026-01-19 08:56:52",NULL
151,151,151,7,NULL,"2026-01-19 08:56:52","2026-01-19 08:56:52",NULL
152,152,152,7,NULL,"2026-01-19 08:56:52","2026-01-19 08:56:52",NULL
153,153,153,7,NULL,"2026-01-19 08:56:52","2026-01-19 08:56:52",NULL
154,154,154,7,NULL,"2026-01-19 08:56:52","2026-01-19 08:56:52",NULL
155,155,155,7,NULL,"2026-01-19 08:56:52","2026-01-19 08:56:52",NULL
156,156,156,7,NULL,"2026-01-19 08:56:52","2026-01-19 08:56:52",NULL
157,157,157,7,NULL,"2026-01-19 08:56:52","2026-01-19 08:56:52",NULL
158,158,158,7,NULL,"2026-01-19 08:56:52","2026-01-19 08:56:52",NULL
159,159,159,7,NULL,"2026-01-19 08:56:52","2026-01-19 08:56:52",NULL
160,160,160,7,NULL,"2026-01-19 08:56:52","2026-01-19 08:56:52",NULL
161,161,161,7,NULL,"2026-01-19 08:56:52","2026-01-19 08:56:52",NULL
162,162,162,7,NULL,"2026-01-19 08:56:52","2026-01-19 08:56:52",NULL
163,163,163,7,NULL,"2026-01-19 08:56:52","2026-01-19 08:56:52",NULL
164,164,164,7,NULL,"2026-01-19 08:56:52","2026-01-19 08:56:52",NULL
165,165,165,7,NULL,"2026-01-19 08:56:52","2026-01-19 08:56:52",NULL
166,166,166,7,NULL,"2026-01-19 08:56:52","2026-01-19 08:56:52",NULL
167,167,167,7,NULL,"2026-01-19 08:56:52","2026-01-19 08:56:52",NULL
168,168,168,7,NULL,"2026-01-19 08:56:52","2026-01-19 08:56:52",NULL
169,169,169,7,NULL,"2026-01-19 08:56:52","2026-01-19 08:56:52",NULL
170,170,170,7,NULL,"2026-01-19 08:56:52","2026-01-19 08:56:52",NULL
171,171,171,7,NULL,"2026-01-19 08:56:52","2026-01-19 08:56:52",NULL
172,172,172,7,NULL,"2026-01-19 08:56:52","2026-01-19 08:56:52",NULL
173,173,173,7,NULL,"2026-01-19 08:56:52","2026-01-19 08:56:52",NULL
174,174,174,7,NULL,"2026-01-19 08:56:52","2026-01-19 08:56:52",NULL
175,175,175,7,NULL,"2026-01-19 08:56:52","2026-01-19 08:56:52",NULL
176,176,176,7,NULL,"2026-01-19 08:56:52","2026-01-19 08:56:52",NULL
177,177,177,7,NULL,"2026-01-19 08:56:52","2026-01-19 08:56:52",NULL
178,178,178,7,NULL,"2026-01-19 08:56:52","2026-01-19 08:56:52",NULL
179,179,179,7,NULL,"2026-01-19 08:56:52","2026-01-19 08:56:52",NULL
180,180,180,7,NULL,"2026-01-19 08:56:52","2026-01-19 08:56:52",NULL
181,181,181,7,NULL,"2026-01-19 08:56:52","2026-01-19 08:56:52",NULL
182,182,182,7,NULL,"2026-01-19 08:56:52","2026-01-19 08:56:52",NULL
183,183,183,7,NULL,"2026-01-19 08:56:52","2026-01-19 08:56:52",NULL
184,184,184,7,NULL,"2026-01-19 08:56:52","2026-01-19 08:56:52",NULL
185,185,185,7,NULL,"2026-01-19 08:56:52","2026-01-19 08:56:52",NULL
186,186,186,7,NULL,"2026-01-19 08:56:52","2026-01-19 08:56:52",NULL
187,187,187,7,NULL,"2026-01-19 08:56:52","2026-01-19 08:56:52",NULL
188,188,188,7,NULL,"2026-01-19 08:56:52","2026-01-19 08:56:52",NULL
189,189,189,7,NULL,"2026-01-19 08:56:52","2026-01-19 08:56:52",NULL
190,190,190,7,NULL,"2026-01-19 08:56:52","2026-01-19 08:56:52",NULL
191,191,191,7,NULL,"2026-01-19 08:56:52","2026-01-19 08:56:52",NULL
192,192,192,7,NULL,"2026-01-19 08:56:52","2026-01-19 08:56:52",NULL
193,193,193,7,NULL,"2026-01-19 08:56:52","2026-01-19 08:56:52",NULL
194,194,194,7,NULL,"2026-01-19 08:56:52","2026-01-19 08:56:52",NULL
195,195,195,7,NULL,"2026-01-19 08:56:52","2026-01-19 08:56:52",NULL
196,196,196,7,NULL,"2026-01-19 08:56:52","2026-01-19 08:56:52",NULL
197,197,197,7,NULL,"2026-01-19 08:56:52","2026-01-19 08:56:52",NULL
198,198,198,7,NULL,"2026-01-19 08:56:52","2026-01-19 08:56:52",NULL
199,199,199,7,NULL,"2026-01-19 08:56:52","2026-01-19 08:56:52",NULL
200,200,200,7,NULL,"2026-01-19 08:56:52","2026-01-19 08:56:52",NULL
201,201,201,7,NULL,"2026-01-19 08:56:52","2026-01-19 08:56:52",NULL
202,202,202,7,NULL,"2026-01-19 08:56:52","2026-01-19 08:56:52",NULL
203,203,203,7,NULL,"2026-01-19 08:56:52","2026-01-19 08:56:52",NULL
204,204,204,7,NULL,"2026-01-19 08:56:52","2026-01-19 08:56:52",NULL
205,205,205,7,NULL,"2026-01-19 08:56:52","2026-01-19 08:56:52",NULL
206,206,206,7,NULL,"2026-01-19 08:56:52","2026-01-19 08:56:52",NULL
207,207,207,7,NULL,"2026-01-19 08:56:52","2026-01-19 08:56:52",NULL
208,208,208,7,NULL,"2026-01-19 08:56:52","2026-01-19 08:56:52",NULL
209,209,209,7,NULL,"2026-01-19 08:56:52","2026-01-19 08:56:52",NULL
210,210,210,7,NULL,"2026-01-19 08:56:52","2026-01-19 08:56:52",NULL
211,211,211,7,NULL,"2026-01-19 08:56:52","2026-01-19 08:56:52",NULL
212,212,212,7,NULL,"2026-01-19 08:56:52","2026-01-19 08:56:52",NULL
213,213,213,7,NULL,"2026-01-19 08:56:52","2026-01-19 08:56:52",NULL
214,214,214,7,NULL,"2026-01-19 08:56:52","2026-01-19 08:56:52",NULL
215,215,215,7,NULL,"2026-01-19 08:56:53","2026-01-19 08:56:53",NULL
216,216,216,7,NULL,"2026-01-19 08:56:53","2026-01-19 08:56:53",NULL
217,217,217,7,NULL,"2026-01-19 08:56:53","2026-01-19 08:56:53",NULL
218,218,218,7,NULL,"2026-01-19 08:56:53","2026-01-19 08:56:53",NULL
219,219,219,7,NULL,"2026-01-19 08:56:53","2026-01-19 08:56:53",NULL
220,220,220,7,NULL,"2026-01-19 08:56:53","2026-01-19 08:56:53",NULL
221,221,221,7,NULL,"2026-01-19 08:56:53","2026-01-19 08:56:53",NULL
222,222,222,7,NULL,"2026-01-19 08:56:53","2026-01-19 08:56:53",NULL
223,223,223,7,NULL,"2026-01-19 08:56:53","2026-01-19 08:56:53",NULL
224,224,224,7,NULL,"2026-01-19 08:56:53","2026-01-19 08:56:53",NULL
225,225,225,7,NULL,"2026-01-19 08:56:53","2026-01-19 08:56:53",NULL
226,226,226,7,NULL,"2026-01-19 08:56:53","2026-01-19 08:56:53",NULL
227,227,227,7,NULL,"2026-01-19 08:56:53","2026-01-19 08:56:53",NULL
228,228,228,7,NULL,"2026-01-19 08:56:53","2026-01-19 08:56:53",NULL
229,229,229,7,NULL,"2026-01-19 08:56:53","2026-01-19 08:56:53",NULL
230,230,230,7,NULL,"2026-01-19 08:56:53","2026-01-19 08:56:53",NULL
231,231,231,7,NULL,"2026-01-19 08:56:53","2026-01-19 08:56:53",NULL
232,232,232,7,NULL,"2026-01-19 08:56:53","2026-01-19 08:56:53",NULL
233,233,233,7,NULL,"2026-01-19 08:56:53","2026-01-19 08:56:53",NULL
234,234,234,7,NULL,"2026-01-19 08:56:53","2026-01-19 08:56:53",NULL
235,235,235,7,NULL,"2026-01-19 08:56:53","2026-01-19 08:56:53",NULL
236,236,236,7,NULL,"2026-01-19 08:56:53","2026-01-19 08:56:53",NULL
237,237,237,7,NULL,"2026-01-19 08:56:53","2026-01-19 08:56:53",NULL
238,238,238,7,NULL,"2026-01-19 08:56:53","2026-01-19 08:56:53",NULL
239,239,239,7,NULL,"2026-01-19 08:56:53","2026-01-19 08:56:53",NULL
240,240,240,7,NULL,"2026-01-19 08:56:53","2026-01-19 08:56:53",NULL
241,241,241,7,NULL,"2026-01-19 08:56:53","2026-01-19 08:56:53",NULL
242,242,242,7,NULL,"2026-01-19 08:56:53","2026-01-19 08:56:53",NULL
243,243,243,7,NULL,"2026-01-19 08:56:53","2026-01-19 08:56:53",NULL
244,244,244,7,NULL,"2026-01-19 08:56:53","2026-01-19 08:56:53",NULL
245,245,245,7,NULL,"2026-01-19 08:56:53","2026-01-19 08:56:53",NULL
246,246,246,7,NULL,"2026-01-19 08:56:53","2026-01-19 08:56:53",NULL
247,247,247,7,NULL,"2026-01-19 08:56:53","2026-01-19 08:56:53",NULL
248,248,248,7,NULL,"2026-01-19 08:56:53","2026-01-19 08:56:53",NULL
249,249,249,7,NULL,"2026-01-19 08:56:53","2026-01-19 08:56:53",NULL
250,250,250,7,NULL,"2026-01-19 08:56:53","2026-01-19 08:56:53",NULL
251,251,251,7,NULL,"2026-01-19 08:56:53","2026-01-19 08:56:53",NULL
252,252,252,7,NULL,"2026-01-19 08:56:53","2026-01-19 08:56:53",NULL
253,253,253,7,NULL,"2026-01-19 08:56:53","2026-01-19 08:56:53",NULL
254,254,254,7,NULL,"2026-01-19 08:56:53","2026-01-19 08:56:53",NULL
255,255,255,7,NULL,"2026-01-19 08:56:53","2026-01-19 08:56:53",NULL
256,256,256,7,NULL,"2026-01-19 08:56:53","2026-01-19 08:56:53",NULL
257,257,257,7,NULL,"2026-01-19 08:56:53","2026-01-19 08:56:53",NULL
258,258,258,7,NULL,"2026-01-19 08:56:53","2026-01-19 08:56:53",NULL
259,259,259,7,NULL,"2026-01-19 08:56:53","2026-01-19 08:56:53",NULL
260,260,260,7,NULL,"2026-01-19 08:56:53","2026-01-19 08:56:53",NULL
261,261,261,7,NULL,"2026-01-19 08:56:53","2026-01-19 08:56:53",NULL
262,262,262,7,NULL,"2026-01-19 08:56:53","2026-01-19 08:56:53",NULL
263,263,263,7,NULL,"2026-01-19 08:56:53","2026-01-19 08:56:53",NULL
264,264,264,7,NULL,"2026-01-19 08:56:53","2026-01-19 08:56:53",NULL
265,265,265,7,NULL,"2026-01-19 08:56:53","2026-01-19 08:56:53",NULL
266,266,266,7,NULL,"2026-01-19 08:56:53","2026-01-19 08:56:53",NULL
267,267,267,7,NULL,"2026-01-19 08:56:53","2026-01-19 08:56:53",NULL
268,268,268,7,NULL,"2026-01-19 08:56:53","2026-01-19 08:56:53",NULL
269,269,269,7,NULL,"2026-01-19 08:56:53","2026-01-19 08:56:53",NULL
270,270,270,7,NULL,"2026-01-19 08:56:53","2026-01-19 08:56:53",NULL
271,271,271,7,NULL,"2026-01-19 08:56:53","2026-01-19 08:56:53",NULL
272,272,272,7,NULL,"2026-01-19 08:56:53","2026-01-19 08:56:53",NULL
273,273,273,7,NULL,"2026-01-19 08:56:53","2026-01-19 08:56:53",NULL
274,274,274,7,NULL,"2026-01-19 08:56:53","2026-01-19 08:56:53",NULL
275,275,275,7,NULL,"2026-01-19 08:56:53","2026-01-19 08:56:53",NULL
276,276,276,7,NULL,"2026-01-19 08:56:53","2026-01-19 08:56:53",NULL
277,277,277,7,NULL,"2026-01-19 08:56:53","2026-01-19 08:56:53",NULL
278,278,278,7,NULL,"2026-01-19 08:56:53","2026-01-19 08:56:53",NULL
279,279,279,7,NULL,"2026-01-19 08:56:53","2026-01-19 08:56:53",NULL
280,280,280,7,NULL,"2026-01-19 08:56:53","2026-01-19 08:56:53",NULL
281,281,281,7,NULL,"2026-01-19 08:56:53","2026-01-19 08:56:53",NULL
282,282,282,7,NULL,"2026-01-19 08:56:53","2026-01-19 08:56:53",NULL
283,283,283,7,NULL,"2026-01-19 08:56:53","2026-01-19 08:56:53",NULL
284,284,284,7,NULL,"2026-01-19 08:56:53","2026-01-19 08:56:53",NULL
285,285,285,7,NULL,"2026-01-19 08:56:53","2026-01-19 08:56:53",NULL
286,286,286,7,NULL,"2026-01-19 08:56:53","2026-01-19 08:56:53",NULL
287,287,287,7,NULL,"2026-01-19 08:56:53","2026-01-19 08:56:53",NULL
288,288,288,7,NULL,"2026-01-19 08:56:53","2026-01-19 08:56:53",NULL
289,289,289,7,NULL,"2026-01-19 08:56:53","2026-01-19 08:56:53",NULL
290,290,290,7,NULL,"2026-01-19 08:56:53","2026-01-19 08:56:53",NULL
291,291,291,7,NULL,"2026-01-19 08:56:53","2026-01-19 08:56:53",NULL
292,292,292,7,NULL,"2026-01-19 08:56:53","2026-01-19 08:56:53",NULL
293,293,293,7,NULL,"2026-01-19 08:56:53","2026-01-19 08:56:53",NULL
294,294,294,7,NULL,"2026-01-19 08:56:53","2026-01-19 08:56:53",NULL
295,295,295,7,NULL,"2026-01-19 08:56:53","2026-01-19 08:56:53",NULL
296,296,296,7,NULL,"2026-01-19 08:56:53","2026-01-19 08:56:53",NULL
297,297,297,7,NULL,"2026-01-19 08:56:53","2026-01-19 08:56:53",NULL
298,298,298,7,NULL,"2026-01-19 08:56:53","2026-01-19 08:56:53",NULL
299,299,299,7,NULL,"2026-01-19 08:56:53","2026-01-19 08:56:53",NULL
300,300,300,7,NULL,"2026-01-19 08:56:53","2026-01-19 08:56:53",NULL
301,301,301,7,NULL,"2026-01-19 08:56:53","2026-01-19 08:56:53",NULL
302,302,302,7,NULL,"2026-01-19 08:56:53","2026-01-19 08:56:53",NULL
303,303,303,7,NULL,"2026-01-19 08:56:53","2026-01-19 08:56:53",NULL
304,304,304,7,NULL,"2026-01-19 08:56:53","2026-01-19 08:56:53",NULL
305,305,305,7,NULL,"2026-01-19 08:56:53","2026-01-19 08:56:53",NULL
306,306,306,7,NULL,"2026-01-19 08:56:53","2026-01-19 08:56:53",NULL
307,307,307,7,NULL,"2026-01-19 08:56:53","2026-01-19 08:56:53",NULL
308,308,308,7,NULL,"2026-01-19 08:56:53","2026-01-19 08:56:53",NULL
309,309,309,7,NULL,"2026-01-19 08:56:53","2026-01-19 08:56:53",NULL
310,310,310,7,NULL,"2026-01-19 08:56:53","2026-01-19 08:56:53",NULL
311,311,311,7,NULL,"2026-01-19 08:56:53","2026-01-19 08:56:53",NULL
312,312,312,7,NULL,"2026-01-19 08:56:53","2026-01-19 08:56:53",NULL
313,313,313,7,NULL,"2026-01-19 08:56:53","2026-01-19 08:56:53",NULL
314,314,314,7,NULL,"2026-01-19 08:56:53","2026-01-19 08:56:53",NULL
315,315,315,7,NULL,"2026-01-19 08:56:53","2026-01-19 08:56:53",NULL
316,316,316,7,NULL,"2026-01-19 08:56:53","2026-01-19 08:56:53",NULL
317,317,317,7,NULL,"2026-01-19 08:56:53","2026-01-19 08:56:53",NULL
318,318,318,7,NULL,"2026-01-19 08:56:53","2026-01-19 08:56:53",NULL
319,319,319,7,NULL,"2026-01-19 08:56:53","2026-01-19 08:56:53",NULL
320,320,320,7,NULL,"2026-01-19 08:56:53","2026-01-19 08:56:53",NULL
321,321,321,7,NULL,"2026-01-19 08:56:53","2026-01-19 08:56:53",NULL
322,322,322,7,NULL,"2026-01-19 08:56:53","2026-01-19 08:56:53",NULL
323,323,323,7,NULL,"2026-01-19 08:56:53","2026-01-19 08:56:53",NULL
324,324,324,7,NULL,"2026-01-19 08:56:53","2026-01-19 08:56:53",NULL
325,325,325,7,NULL,"2026-01-19 08:56:53","2026-01-19 08:56:53",NULL
326,326,326,7,NULL,"2026-01-19 08:56:53","2026-01-19 08:56:53",NULL
327,327,327,7,NULL,"2026-01-19 08:56:53","2026-01-19 08:56:53",NULL
328,328,328,7,NULL,"2026-01-19 08:56:53","2026-01-19 08:56:53",NULL
329,329,329,7,NULL,"2026-01-19 08:56:53","2026-01-19 08:56:53",NULL
330,330,330,7,NULL,"2026-01-19 08:56:53","2026-01-19 08:56:53",NULL
331,331,331,7,NULL,"2026-01-19 08:56:53","2026-01-19 08:56:53",NULL
332,332,332,7,NULL,"2026-01-19 08:56:53","2026-01-19 08:56:53",NULL
333,333,333,7,NULL,"2026-01-19 08:56:53","2026-01-19 08:56:53",NULL
334,334,334,7,NULL,"2026-01-19 08:56:53","2026-01-19 08:56:53",NULL
335,335,335,7,NULL,"2026-01-19 08:56:53","2026-01-19 08:56:53",NULL
336,336,336,7,NULL,"2026-01-19 08:56:53","2026-01-19 08:56:53",NULL
337,337,337,7,NULL,"2026-01-19 08:56:53","2026-01-19 08:56:53",NULL
338,338,338,7,NULL,"2026-01-19 08:56:53","2026-01-19 08:56:53",NULL
339,339,339,7,NULL,"2026-01-19 08:56:53","2026-01-19 08:56:53",NULL
340,340,340,7,NULL,"2026-01-19 08:56:53","2026-01-19 08:56:53",NULL
341,341,341,7,NULL,"2026-01-19 08:56:53","2026-01-19 08:56:53",NULL
342,342,342,7,NULL,"2026-01-19 08:56:53","2026-01-19 08:56:53",NULL
343,343,343,7,NULL,"2026-01-19 08:56:53","2026-01-19 08:56:53",NULL
344,344,344,7,NULL,"2026-01-19 08:56:53","2026-01-19 08:56:53",NULL
345,345,345,7,NULL,"2026-01-19 08:56:53","2026-01-19 08:56:53",NULL
346,346,346,7,NULL,"2026-01-19 08:56:53","2026-01-19 08:56:53",NULL
347,347,347,7,NULL,"2026-01-19 08:56:53","2026-01-19 08:56:53",NULL
348,348,348,7,NULL,"2026-01-19 08:56:53","2026-01-19 08:56:53",NULL
349,349,349,7,NULL,"2026-01-19 08:56:53","2026-01-19 08:56:53",NULL
350,350,350,7,NULL,"2026-01-19 08:56:53","2026-01-19 08:56:53",NULL
351,351,351,7,NULL,"2026-01-19 08:56:53","2026-01-19 08:56:53",NULL
352,352,352,7,NULL,"2026-01-19 08:56:53","2026-01-19 08:56:53",NULL
353,353,353,7,NULL,"2026-01-19 08:56:53","2026-01-19 08:56:53",NULL
354,354,354,7,NULL,"2026-01-19 08:56:53","2026-01-19 08:56:53",NULL
355,355,355,7,NULL,"2026-01-19 08:56:53","2026-01-19 08:56:53",NULL
356,356,356,7,NULL,"2026-01-19 08:56:53","2026-01-19 08:56:53",NULL
357,357,357,7,NULL,"2026-01-19 08:56:53","2026-01-19 08:56:53",NULL
358,358,358,7,NULL,"2026-01-19 08:56:53","2026-01-19 08:56:53",NULL
359,359,359,7,NULL,"2026-01-19 08:56:53","2026-01-19 08:56:53",NULL
360,360,360,7,NULL,"2026-01-19 08:56:53","2026-01-19 08:56:53",NULL
361,361,361,7,NULL,"2026-01-19 08:56:53","2026-01-19 08:56:53",NULL
362,362,362,7,NULL,"2026-01-19 08:56:53","2026-01-19 08:56:53",NULL
363,363,363,7,NULL,"2026-01-19 08:56:53","2026-01-19 08:56:53",NULL
364,364,364,7,NULL,"2026-01-19 08:56:53","2026-01-19 08:56:53",NULL
365,365,365,7,NULL,"2026-01-19 08:56:53","2026-01-19 08:56:53",NULL
366,366,366,7,NULL,"2026-01-19 08:56:53","2026-01-19 08:56:53",NULL
367,367,367,7,NULL,"2026-01-19 08:56:53","2026-01-19 08:56:53",NULL
368,368,368,7,NULL,"2026-01-19 08:56:53","2026-01-19 08:56:53",NULL
369,369,369,7,NULL,"2026-01-19 08:56:53","2026-01-19 08:56:53",NULL
370,370,370,7,NULL,"2026-01-19 08:56:53","2026-01-19 08:56:53",NULL
371,371,371,7,NULL,"2026-01-19 08:56:53","2026-01-19 08:56:53",NULL
372,372,372,7,NULL,"2026-01-19 08:56:53","2026-01-19 08:56:53",NULL
373,373,373,7,NULL,"2026-01-19 08:56:53","2026-01-19 08:56:53",NULL
374,374,374,7,NULL,"2026-01-19 08:56:53","2026-01-19 08:56:53",NULL
375,375,375,7,NULL,"2026-01-19 08:56:53","2026-01-19 08:56:53",NULL
376,376,376,7,NULL,"2026-01-19 08:56:53","2026-01-19 08:56:53",NULL
377,377,377,7,NULL,"2026-01-19 08:56:53","2026-01-19 08:56:53",NULL
378,378,378,7,NULL,"2026-01-19 08:56:53","2026-01-19 08:56:53",NULL
379,379,379,7,NULL,"2026-01-19 08:56:53","2026-01-19 08:56:53",NULL
380,380,380,7,NULL,"2026-01-19 08:56:53","2026-01-19 08:56:53",NULL
381,381,381,7,NULL,"2026-01-19 08:56:53","2026-01-19 08:56:53",NULL
382,382,382,7,NULL,"2026-01-19 08:56:53","2026-01-19 08:56:53",NULL
383,383,383,7,NULL,"2026-01-19 08:56:53","2026-01-19 08:56:53",NULL
384,384,384,7,NULL,"2026-01-19 08:56:53","2026-01-19 08:56:53",NULL
385,385,385,7,NULL,"2026-01-19 08:56:53","2026-01-19 08:56:53",NULL
386,386,386,7,NULL,"2026-01-19 08:56:53","2026-01-19 08:56:53",NULL
387,387,387,7,NULL,"2026-01-19 08:56:53","2026-01-19 08:56:53",NULL
388,388,388,7,NULL,"2026-01-19 08:56:53","2026-01-19 08:56:53",NULL
389,389,389,7,NULL,"2026-01-19 08:56:53","2026-01-19 08:56:53",NULL
390,390,390,7,NULL,"2026-01-19 08:56:53","2026-01-19 08:56:53",NULL
391,391,391,7,NULL,"2026-01-19 08:56:53","2026-01-19 08:56:53",NULL
392,392,392,7,NULL,"2026-01-19 08:56:53","2026-01-19 08:56:53",NULL
393,393,393,7,NULL,"2026-01-19 08:56:53","2026-01-19 08:56:53",NULL
394,394,394,7,NULL,"2026-01-19 08:56:53","2026-01-19 08:56:53",NULL
395,395,395,7,NULL,"2026-01-19 08:56:53","2026-01-19 08:56:53",NULL
396,396,396,7,NULL,"2026-01-19 08:56:53","2026-01-19 08:56:53",NULL
397,397,397,7,NULL,"2026-01-19 08:56:53","2026-01-19 08:56:53",NULL
398,398,398,7,NULL,"2026-01-19 08:56:53","2026-01-19 08:56:53",NULL
399,399,399,7,NULL,"2026-01-19 08:56:53","2026-01-19 08:56:53",NULL
400,400,400,7,NULL,"2026-01-19 08:56:53","2026-01-19 08:56:53",NULL
401,401,401,7,NULL,"2026-01-19 08:56:53","2026-01-19 08:56:53",NULL
402,402,402,7,NULL,"2026-01-19 08:56:53","2026-01-19 08:56:53",NULL
403,403,403,7,NULL,"2026-01-19 08:56:53","2026-01-19 08:56:53",NULL
404,404,404,7,NULL,"2026-01-19 08:56:53","2026-01-19 08:56:53",NULL
405,405,405,7,NULL,"2026-01-19 08:56:53","2026-01-19 08:56:53",NULL
406,406,406,7,NULL,"2026-01-19 08:56:53","2026-01-19 08:56:53",NULL
407,407,407,7,NULL,"2026-01-19 08:56:53","2026-01-19 08:56:53",NULL
408,408,408,7,NULL,"2026-01-19 08:56:53","2026-01-19 08:56:53",NULL
409,409,409,7,NULL,"2026-01-19 08:56:53","2026-01-19 08:56:53",NULL
410,410,410,7,NULL,"2026-01-19 08:56:53","2026-01-19 08:56:53",NULL
411,411,411,7,NULL,"2026-01-19 08:56:53","2026-01-19 08:56:53",NULL
412,412,412,7,NULL,"2026-01-19 08:56:53","2026-01-19 08:56:53",NULL
413,413,413,7,NULL,"2026-01-19 08:56:53","2026-01-19 08:56:53",NULL
414,414,414,7,NULL,"2026-01-19 08:56:53","2026-01-19 08:56:53",NULL
415,415,415,7,NULL,"2026-01-19 08:56:53","2026-01-19 08:56:53",NULL
416,416,416,7,NULL,"2026-01-19 08:56:53","2026-01-19 08:56:53",NULL
417,417,417,7,NULL,"2026-01-19 08:56:53","2026-01-19 08:56:53",NULL
418,418,418,7,NULL,"2026-01-19 08:56:53","2026-01-19 08:56:53",NULL
419,419,419,7,NULL,"2026-01-19 08:56:53","2026-01-19 08:56:53",NULL
420,420,420,7,NULL,"2026-01-19 08:56:53","2026-01-19 08:56:53",NULL
421,421,421,7,NULL,"2026-01-19 08:56:53","2026-01-19 08:56:53",NULL
422,422,422,7,NULL,"2026-01-19 08:56:53","2026-01-19 08:56:53",NULL
423,423,423,7,NULL,"2026-01-19 08:56:53","2026-01-19 08:56:53",NULL
424,424,424,7,NULL,"2026-01-19 08:56:53","2026-01-19 08:56:53",NULL
425,425,425,7,NULL,"2026-01-19 08:56:53","2026-01-19 08:56:53",NULL
426,426,426,7,NULL,"2026-01-19 08:56:53","2026-01-19 08:56:53",NULL
427,427,427,7,NULL,"2026-01-19 08:56:53","2026-01-19 08:56:53",NULL
428,428,428,7,NULL,"2026-01-19 08:56:53","2026-01-19 08:56:53",NULL
429,429,429,7,NULL,"2026-01-19 08:56:53","2026-01-19 08:56:53",NULL
430,430,430,7,NULL,"2026-01-19 08:56:53","2026-01-19 08:56:53",NULL
431,431,431,7,NULL,"2026-01-19 08:56:53","2026-01-19 08:56:53",NULL
432,432,432,7,NULL,"2026-01-19 08:56:53","2026-01-19 08:56:53",NULL
433,433,433,7,NULL,"2026-01-19 08:56:53","2026-01-19 08:56:53",NULL
434,434,434,7,NULL,"2026-01-19 08:56:53","2026-01-19 08:56:53",NULL
435,435,435,7,NULL,"2026-01-19 08:56:53","2026-01-19 08:56:53",NULL
436,436,436,7,NULL,"2026-01-19 08:56:53","2026-01-19 08:56:53",NULL
437,437,437,7,NULL,"2026-01-19 08:56:53","2026-01-19 08:56:53",NULL
438,438,438,7,NULL,"2026-01-19 08:56:53","2026-01-19 08:56:53",NULL
439,439,439,7,NULL,"2026-01-19 08:56:53","2026-01-19 08:56:53",NULL
440,440,440,7,NULL,"2026-01-19 08:56:53","2026-01-19 08:56:53",NULL
441,441,441,7,NULL,"2026-01-19 08:56:53","2026-01-19 08:56:53",NULL
442,442,442,7,NULL,"2026-01-19 08:56:53","2026-01-19 08:56:53",NULL
443,443,443,7,NULL,"2026-01-19 08:56:53","2026-01-19 08:56:53",NULL
444,444,444,7,NULL,"2026-01-19 08:56:53","2026-01-19 08:56:53",NULL
445,445,445,7,NULL,"2026-01-19 08:56:53","2026-01-19 08:56:53",NULL
446,446,446,7,NULL,"2026-01-19 08:56:53","2026-01-19 08:56:53",NULL
447,447,447,7,NULL,"2026-01-19 08:56:53","2026-01-19 08:56:53",NULL
448,448,448,7,NULL,"2026-01-19 08:56:53","2026-01-19 08:56:53",NULL
449,449,449,7,NULL,"2026-01-19 08:56:53","2026-01-19 08:56:53",NULL
450,450,450,7,NULL,"2026-01-19 08:56:53","2026-01-19 08:56:53",NULL
451,451,451,7,NULL,"2026-01-19 08:56:53","2026-01-19 08:56:53",NULL
452,452,452,7,NULL,"2026-01-19 08:56:53","2026-01-19 08:56:53",NULL
453,453,453,7,NULL,"2026-01-19 08:56:53","2026-01-19 08:56:53",NULL
454,454,454,7,NULL,"2026-01-19 08:56:53","2026-01-19 08:56:53",NULL
455,455,455,7,NULL,"2026-01-19 08:56:53","2026-01-19 08:56:53",NULL
456,456,456,7,NULL,"2026-01-19 08:56:53","2026-01-19 08:56:53",NULL
457,457,457,7,NULL,"2026-01-19 08:56:53","2026-01-19 08:56:53",NULL
458,458,458,7,NULL,"2026-01-19 08:56:53","2026-01-19 08:56:53",NULL
459,459,459,7,NULL,"2026-01-19 08:56:53","2026-01-19 08:56:53",NULL
460,460,460,7,NULL,"2026-01-19 08:56:53","2026-01-19 08:56:53",NULL
461,461,461,7,NULL,"2026-01-19 08:56:53","2026-01-19 08:56:53",NULL
462,462,462,7,NULL,"2026-01-19 08:56:53","2026-01-19 08:56:53",NULL
463,463,463,7,NULL,"2026-01-19 08:56:53","2026-01-19 08:56:53",NULL
464,464,464,7,NULL,"2026-01-19 08:56:53","2026-01-19 08:56:53",NULL
465,465,465,7,NULL,"2026-01-19 08:56:53","2026-01-19 08:56:53",NULL
466,466,466,7,NULL,"2026-01-19 08:56:53","2026-01-19 08:56:53",NULL
467,467,467,7,NULL,"2026-01-19 08:56:53","2026-01-19 08:56:53",NULL
468,468,468,7,NULL,"2026-01-19 08:56:53","2026-01-19 08:56:53",NULL
469,469,469,7,NULL,"2026-01-19 08:56:53","2026-01-19 08:56:53",NULL
470,470,470,7,NULL,"2026-01-19 08:56:53","2026-01-19 08:56:53",NULL
471,471,471,7,NULL,"2026-01-19 08:56:53","2026-01-19 08:56:53",NULL
472,472,472,7,NULL,"2026-01-19 08:56:53","2026-01-19 08:56:53",NULL
473,473,473,7,NULL,"2026-01-19 08:56:53","2026-01-19 08:56:53",NULL
474,474,474,7,NULL,"2026-01-19 08:56:53","2026-01-19 08:56:53",NULL
475,475,475,7,NULL,"2026-01-19 08:56:53","2026-01-19 08:56:53",NULL
476,476,476,7,NULL,"2026-01-19 08:56:53","2026-01-19 08:56:53",NULL
477,477,477,7,NULL,"2026-01-19 08:56:53","2026-01-19 08:56:53",NULL
478,478,478,7,NULL,"2026-01-19 08:56:53","2026-01-19 08:56:53",NULL
479,479,479,7,NULL,"2026-01-19 08:56:53","2026-01-19 08:56:53",NULL
480,480,480,7,NULL,"2026-01-19 08:56:53","2026-01-19 08:56:53",NULL
481,481,481,7,NULL,"2026-01-19 08:56:53","2026-01-19 08:56:53",NULL
482,482,482,7,NULL,"2026-01-19 08:56:53","2026-01-19 08:56:53",NULL
483,483,483,7,NULL,"2026-01-19 08:56:53","2026-01-19 08:56:53",NULL
484,484,484,7,NULL,"2026-01-19 08:56:53","2026-01-19 08:56:53",NULL
485,485,485,7,NULL,"2026-01-19 08:56:53","2026-01-19 08:56:53",NULL
486,486,486,7,NULL,"2026-01-19 08:56:53","2026-01-19 08:56:53",NULL
487,487,487,7,NULL,"2026-01-19 08:56:53","2026-01-19 08:56:53",NULL
488,488,488,7,NULL,"2026-01-19 08:56:53","2026-01-19 08:56:53",NULL
489,489,489,7,NULL,"2026-01-19 08:56:53","2026-01-19 08:56:53",NULL
490,490,490,7,NULL,"2026-01-19 08:56:53","2026-01-19 08:56:53",NULL
491,491,491,7,NULL,"2026-01-19 08:56:53","2026-01-19 08:56:53",NULL
492,492,492,6,NULL,"2026-01-19 08:56:53","2026-01-19 08:56:53",NULL
493,493,493,7,NULL,"2026-01-19 08:56:53","2026-01-19 08:56:53",NULL
494,494,494,7,NULL,"2026-01-19 08:56:53","2026-01-19 08:56:53",NULL
495,495,495,7,NULL,"2026-01-19 08:56:53","2026-01-19 08:56:53",NULL
496,496,496,7,NULL,"2026-01-19 08:56:53","2026-01-19 08:56:53",NULL
497,497,497,7,NULL,"2026-01-19 08:56:53","2026-01-19 08:56:53",NULL
498,498,498,7,NULL,"2026-01-19 08:56:53","2026-01-19 08:56:53",NULL
499,499,499,7,NULL,"2026-01-19 08:56:53","2026-01-19 08:56:53",NULL
500,500,500,7,NULL,"2026-01-19 08:56:53","2026-01-19 08:56:53",NULL
501,501,501,7,NULL,"2026-01-19 08:56:53","2026-01-19 08:56:53",NULL
502,502,502,7,NULL,"2026-01-19 08:56:53","2026-01-19 08:56:53",NULL
503,503,503,7,NULL,"2026-01-19 08:56:53","2026-01-19 08:56:53",NULL
504,504,504,7,NULL,"2026-01-19 08:56:53","2026-01-19 08:56:53",NULL
505,505,505,7,NULL,"2026-01-19 08:56:53","2026-01-19 08:56:53",NULL
506,506,506,7,NULL,"2026-01-19 08:56:53","2026-01-19 08:56:53",NULL
507,507,507,7,NULL,"2026-01-19 08:56:53","2026-01-19 08:56:53",NULL
508,508,508,7,NULL,"2026-01-19 08:56:53","2026-01-19 08:56:53",NULL
509,509,509,7,NULL,"2026-01-19 08:56:53","2026-01-19 08:56:53",NULL
510,510,510,7,NULL,"2026-01-19 08:56:53","2026-01-19 08:56:53",NULL
511,511,511,7,NULL,"2026-01-19 08:56:53","2026-01-19 08:56:53",NULL
512,512,512,7,NULL,"2026-01-19 08:56:53","2026-01-19 08:56:53",NULL
513,513,513,7,NULL,"2026-01-19 08:56:53","2026-01-19 08:56:53",NULL
514,514,514,7,NULL,"2026-01-19 08:56:53","2026-01-19 08:56:53",NULL
515,515,515,7,NULL,"2026-01-19 08:56:53","2026-01-19 08:56:53",NULL
516,516,516,7,NULL,"2026-01-19 08:56:53","2026-01-19 08:56:53",NULL
517,517,517,7,NULL,"2026-01-19 08:56:53","2026-01-19 08:56:53",NULL
518,518,518,7,NULL,"2026-01-19 08:56:53","2026-01-19 08:56:53",NULL
519,519,519,7,NULL,"2026-01-19 08:56:53","2026-01-19 08:56:53",NULL
520,520,520,7,NULL,"2026-01-19 08:56:53","2026-01-19 08:56:53",NULL
521,521,521,7,NULL,"2026-01-19 08:56:53","2026-01-19 08:56:53",NULL
522,522,522,7,NULL,"2026-01-19 08:56:53","2026-01-19 08:56:53",NULL
523,523,523,7,NULL,"2026-01-19 08:56:53","2026-01-19 08:56:53",NULL
524,524,524,7,NULL,"2026-01-19 08:56:53","2026-01-19 08:56:53",NULL
525,525,525,7,NULL,"2026-01-19 08:56:53","2026-01-19 08:56:53",NULL
526,526,526,7,NULL,"2026-01-19 08:56:53","2026-01-19 08:56:53",NULL
527,527,527,7,NULL,"2026-01-19 08:56:53","2026-01-19 08:56:53",NULL
528,528,528,7,NULL,"2026-01-19 08:56:53","2026-01-19 08:56:53",NULL
529,529,529,6,NULL,"2026-01-19 08:56:53","2026-01-19 08:56:53",NULL
530,530,530,6,NULL,"2026-01-19 08:56:53","2026-01-19 08:56:53",NULL
531,531,531,6,NULL,"2026-01-19 08:56:53","2026-01-19 08:56:53",NULL
532,532,532,6,NULL,"2026-01-19 08:56:53","2026-01-19 08:56:53",NULL
533,533,533,6,NULL,"2026-01-19 08:56:53","2026-01-19 08:56:53",NULL
534,534,534,6,NULL,"2026-01-19 08:56:53","2026-01-19 08:56:53",NULL
535,535,535,6,NULL,"2026-01-19 08:56:53","2026-01-19 08:56:53",NULL
536,536,536,6,NULL,"2026-01-19 08:56:53","2026-01-19 08:56:53",NULL
537,537,537,6,NULL,"2026-01-19 08:56:53","2026-01-19 08:56:53",NULL
538,538,538,6,NULL,"2026-01-19 08:56:53","2026-01-19 08:56:53",NULL
539,539,539,6,NULL,"2026-01-19 08:56:53","2026-01-19 08:56:53",NULL
540,540,540,6,NULL,"2026-01-19 08:56:53","2026-01-19 08:56:53",NULL
541,541,541,6,NULL,"2026-01-19 08:56:53","2026-01-19 08:56:53",NULL
542,542,542,6,NULL,"2026-01-19 08:56:53","2026-01-19 08:56:53",NULL
543,543,543,6,NULL,"2026-01-19 08:56:53","2026-01-19 08:56:53",NULL
544,544,544,6,NULL,"2026-01-19 08:56:53","2026-01-19 08:56:53",NULL
545,545,545,6,NULL,"2026-01-19 08:56:53","2026-01-19 08:56:53",NULL
546,546,546,6,NULL,"2026-01-19 08:56:53","2026-01-19 08:56:53",NULL
547,547,547,6,NULL,"2026-01-19 08:56:53","2026-01-19 08:56:53",NULL
548,548,548,6,NULL,"2026-01-19 08:56:53","2026-01-19 08:56:53",NULL
549,549,549,6,NULL,"2026-01-19 08:56:53","2026-01-19 08:56:53",NULL
550,550,550,6,NULL,"2026-01-19 08:56:53","2026-01-19 08:56:53",NULL
551,551,551,6,NULL,"2026-01-19 08:56:53","2026-01-19 08:56:53",NULL
552,552,552,6,NULL,"2026-01-19 08:56:53","2026-01-19 08:56:53",NULL
553,553,553,6,NULL,"2026-01-19 08:56:53","2026-01-19 08:56:53",NULL
554,554,554,6,NULL,"2026-01-19 08:56:53","2026-01-19 08:56:53",NULL
555,555,555,6,NULL,"2026-01-19 08:56:53","2026-01-19 08:56:53",NULL
556,556,556,6,NULL,"2026-01-19 08:56:53","2026-01-19 08:56:53",NULL
557,557,557,7,NULL,"2026-01-19 08:56:53","2026-01-19 08:56:53",NULL
558,558,558,7,NULL,"2026-01-19 08:56:53","2026-01-19 08:56:53",NULL
559,559,559,7,NULL,"2026-01-19 08:56:53","2026-01-19 08:56:53",NULL
560,560,560,7,NULL,"2026-01-19 08:56:53","2026-01-19 08:56:53",NULL
561,561,561,7,NULL,"2026-01-19 08:56:53","2026-01-19 08:56:53",NULL
562,562,562,7,NULL,"2026-01-19 08:56:53","2026-01-19 08:56:53",NULL
563,563,563,7,NULL,"2026-01-19 08:56:53","2026-01-19 08:56:53",NULL
564,564,564,7,NULL,"2026-01-19 08:56:53","2026-01-19 08:56:53",NULL
565,565,565,7,NULL,"2026-01-19 08:56:53","2026-01-19 08:56:53",NULL
566,566,566,7,NULL,"2026-01-19 08:56:53","2026-01-19 08:56:53",NULL
567,567,567,7,NULL,"2026-01-19 08:56:53","2026-01-19 08:56:53",NULL
568,568,568,7,NULL,"2026-01-19 08:56:53","2026-01-19 08:56:53",NULL
569,569,569,7,NULL,"2026-01-19 08:56:53","2026-01-19 08:56:53",NULL
570,570,570,6,NULL,"2026-01-19 08:56:53","2026-01-19 08:56:53",NULL
571,571,571,6,NULL,"2026-01-19 08:56:53","2026-01-19 08:56:53",NULL
572,572,572,6,NULL,"2026-01-19 08:56:53","2026-01-19 08:56:53",NULL
573,573,573,6,NULL,"2026-01-19 08:56:53","2026-01-19 08:56:53",NULL
574,574,574,6,NULL,"2026-01-19 08:56:53","2026-01-19 08:56:53",NULL
575,575,575,6,NULL,"2026-01-19 08:56:53","2026-01-19 08:56:53",NULL
576,576,576,6,NULL,"2026-01-19 08:56:53","2026-01-19 08:56:53",NULL
577,577,577,6,NULL,"2026-01-19 08:56:53","2026-01-19 08:56:53",NULL
578,578,578,6,NULL,"2026-01-19 08:56:53","2026-01-19 08:56:53",NULL
579,579,579,6,NULL,"2026-01-19 08:56:53","2026-01-19 08:56:53",NULL
580,580,580,6,NULL,"2026-01-19 08:56:53","2026-01-19 08:56:53",NULL
581,581,581,6,NULL,"2026-01-19 08:56:53","2026-01-19 08:56:53",NULL
582,582,582,6,NULL,"2026-01-19 08:56:53","2026-01-19 08:56:53",NULL
583,583,583,6,NULL,"2026-01-19 08:56:53","2026-01-19 08:56:53",NULL
584,584,584,6,NULL,"2026-01-19 08:56:53","2026-01-19 08:56:53",NULL
585,585,585,6,NULL,"2026-01-19 08:56:53","2026-01-19 08:56:53",NULL
586,586,586,6,NULL,"2026-01-19 08:56:53","2026-01-19 08:56:53",NULL
587,587,587,6,NULL,"2026-01-19 08:56:53","2026-01-19 08:56:53",NULL
588,588,588,6,NULL,"2026-01-19 08:56:53","2026-01-19 08:56:53",NULL
589,589,589,6,NULL,"2026-01-19 08:56:53","2026-01-19 08:56:53",NULL
590,590,590,6,NULL,"2026-01-19 08:56:53","2026-01-19 08:56:53",NULL
591,591,591,6,NULL,"2026-01-19 08:56:53","2026-01-19 08:56:53",NULL
592,592,592,6,NULL,"2026-01-19 08:56:53","2026-01-19 08:56:53",NULL
593,593,593,6,NULL,"2026-01-19 08:56:53","2026-01-19 08:56:53",NULL
594,594,594,6,NULL,"2026-01-19 08:56:53","2026-01-19 08:56:53",NULL
595,595,595,6,NULL,"2026-01-19 08:56:53","2026-01-19 08:56:53",NULL
596,596,596,6,NULL,"2026-01-19 08:56:53","2026-01-19 08:56:53",NULL
597,597,597,6,NULL,"2026-01-19 08:56:53","2026-01-19 08:56:53",NULL
598,598,598,6,NULL,"2026-01-19 08:56:53","2026-01-19 08:56:53",NULL
599,599,599,6,NULL,"2026-01-19 08:56:53","2026-01-19 08:56:53",NULL
600,600,600,6,NULL,"2026-01-19 08:56:53","2026-01-19 08:56:53",NULL
601,601,601,6,NULL,"2026-01-19 08:56:53","2026-01-19 08:56:53",NULL
602,602,602,6,NULL,"2026-01-19 08:56:53","2026-01-19 08:56:53",NULL
603,603,603,6,NULL,"2026-01-19 08:56:53","2026-01-19 08:56:53",NULL
604,604,604,6,NULL,"2026-01-19 08:56:53","2026-01-19 08:56:53",NULL
605,605,605,6,NULL,"2026-01-19 08:56:53","2026-01-19 08:56:53",NULL
606,606,606,6,NULL,"2026-01-19 08:56:53","2026-01-19 08:56:53",NULL
607,607,607,6,NULL,"2026-01-19 08:56:53","2026-01-19 08:56:53",NULL
608,608,608,6,NULL,"2026-01-19 08:56:53","2026-01-19 08:56:53",NULL
609,609,609,6,NULL,"2026-01-19 08:56:53","2026-01-19 08:56:53",NULL
610,610,610,6,NULL,"2026-01-19 08:56:53","2026-01-19 08:56:53",NULL
611,611,611,6,NULL,"2026-01-19 08:56:53","2026-01-19 08:56:53",NULL
612,612,612,6,NULL,"2026-01-19 08:56:53","2026-01-19 08:56:53",NULL
613,613,613,6,NULL,"2026-01-19 08:56:53","2026-01-19 08:56:53",NULL
614,614,614,6,NULL,"2026-01-19 08:56:53","2026-01-19 08:56:53",NULL
615,615,615,6,NULL,"2026-01-19 08:56:53","2026-01-19 08:56:53",NULL
616,616,616,6,NULL,"2026-01-19 08:56:53","2026-01-19 08:56:53",NULL
617,617,617,6,NULL,"2026-01-19 08:56:53","2026-01-19 08:56:53",NULL
618,618,618,6,NULL,"2026-01-19 08:56:53","2026-01-19 08:56:53",NULL
619,619,619,6,NULL,"2026-01-19 08:56:53","2026-01-19 08:56:53",NULL
620,620,620,6,NULL,"2026-01-19 08:56:53","2026-01-19 08:56:53",NULL
621,621,621,6,NULL,"2026-01-19 08:56:53","2026-01-19 08:56:53",NULL
622,622,622,6,NULL,"2026-01-19 08:56:53","2026-01-19 08:56:53",NULL
623,623,623,6,NULL,"2026-01-19 08:56:53","2026-01-19 08:56:53",NULL
624,624,624,6,NULL,"2026-01-19 08:56:53","2026-01-19 08:56:53",NULL
625,625,625,6,NULL,"2026-01-19 08:56:53","2026-01-19 08:56:53",NULL
626,626,626,6,NULL,"2026-01-19 08:56:53","2026-01-19 08:56:53",NULL
627,627,627,6,NULL,"2026-01-19 08:56:53","2026-01-19 08:56:53",NULL
628,628,628,6,NULL,"2026-01-19 08:56:53","2026-01-19 08:56:53",NULL
629,629,629,6,NULL,"2026-01-19 08:56:53","2026-01-19 08:56:53",NULL
630,630,630,6,NULL,"2026-01-19 08:56:53","2026-01-19 08:56:53",NULL
631,631,631,6,NULL,"2026-01-19 08:56:53","2026-01-19 08:56:53",NULL
632,632,632,6,NULL,"2026-01-19 08:56:53","2026-01-19 08:56:53",NULL
633,633,633,6,NULL,"2026-01-19 08:56:53","2026-01-19 08:56:53",NULL
634,634,634,6,NULL,"2026-01-19 08:56:53","2026-01-19 08:56:53",NULL
635,635,635,6,NULL,"2026-01-19 08:56:53","2026-01-19 08:56:53",NULL
636,636,636,6,NULL,"2026-01-19 08:56:53","2026-01-19 08:56:53",NULL
637,637,637,6,NULL,"2026-01-19 08:56:53","2026-01-19 08:56:53",NULL
638,638,638,6,NULL,"2026-01-19 08:56:53","2026-01-19 08:56:53",NULL
639,639,639,6,NULL,"2026-01-19 08:56:53","2026-01-19 08:56:53",NULL
640,640,640,6,NULL,"2026-01-19 08:56:53","2026-01-19 08:56:53",NULL
641,641,641,6,NULL,"2026-01-19 08:56:53","2026-01-19 08:56:53",NULL
642,642,642,6,NULL,"2026-01-19 08:56:53","2026-01-19 08:56:53",NULL
643,643,643,6,NULL,"2026-01-19 08:56:53","2026-01-19 08:56:53",NULL
644,644,644,6,NULL,"2026-01-19 08:56:53","2026-01-19 08:56:53",NULL
645,645,645,6,NULL,"2026-01-19 08:56:53","2026-01-19 08:56:53",NULL
646,646,646,6,NULL,"2026-01-19 08:56:53","2026-01-19 08:56:53",NULL
647,647,647,6,NULL,"2026-01-19 08:56:53","2026-01-19 08:56:53",NULL
648,648,648,6,NULL,"2026-01-19 08:56:53","2026-01-19 08:56:53",NULL
649,649,649,6,NULL,"2026-01-19 08:56:53","2026-01-19 08:56:53",NULL
650,650,650,6,NULL,"2026-01-19 08:56:53","2026-01-19 08:56:53",NULL
651,651,651,6,NULL,"2026-01-19 08:56:53","2026-01-19 08:56:53",NULL
652,652,652,6,NULL,"2026-01-19 08:56:53","2026-01-19 08:56:53",NULL
653,653,653,6,NULL,"2026-01-19 08:56:54","2026-01-19 08:56:54",NULL
654,654,654,6,NULL,"2026-01-19 08:56:54","2026-01-19 08:56:54",NULL
655,655,655,6,NULL,"2026-01-19 08:56:54","2026-01-19 08:56:54",NULL
656,656,656,6,NULL,"2026-01-19 08:56:54","2026-01-19 08:56:54",NULL
657,657,657,6,NULL,"2026-01-19 08:56:54","2026-01-19 08:56:54",NULL
658,658,658,6,NULL,"2026-01-19 08:56:54","2026-01-19 08:56:54",NULL
659,659,659,6,NULL,"2026-01-19 08:56:54","2026-01-19 08:56:54",NULL
660,660,660,6,NULL,"2026-01-19 08:56:54","2026-01-19 08:56:54",NULL
661,661,661,6,NULL,"2026-01-19 08:56:54","2026-01-19 08:56:54",NULL
662,662,662,6,NULL,"2026-01-19 08:56:54","2026-01-19 08:56:54",NULL
663,663,663,6,NULL,"2026-01-19 08:56:54","2026-01-19 08:56:54",NULL
664,664,664,6,NULL,"2026-01-19 08:56:54","2026-01-19 08:56:54",NULL
665,665,665,6,NULL,"2026-01-19 08:56:54","2026-01-19 08:56:54",NULL
666,666,666,6,NULL,"2026-01-19 08:56:54","2026-01-19 08:56:54",NULL
667,667,667,6,NULL,"2026-01-19 08:56:54","2026-01-19 08:56:54",NULL
668,668,668,6,NULL,"2026-01-19 08:56:54","2026-01-19 08:56:54",NULL
669,669,669,6,NULL,"2026-01-19 08:56:54","2026-01-19 08:56:54",NULL
670,670,670,6,NULL,"2026-01-19 08:56:54","2026-01-19 08:56:54",NULL
671,671,671,6,NULL,"2026-01-19 08:56:54","2026-01-19 08:56:54",NULL
672,672,672,6,NULL,"2026-01-19 08:56:54","2026-01-19 08:56:54",NULL
673,673,673,6,NULL,"2026-01-19 08:56:54","2026-01-19 08:56:54",NULL
674,674,674,6,NULL,"2026-01-19 08:56:54","2026-01-19 08:56:54",NULL
675,675,675,6,NULL,"2026-01-19 08:56:54","2026-01-19 08:56:54",NULL
676,676,676,6,NULL,"2026-01-19 08:56:54","2026-01-19 08:56:54",NULL
677,677,677,6,NULL,"2026-01-19 08:56:54","2026-01-19 08:56:54",NULL
678,678,678,6,NULL,"2026-01-19 08:56:54","2026-01-19 08:56:54",NULL
679,679,679,6,NULL,"2026-01-19 08:56:54","2026-01-19 08:56:54",NULL
680,680,680,6,NULL,"2026-01-19 08:56:54","2026-01-19 08:56:54",NULL
681,681,681,6,NULL,"2026-01-19 08:56:54","2026-01-19 08:56:54",NULL
682,682,682,6,NULL,"2026-01-19 08:56:54","2026-01-19 08:56:54",NULL
683,683,683,6,NULL,"2026-01-19 08:56:54","2026-01-19 08:56:54",NULL
684,684,684,6,NULL,"2026-01-19 08:56:54","2026-01-19 08:56:54",NULL
685,685,685,6,NULL,"2026-01-19 08:56:54","2026-01-19 08:56:54",NULL
686,686,686,6,NULL,"2026-01-19 08:56:54","2026-01-19 08:56:54",NULL
687,687,687,6,NULL,"2026-01-19 08:56:54","2026-01-19 08:56:54",NULL
688,688,688,6,NULL,"2026-01-19 08:56:54","2026-01-19 08:56:54",NULL
689,689,689,6,NULL,"2026-01-19 08:56:54","2026-01-19 08:56:54",NULL
690,690,690,6,NULL,"2026-01-19 08:56:54","2026-01-19 08:56:54",NULL
691,691,691,6,NULL,"2026-01-19 08:56:54","2026-01-19 08:56:54",NULL
692,692,692,6,NULL,"2026-01-19 08:56:54","2026-01-19 08:56:54",NULL
693,693,693,6,NULL,"2026-01-19 08:56:54","2026-01-19 08:56:54",NULL
694,694,694,6,NULL,"2026-01-19 08:56:54","2026-01-19 08:56:54",NULL
695,695,695,6,NULL,"2026-01-19 08:56:54","2026-01-19 08:56:54",NULL
696,696,696,6,NULL,"2026-01-19 08:56:54","2026-01-19 08:56:54",NULL
697,697,697,6,NULL,"2026-01-19 08:56:54","2026-01-19 08:56:54",NULL
698,698,698,6,NULL,"2026-01-19 08:56:54","2026-01-19 08:56:54",NULL
699,699,699,6,NULL,"2026-01-19 08:56:54","2026-01-19 08:56:54",NULL
700,700,700,6,NULL,"2026-01-19 08:56:54","2026-01-19 08:56:54",NULL
701,701,701,6,NULL,"2026-01-19 08:56:54","2026-01-19 08:56:54",NULL
702,702,702,6,NULL,"2026-01-19 08:56:54","2026-01-19 08:56:54",NULL
703,703,703,6,NULL,"2026-01-19 08:56:54","2026-01-19 08:56:54",NULL
704,704,704,6,NULL,"2026-01-19 08:56:54","2026-01-19 08:56:54",NULL
705,705,705,6,NULL,"2026-01-19 08:56:54","2026-01-19 08:56:54",NULL
706,706,706,6,NULL,"2026-01-19 08:56:54","2026-01-19 08:56:54",NULL
707,707,707,6,NULL,"2026-01-19 08:56:54","2026-01-19 08:56:54",NULL
708,708,708,6,NULL,"2026-01-19 08:56:54","2026-01-19 08:56:54",NULL
709,709,709,6,NULL,"2026-01-19 08:56:54","2026-01-19 08:56:54",NULL
710,710,710,6,NULL,"2026-01-19 08:56:54","2026-01-19 08:56:54",NULL
711,711,711,6,NULL,"2026-01-19 08:56:54","2026-01-19 08:56:54",NULL
712,712,712,6,NULL,"2026-01-19 08:56:54","2026-01-19 08:56:54",NULL
713,713,713,6,NULL,"2026-01-19 08:56:54","2026-01-19 08:56:54",NULL
714,714,714,6,NULL,"2026-01-19 08:56:54","2026-01-19 08:56:54",NULL
715,715,715,6,NULL,"2026-01-19 08:56:54","2026-01-19 08:56:54",NULL
716,716,716,6,NULL,"2026-01-19 08:56:54","2026-01-19 08:56:54",NULL
717,717,717,6,NULL,"2026-01-19 08:56:54","2026-01-19 08:56:54",NULL
718,718,718,6,NULL,"2026-01-19 08:56:54","2026-01-19 08:56:54",NULL
719,719,719,6,NULL,"2026-01-19 08:56:54","2026-01-19 08:56:54",NULL
720,720,720,6,NULL,"2026-01-19 08:56:54","2026-01-19 08:56:54",NULL
721,721,721,6,NULL,"2026-01-19 08:56:54","2026-01-19 08:56:54",NULL
722,722,722,6,NULL,"2026-01-19 08:56:54","2026-01-19 08:56:54",NULL
723,723,723,6,NULL,"2026-01-19 08:56:54","2026-01-19 08:56:54",NULL
724,724,724,6,NULL,"2026-01-19 08:56:54","2026-01-19 08:56:54",NULL
725,725,725,6,NULL,"2026-01-19 08:56:54","2026-01-19 08:56:54",NULL
726,726,726,6,NULL,"2026-01-19 08:56:54","2026-01-19 08:56:54",NULL
727,727,727,6,NULL,"2026-01-19 08:56:54","2026-01-19 08:56:54",NULL
728,728,728,6,NULL,"2026-01-19 08:56:54","2026-01-19 08:56:54",NULL
729,729,729,6,NULL,"2026-01-19 08:56:54","2026-01-19 08:56:54",NULL
730,730,730,6,NULL,"2026-01-19 08:56:54","2026-01-19 08:56:54",NULL
731,731,731,6,NULL,"2026-01-19 08:56:54","2026-01-19 08:56:54",NULL
732,732,732,6,NULL,"2026-01-19 08:56:54","2026-01-19 08:56:54",NULL
733,733,733,6,NULL,"2026-01-19 08:56:54","2026-01-19 08:56:54",NULL
734,734,734,6,NULL,"2026-01-19 08:56:54","2026-01-19 08:56:54",NULL
735,735,735,6,NULL,"2026-01-19 08:56:54","2026-01-19 08:56:54",NULL
736,736,736,6,NULL,"2026-01-19 08:56:54","2026-01-19 08:56:54",NULL
737,737,737,6,NULL,"2026-01-19 08:56:54","2026-01-19 08:56:54",NULL
738,738,738,6,NULL,"2026-01-19 08:56:54","2026-01-19 08:56:54",NULL
739,739,739,6,NULL,"2026-01-19 08:56:54","2026-01-19 08:56:54",NULL
740,740,740,6,NULL,"2026-01-19 08:56:54","2026-01-19 08:56:54",NULL
741,741,741,6,NULL,"2026-01-19 08:56:54","2026-01-19 08:56:54",NULL
742,742,742,6,NULL,"2026-01-19 08:56:54","2026-01-19 08:56:54",NULL
743,743,743,6,NULL,"2026-01-19 08:56:54","2026-01-19 08:56:54",NULL
744,744,744,6,NULL,"2026-01-19 08:56:54","2026-01-19 08:56:54",NULL
745,745,745,6,NULL,"2026-01-19 08:56:54","2026-01-19 08:56:54",NULL
746,746,746,6,NULL,"2026-01-19 08:56:54","2026-01-19 08:56:54",NULL
747,747,747,6,NULL,"2026-01-19 08:56:54","2026-01-19 08:56:54",NULL
748,748,748,6,NULL,"2026-01-19 08:56:54","2026-01-19 08:56:54",NULL
749,749,749,6,NULL,"2026-01-19 08:56:54","2026-01-19 08:56:54",NULL
750,750,750,6,NULL,"2026-01-19 08:56:54","2026-01-19 08:56:54",NULL
751,751,751,6,NULL,"2026-01-19 08:56:54","2026-01-19 08:56:54",NULL
752,752,752,6,NULL,"2026-01-19 08:56:54","2026-01-19 08:56:54",NULL
753,753,753,6,NULL,"2026-01-19 08:56:54","2026-01-19 08:56:54",NULL
754,754,754,6,NULL,"2026-01-19 08:56:54","2026-01-19 08:56:54",NULL
755,755,755,6,NULL,"2026-01-19 08:56:54","2026-01-19 08:56:54",NULL
756,756,756,6,NULL,"2026-01-19 08:56:54","2026-01-19 08:56:54",NULL
757,757,757,6,NULL,"2026-01-19 08:56:54","2026-01-19 08:56:54",NULL
758,758,758,6,NULL,"2026-01-19 08:56:54","2026-01-19 08:56:54",NULL
759,759,759,6,NULL,"2026-01-19 08:56:54","2026-01-19 08:56:54",NULL
760,760,760,6,NULL,"2026-01-19 08:56:54","2026-01-19 08:56:54",NULL
761,761,761,6,NULL,"2026-01-19 08:56:54","2026-01-19 08:56:54",NULL
762,762,762,6,NULL,"2026-01-19 08:56:54","2026-01-19 08:56:54",NULL
763,763,763,6,NULL,"2026-01-19 08:56:54","2026-01-19 08:56:54",NULL
764,764,764,6,NULL,"2026-01-19 08:56:54","2026-01-19 08:56:54",NULL
765,765,765,6,NULL,"2026-01-19 08:56:54","2026-01-19 08:56:54",NULL
766,766,766,6,NULL,"2026-01-19 08:56:54","2026-01-19 08:56:54",NULL
767,767,767,6,NULL,"2026-01-19 08:56:54","2026-01-19 08:56:54",NULL
768,768,768,6,NULL,"2026-01-19 08:56:54","2026-01-19 08:56:54",NULL
769,769,769,6,NULL,"2026-01-19 08:56:54","2026-01-19 08:56:54",NULL
770,770,770,6,NULL,"2026-01-19 08:56:54","2026-01-19 08:56:54",NULL
771,771,771,6,NULL,"2026-01-19 08:56:54","2026-01-19 08:56:54",NULL
772,772,772,6,NULL,"2026-01-19 08:56:54","2026-01-19 08:56:54",NULL
773,773,773,6,NULL,"2026-01-19 08:56:54","2026-01-19 08:56:54",NULL
774,774,774,6,NULL,"2026-01-19 08:56:54","2026-01-19 08:56:54",NULL
775,775,775,6,NULL,"2026-01-19 08:56:54","2026-01-19 08:56:54",NULL
776,776,776,6,NULL,"2026-01-19 08:56:54","2026-01-19 08:56:54",NULL
777,777,777,6,NULL,"2026-01-19 08:56:54","2026-01-19 08:56:54",NULL
778,778,778,6,NULL,"2026-01-19 08:56:54","2026-01-19 08:56:54",NULL
779,779,779,6,NULL,"2026-01-19 08:56:54","2026-01-19 08:56:54",NULL
780,780,780,6,NULL,"2026-01-19 08:56:54","2026-01-19 08:56:54",NULL
781,781,781,6,NULL,"2026-01-19 08:56:54","2026-01-19 08:56:54",NULL
782,782,782,6,NULL,"2026-01-19 08:56:54","2026-01-19 08:56:54",NULL
783,783,783,6,NULL,"2026-01-19 08:56:54","2026-01-19 08:56:54",NULL
784,784,784,6,NULL,"2026-01-19 08:56:54","2026-01-19 08:56:54",NULL
785,785,785,6,NULL,"2026-01-19 08:56:54","2026-01-19 08:56:54",NULL
786,786,786,6,NULL,"2026-01-19 08:56:54","2026-01-19 08:56:54",NULL
787,787,787,6,NULL,"2026-01-19 08:56:54","2026-01-19 08:56:54",NULL
788,788,788,6,NULL,"2026-01-19 08:56:54","2026-01-19 08:56:54",NULL
789,789,789,6,NULL,"2026-01-19 08:56:54","2026-01-19 08:56:54",NULL
790,790,790,6,NULL,"2026-01-19 08:56:54","2026-01-19 08:56:54",NULL
791,791,791,6,NULL,"2026-01-19 08:56:54","2026-01-19 08:56:54",NULL
792,792,792,6,NULL,"2026-01-19 08:56:54","2026-01-19 08:56:54",NULL
793,793,793,6,NULL,"2026-01-19 08:56:54","2026-01-19 08:56:54",NULL
794,794,794,6,NULL,"2026-01-19 08:56:54","2026-01-19 08:56:54",NULL
795,795,795,6,NULL,"2026-01-19 08:56:54","2026-01-19 08:56:54",NULL
796,796,796,6,NULL,"2026-01-19 08:56:54","2026-01-19 08:56:54",NULL
797,797,797,6,NULL,"2026-01-19 08:56:54","2026-01-19 08:56:54",NULL
798,798,798,6,NULL,"2026-01-19 08:56:54","2026-01-19 08:56:54",NULL
799,799,799,6,NULL,"2026-01-19 08:56:54","2026-01-19 08:56:54",NULL
800,800,800,6,NULL,"2026-01-19 08:56:54","2026-01-19 08:56:54",NULL
801,801,801,6,NULL,"2026-01-19 08:56:54","2026-01-19 08:56:54",NULL
802,802,802,6,NULL,"2026-01-19 08:56:54","2026-01-19 08:56:54",NULL
803,803,803,6,NULL,"2026-01-19 08:56:54","2026-01-19 08:56:54",NULL
804,804,804,6,NULL,"2026-01-19 08:56:54","2026-01-19 08:56:54",NULL
805,805,805,6,NULL,"2026-01-19 08:56:54","2026-01-19 08:56:54",NULL
806,806,806,6,NULL,"2026-01-19 08:56:54","2026-01-19 08:56:54",NULL
807,807,807,6,NULL,"2026-01-19 08:56:54","2026-01-19 08:56:54",NULL
808,808,808,6,NULL,"2026-01-19 08:56:54","2026-01-19 08:56:54",NULL
809,809,809,6,NULL,"2026-01-19 08:56:54","2026-01-19 08:56:54",NULL
810,810,810,6,NULL,"2026-01-19 08:56:54","2026-01-19 08:56:54",NULL
811,811,811,6,NULL,"2026-01-19 08:56:54","2026-01-19 08:56:54",NULL
812,812,812,6,NULL,"2026-01-19 08:56:54","2026-01-19 08:56:54",NULL
813,813,813,6,NULL,"2026-01-19 08:56:54","2026-01-19 08:56:54",NULL
814,814,814,6,NULL,"2026-01-19 08:56:54","2026-01-19 08:56:54",NULL
815,815,815,6,NULL,"2026-01-19 08:56:54","2026-01-19 08:56:54",NULL
816,816,816,6,NULL,"2026-01-19 08:56:54","2026-01-19 08:56:54",NULL
817,817,817,6,NULL,"2026-01-19 08:56:54","2026-01-19 08:56:54",NULL
818,818,818,6,NULL,"2026-01-19 08:56:54","2026-01-19 08:56:54",NULL
819,819,819,6,NULL,"2026-01-19 08:56:54","2026-01-19 08:56:54",NULL
820,820,820,6,NULL,"2026-01-19 08:56:54","2026-01-19 08:56:54",NULL
821,821,821,6,NULL,"2026-01-19 08:56:54","2026-01-19 08:56:54",NULL
822,822,822,6,NULL,"2026-01-19 08:56:54","2026-01-19 08:56:54",NULL
823,823,823,6,NULL,"2026-01-19 08:56:54","2026-01-19 08:56:54",NULL
824,824,824,6,NULL,"2026-01-19 08:56:54","2026-01-19 08:56:54",NULL
825,825,825,6,NULL,"2026-01-19 08:56:54","2026-01-19 08:56:54",NULL
826,826,826,6,NULL,"2026-01-19 08:56:54","2026-01-19 08:56:54",NULL
827,827,827,6,NULL,"2026-01-19 08:56:54","2026-01-19 08:56:54",NULL
828,828,828,6,NULL,"2026-01-19 08:56:54","2026-01-19 08:56:54",NULL
829,829,829,6,NULL,"2026-01-19 08:56:54","2026-01-19 08:56:54",NULL
830,830,830,6,NULL,"2026-01-19 08:56:54","2026-01-19 08:56:54",NULL
831,831,831,6,NULL,"2026-01-19 08:56:54","2026-01-19 08:56:54",NULL
832,832,832,6,NULL,"2026-01-19 08:56:54","2026-01-19 08:56:54",NULL
833,833,833,6,NULL,"2026-01-19 08:56:54","2026-01-19 08:56:54",NULL
834,834,834,6,NULL,"2026-01-19 08:56:54","2026-01-19 08:56:54",NULL
835,835,835,6,NULL,"2026-01-19 08:56:54","2026-01-19 08:56:54",NULL
836,836,836,6,NULL,"2026-01-19 08:56:54","2026-01-19 08:56:54",NULL
837,837,837,6,NULL,"2026-01-19 08:56:54","2026-01-19 08:56:54",NULL
838,838,838,6,NULL,"2026-01-19 08:56:54","2026-01-19 08:56:54",NULL
839,839,839,6,NULL,"2026-01-19 08:56:54","2026-01-19 08:56:54",NULL
840,840,840,6,NULL,"2026-01-19 08:56:54","2026-01-19 08:56:54",NULL
841,841,841,6,NULL,"2026-01-19 08:56:54","2026-01-19 08:56:54",NULL
842,842,842,6,NULL,"2026-01-19 08:56:54","2026-01-19 08:56:54",NULL
843,843,843,6,NULL,"2026-01-19 08:56:54","2026-01-19 08:56:54",NULL
844,844,844,6,NULL,"2026-01-19 08:56:54","2026-01-19 08:56:54",NULL
845,845,845,6,NULL,"2026-01-19 08:56:54","2026-01-19 08:56:54",NULL
846,846,846,6,NULL,"2026-01-19 08:56:54","2026-01-19 08:56:54",NULL
847,847,847,6,NULL,"2026-01-19 08:56:54","2026-01-19 08:56:54",NULL
848,848,848,6,NULL,"2026-01-19 08:56:54","2026-01-19 08:56:54",NULL
849,849,849,6,NULL,"2026-01-19 08:56:54","2026-01-19 08:56:54",NULL
850,850,850,6,NULL,"2026-01-19 08:56:54","2026-01-19 08:56:54",NULL
851,851,851,6,NULL,"2026-01-19 08:56:54","2026-01-19 08:56:54",NULL
852,852,852,6,NULL,"2026-01-19 08:56:54","2026-01-19 08:56:54",NULL
853,853,853,6,NULL,"2026-01-19 08:56:54","2026-01-19 08:56:54",NULL
854,854,854,6,NULL,"2026-01-19 08:56:54","2026-01-19 08:56:54",NULL
855,855,855,6,NULL,"2026-01-19 08:56:54","2026-01-19 08:56:54",NULL
856,856,856,6,NULL,"2026-01-19 08:56:54","2026-01-19 08:56:54",NULL
857,857,857,6,NULL,"2026-01-19 08:56:54","2026-01-19 08:56:54",NULL
858,858,858,6,NULL,"2026-01-19 08:56:54","2026-01-19 08:56:54",NULL
859,859,859,6,NULL,"2026-01-19 08:56:54","2026-01-19 08:56:54",NULL
860,860,860,6,NULL,"2026-01-19 08:56:54","2026-01-19 08:56:54",NULL
861,861,861,6,NULL,"2026-01-19 08:56:54","2026-01-19 08:56:54",NULL
862,862,862,6,NULL,"2026-01-19 08:56:54","2026-01-19 08:56:54",NULL
863,863,863,6,NULL,"2026-01-19 08:56:54","2026-01-19 08:56:54",NULL
864,864,864,6,NULL,"2026-01-19 08:56:54","2026-01-19 08:56:54",NULL
865,865,865,6,NULL,"2026-01-19 08:56:54","2026-01-19 08:56:54",NULL
866,866,866,6,NULL,"2026-01-19 08:56:54","2026-01-19 08:56:54",NULL
867,867,867,6,NULL,"2026-01-19 08:56:54","2026-01-19 08:56:54",NULL
868,868,868,6,NULL,"2026-01-19 08:56:54","2026-01-19 08:56:54",NULL
869,869,869,6,NULL,"2026-01-19 08:56:54","2026-01-19 08:56:54",NULL
870,870,870,6,NULL,"2026-01-19 08:56:54","2026-01-19 08:56:54",NULL
871,871,871,6,NULL,"2026-01-19 08:56:54","2026-01-19 08:56:54",NULL
872,872,872,6,NULL,"2026-01-19 08:56:54","2026-01-19 08:56:54",NULL
873,873,873,6,NULL,"2026-01-19 08:56:54","2026-01-19 08:56:54",NULL
874,874,874,6,NULL,"2026-01-19 08:56:54","2026-01-19 08:56:54",NULL
875,875,875,6,NULL,"2026-01-19 08:56:54","2026-01-19 08:56:54",NULL
876,876,876,6,NULL,"2026-01-19 08:56:54","2026-01-19 08:56:54",NULL
877,877,877,6,NULL,"2026-01-19 08:56:54","2026-01-19 08:56:54",NULL
878,878,878,6,NULL,"2026-01-19 08:56:54","2026-01-19 08:56:54",NULL
879,879,879,6,NULL,"2026-01-19 08:56:54","2026-01-19 08:56:54",NULL
880,880,880,6,NULL,"2026-01-19 08:56:54","2026-01-19 08:56:54",NULL
881,881,881,6,NULL,"2026-01-19 08:56:54","2026-01-19 08:56:54",NULL
882,882,882,6,NULL,"2026-01-19 08:56:54","2026-01-19 08:56:54",NULL
883,883,883,6,NULL,"2026-01-19 08:56:54","2026-01-19 08:56:54",NULL
884,884,884,6,NULL,"2026-01-19 08:56:54","2026-01-19 08:56:54",NULL
885,885,885,6,NULL,"2026-01-19 08:56:54","2026-01-19 08:56:54",NULL
886,886,886,6,NULL,"2026-01-19 08:56:54","2026-01-19 08:56:54",NULL
887,887,887,6,NULL,"2026-01-19 08:56:54","2026-01-19 08:56:54",NULL
888,888,888,6,NULL,"2026-01-19 08:56:54","2026-01-19 08:56:54",NULL
889,889,889,6,NULL,"2026-01-19 08:56:54","2026-01-19 08:56:54",NULL
890,890,890,6,NULL,"2026-01-19 08:56:54","2026-01-19 08:56:54",NULL
891,891,891,6,NULL,"2026-01-19 08:56:54","2026-01-19 08:56:54",NULL
892,892,892,6,NULL,"2026-01-19 08:56:54","2026-01-19 08:56:54",NULL
893,893,893,6,NULL,"2026-01-19 08:56:54","2026-01-19 08:56:54",NULL
894,894,894,6,NULL,"2026-01-19 08:56:54","2026-01-19 08:56:54",NULL
895,895,895,6,NULL,"2026-01-19 08:56:54","2026-01-19 08:56:54",NULL
896,896,896,6,NULL,"2026-01-19 08:56:54","2026-01-19 08:56:54",NULL
897,897,897,6,NULL,"2026-01-19 08:56:54","2026-01-19 08:56:54",NULL
898,898,898,6,NULL,"2026-01-19 08:56:54","2026-01-19 08:56:54",NULL
899,899,899,6,NULL,"2026-01-19 08:56:54","2026-01-19 08:56:54",NULL
900,900,900,6,NULL,"2026-01-19 08:56:54","2026-01-19 08:56:54",NULL
901,901,901,6,NULL,"2026-01-19 08:56:54","2026-01-19 08:56:54",NULL
902,902,902,6,NULL,"2026-01-19 08:56:54","2026-01-19 08:56:54",NULL
903,903,903,6,NULL,"2026-01-19 08:56:54","2026-01-19 08:56:54",NULL
904,904,904,6,NULL,"2026-01-19 08:56:54","2026-01-19 08:56:54",NULL
905,905,905,6,NULL,"2026-01-19 08:56:54","2026-01-19 08:56:54",NULL
906,906,906,6,NULL,"2026-01-19 08:56:54","2026-01-19 08:56:54",NULL
907,907,907,6,NULL,"2026-01-19 08:56:54","2026-01-19 08:56:54",NULL
908,908,908,6,NULL,"2026-01-19 08:56:54","2026-01-19 08:56:54",NULL
909,909,909,6,NULL,"2026-01-19 08:56:54","2026-01-19 08:56:54",NULL
910,910,910,6,NULL,"2026-01-19 08:56:54","2026-01-19 08:56:54",NULL
911,911,911,6,NULL,"2026-01-19 08:56:54","2026-01-19 08:56:54",NULL
912,912,912,6,NULL,"2026-01-19 08:56:54","2026-01-19 08:56:54",NULL
913,913,913,6,NULL,"2026-01-19 08:56:54","2026-01-19 08:56:54",NULL
914,914,914,6,NULL,"2026-01-19 08:56:54","2026-01-19 08:56:54",NULL
915,915,915,6,NULL,"2026-01-19 08:56:54","2026-01-19 08:56:54",NULL
916,916,916,6,NULL,"2026-01-19 08:56:54","2026-01-19 08:56:54",NULL
917,917,917,6,NULL,"2026-01-19 08:56:54","2026-01-19 08:56:54",NULL
918,918,918,6,NULL,"2026-01-19 08:56:54","2026-01-19 08:56:54",NULL
919,919,919,6,NULL,"2026-01-19 08:56:54","2026-01-19 08:56:54",NULL
920,920,920,6,NULL,"2026-01-19 08:56:54","2026-01-19 08:56:54",NULL
921,921,921,6,NULL,"2026-01-19 08:56:54","2026-01-19 08:56:54",NULL
922,922,922,6,NULL,"2026-01-19 08:56:54","2026-01-19 08:56:54",NULL
923,923,923,6,NULL,"2026-01-19 08:56:54","2026-01-19 08:56:54",NULL
924,924,924,6,NULL,"2026-01-19 08:56:54","2026-01-19 08:56:54",NULL
925,925,925,6,NULL,"2026-01-19 08:56:54","2026-01-19 08:56:54",NULL
926,926,926,6,NULL,"2026-01-19 08:56:54","2026-01-19 08:56:54",NULL
927,927,927,6,NULL,"2026-01-19 08:56:54","2026-01-19 08:56:54",NULL
928,928,928,6,NULL,"2026-01-19 08:56:54","2026-01-19 08:56:54",NULL
929,929,929,6,NULL,"2026-01-19 08:56:54","2026-01-19 08:56:54",NULL
930,930,930,6,NULL,"2026-01-19 08:56:54","2026-01-19 08:56:54",NULL
931,931,931,6,NULL,"2026-01-19 08:56:54","2026-01-19 08:56:54",NULL
932,932,932,6,NULL,"2026-01-19 08:56:54","2026-01-19 08:56:54",NULL
933,933,933,6,NULL,"2026-01-19 08:56:54","2026-01-19 08:56:54",NULL
934,934,934,6,NULL,"2026-01-19 08:56:54","2026-01-19 08:56:54",NULL
935,935,935,6,NULL,"2026-01-19 08:56:54","2026-01-19 08:56:54",NULL
936,936,936,6,NULL,"2026-01-19 08:56:54","2026-01-19 08:56:54",NULL
937,937,937,6,NULL,"2026-01-19 08:56:54","2026-01-19 08:56:54",NULL
938,938,938,6,NULL,"2026-01-19 08:56:54","2026-01-19 08:56:54",NULL
939,939,939,6,NULL,"2026-01-19 08:56:54","2026-01-19 08:56:54",NULL
940,940,940,6,NULL,"2026-01-19 08:56:54","2026-01-19 08:56:54",NULL
941,941,941,6,NULL,"2026-01-19 08:56:54","2026-01-19 08:56:54",NULL
942,942,942,6,NULL,"2026-01-19 08:56:54","2026-01-19 08:56:54",NULL
943,943,943,6,NULL,"2026-01-19 08:56:54","2026-01-19 08:56:54",NULL
944,944,944,6,NULL,"2026-01-19 08:56:54","2026-01-19 08:56:54",NULL
945,945,945,6,NULL,"2026-01-19 08:56:54","2026-01-19 08:56:54",NULL
946,946,946,6,NULL,"2026-01-19 08:56:54","2026-01-19 08:56:54",NULL
947,947,947,6,NULL,"2026-01-19 08:56:54","2026-01-19 08:56:54",NULL
948,948,948,6,NULL,"2026-01-19 08:56:54","2026-01-19 08:56:54",NULL
949,949,949,6,NULL,"2026-01-19 08:56:54","2026-01-19 08:56:54",NULL
950,950,950,6,NULL,"2026-01-19 08:56:54","2026-01-19 08:56:54",NULL
951,951,951,6,NULL,"2026-01-19 08:56:54","2026-01-19 08:56:54",NULL
952,952,952,6,NULL,"2026-01-19 08:56:54","2026-01-19 08:56:54",NULL
953,953,953,6,NULL,"2026-01-19 08:56:54","2026-01-19 08:56:54",NULL
954,954,954,6,NULL,"2026-01-19 08:56:54","2026-01-19 08:56:54",NULL
955,955,955,6,NULL,"2026-01-19 08:56:54","2026-01-19 08:56:54",NULL
956,956,956,6,NULL,"2026-01-19 08:56:54","2026-01-19 08:56:54",NULL
957,957,957,6,NULL,"2026-01-19 08:56:54","2026-01-19 08:56:54",NULL
958,958,958,6,NULL,"2026-01-19 08:56:54","2026-01-19 08:56:54",NULL
959,959,959,6,NULL,"2026-01-19 08:56:54","2026-01-19 08:56:54",NULL
960,960,960,6,NULL,"2026-01-19 08:56:54","2026-01-19 08:56:54",NULL
961,961,961,6,NULL,"2026-01-19 08:56:54","2026-01-19 08:56:54",NULL
962,962,962,6,NULL,"2026-01-19 08:56:54","2026-01-19 08:56:54",NULL
963,963,963,6,NULL,"2026-01-19 08:56:54","2026-01-19 08:56:54",NULL
964,964,964,6,NULL,"2026-01-19 08:56:54","2026-01-19 08:56:54",NULL
965,965,965,6,NULL,"2026-01-19 08:56:54","2026-01-19 08:56:54",NULL
966,966,966,6,NULL,"2026-01-19 08:56:54","2026-01-19 08:56:54",NULL
967,967,967,6,NULL,"2026-01-19 08:56:54","2026-01-19 08:56:54",NULL
968,968,968,6,NULL,"2026-01-19 08:56:54","2026-01-19 08:56:54",NULL
969,969,969,6,NULL,"2026-01-19 08:56:54","2026-01-19 08:56:54",NULL
970,970,970,6,NULL,"2026-01-19 08:56:54","2026-01-19 08:56:54",NULL
971,971,971,6,NULL,"2026-01-19 08:56:54","2026-01-19 08:56:54",NULL
972,972,972,6,NULL,"2026-01-19 08:56:54","2026-01-19 08:56:54",NULL
973,973,973,6,NULL,"2026-01-19 08:56:54","2026-01-19 08:56:54",NULL
974,974,974,6,NULL,"2026-01-19 08:56:54","2026-01-19 08:56:54",NULL
975,975,975,6,NULL,"2026-01-19 08:56:54","2026-01-19 08:56:54",NULL
976,976,976,6,NULL,"2026-01-19 08:56:54","2026-01-19 08:56:54",NULL
977,977,977,6,NULL,"2026-01-19 08:56:54","2026-01-19 08:56:54",NULL
978,978,978,6,NULL,"2026-01-19 08:56:54","2026-01-19 08:56:54",NULL
979,979,979,6,NULL,"2026-01-19 08:56:54","2026-01-19 08:56:54",NULL
980,980,980,6,NULL,"2026-01-19 08:56:54","2026-01-19 08:56:54",NULL
981,981,981,6,NULL,"2026-01-19 08:56:54","2026-01-19 08:56:54",NULL
982,982,982,6,NULL,"2026-01-19 08:56:54","2026-01-19 08:56:54",NULL
983,983,983,6,NULL,"2026-01-19 08:56:54","2026-01-19 08:56:54",NULL
984,984,984,6,NULL,"2026-01-19 08:56:54","2026-01-19 08:56:54",NULL
985,985,985,6,NULL,"2026-01-19 08:56:54","2026-01-19 08:56:54",NULL
986,986,986,6,NULL,"2026-01-19 08:56:54","2026-01-19 08:56:54",NULL
987,987,987,6,NULL,"2026-01-19 08:56:54","2026-01-19 08:56:54",NULL
988,988,988,6,NULL,"2026-01-19 08:56:54","2026-01-19 08:56:54",NULL
989,989,989,6,NULL,"2026-01-19 08:56:54","2026-01-19 08:56:54",NULL
990,990,990,6,NULL,"2026-01-19 08:56:54","2026-01-19 08:56:54",NULL
991,991,991,6,NULL,"2026-01-19 08:56:54","2026-01-19 08:56:54",NULL
992,992,992,6,NULL,"2026-01-19 08:56:54","2026-01-19 08:56:54",NULL
993,993,993,6,NULL,"2026-01-19 08:56:54","2026-01-19 08:56:54",NULL
994,994,994,6,NULL,"2026-01-19 08:56:54","2026-01-19 08:56:54",NULL
995,995,995,6,NULL,"2026-01-19 08:56:54","2026-01-19 08:56:54",NULL
996,996,996,6,NULL,"2026-01-19 08:56:54","2026-01-19 08:56:54",NULL
997,997,997,6,NULL,"2026-01-19 08:56:54","2026-01-19 08:56:54",NULL
998,998,998,6,NULL,"2026-01-19 08:56:54","2026-01-19 08:56:54",NULL
999,999,999,6,NULL,"2026-01-19 08:56:54","2026-01-19 08:56:54",NULL
1000,1000,1000,6,NULL,"2026-01-19 08:56:54","2026-01-19 08:56:54",NULL
1001,1001,1001,6,NULL,"2026-01-19 08:56:54","2026-01-19 08:56:54",NULL
1002,1002,1002,6,NULL,"2026-01-19 08:56:54","2026-01-19 08:56:54",NULL
1003,1003,1003,6,NULL,"2026-01-19 08:56:54","2026-01-19 08:56:54",NULL
1004,1004,1004,6,NULL,"2026-01-19 08:56:54","2026-01-19 08:56:54",NULL
1005,1005,1005,6,NULL,"2026-01-19 08:56:54","2026-01-19 08:56:54",NULL
1006,1006,1006,6,NULL,"2026-01-19 08:56:54","2026-01-19 08:56:54",NULL
1007,1007,1007,6,NULL,"2026-01-19 08:56:54","2026-01-19 08:56:54",NULL
1008,1008,1008,6,NULL,"2026-01-19 08:56:54","2026-01-19 08:56:54",NULL
1009,1009,1009,6,NULL,"2026-01-19 08:56:54","2026-01-19 08:56:54",NULL
1010,1010,1010,6,NULL,"2026-01-19 08:56:54","2026-01-19 08:56:54",NULL
1011,1011,1011,6,NULL,"2026-01-19 08:56:54","2026-01-19 08:56:54",NULL
1012,1012,1012,6,NULL,"2026-01-19 08:56:54","2026-01-19 08:56:54",NULL
1013,1013,1013,6,NULL,"2026-01-19 08:56:54","2026-01-19 08:56:54",NULL
1014,1014,1014,6,NULL,"2026-01-19 08:56:54","2026-01-19 08:56:54",NULL
1015,1015,1015,6,NULL,"2026-01-19 08:56:54","2026-01-19 08:56:54",NULL
1016,1016,1016,6,NULL,"2026-01-19 08:56:54","2026-01-19 08:56:54",NULL
1017,1017,1017,6,NULL,"2026-01-19 08:56:54","2026-01-19 08:56:54",NULL
1018,1018,1018,6,NULL,"2026-01-19 08:56:54","2026-01-19 08:56:54",NULL
1019,1019,1019,6,NULL,"2026-01-19 08:56:54","2026-01-19 08:56:54",NULL
1020,1020,1020,6,NULL,"2026-01-19 08:56:54","2026-01-19 08:56:54",NULL
1021,1021,1021,6,NULL,"2026-01-19 08:56:54","2026-01-19 08:56:54",NULL
1022,1022,1022,6,NULL,"2026-01-19 08:56:54","2026-01-19 08:56:54",NULL
1023,1023,1023,6,NULL,"2026-01-19 08:56:54","2026-01-19 08:56:54",NULL
1024,1024,1024,6,NULL,"2026-01-19 08:56:54","2026-01-19 08:56:54",NULL
1025,1025,1025,6,NULL,"2026-01-19 08:56:54","2026-01-19 08:56:54",NULL
1026,1026,1026,6,NULL,"2026-01-19 08:56:54","2026-01-19 08:56:54",NULL
1027,1027,1027,6,NULL,"2026-01-19 08:56:54","2026-01-19 08:56:54",NULL
1028,1028,1028,6,NULL,"2026-01-19 08:56:54","2026-01-19 08:56:54",NULL
1029,1029,1029,6,NULL,"2026-01-19 08:56:54","2026-01-19 08:56:54",NULL
1030,1030,1030,6,NULL,"2026-01-19 08:56:54","2026-01-19 08:56:54",NULL
1031,1031,1031,6,NULL,"2026-01-19 08:56:54","2026-01-19 08:56:54",NULL
1032,1032,1032,6,NULL,"2026-01-19 08:56:54","2026-01-19 08:56:54",NULL
1033,1033,1033,6,NULL,"2026-01-19 08:56:54","2026-01-19 08:56:54",NULL
1034,1034,1034,6,NULL,"2026-01-19 08:56:54","2026-01-19 08:56:54",NULL
1035,1035,1035,6,NULL,"2026-01-19 08:56:54","2026-01-19 08:56:54",NULL
1036,1036,1036,6,NULL,"2026-01-19 08:56:54","2026-01-19 08:56:54",NULL
1037,1037,1037,6,NULL,"2026-01-19 08:56:54","2026-01-19 08:56:54",NULL
1038,1038,1038,6,NULL,"2026-01-19 08:56:54","2026-01-19 08:56:54",NULL
1039,1039,1039,6,NULL,"2026-01-19 08:56:54","2026-01-19 08:56:54",NULL
1040,1040,1040,6,NULL,"2026-01-19 08:56:54","2026-01-19 08:56:54",NULL
1041,1041,1041,6,NULL,"2026-01-19 08:56:54","2026-01-19 08:56:54",NULL
1042,1042,1042,6,NULL,"2026-01-19 08:56:54","2026-01-19 08:56:54",NULL
1043,1043,1043,6,NULL,"2026-01-19 08:56:54","2026-01-19 08:56:54",NULL
1044,1044,1044,6,NULL,"2026-01-19 08:56:54","2026-01-19 08:56:54",NULL
1045,1045,1045,6,NULL,"2026-01-19 08:56:54","2026-01-19 08:56:54",NULL
1046,1046,1046,6,NULL,"2026-01-19 08:56:54","2026-01-19 08:56:54",NULL
1047,1047,1047,6,NULL,"2026-01-19 08:56:54","2026-01-19 08:56:54",NULL
1048,1048,1048,6,NULL,"2026-01-19 08:56:54","2026-01-19 08:56:54",NULL
1049,1049,1049,6,NULL,"2026-01-19 08:56:54","2026-01-19 08:56:54",NULL
1050,1050,1050,6,NULL,"2026-01-19 08:56:54","2026-01-19 08:56:54",NULL
1051,1051,1051,6,NULL,"2026-01-19 08:56:54","2026-01-19 08:56:54",NULL
1052,1052,1052,6,NULL,"2026-01-19 08:56:54","2026-01-19 08:56:54",NULL
1053,1053,1053,6,NULL,"2026-01-19 08:56:54","2026-01-19 08:56:54",NULL
1054,1054,1054,6,NULL,"2026-01-19 08:56:54","2026-01-19 08:56:54",NULL
1055,1055,1055,6,NULL,"2026-01-19 08:56:54","2026-01-19 08:56:54",NULL
1056,1056,1056,6,NULL,"2026-01-19 08:56:54","2026-01-19 08:56:54",NULL
1057,1057,1057,6,NULL,"2026-01-19 08:56:54","2026-01-19 08:56:54",NULL
1058,1058,1058,6,NULL,"2026-01-19 08:56:54","2026-01-19 08:56:54",NULL
1059,1059,1059,6,NULL,"2026-01-19 08:56:54","2026-01-19 08:56:54",NULL
1060,1060,1060,6,NULL,"2026-01-19 08:56:54","2026-01-19 08:56:54",NULL
1061,1061,1061,6,NULL,"2026-01-19 08:56:54","2026-01-19 08:56:54",NULL
1062,1062,1062,6,NULL,"2026-01-19 08:56:54","2026-01-19 08:56:54",NULL
1063,1063,1063,6,NULL,"2026-01-19 08:56:54","2026-01-19 08:56:54",NULL
1064,1064,1064,6,NULL,"2026-01-19 08:56:54","2026-01-19 08:56:54",NULL
1065,1065,1065,6,NULL,"2026-01-19 08:56:54","2026-01-19 08:56:54",NULL
1066,1066,1066,6,NULL,"2026-01-19 08:56:54","2026-01-19 08:56:54",NULL
1067,1067,1067,6,NULL,"2026-01-19 08:56:54","2026-01-19 08:56:54",NULL
1068,1068,1068,6,NULL,"2026-01-19 08:56:54","2026-01-19 08:56:54",NULL
1069,1069,1069,6,NULL,"2026-01-19 08:56:54","2026-01-19 08:56:54",NULL
1070,1070,1070,6,NULL,"2026-01-19 08:56:54","2026-01-19 08:56:54",NULL
1071,1071,1071,6,NULL,"2026-01-19 08:56:54","2026-01-19 08:56:54",NULL
1072,1072,1072,6,NULL,"2026-01-19 08:56:54","2026-01-19 08:56:54",NULL
1073,1073,1073,6,NULL,"2026-01-19 08:56:54","2026-01-19 08:56:54",NULL
1074,1074,1074,6,NULL,"2026-01-19 08:56:54","2026-01-19 08:56:54",NULL
1075,1075,1075,6,NULL,"2026-01-19 08:56:54","2026-01-19 08:56:54",NULL
1076,1076,1076,6,NULL,"2026-01-19 08:56:54","2026-01-19 08:56:54",NULL
1077,1077,1077,6,NULL,"2026-01-19 08:56:54","2026-01-19 08:56:54",NULL
1078,1078,1078,6,NULL,"2026-01-19 08:56:54","2026-01-19 08:56:54",NULL
1079,1079,1079,6,NULL,"2026-01-19 08:56:54","2026-01-19 08:56:54",NULL
1080,1080,1080,6,NULL,"2026-01-19 08:56:54","2026-01-19 08:56:54",NULL
1081,1081,1081,6,NULL,"2026-01-19 08:56:54","2026-01-19 08:56:54",NULL
1082,1082,1082,6,NULL,"2026-01-19 08:56:54","2026-01-19 08:56:54",NULL
1083,1083,1083,6,NULL,"2026-01-19 08:56:54","2026-01-19 08:56:54",NULL
1084,1084,1084,6,NULL,"2026-01-19 08:56:54","2026-01-19 08:56:54",NULL
1085,1085,1085,6,NULL,"2026-01-19 08:56:54","2026-01-19 08:56:54",NULL
1086,1086,1086,6,NULL,"2026-01-19 08:56:54","2026-01-19 08:56:54",NULL
1087,1087,1087,6,NULL,"2026-01-19 08:56:54","2026-01-19 08:56:54",NULL
1088,1088,1088,6,NULL,"2026-01-19 08:56:54","2026-01-19 08:56:54",NULL
1089,1089,1089,6,NULL,"2026-01-19 08:56:54","2026-01-19 08:56:54",NULL
1090,1090,1090,6,NULL,"2026-01-19 08:56:54","2026-01-19 08:56:54",NULL
1091,1091,1091,6,NULL,"2026-01-19 08:56:54","2026-01-19 08:56:54",NULL
1092,1092,1092,6,NULL,"2026-01-19 08:56:54","2026-01-19 08:56:54",NULL
1093,1093,1093,6,NULL,"2026-01-19 08:56:54","2026-01-19 08:56:54",NULL
1094,1094,1094,6,NULL,"2026-01-19 08:56:54","2026-01-19 08:56:54",NULL
1095,1095,1095,6,NULL,"2026-01-19 08:56:55","2026-01-19 08:56:55",NULL
1096,1096,1096,6,NULL,"2026-01-19 08:56:55","2026-01-19 08:56:55",NULL
1097,1097,1097,6,NULL,"2026-01-19 08:56:55","2026-01-19 08:56:55",NULL
1098,1098,1098,6,NULL,"2026-01-19 08:56:55","2026-01-19 08:56:55",NULL
1099,1099,1099,6,NULL,"2026-01-19 08:56:55","2026-01-19 08:56:55",NULL
1100,1100,1100,6,NULL,"2026-01-19 08:56:55","2026-01-19 08:56:55",NULL
1101,1101,1101,6,NULL,"2026-01-19 08:56:55","2026-01-19 08:56:55",NULL
1102,1102,1102,6,NULL,"2026-01-19 08:56:55","2026-01-19 08:56:55",NULL
1103,1103,1103,6,NULL,"2026-01-19 08:56:55","2026-01-19 08:56:55",NULL
1104,1104,1104,6,NULL,"2026-01-19 08:56:55","2026-01-19 08:56:55",NULL
1105,1105,1105,6,NULL,"2026-01-19 08:56:55","2026-01-19 08:56:55",NULL
1106,1106,1106,6,NULL,"2026-01-19 08:56:55","2026-01-19 08:56:55",NULL
1107,1107,1107,6,NULL,"2026-01-19 08:56:55","2026-01-19 08:56:55",NULL
1108,1108,1108,6,NULL,"2026-01-19 08:56:55","2026-01-19 08:56:55",NULL
1109,1109,1109,6,NULL,"2026-01-19 08:56:55","2026-01-19 08:56:55",NULL
1110,1110,1110,6,NULL,"2026-01-19 08:56:55","2026-01-19 08:56:55",NULL
1111,1111,1111,6,NULL,"2026-01-19 08:56:55","2026-01-19 08:56:55",NULL
1112,1112,1112,6,NULL,"2026-01-19 08:56:55","2026-01-19 08:56:55",NULL
1113,1113,1113,6,NULL,"2026-01-19 08:56:55","2026-01-19 08:56:55",NULL
1114,1114,1114,6,NULL,"2026-01-19 08:56:55","2026-01-19 08:56:55",NULL
1115,1115,1115,6,NULL,"2026-01-19 08:56:55","2026-01-19 08:56:55",NULL
1116,1116,1116,6,NULL,"2026-01-19 08:56:55","2026-01-19 08:56:55",NULL
1117,1117,1117,6,NULL,"2026-01-19 08:56:55","2026-01-19 08:56:55",NULL
1118,1118,1118,6,NULL,"2026-01-19 08:56:55","2026-01-19 08:56:55",NULL
1119,1119,1119,6,NULL,"2026-01-19 08:56:55","2026-01-19 08:56:55",NULL
1120,1120,1120,6,NULL,"2026-01-19 08:56:55","2026-01-19 08:56:55",NULL
1121,1121,1121,6,NULL,"2026-01-19 08:56:55","2026-01-19 08:56:55",NULL
1122,1122,1122,6,NULL,"2026-01-19 08:56:55","2026-01-19 08:56:55",NULL
1123,1123,1123,6,NULL,"2026-01-19 08:56:55","2026-01-19 08:56:55",NULL
1124,1124,1124,6,NULL,"2026-01-19 08:56:55","2026-01-19 08:56:55",NULL
1125,1125,1125,6,NULL,"2026-01-19 08:56:55","2026-01-19 08:56:55",NULL
1126,1126,1126,6,NULL,"2026-01-19 08:56:55","2026-01-19 08:56:55",NULL
1127,1127,1127,6,NULL,"2026-01-19 08:56:55","2026-01-19 08:56:55",NULL
1128,1128,1128,6,NULL,"2026-01-19 08:56:55","2026-01-19 08:56:55",NULL
1129,1129,1129,6,NULL,"2026-01-19 08:56:55","2026-01-19 08:56:55",NULL
1130,1130,1130,6,NULL,"2026-01-19 08:56:55","2026-01-19 08:56:55",NULL
1131,1131,1131,6,NULL,"2026-01-19 08:56:55","2026-01-19 08:56:55",NULL
1132,1132,1132,6,NULL,"2026-01-19 08:56:55","2026-01-19 08:56:55",NULL
1133,1133,1133,6,NULL,"2026-01-19 08:56:55","2026-01-19 08:56:55",NULL
1134,1134,1134,6,NULL,"2026-01-19 08:56:55","2026-01-19 08:56:55",NULL
1135,1135,1135,6,NULL,"2026-01-19 08:56:55","2026-01-19 08:56:55",NULL
1136,1136,1136,6,NULL,"2026-01-19 08:56:55","2026-01-19 08:56:55",NULL
1137,1137,1137,6,NULL,"2026-01-19 08:56:55","2026-01-19 08:56:55",NULL
1138,1138,1138,6,NULL,"2026-01-19 08:56:55","2026-01-19 08:56:55",NULL
1139,1139,1139,6,NULL,"2026-01-19 08:56:55","2026-01-19 08:56:55",NULL
1140,1140,1140,6,NULL,"2026-01-19 08:56:55","2026-01-19 08:56:55",NULL
1141,1141,1141,6,NULL,"2026-01-19 08:56:55","2026-01-19 08:56:55",NULL
1142,1142,1142,6,NULL,"2026-01-19 08:56:55","2026-01-19 08:56:55",NULL
1143,1143,1143,6,NULL,"2026-01-19 08:56:55","2026-01-19 08:56:55",NULL
1144,1144,1144,6,NULL,"2026-01-19 08:56:55","2026-01-19 08:56:55",NULL
1145,1145,1145,6,NULL,"2026-01-19 08:56:55","2026-01-19 08:56:55",NULL
1146,1146,1146,6,NULL,"2026-01-19 08:56:55","2026-01-19 08:56:55",NULL
1147,1147,1147,6,NULL,"2026-01-19 08:56:55","2026-01-19 08:56:55",NULL
1148,1148,1148,6,NULL,"2026-01-19 08:56:55","2026-01-19 08:56:55",NULL
1149,1149,1149,6,NULL,"2026-01-19 08:56:55","2026-01-19 08:56:55",NULL
1150,1150,1150,6,NULL,"2026-01-19 08:56:55","2026-01-19 08:56:55",NULL
1151,1151,1151,6,NULL,"2026-01-19 08:56:55","2026-01-19 08:56:55",NULL
1152,1152,1152,6,NULL,"2026-01-19 08:56:55","2026-01-19 08:56:55",NULL
1153,1153,1153,6,NULL,"2026-01-19 08:56:55","2026-01-19 08:56:55",NULL
1154,1154,1154,6,NULL,"2026-01-19 08:56:55","2026-01-19 08:56:55",NULL
1155,1155,1155,6,NULL,"2026-01-19 08:56:55","2026-01-19 08:56:55",NULL
1156,1156,1156,6,NULL,"2026-01-19 08:56:55","2026-01-19 08:56:55",NULL
1157,1157,1157,6,NULL,"2026-01-19 08:56:55","2026-01-19 08:56:55",NULL
1158,1158,1158,6,NULL,"2026-01-19 08:56:55","2026-01-19 08:56:55",NULL
1159,1159,1159,6,NULL,"2026-01-19 08:56:55","2026-01-19 08:56:55",NULL
1160,1160,1160,6,NULL,"2026-01-19 08:56:55","2026-01-19 08:56:55",NULL
1161,1161,1161,6,NULL,"2026-01-19 08:56:55","2026-01-19 08:56:55",NULL
1162,1162,1162,6,NULL,"2026-01-19 08:56:55","2026-01-19 08:56:55",NULL
1163,1163,1163,6,NULL,"2026-01-19 08:56:55","2026-01-19 08:56:55",NULL
1164,1164,1164,6,NULL,"2026-01-19 08:56:55","2026-01-19 08:56:55",NULL
1165,1165,1165,6,NULL,"2026-01-19 08:56:55","2026-01-19 08:56:55",NULL
1166,1166,1166,6,NULL,"2026-01-19 08:56:55","2026-01-19 08:56:55",NULL
1167,1167,1167,6,NULL,"2026-01-19 08:56:55","2026-01-19 08:56:55",NULL
1168,1168,1168,6,NULL,"2026-01-19 08:56:55","2026-01-19 08:56:55",NULL
1169,1169,1169,6,NULL,"2026-01-19 08:56:55","2026-01-19 08:56:55",NULL
1170,1170,1170,6,NULL,"2026-01-19 08:56:55","2026-01-19 08:56:55",NULL
1171,1171,1171,6,NULL,"2026-01-19 08:56:55","2026-01-19 08:56:55",NULL
1172,1172,1172,6,NULL,"2026-01-19 08:56:55","2026-01-19 08:56:55",NULL
1173,1173,1173,6,NULL,"2026-01-19 08:56:55","2026-01-19 08:56:55",NULL
1174,1174,1174,6,NULL,"2026-01-19 08:56:55","2026-01-19 08:56:55",NULL
1175,1175,1175,6,NULL,"2026-01-19 08:56:55","2026-01-19 08:56:55",NULL
1176,1176,1176,6,NULL,"2026-01-19 08:56:55","2026-01-19 08:56:55",NULL
1177,1177,1177,6,NULL,"2026-01-19 08:56:55","2026-01-19 08:56:55",NULL
1178,1178,1178,6,NULL,"2026-01-19 08:56:55","2026-01-19 08:56:55",NULL
1179,1179,1179,6,NULL,"2026-01-19 08:56:55","2026-01-19 08:56:55",NULL
1180,1180,1180,6,NULL,"2026-01-19 08:56:55","2026-01-19 08:56:55",NULL
1181,1181,1181,6,NULL,"2026-01-19 08:56:55","2026-01-19 08:56:55",NULL
1182,1182,1182,6,NULL,"2026-01-19 08:56:55","2026-01-19 08:56:55",NULL
1183,1183,1183,6,NULL,"2026-01-19 08:56:55","2026-01-19 08:56:55",NULL
1184,1184,1184,6,NULL,"2026-01-19 08:56:55","2026-01-19 08:56:55",NULL
1185,1185,1185,6,NULL,"2026-01-19 08:56:55","2026-01-19 08:56:55",NULL
1186,1186,1186,6,NULL,"2026-01-19 08:56:55","2026-01-19 08:56:55",NULL
1187,1187,1187,6,NULL,"2026-01-19 08:56:55","2026-01-19 08:56:55",NULL
1188,1188,1188,6,NULL,"2026-01-19 08:56:55","2026-01-19 08:56:55",NULL
1189,1189,1189,6,NULL,"2026-01-19 08:56:55","2026-01-19 08:56:55",NULL
1190,1190,1190,6,NULL,"2026-01-19 08:56:55","2026-01-19 08:56:55",NULL
1191,1191,1191,6,NULL,"2026-01-19 08:56:55","2026-01-19 08:56:55",NULL
1192,1192,1192,6,NULL,"2026-01-19 08:56:55","2026-01-19 08:56:55",NULL
1193,1193,1193,6,NULL,"2026-01-19 08:56:55","2026-01-19 08:56:55",NULL
1194,1194,1194,6,NULL,"2026-01-19 08:56:55","2026-01-19 08:56:55",NULL
1195,1195,1195,6,NULL,"2026-01-19 08:56:55","2026-01-19 08:56:55",NULL
1196,1196,1196,6,NULL,"2026-01-19 08:56:55","2026-01-19 08:56:55",NULL
1197,1197,1197,6,NULL,"2026-01-19 08:56:55","2026-01-19 08:56:55",NULL
1198,1198,1198,6,NULL,"2026-01-19 08:56:55","2026-01-19 08:56:55",NULL
1199,1199,1199,6,NULL,"2026-01-19 08:56:55","2026-01-19 08:56:55",NULL
1200,1200,1200,6,NULL,"2026-01-19 08:56:55","2026-01-19 08:56:55",NULL
1201,1201,1201,6,NULL,"2026-01-19 08:56:55","2026-01-19 08:56:55",NULL
1202,1202,1202,6,NULL,"2026-01-19 08:56:55","2026-01-19 08:56:55",NULL
1203,1203,1203,6,NULL,"2026-01-19 08:56:55","2026-01-19 08:56:55",NULL
1204,1204,1204,6,NULL,"2026-01-19 08:56:55","2026-01-19 08:56:55",NULL
1205,1205,1205,6,NULL,"2026-01-19 08:56:55","2026-01-19 08:56:55",NULL
1206,1206,1206,6,NULL,"2026-01-19 08:56:55","2026-01-19 08:56:55",NULL
1207,1207,1207,6,NULL,"2026-01-19 08:56:55","2026-01-19 08:56:55",NULL
1208,1208,1208,6,NULL,"2026-01-19 08:56:55","2026-01-19 08:56:55",NULL
1209,1209,1209,6,NULL,"2026-01-19 08:56:55","2026-01-19 08:56:55",NULL
1210,1210,1210,6,NULL,"2026-01-19 08:56:55","2026-01-19 08:56:55",NULL
1211,1211,1211,6,NULL,"2026-01-19 08:56:55","2026-01-19 08:56:55",NULL
1212,1212,1212,6,NULL,"2026-01-19 08:56:55","2026-01-19 08:56:55",NULL
1213,1213,1213,6,NULL,"2026-01-19 08:56:55","2026-01-19 08:56:55",NULL
1214,1214,1214,6,NULL,"2026-01-19 08:56:55","2026-01-19 08:56:55",NULL
1215,1215,1215,6,NULL,"2026-01-19 08:56:55","2026-01-19 08:56:55",NULL
1216,1216,1216,6,NULL,"2026-01-19 08:56:55","2026-01-19 08:56:55",NULL
1217,1217,1217,6,NULL,"2026-01-19 08:56:55","2026-01-19 08:56:55",NULL
1218,1218,1218,6,NULL,"2026-01-19 08:56:55","2026-01-19 08:56:55",NULL
1219,1219,1219,6,NULL,"2026-01-19 08:56:55","2026-01-19 08:56:55",NULL
1220,1220,1220,6,NULL,"2026-01-19 08:56:55","2026-01-19 08:56:55",NULL
1221,1221,1221,6,NULL,"2026-01-19 08:56:55","2026-01-19 08:56:55",NULL
1222,1222,1222,6,NULL,"2026-01-19 08:56:55","2026-01-19 08:56:55",NULL
1223,1223,1223,6,NULL,"2026-01-19 08:56:55","2026-01-19 08:56:55",NULL
1224,1224,1224,6,NULL,"2026-01-19 08:56:55","2026-01-19 08:56:55",NULL
1225,1225,1225,6,NULL,"2026-01-19 08:56:55","2026-01-19 08:56:55",NULL
1226,1226,1226,6,NULL,"2026-01-19 08:56:55","2026-01-19 08:56:55",NULL
1227,1227,1227,6,NULL,"2026-01-19 08:56:55","2026-01-19 08:56:55",NULL
1228,1228,1228,6,NULL,"2026-01-19 08:56:55","2026-01-19 08:56:55",NULL
1229,1229,1229,6,NULL,"2026-01-19 08:56:55","2026-01-19 08:56:55",NULL
1230,1230,1230,6,NULL,"2026-01-19 08:56:55","2026-01-19 08:56:55",NULL
1231,1231,1231,6,NULL,"2026-01-19 08:56:55","2026-01-19 08:56:55",NULL
1232,1232,1232,6,NULL,"2026-01-19 08:56:55","2026-01-19 08:56:55",NULL
1233,1233,1233,6,NULL,"2026-01-19 08:56:55","2026-01-19 08:56:55",NULL
1234,1234,1234,6,NULL,"2026-01-19 08:56:55","2026-01-19 08:56:55",NULL
1235,1235,1235,6,NULL,"2026-01-19 08:56:55","2026-01-19 08:56:55",NULL
1236,1236,1236,6,NULL,"2026-01-19 08:56:55","2026-01-19 08:56:55",NULL
1237,1237,1237,6,NULL,"2026-01-19 08:56:55","2026-01-19 08:56:55",NULL
1238,1238,1238,6,NULL,"2026-01-19 08:56:55","2026-01-19 08:56:55",NULL
1239,1239,1239,6,NULL,"2026-01-19 08:56:55","2026-01-19 08:56:55",NULL
1240,1240,1240,6,NULL,"2026-01-19 08:56:55","2026-01-19 08:56:55",NULL
1241,1241,1241,6,NULL,"2026-01-19 08:56:55","2026-01-19 08:56:55",NULL
1242,1242,1242,6,NULL,"2026-01-19 08:56:55","2026-01-19 08:56:55",NULL
1243,1243,1243,6,NULL,"2026-01-19 08:56:55","2026-01-19 08:56:55",NULL
1244,1244,1244,6,NULL,"2026-01-19 08:56:55","2026-01-19 08:56:55",NULL
1245,1245,1245,6,NULL,"2026-01-19 08:56:55","2026-01-19 08:56:55",NULL
1246,1246,1246,6,NULL,"2026-01-19 08:56:55","2026-01-19 08:56:55",NULL
1247,1247,1247,6,NULL,"2026-01-19 08:56:55","2026-01-19 08:56:55",NULL
1248,1248,1248,6,NULL,"2026-01-19 08:56:55","2026-01-19 08:56:55",NULL
1249,1249,1249,6,NULL,"2026-01-19 08:56:55","2026-01-19 08:56:55",NULL
1250,1250,1250,6,NULL,"2026-01-19 08:56:55","2026-01-19 08:56:55",NULL
1251,1251,1251,6,NULL,"2026-01-19 08:56:55","2026-01-19 08:56:55",NULL
1252,1252,1252,6,NULL,"2026-01-19 08:56:55","2026-01-19 08:56:55",NULL
1253,1253,1253,6,NULL,"2026-01-19 08:56:55","2026-01-19 08:56:55",NULL
1254,1254,1254,6,NULL,"2026-01-19 08:56:55","2026-01-19 08:56:55",NULL
1255,1255,1255,6,NULL,"2026-01-19 08:56:55","2026-01-19 08:56:55",NULL
1256,1256,1256,6,NULL,"2026-01-19 08:56:55","2026-01-19 08:56:55",NULL
1257,1257,1257,6,NULL,"2026-01-19 08:56:55","2026-01-19 08:56:55",NULL
1258,1258,1258,6,NULL,"2026-01-19 08:56:55","2026-01-19 08:56:55",NULL
1259,1259,1259,6,NULL,"2026-01-19 08:56:55","2026-01-19 08:56:55",NULL
1260,1260,1260,6,NULL,"2026-01-19 08:56:55","2026-01-19 08:56:55",NULL
1261,1261,1261,6,NULL,"2026-01-19 08:56:55","2026-01-19 08:56:55",NULL
1262,1262,1262,6,NULL,"2026-01-19 08:56:55","2026-01-19 08:56:55",NULL
1263,1263,1263,6,NULL,"2026-01-19 08:56:55","2026-01-19 08:56:55",NULL
1264,1264,1264,6,NULL,"2026-01-19 08:56:55","2026-01-19 08:56:55",NULL
1265,1265,1265,6,NULL,"2026-01-19 08:56:55","2026-01-19 08:56:55",NULL
1266,1266,1266,6,NULL,"2026-01-19 08:56:55","2026-01-19 08:56:55",NULL
1267,1267,1267,6,NULL,"2026-01-19 08:56:55","2026-01-19 08:56:55",NULL
1268,1268,1268,6,NULL,"2026-01-19 08:56:55","2026-01-19 08:56:55",NULL
1269,1269,1269,6,NULL,"2026-01-19 08:56:55","2026-01-19 08:56:55",NULL
1270,1270,1270,6,NULL,"2026-01-19 08:56:55","2026-01-19 08:56:55",NULL
1271,1271,1271,6,NULL,"2026-01-19 08:56:55","2026-01-19 08:56:55",NULL
1272,1272,1272,6,NULL,"2026-01-19 08:56:55","2026-01-19 08:56:55",NULL
1273,1273,1273,6,NULL,"2026-01-19 08:56:55","2026-01-19 08:56:55",NULL
1274,1274,1274,6,NULL,"2026-01-19 08:56:55","2026-01-19 08:56:55",NULL
1275,1275,1275,6,NULL,"2026-01-19 08:56:55","2026-01-19 08:56:55",NULL
1276,1276,1276,6,NULL,"2026-01-19 08:56:55","2026-01-19 08:56:55",NULL
1277,1277,1277,6,NULL,"2026-01-19 08:56:55","2026-01-19 08:56:55",NULL
1278,1278,1278,6,NULL,"2026-01-19 08:56:55","2026-01-19 08:56:55",NULL
1279,1279,1279,6,NULL,"2026-01-19 08:56:55","2026-01-19 08:56:55",NULL
1280,1280,1280,6,NULL,"2026-01-19 08:56:55","2026-01-19 08:56:55",NULL
1281,1281,1281,6,NULL,"2026-01-19 08:56:55","2026-01-19 08:56:55",NULL
1282,1282,1282,6,NULL,"2026-01-19 08:56:55","2026-01-19 08:56:55",NULL
1283,1283,1283,6,NULL,"2026-01-19 08:56:55","2026-01-19 08:56:55",NULL
1284,1284,1284,6,NULL,"2026-01-19 08:56:55","2026-01-19 08:56:55",NULL
1285,1285,1285,6,NULL,"2026-01-19 08:56:55","2026-01-19 08:56:55",NULL
1286,1286,1286,6,NULL,"2026-01-19 08:56:55","2026-01-19 08:56:55",NULL
1287,1287,1287,6,NULL,"2026-01-19 08:56:55","2026-01-19 08:56:55",NULL
1288,1288,1288,6,NULL,"2026-01-19 08:56:55","2026-01-19 08:56:55",NULL
1289,1289,1289,6,NULL,"2026-01-19 08:56:55","2026-01-19 08:56:55",NULL
1290,1290,1290,6,NULL,"2026-01-19 08:56:55","2026-01-19 08:56:55",NULL
1291,1291,1291,6,NULL,"2026-01-19 08:56:55","2026-01-19 08:56:55",NULL
1292,1292,1292,6,NULL,"2026-01-19 08:56:55","2026-01-19 08:56:55",NULL
1293,1293,1293,6,NULL,"2026-01-19 08:56:55","2026-01-19 08:56:55",NULL
1294,1294,1294,6,NULL,"2026-01-19 08:56:55","2026-01-19 08:56:55",NULL
1295,1295,1295,6,NULL,"2026-01-19 08:56:55","2026-01-19 08:56:55",NULL
1296,1296,1296,6,NULL,"2026-01-19 08:56:55","2026-01-19 08:56:55",NULL
1297,1297,1297,6,NULL,"2026-01-19 08:56:55","2026-01-19 08:56:55",NULL
1298,1298,1298,6,NULL,"2026-01-19 08:56:55","2026-01-19 08:56:55",NULL
1299,1299,1299,6,NULL,"2026-01-19 08:56:55","2026-01-19 08:56:55",NULL
1300,1300,1300,6,NULL,"2026-01-19 08:56:55","2026-01-19 08:56:55",NULL
1301,1301,1301,6,NULL,"2026-01-19 08:56:55","2026-01-19 08:56:55",NULL
1302,1302,1302,6,NULL,"2026-01-19 08:56:55","2026-01-19 08:56:55",NULL
1303,1303,1303,6,NULL,"2026-01-19 08:56:55","2026-01-19 08:56:55",NULL
1304,1304,1304,6,NULL,"2026-01-19 08:56:55","2026-01-19 08:56:55",NULL
1305,1305,1305,6,NULL,"2026-01-19 08:56:55","2026-01-19 08:56:55",NULL
1306,1306,1306,6,NULL,"2026-01-19 08:56:55","2026-01-19 08:56:55",NULL
1307,1307,1307,6,NULL,"2026-01-19 08:56:55","2026-01-19 08:56:55",NULL
1308,1308,1308,6,NULL,"2026-01-19 08:56:55","2026-01-19 08:56:55",NULL
1309,1309,1309,6,NULL,"2026-01-19 08:56:55","2026-01-19 08:56:55",NULL
1310,1310,1310,6,NULL,"2026-01-19 08:56:55","2026-01-19 08:56:55",NULL
1311,1311,1311,6,NULL,"2026-01-19 08:56:55","2026-01-19 08:56:55",NULL
1312,1312,1312,6,NULL,"2026-01-19 08:56:55","2026-01-19 08:56:55",NULL
1313,1313,1313,6,NULL,"2026-01-19 08:56:55","2026-01-19 08:56:55",NULL
1314,1314,1314,6,NULL,"2026-01-19 08:56:55","2026-01-19 08:56:55",NULL
1315,1315,1315,6,NULL,"2026-01-19 08:56:55","2026-01-19 08:56:55",NULL
1316,1316,1316,6,NULL,"2026-01-19 08:56:55","2026-01-19 08:56:55",NULL
1317,1317,1317,6,NULL,"2026-01-19 08:56:55","2026-01-19 08:56:55",NULL
1318,1318,1318,6,NULL,"2026-01-19 08:56:55","2026-01-19 08:56:55",NULL
1319,1319,1319,6,NULL,"2026-01-19 08:56:55","2026-01-19 08:56:55",NULL
1320,1320,1320,6,NULL,"2026-01-19 08:56:55","2026-01-19 08:56:55",NULL
1321,1321,1321,6,NULL,"2026-01-19 08:56:55","2026-01-19 08:56:55",NULL
1322,1322,1322,6,NULL,"2026-01-19 08:56:55","2026-01-19 08:56:55",NULL
1323,1323,1323,6,NULL,"2026-01-19 08:56:55","2026-01-19 08:56:55",NULL
1324,1324,1324,6,NULL,"2026-01-19 08:56:55","2026-01-19 08:56:55",NULL
1325,1325,1325,6,NULL,"2026-01-19 08:56:55","2026-01-19 08:56:55",NULL
1326,1326,1326,6,NULL,"2026-01-19 08:56:55","2026-01-19 08:56:55",NULL
1327,1327,1327,6,NULL,"2026-01-19 08:56:55","2026-01-19 08:56:55",NULL
1328,1328,1328,6,NULL,"2026-01-19 08:56:55","2026-01-19 08:56:55",NULL
1329,1329,1329,6,NULL,"2026-01-19 08:56:55","2026-01-19 08:56:55",NULL
1330,1330,1330,6,NULL,"2026-01-19 08:56:55","2026-01-19 08:56:55",NULL
1331,1331,1331,6,NULL,"2026-01-19 08:56:55","2026-01-19 08:56:55",NULL
1332,1332,1332,6,NULL,"2026-01-19 08:56:55","2026-01-19 08:56:55",NULL
1333,1333,1333,6,NULL,"2026-01-19 08:56:55","2026-01-19 08:56:55",NULL
1334,1334,1334,6,NULL,"2026-01-19 08:56:55","2026-01-19 08:56:55",NULL
1335,1335,1335,6,NULL,"2026-01-19 08:56:55","2026-01-19 08:56:55",NULL
1336,1336,1336,6,NULL,"2026-01-19 08:56:55","2026-01-19 08:56:55",NULL
1337,1337,1337,6,NULL,"2026-01-19 08:56:55","2026-01-19 08:56:55",NULL
1338,1338,1338,6,NULL,"2026-01-19 08:56:55","2026-01-19 08:56:55",NULL
1339,1339,1339,6,NULL,"2026-01-19 08:56:55","2026-01-19 08:56:55",NULL
1340,1340,1340,6,NULL,"2026-01-19 08:56:55","2026-01-19 08:56:55",NULL
1341,1341,1341,6,NULL,"2026-01-19 08:56:55","2026-01-19 08:56:55",NULL
1342,1342,1342,6,NULL,"2026-01-19 08:56:55","2026-01-19 08:56:55",NULL
1343,1343,1343,6,NULL,"2026-01-19 08:56:55","2026-01-19 08:56:55",NULL
1344,1344,1344,6,NULL,"2026-01-19 08:56:55","2026-01-19 08:56:55",NULL
1345,1345,1345,6,NULL,"2026-01-19 08:56:55","2026-01-19 08:56:55",NULL
1346,1346,1346,6,NULL,"2026-01-19 08:56:55","2026-01-19 08:56:55",NULL
1347,1347,1347,6,NULL,"2026-01-19 08:56:55","2026-01-19 08:56:55",NULL
1348,1348,1348,6,NULL,"2026-01-19 08:56:55","2026-01-19 08:56:55",NULL
1349,1349,1349,6,NULL,"2026-01-19 08:56:55","2026-01-19 08:56:55",NULL
1350,1350,1350,6,NULL,"2026-01-19 08:56:55","2026-01-19 08:56:55",NULL
1351,1351,1351,6,NULL,"2026-01-19 08:56:55","2026-01-19 08:56:55",NULL
1352,1352,1352,6,NULL,"2026-01-19 08:56:55","2026-01-19 08:56:55",NULL
1353,1353,1353,6,NULL,"2026-01-19 08:56:55","2026-01-19 08:56:55",NULL
1354,1354,1354,6,NULL,"2026-01-19 08:56:55","2026-01-19 08:56:55",NULL
1355,1355,1355,6,NULL,"2026-01-19 08:56:55","2026-01-19 08:56:55",NULL
1356,1356,1356,6,NULL,"2026-01-19 08:56:55","2026-01-19 08:56:55",NULL
1357,1357,1357,6,NULL,"2026-01-19 08:56:55","2026-01-19 08:56:55",NULL
1358,1358,1358,6,NULL,"2026-01-19 08:56:55","2026-01-19 08:56:55",NULL
1359,1359,1359,6,NULL,"2026-01-19 08:56:55","2026-01-19 08:56:55",NULL
1360,1360,1360,6,NULL,"2026-01-19 08:56:55","2026-01-19 08:56:55",NULL
1361,1361,1361,6,NULL,"2026-01-19 08:56:55","2026-01-19 08:56:55",NULL
1362,1362,1362,6,NULL,"2026-01-19 08:56:55","2026-01-19 08:56:55",NULL
1363,1363,1363,6,NULL,"2026-01-19 08:56:55","2026-01-19 08:56:55",NULL
1364,1364,1364,6,NULL,"2026-01-19 08:56:55","2026-01-19 08:56:55",NULL
1365,1365,1365,6,NULL,"2026-01-19 08:56:55","2026-01-19 08:56:55",NULL
1366,1366,1366,6,NULL,"2026-01-19 08:56:55","2026-01-19 08:56:55",NULL
1367,1367,1367,6,NULL,"2026-01-19 08:56:55","2026-01-19 08:56:55",NULL
1368,1368,1368,6,NULL,"2026-01-19 08:56:55","2026-01-19 08:56:55",NULL
1369,1369,1369,6,NULL,"2026-01-19 08:56:55","2026-01-19 08:56:55",NULL
1370,1370,1370,6,NULL,"2026-01-19 08:56:55","2026-01-19 08:56:55",NULL
1371,1371,1371,6,NULL,"2026-01-19 08:56:55","2026-01-19 08:56:55",NULL
1372,1372,1372,6,NULL,"2026-01-19 08:56:55","2026-01-19 08:56:55",NULL
1373,1373,1373,6,NULL,"2026-01-19 08:56:55","2026-01-19 08:56:55",NULL
1374,1374,1374,6,NULL,"2026-01-19 08:56:55","2026-01-19 08:56:55",NULL
1375,1375,1375,6,NULL,"2026-01-19 08:56:55","2026-01-19 08:56:55",NULL
1376,1376,1376,6,NULL,"2026-01-19 08:56:55","2026-01-19 08:56:55",NULL
1377,1377,1377,6,NULL,"2026-01-19 08:56:55","2026-01-19 08:56:55",NULL
1378,1378,1378,6,NULL,"2026-01-19 08:56:55","2026-01-19 08:56:55",NULL
1379,1379,1379,6,NULL,"2026-01-19 08:56:55","2026-01-19 08:56:55",NULL
1380,1380,1380,6,NULL,"2026-01-19 08:56:55","2026-01-19 08:56:55",NULL
1381,1381,1381,6,NULL,"2026-01-19 08:56:55","2026-01-19 08:56:55",NULL
1382,1382,1382,6,NULL,"2026-01-19 08:56:55","2026-01-19 08:56:55",NULL
1383,1383,1383,6,NULL,"2026-01-19 08:56:55","2026-01-19 08:56:55",NULL
1384,1384,1384,6,NULL,"2026-01-19 08:56:55","2026-01-19 08:56:55",NULL
1385,1385,1385,6,NULL,"2026-01-19 08:56:55","2026-01-19 08:56:55",NULL
1386,1386,1386,6,NULL,"2026-01-19 08:56:55","2026-01-19 08:56:55",NULL
1387,1387,1387,6,NULL,"2026-01-19 08:56:55","2026-01-19 08:56:55",NULL
1388,1388,1388,6,NULL,"2026-01-19 08:56:55","2026-01-19 08:56:55",NULL
1389,1389,1389,6,NULL,"2026-01-19 08:56:55","2026-01-19 08:56:55",NULL
1390,1390,1390,6,NULL,"2026-01-19 08:56:55","2026-01-19 08:56:55",NULL
1391,1391,1391,6,NULL,"2026-01-19 08:56:55","2026-01-19 08:56:55",NULL
1392,1392,1392,6,NULL,"2026-01-19 08:56:55","2026-01-19 08:56:55",NULL
1393,1393,1393,6,NULL,"2026-01-19 08:56:55","2026-01-19 08:56:55",NULL
1394,1394,1394,6,NULL,"2026-01-19 08:56:55","2026-01-19 08:56:55",NULL
1395,1395,1395,6,NULL,"2026-01-19 08:56:55","2026-01-19 08:56:55",NULL
1396,1396,1396,6,NULL,"2026-01-19 08:56:55","2026-01-19 08:56:55",NULL
1397,1397,1397,6,NULL,"2026-01-19 08:56:55","2026-01-19 08:56:55",NULL
1398,1398,1398,6,NULL,"2026-01-19 08:56:55","2026-01-19 08:56:55",NULL
1399,1399,1399,6,NULL,"2026-01-19 08:56:55","2026-01-19 08:56:55",NULL
1400,1400,1400,6,NULL,"2026-01-19 08:56:55","2026-01-19 08:56:55",NULL
1401,1401,1401,6,NULL,"2026-01-19 08:56:55","2026-01-19 08:56:55",NULL
1402,1402,1402,6,NULL,"2026-01-19 08:56:55","2026-01-19 08:56:55",NULL
1403,1403,1403,6,NULL,"2026-01-19 08:56:55","2026-01-19 08:56:55",NULL
1404,1404,1404,6,NULL,"2026-01-19 08:56:55","2026-01-19 08:56:55",NULL
1405,1405,1405,6,NULL,"2026-01-19 08:56:55","2026-01-19 08:56:55",NULL
1406,1406,1406,6,NULL,"2026-01-19 08:56:55","2026-01-19 08:56:55",NULL
1407,1407,1407,6,NULL,"2026-01-19 08:56:55","2026-01-19 08:56:55",NULL
1408,1408,1408,6,NULL,"2026-01-19 08:56:55","2026-01-19 08:56:55",NULL
1409,1409,1409,6,NULL,"2026-01-19 08:56:55","2026-01-19 08:56:55",NULL
1410,1410,1410,6,NULL,"2026-01-19 08:56:55","2026-01-19 08:56:55",NULL
1411,1411,1411,6,NULL,"2026-01-19 08:56:55","2026-01-19 08:56:55",NULL
1412,1412,1412,6,NULL,"2026-01-19 08:56:55","2026-01-19 08:56:55",NULL
1413,1413,1413,6,NULL,"2026-01-19 08:56:55","2026-01-19 08:56:55",NULL
1414,1414,1414,6,NULL,"2026-01-19 08:56:55","2026-01-19 08:56:55",NULL
1415,1415,1415,6,NULL,"2026-01-19 08:56:55","2026-01-19 08:56:55",NULL
1416,1416,1416,6,NULL,"2026-01-19 08:56:55","2026-01-19 08:56:55",NULL
1417,1417,1417,6,NULL,"2026-01-19 08:56:55","2026-01-19 08:56:55",NULL
1418,1418,1418,6,NULL,"2026-01-19 08:56:55","2026-01-19 08:56:55",NULL
1419,1419,1419,6,NULL,"2026-01-19 08:56:55","2026-01-19 08:56:55",NULL
1420,1420,1420,6,NULL,"2026-01-19 08:56:55","2026-01-19 08:56:55",NULL
1421,1421,1421,6,NULL,"2026-01-19 08:56:55","2026-01-19 08:56:55",NULL
1422,1422,1422,6,NULL,"2026-01-19 08:56:55","2026-01-19 08:56:55",NULL
1423,1423,1423,6,NULL,"2026-01-19 08:56:55","2026-01-19 08:56:55",NULL
1424,1424,1424,6,NULL,"2026-01-19 08:56:55","2026-01-19 08:56:55",NULL
1425,1425,1425,6,NULL,"2026-01-19 08:56:55","2026-01-19 08:56:55",NULL
1426,1426,1426,6,NULL,"2026-01-19 08:56:55","2026-01-19 08:56:55",NULL
1427,1427,1427,6,NULL,"2026-01-19 08:56:55","2026-01-19 08:56:55",NULL
1428,1428,1428,6,NULL,"2026-01-19 08:56:55","2026-01-19 08:56:55",NULL
1429,1429,1429,6,NULL,"2026-01-19 08:56:55","2026-01-19 08:56:55",NULL
1430,1430,1430,6,NULL,"2026-01-19 08:56:55","2026-01-19 08:56:55",NULL
1431,1431,1431,6,NULL,"2026-01-19 08:56:55","2026-01-19 08:56:55",NULL
1432,1432,1432,6,NULL,"2026-01-19 08:56:55","2026-01-19 08:56:55",NULL
1433,1433,1433,6,NULL,"2026-01-19 08:56:55","2026-01-19 08:56:55",NULL
1434,1434,1434,6,NULL,"2026-01-19 08:56:55","2026-01-19 08:56:55",NULL
1435,1435,1435,6,NULL,"2026-01-19 08:56:55","2026-01-19 08:56:55",NULL
1436,1436,1436,6,NULL,"2026-01-19 08:56:55","2026-01-19 08:56:55",NULL
1437,1437,1437,6,NULL,"2026-01-19 08:56:55","2026-01-19 08:56:55",NULL
1438,1438,1438,6,NULL,"2026-01-19 08:56:55","2026-01-19 08:56:55",NULL
1439,1439,1439,6,NULL,"2026-01-19 08:56:55","2026-01-19 08:56:55",NULL
1440,1440,1440,6,NULL,"2026-01-19 08:56:55","2026-01-19 08:56:55",NULL
1441,1441,1441,6,NULL,"2026-01-19 08:56:55","2026-01-19 08:56:55",NULL
1442,1442,1442,6,NULL,"2026-01-19 08:56:55","2026-01-19 08:56:55",NULL
1443,1443,1443,6,NULL,"2026-01-19 08:56:55","2026-01-19 08:56:55",NULL
1444,1444,1444,6,NULL,"2026-01-19 08:56:55","2026-01-19 08:56:55",NULL
1445,1445,1445,6,NULL,"2026-01-19 08:56:55","2026-01-19 08:56:55",NULL
1446,1446,1446,6,NULL,"2026-01-19 08:56:55","2026-01-19 08:56:55",NULL
1447,1447,1447,6,NULL,"2026-01-19 08:56:55","2026-01-19 08:56:55",NULL
1448,1448,1448,6,NULL,"2026-01-19 08:56:55","2026-01-19 08:56:55",NULL
1449,1449,1449,6,NULL,"2026-01-19 08:56:55","2026-01-19 08:56:55",NULL
1450,1450,1450,6,NULL,"2026-01-19 08:56:55","2026-01-19 08:56:55",NULL
1451,1451,1451,6,NULL,"2026-01-19 08:56:55","2026-01-19 08:56:55",NULL
1452,1452,1452,6,NULL,"2026-01-19 08:56:55","2026-01-19 08:56:55",NULL
1453,1453,1453,6,NULL,"2026-01-19 08:56:55","2026-01-19 08:56:55",NULL
1454,1454,1454,6,NULL,"2026-01-19 08:56:55","2026-01-19 08:56:55",NULL
1455,1455,1455,6,NULL,"2026-01-19 08:56:55","2026-01-19 08:56:55",NULL
1456,1456,1456,6,NULL,"2026-01-19 08:56:55","2026-01-19 08:56:55",NULL
1457,1457,1457,6,NULL,"2026-01-19 08:56:55","2026-01-19 08:56:55",NULL
1458,1458,1458,6,NULL,"2026-01-19 08:56:55","2026-01-19 08:56:55",NULL
1459,1459,1459,6,NULL,"2026-01-19 08:56:55","2026-01-19 08:56:55",NULL
1460,1460,1460,6,NULL,"2026-01-19 08:56:55","2026-01-19 08:56:55",NULL
1461,1461,1461,6,NULL,"2026-01-19 08:56:55","2026-01-19 08:56:55",NULL
1462,1462,1462,6,NULL,"2026-01-19 08:56:55","2026-01-19 08:56:55",NULL
1463,1463,1463,6,NULL,"2026-01-19 08:56:55","2026-01-19 08:56:55",NULL
1464,1464,1464,6,NULL,"2026-01-19 08:56:55","2026-01-19 08:56:55",NULL
1465,1465,1465,6,NULL,"2026-01-19 08:56:55","2026-01-19 08:56:55",NULL
1466,1466,1466,6,NULL,"2026-01-19 08:56:55","2026-01-19 08:56:55",NULL
1467,1467,1467,6,NULL,"2026-01-19 08:56:55","2026-01-19 08:56:55",NULL
1468,1468,1468,6,NULL,"2026-01-19 08:56:55","2026-01-19 08:56:55",NULL
1469,1469,1469,6,NULL,"2026-01-19 08:56:55","2026-01-19 08:56:55",NULL
1470,1470,1470,6,NULL,"2026-01-19 08:56:55","2026-01-19 08:56:55",NULL
1471,1471,1471,6,NULL,"2026-01-19 08:56:55","2026-01-19 08:56:55",NULL
1472,1472,1472,6,NULL,"2026-01-19 08:56:55","2026-01-19 08:56:55",NULL
1473,1473,1473,6,NULL,"2026-01-19 08:56:55","2026-01-19 08:56:55",NULL
1474,1474,1474,6,NULL,"2026-01-19 08:56:55","2026-01-19 08:56:55",NULL
1475,1475,1475,6,NULL,"2026-01-19 08:56:55","2026-01-19 08:56:55",NULL
1476,1476,1476,6,NULL,"2026-01-19 08:56:55","2026-01-19 08:56:55",NULL
1477,1477,1477,6,NULL,"2026-01-19 08:56:55","2026-01-19 08:56:55",NULL
1478,1478,1478,6,NULL,"2026-01-19 08:56:55","2026-01-19 08:56:55",NULL
1479,1479,1479,6,NULL,"2026-01-19 08:56:55","2026-01-19 08:56:55",NULL
1480,1480,1480,6,NULL,"2026-01-19 08:56:55","2026-01-19 08:56:55",NULL
1481,1481,1481,6,NULL,"2026-01-19 08:56:55","2026-01-19 08:56:55",NULL
1482,1482,1482,6,NULL,"2026-01-19 08:56:55","2026-01-19 08:56:55",NULL
1483,1483,1483,6,NULL,"2026-01-19 08:56:55","2026-01-19 08:56:55",NULL
1484,1484,1484,6,NULL,"2026-01-19 08:56:55","2026-01-19 08:56:55",NULL
1485,1485,1485,6,NULL,"2026-01-19 08:56:55","2026-01-19 08:56:55",NULL
1486,1486,1486,6,NULL,"2026-01-19 08:56:55","2026-01-19 08:56:55",NULL
1487,1487,1487,6,NULL,"2026-01-19 08:56:55","2026-01-19 08:56:55",NULL
1488,1488,1488,6,NULL,"2026-01-19 08:56:55","2026-01-19 08:56:55",NULL
1489,1489,1489,6,NULL,"2026-01-19 08:56:55","2026-01-19 08:56:55",NULL
1490,1490,1490,6,NULL,"2026-01-19 08:56:55","2026-01-19 08:56:55",NULL
1491,1491,1491,6,NULL,"2026-01-19 08:56:55","2026-01-19 08:56:55",NULL
1492,1492,1492,6,NULL,"2026-01-19 08:56:55","2026-01-19 08:56:55",NULL
1493,1493,1493,6,NULL,"2026-01-19 08:56:55","2026-01-19 08:56:55",NULL
1494,1494,1494,6,NULL,"2026-01-19 08:56:55","2026-01-19 08:56:55",NULL
1495,1495,1495,6,NULL,"2026-01-19 08:56:55","2026-01-19 08:56:55",NULL
1496,1496,1496,6,NULL,"2026-01-19 08:56:55","2026-01-19 08:56:55",NULL
1497,1497,1497,6,NULL,"2026-01-19 08:56:55","2026-01-19 08:56:55",NULL
1498,1498,1498,6,NULL,"2026-01-19 08:56:55","2026-01-19 08:56:55",NULL
1499,1499,1499,6,NULL,"2026-01-19 08:56:55","2026-01-19 08:56:55",NULL
1500,1500,1500,6,NULL,"2026-01-19 08:56:55","2026-01-19 08:56:55",NULL
1501,1501,1501,6,NULL,"2026-01-19 08:56:55","2026-01-19 08:56:55",NULL
1502,1502,1502,6,NULL,"2026-01-19 08:56:55","2026-01-19 08:56:55",NULL
1503,1503,1503,6,NULL,"2026-01-19 08:56:55","2026-01-19 08:56:55",NULL
1504,1504,1504,6,NULL,"2026-01-19 08:56:55","2026-01-19 08:56:55",NULL
1505,1505,1505,6,NULL,"2026-01-19 08:56:55","2026-01-19 08:56:55",NULL
1506,1506,1506,6,NULL,"2026-01-19 08:56:55","2026-01-19 08:56:55",NULL
1507,1507,1507,6,NULL,"2026-01-19 08:56:55","2026-01-19 08:56:55",NULL
1508,1508,1508,6,NULL,"2026-01-19 08:56:55","2026-01-19 08:56:55",NULL
1509,1509,1509,6,NULL,"2026-01-19 08:56:55","2026-01-19 08:56:55",NULL
1510,1510,1510,6,NULL,"2026-01-19 08:56:55","2026-01-19 08:56:55",NULL
1511,1511,1511,6,NULL,"2026-01-19 08:56:55","2026-01-19 08:56:55",NULL
1512,1512,1512,6,NULL,"2026-01-19 08:56:55","2026-01-19 08:56:55",NULL
1513,1513,1513,6,NULL,"2026-01-19 08:56:55","2026-01-19 08:56:55",NULL
1514,1514,1514,6,NULL,"2026-01-19 08:56:55","2026-01-19 08:56:55",NULL
1515,1515,1515,6,NULL,"2026-01-19 08:56:55","2026-01-19 08:56:55",NULL
1516,1516,1516,6,NULL,"2026-01-19 08:56:55","2026-01-19 08:56:55",NULL
1517,1517,1517,6,NULL,"2026-01-19 08:56:55","2026-01-19 08:56:55",NULL
1518,1518,1518,6,NULL,"2026-01-19 08:56:55","2026-01-19 08:56:55",NULL
1519,1519,1519,6,NULL,"2026-01-19 08:56:55","2026-01-19 08:56:55",NULL
1520,1520,1520,6,NULL,"2026-01-19 08:56:55","2026-01-19 08:56:55",NULL
1521,1521,1521,6,NULL,"2026-01-19 08:56:55","2026-01-19 08:56:55",NULL
1522,1522,1522,6,NULL,"2026-01-19 08:56:55","2026-01-19 08:56:55",NULL
1523,1523,1523,6,NULL,"2026-01-19 08:56:55","2026-01-19 08:56:55",NULL
1524,1524,1524,6,NULL,"2026-01-19 08:56:55","2026-01-19 08:56:55",NULL
1525,1525,1525,6,NULL,"2026-01-19 08:56:55","2026-01-19 08:56:55",NULL
1526,1526,1526,6,NULL,"2026-01-19 08:56:55","2026-01-19 08:56:55",NULL
1527,1527,1527,6,NULL,"2026-01-19 08:56:55","2026-01-19 08:56:55",NULL
1528,1528,1528,6,NULL,"2026-01-19 08:56:55","2026-01-19 08:56:55",NULL
1529,1529,1529,6,NULL,"2026-01-19 08:56:55","2026-01-19 08:56:55",NULL
1530,1530,1530,6,NULL,"2026-01-19 08:56:55","2026-01-19 08:56:55",NULL
1531,1531,1531,6,NULL,"2026-01-19 08:56:55","2026-01-19 08:56:55",NULL
1532,1532,1532,6,NULL,"2026-01-19 08:56:55","2026-01-19 08:56:55",NULL
1533,1533,1533,6,NULL,"2026-01-19 08:56:55","2026-01-19 08:56:55",NULL
1534,1534,1534,6,NULL,"2026-01-19 08:56:55","2026-01-19 08:56:55",NULL
1535,1535,1535,6,NULL,"2026-01-19 08:56:55","2026-01-19 08:56:55",NULL
1536,1536,1536,6,NULL,"2026-01-19 08:56:55","2026-01-19 08:56:55",NULL
1537,1537,1537,6,NULL,"2026-01-19 08:56:55","2026-01-19 08:56:55",NULL
1538,1538,1538,6,NULL,"2026-01-19 08:56:55","2026-01-19 08:56:55",NULL
1539,1539,1539,6,NULL,"2026-01-19 08:56:55","2026-01-19 08:56:55",NULL
1540,1540,1540,6,NULL,"2026-01-19 08:56:55","2026-01-19 08:56:55",NULL
1541,1541,1541,6,NULL,"2026-01-19 08:56:55","2026-01-19 08:56:55",NULL
1542,1542,1542,6,NULL,"2026-01-19 08:56:55","2026-01-19 08:56:55",NULL
1543,1543,1543,6,NULL,"2026-01-19 08:56:55","2026-01-19 08:56:55",NULL
1544,1544,1544,6,NULL,"2026-01-19 08:56:55","2026-01-19 08:56:55",NULL
1545,1545,1545,6,NULL,"2026-01-19 08:56:55","2026-01-19 08:56:55",NULL
1546,1546,1546,6,NULL,"2026-01-19 08:56:55","2026-01-19 08:56:55",NULL
1547,1547,1547,6,NULL,"2026-01-19 08:56:55","2026-01-19 08:56:55",NULL
1548,1548,1548,6,NULL,"2026-01-19 08:56:55","2026-01-19 08:56:55",NULL
1549,1549,1549,6,NULL,"2026-01-19 08:56:55","2026-01-19 08:56:55",NULL
1550,1550,1550,6,NULL,"2026-01-19 08:56:55","2026-01-19 08:56:55",NULL
1551,1551,1551,6,NULL,"2026-01-19 08:56:55","2026-01-19 08:56:55",NULL
1552,1552,1552,6,NULL,"2026-01-19 08:56:55","2026-01-19 08:56:55",NULL
1553,1553,1553,6,NULL,"2026-01-19 08:56:55","2026-01-19 08:56:55",NULL
1554,1554,1554,6,NULL,"2026-01-19 08:56:55","2026-01-19 08:56:55",NULL
1555,1555,1555,6,NULL,"2026-01-19 08:56:55","2026-01-19 08:56:55",NULL
1556,1556,1556,6,NULL,"2026-01-19 08:56:55","2026-01-19 08:56:55",NULL
1557,1557,1557,6,NULL,"2026-01-19 08:56:55","2026-01-19 08:56:55",NULL
1558,1558,1558,6,NULL,"2026-01-19 08:56:55","2026-01-19 08:56:55",NULL
1559,1559,1559,6,NULL,"2026-01-19 08:56:55","2026-01-19 08:56:55",NULL
1560,1560,1560,6,NULL,"2026-01-19 08:56:55","2026-01-19 08:56:55",NULL
1561,1561,1561,6,NULL,"2026-01-19 08:56:55","2026-01-19 08:56:55",NULL
1562,1562,1562,6,NULL,"2026-01-19 08:56:55","2026-01-19 08:56:55",NULL
1563,1563,1563,6,NULL,"2026-01-19 08:56:55","2026-01-19 08:56:55",NULL
1564,1564,1564,6,NULL,"2026-01-19 08:56:56","2026-01-19 08:56:56",NULL
1565,1565,1565,6,NULL,"2026-01-19 08:56:56","2026-01-19 08:56:56",NULL
1566,1566,1566,6,NULL,"2026-01-19 08:56:56","2026-01-19 08:56:56",NULL
1567,1567,1567,6,NULL,"2026-01-19 08:56:56","2026-01-19 08:56:56",NULL
1568,1568,1568,6,NULL,"2026-01-19 08:56:56","2026-01-19 08:56:56",NULL
1569,1569,1569,6,NULL,"2026-01-19 08:56:56","2026-01-19 08:56:56",NULL
1570,1570,1570,6,NULL,"2026-01-19 08:56:56","2026-01-19 08:56:56",NULL
1571,1571,1571,6,NULL,"2026-01-19 08:56:56","2026-01-19 08:56:56",NULL
1572,1572,1572,6,NULL,"2026-01-19 08:56:56","2026-01-19 08:56:56",NULL
1573,1573,1573,6,NULL,"2026-01-19 08:56:56","2026-01-19 08:56:56",NULL
1574,1574,1574,6,NULL,"2026-01-19 08:56:56","2026-01-19 08:56:56",NULL
1575,1575,1575,6,NULL,"2026-01-19 08:56:56","2026-01-19 08:56:56",NULL
1576,1576,1576,6,NULL,"2026-01-19 08:56:56","2026-01-19 08:56:56",NULL
1577,1577,1577,6,NULL,"2026-01-19 08:56:56","2026-01-19 08:56:56",NULL
1578,1578,1578,6,NULL,"2026-01-19 08:56:56","2026-01-19 08:56:56",NULL
1579,1579,1579,6,NULL,"2026-01-19 08:56:56","2026-01-19 08:56:56",NULL
1580,1580,1580,6,NULL,"2026-01-19 08:56:56","2026-01-19 08:56:56",NULL
1581,1581,1581,6,NULL,"2026-01-19 08:56:56","2026-01-19 08:56:56",NULL
1582,1582,1582,6,NULL,"2026-01-19 08:56:56","2026-01-19 08:56:56",NULL
1583,1583,1583,6,NULL,"2026-01-19 08:56:56","2026-01-19 08:56:56",NULL
1584,1584,1584,6,NULL,"2026-01-19 08:56:56","2026-01-19 08:56:56",NULL
1585,1585,1585,6,NULL,"2026-01-19 08:56:56","2026-01-19 08:56:56",NULL
1586,1586,1586,6,NULL,"2026-01-19 08:56:56","2026-01-19 08:56:56",NULL
1587,1587,1587,6,NULL,"2026-01-19 08:56:56","2026-01-19 08:56:56",NULL
1588,1588,1588,6,NULL,"2026-01-19 08:56:56","2026-01-19 08:56:56",NULL
1589,1589,1589,6,NULL,"2026-01-19 08:56:56","2026-01-19 08:56:56",NULL
1590,1590,1590,6,NULL,"2026-01-19 08:56:56","2026-01-19 08:56:56",NULL
1591,1591,1591,6,NULL,"2026-01-19 08:56:56","2026-01-19 08:56:56",NULL
1592,1592,1592,6,NULL,"2026-01-19 08:56:56","2026-01-19 08:56:56",NULL
1593,1593,1593,6,NULL,"2026-01-19 08:56:56","2026-01-19 08:56:56",NULL
1594,1594,1594,6,NULL,"2026-01-19 08:56:56","2026-01-19 08:56:56",NULL
1595,1595,1595,6,NULL,"2026-01-19 08:56:56","2026-01-19 08:56:56",NULL
1596,1596,1596,6,NULL,"2026-01-19 08:56:56","2026-01-19 08:56:56",NULL
1597,1597,1597,6,NULL,"2026-01-19 08:56:56","2026-01-19 08:56:56",NULL
1598,1598,1598,6,NULL,"2026-01-19 08:56:56","2026-01-19 08:56:56",NULL
1599,1599,1599,6,NULL,"2026-01-19 08:56:56","2026-01-19 08:56:56",NULL
1600,1600,1600,6,NULL,"2026-01-19 08:56:56","2026-01-19 08:56:56",NULL
1601,1601,1601,6,NULL,"2026-01-19 08:56:56","2026-01-19 08:56:56",NULL
1602,1602,1602,6,NULL,"2026-01-19 08:56:56","2026-01-19 08:56:56",NULL
1603,1603,1603,6,NULL,"2026-01-19 08:56:56","2026-01-19 08:56:56",NULL
1604,1604,1604,6,NULL,"2026-01-19 08:56:56","2026-01-19 08:56:56",NULL
1605,1605,1605,6,NULL,"2026-01-19 08:56:56","2026-01-19 08:56:56",NULL
1606,1606,1606,6,NULL,"2026-01-19 08:56:56","2026-01-19 08:56:56",NULL
1607,1607,1607,6,NULL,"2026-01-19 08:56:56","2026-01-19 08:56:56",NULL
1608,1608,1608,6,NULL,"2026-01-19 08:56:56","2026-01-19 08:56:56",NULL
1609,1609,1609,6,NULL,"2026-01-19 08:56:56","2026-01-19 08:56:56",NULL
1610,1610,1610,6,NULL,"2026-01-19 08:56:56","2026-01-19 08:56:56",NULL
1611,1611,1611,6,NULL,"2026-01-19 08:56:56","2026-01-19 08:56:56",NULL
1612,1612,1612,6,NULL,"2026-01-19 08:56:56","2026-01-19 08:56:56",NULL
1613,1613,1613,6,NULL,"2026-01-19 08:56:56","2026-01-19 08:56:56",NULL
1614,1614,1614,6,NULL,"2026-01-19 08:56:56","2026-01-19 08:56:56",NULL
1615,1615,1615,6,NULL,"2026-01-19 08:56:56","2026-01-19 08:56:56",NULL
1616,1616,1616,6,NULL,"2026-01-19 08:56:56","2026-01-19 08:56:56",NULL
1617,1617,1617,6,NULL,"2026-01-19 08:56:56","2026-01-19 08:56:56",NULL
1618,1618,1618,6,NULL,"2026-01-19 08:56:56","2026-01-19 08:56:56",NULL
1619,1619,1619,6,NULL,"2026-01-19 08:56:56","2026-01-19 08:56:56",NULL
1620,1620,1620,6,NULL,"2026-01-19 08:56:56","2026-01-19 08:56:56",NULL
1621,1621,1621,6,NULL,"2026-01-19 08:56:56","2026-01-19 08:56:56",NULL
1622,1622,1622,6,NULL,"2026-01-19 08:56:56","2026-01-19 08:56:56",NULL
1623,1623,1623,6,NULL,"2026-01-19 08:56:56","2026-01-19 08:56:56",NULL
1624,1624,1624,6,NULL,"2026-01-19 08:56:56","2026-01-19 08:56:56",NULL
1625,1625,1625,6,NULL,"2026-01-19 08:56:56","2026-01-19 08:56:56",NULL
1626,1626,1626,6,NULL,"2026-01-19 08:56:56","2026-01-19 08:56:56",NULL
1627,1627,1627,6,NULL,"2026-01-19 08:56:56","2026-01-19 08:56:56",NULL
1628,1628,1628,6,NULL,"2026-01-19 08:56:56","2026-01-19 08:56:56",NULL
1629,1629,1629,6,NULL,"2026-01-19 08:56:56","2026-01-19 08:56:56",NULL
1630,1630,1630,6,NULL,"2026-01-19 08:56:56","2026-01-19 08:56:56",NULL
1631,1631,1631,6,NULL,"2026-01-19 08:56:56","2026-01-19 08:56:56",NULL
1632,1632,1632,6,NULL,"2026-01-19 08:56:56","2026-01-19 08:56:56",NULL
1633,1633,1633,6,NULL,"2026-01-19 08:56:56","2026-01-19 08:56:56",NULL
1634,1634,1634,6,NULL,"2026-01-19 08:56:56","2026-01-19 08:56:56",NULL
1635,1635,1635,6,NULL,"2026-01-19 08:56:56","2026-01-19 08:56:56",NULL
1636,1636,1636,6,NULL,"2026-01-19 08:56:56","2026-01-19 08:56:56",NULL
1637,1637,1637,6,NULL,"2026-01-19 08:56:56","2026-01-19 08:56:56",NULL
1638,1638,1638,6,NULL,"2026-01-19 08:56:56","2026-01-19 08:56:56",NULL
1639,1639,1639,6,NULL,"2026-01-19 08:56:56","2026-01-19 08:56:56",NULL
1640,1640,1640,6,NULL,"2026-01-19 08:56:56","2026-01-19 08:56:56",NULL
1641,1641,1641,6,NULL,"2026-01-19 08:56:56","2026-01-19 08:56:56",NULL
1642,1642,1642,6,NULL,"2026-01-19 08:56:56","2026-01-19 08:56:56",NULL
1643,1643,1643,6,NULL,"2026-01-19 08:56:56","2026-01-19 08:56:56",NULL
1644,1644,1644,6,NULL,"2026-01-19 08:56:56","2026-01-19 08:56:56",NULL
1645,1645,1645,6,NULL,"2026-01-19 08:56:56","2026-01-19 08:56:56",NULL
1646,1646,1646,6,NULL,"2026-01-19 08:56:56","2026-01-19 08:56:56",NULL
1647,1647,1647,6,NULL,"2026-01-19 08:56:56","2026-01-19 08:56:56",NULL
1648,1648,1648,6,NULL,"2026-01-19 08:56:56","2026-01-19 08:56:56",NULL
1649,1649,1649,6,NULL,"2026-01-19 08:56:56","2026-01-19 08:56:56",NULL
1650,1650,1650,6,NULL,"2026-01-19 08:56:56","2026-01-19 08:56:56",NULL
1651,1651,1651,6,NULL,"2026-01-19 08:56:56","2026-01-19 08:56:56",NULL
1652,1652,1652,6,NULL,"2026-01-19 08:56:56","2026-01-19 08:56:56",NULL
1653,1653,1653,6,NULL,"2026-01-19 08:56:56","2026-01-19 08:56:56",NULL
1654,1654,1654,6,NULL,"2026-01-19 08:56:56","2026-01-19 08:56:56",NULL
1655,1655,1655,6,NULL,"2026-01-19 08:56:56","2026-01-19 08:56:56",NULL
1656,1656,1656,6,NULL,"2026-01-19 08:56:56","2026-01-19 08:56:56",NULL
1657,1657,1657,6,NULL,"2026-01-19 08:56:56","2026-01-19 08:56:56",NULL
1658,1658,1658,6,NULL,"2026-01-19 08:56:56","2026-01-19 08:56:56",NULL
1659,1659,1659,6,NULL,"2026-01-19 08:56:56","2026-01-19 08:56:56",NULL
1660,1660,1660,6,NULL,"2026-01-19 08:56:56","2026-01-19 08:56:56",NULL
1661,1661,1661,6,NULL,"2026-01-19 08:56:56","2026-01-19 08:56:56",NULL
1662,1662,1662,6,NULL,"2026-01-19 08:56:56","2026-01-19 08:56:56",NULL
1663,1663,1663,6,NULL,"2026-01-19 08:56:56","2026-01-19 08:56:56",NULL
1664,1664,1664,6,NULL,"2026-01-19 08:56:56","2026-01-19 08:56:56",NULL
1665,1665,1665,6,NULL,"2026-01-19 08:56:56","2026-01-19 08:56:56",NULL
1666,1666,1666,6,NULL,"2026-01-19 08:56:56","2026-01-19 08:56:56",NULL
1667,1667,1667,6,NULL,"2026-01-19 08:56:56","2026-01-19 08:56:56",NULL
1668,1668,1668,6,NULL,"2026-01-19 08:56:56","2026-01-19 08:56:56",NULL
1669,1669,1669,6,NULL,"2026-01-19 08:56:56","2026-01-19 08:56:56",NULL
1670,1670,1670,6,NULL,"2026-01-19 08:56:56","2026-01-19 08:56:56",NULL
1671,1671,1671,6,NULL,"2026-01-19 08:56:56","2026-01-19 08:56:56",NULL
1672,1672,1672,6,NULL,"2026-01-19 08:56:56","2026-01-19 08:56:56",NULL
1673,1673,1673,6,NULL,"2026-01-19 08:56:56","2026-01-19 08:56:56",NULL
1674,1674,1674,6,NULL,"2026-01-19 08:56:56","2026-01-19 08:56:56",NULL
1675,1675,1675,6,NULL,"2026-01-19 08:56:56","2026-01-19 08:56:56",NULL
1676,1676,1676,6,NULL,"2026-01-19 08:56:56","2026-01-19 08:56:56",NULL
1677,1677,1677,6,NULL,"2026-01-19 08:56:56","2026-01-19 08:56:56",NULL
1678,1678,1678,6,NULL,"2026-01-19 08:56:56","2026-01-19 08:56:56",NULL
1679,1679,1679,6,NULL,"2026-01-19 08:56:56","2026-01-19 08:56:56",NULL
1680,1680,1680,6,NULL,"2026-01-19 08:56:56","2026-01-19 08:56:56",NULL
1681,1681,1681,6,NULL,"2026-01-19 08:56:56","2026-01-19 08:56:56",NULL
1682,1682,1682,6,NULL,"2026-01-19 08:56:56","2026-01-19 08:56:56",NULL
1683,1683,1683,6,NULL,"2026-01-19 08:56:56","2026-01-19 08:56:56",NULL
1684,1684,1684,6,NULL,"2026-01-19 08:56:56","2026-01-19 08:56:56",NULL
1685,1685,1685,6,NULL,"2026-01-19 08:56:56","2026-01-19 08:56:56",NULL
1686,1686,1686,6,NULL,"2026-01-19 08:56:56","2026-01-19 08:56:56",NULL
1687,1687,1687,6,NULL,"2026-01-19 08:56:56","2026-01-19 08:56:56",NULL
1688,1688,1688,6,NULL,"2026-01-19 08:56:56","2026-01-19 08:56:56",NULL
1689,1689,1689,6,NULL,"2026-01-19 08:56:56","2026-01-19 08:56:56",NULL
1690,1690,1690,6,NULL,"2026-01-19 08:56:56","2026-01-19 08:56:56",NULL
1691,1691,1691,6,NULL,"2026-01-19 08:56:56","2026-01-19 08:56:56",NULL
1692,1692,1692,6,NULL,"2026-01-19 08:56:56","2026-01-19 08:56:56",NULL
1693,1693,1693,6,NULL,"2026-01-19 08:56:56","2026-01-19 08:56:56",NULL
1694,1694,1694,6,NULL,"2026-01-19 08:56:56","2026-01-19 08:56:56",NULL
1695,1695,1695,6,NULL,"2026-01-19 08:56:56","2026-01-19 08:56:56",NULL
1696,1696,1696,6,NULL,"2026-01-19 08:56:56","2026-01-19 08:56:56",NULL
1697,1697,1697,6,NULL,"2026-01-19 08:56:56","2026-01-19 08:56:56",NULL
1698,1698,1698,6,NULL,"2026-01-19 08:56:56","2026-01-19 08:56:56",NULL
1699,1699,1699,6,NULL,"2026-01-19 08:56:56","2026-01-19 08:56:56",NULL
1700,1700,1700,6,NULL,"2026-01-19 08:56:56","2026-01-19 08:56:56",NULL
1701,1701,1701,6,NULL,"2026-01-19 08:56:56","2026-01-19 08:56:56",NULL
1702,1702,1702,6,NULL,"2026-01-19 08:56:56","2026-01-19 08:56:56",NULL
1703,1703,1703,6,NULL,"2026-01-19 08:56:56","2026-01-19 08:56:56",NULL
1704,1704,1704,6,NULL,"2026-01-19 08:56:56","2026-01-19 08:56:56",NULL
1705,1705,1705,6,NULL,"2026-01-19 08:56:56","2026-01-19 08:56:56",NULL
1706,1706,1706,6,NULL,"2026-01-19 08:56:56","2026-01-19 08:56:56",NULL
1707,1707,1707,6,NULL,"2026-01-19 08:56:56","2026-01-19 08:56:56",NULL
1708,1708,1708,6,NULL,"2026-01-19 08:56:56","2026-01-19 08:56:56",NULL
1709,1709,1709,6,NULL,"2026-01-19 08:56:56","2026-01-19 08:56:56",NULL
1710,1710,1710,6,NULL,"2026-01-19 08:56:56","2026-01-19 08:56:56",NULL
1711,1711,1711,6,NULL,"2026-01-19 08:56:56","2026-01-19 08:56:56",NULL
1712,1712,1712,6,NULL,"2026-01-19 08:56:56","2026-01-19 08:56:56",NULL
1713,1713,1713,6,NULL,"2026-01-19 08:56:56","2026-01-19 08:56:56",NULL
1714,1714,1714,6,NULL,"2026-01-19 08:56:56","2026-01-19 08:56:56",NULL
1715,1715,1715,6,NULL,"2026-01-19 08:56:56","2026-01-19 08:56:56",NULL
1716,1716,1716,6,NULL,"2026-01-19 08:56:56","2026-01-19 08:56:56",NULL
1717,1717,1717,6,NULL,"2026-01-19 08:56:56","2026-01-19 08:56:56",NULL
1718,1718,1718,6,NULL,"2026-01-19 08:56:56","2026-01-19 08:56:56",NULL
1719,1719,1719,6,NULL,"2026-01-19 08:56:56","2026-01-19 08:56:56",NULL
1720,1720,1720,6,NULL,"2026-01-19 08:56:56","2026-01-19 08:56:56",NULL
1721,1721,1721,6,NULL,"2026-01-19 08:56:56","2026-01-19 08:56:56",NULL
1722,1722,1722,6,NULL,"2026-01-19 08:56:56","2026-01-19 08:56:56",NULL
1723,1723,1723,6,NULL,"2026-01-19 08:56:56","2026-01-19 08:56:56",NULL
1724,1724,1724,6,NULL,"2026-01-19 08:56:56","2026-01-19 08:56:56",NULL
1725,1725,1725,6,NULL,"2026-01-19 08:56:56","2026-01-19 08:56:56",NULL
1726,1726,1726,6,NULL,"2026-01-19 08:56:56","2026-01-19 08:56:56",NULL
1727,1727,1727,6,NULL,"2026-01-19 08:56:56","2026-01-19 08:56:56",NULL
1728,1728,1728,6,NULL,"2026-01-19 08:56:56","2026-01-19 08:56:56",NULL
1729,1729,1729,6,NULL,"2026-01-19 08:56:56","2026-01-19 08:56:56",NULL
1730,1730,1730,6,NULL,"2026-01-19 08:56:56","2026-01-19 08:56:56",NULL
1731,1731,1731,6,NULL,"2026-01-19 08:56:56","2026-01-19 08:56:56",NULL
1732,1732,1732,6,NULL,"2026-01-19 08:56:56","2026-01-19 08:56:56",NULL
1733,1733,1733,6,NULL,"2026-01-19 08:56:56","2026-01-19 08:56:56",NULL
1734,1734,1734,6,NULL,"2026-01-19 08:56:56","2026-01-19 08:56:56",NULL
1735,1735,1735,6,NULL,"2026-01-19 08:56:56","2026-01-19 08:56:56",NULL
1736,1736,1736,6,NULL,"2026-01-19 08:56:56","2026-01-19 08:56:56",NULL
1737,1737,1737,6,NULL,"2026-01-19 08:56:56","2026-01-19 08:56:56",NULL
1738,1738,1738,6,NULL,"2026-01-19 08:56:56","2026-01-19 08:56:56",NULL
1739,1739,1739,6,NULL,"2026-01-19 08:56:56","2026-01-19 08:56:56",NULL
1740,1740,1740,6,NULL,"2026-01-19 08:56:56","2026-01-19 08:56:56",NULL
1741,1741,1741,6,NULL,"2026-01-19 08:56:56","2026-01-19 08:56:56",NULL
1742,1742,1742,6,NULL,"2026-01-19 08:56:56","2026-01-19 08:56:56",NULL
1743,1743,1743,6,NULL,"2026-01-19 08:56:56","2026-01-19 08:56:56",NULL
1744,1744,1744,6,NULL,"2026-01-19 08:56:56","2026-01-19 08:56:56",NULL
1745,1745,1745,6,NULL,"2026-01-19 08:56:56","2026-01-19 08:56:56",NULL
1746,1746,1746,6,NULL,"2026-01-19 08:56:56","2026-01-19 08:56:56",NULL
1747,1747,1747,6,NULL,"2026-01-19 08:56:56","2026-01-19 08:56:56",NULL
1748,1748,1748,6,NULL,"2026-01-19 08:56:56","2026-01-19 08:56:56",NULL
1749,1749,1749,6,NULL,"2026-01-19 08:56:56","2026-01-19 08:56:56",NULL
1750,1750,1750,6,NULL,"2026-01-19 08:56:56","2026-01-19 08:56:56",NULL
1751,1751,1751,6,NULL,"2026-01-19 08:56:56","2026-01-19 08:56:56",NULL
1752,1752,1752,6,NULL,"2026-01-19 08:56:56","2026-01-19 08:56:56",NULL
1753,1753,1753,6,NULL,"2026-01-19 08:56:56","2026-01-19 08:56:56",NULL
1754,1754,1754,6,NULL,"2026-01-19 08:56:56","2026-01-19 08:56:56",NULL
1755,1755,1755,6,NULL,"2026-01-19 08:56:56","2026-01-19 08:56:56",NULL
1756,1756,1756,6,NULL,"2026-01-19 08:56:56","2026-01-19 08:56:56",NULL
1757,1757,1757,6,NULL,"2026-01-19 08:56:56","2026-01-19 08:56:56",NULL
1758,1758,1758,6,NULL,"2026-01-19 08:56:56","2026-01-19 08:56:56",NULL
1759,1759,1759,6,NULL,"2026-01-19 08:56:56","2026-01-19 08:56:56",NULL
1760,1760,1760,6,NULL,"2026-01-19 08:56:56","2026-01-19 08:56:56",NULL
1761,1761,1761,6,NULL,"2026-01-19 08:56:56","2026-01-19 08:56:56",NULL
1762,1762,1762,6,NULL,"2026-01-19 08:56:56","2026-01-19 08:56:56",NULL
1763,1763,1763,6,NULL,"2026-01-19 08:56:56","2026-01-19 08:56:56",NULL
1764,1764,1764,6,NULL,"2026-01-19 08:56:56","2026-01-19 08:56:56",NULL
1765,1765,1765,6,NULL,"2026-01-19 08:56:56","2026-01-19 08:56:56",NULL
1766,1766,1766,6,NULL,"2026-01-19 08:56:56","2026-01-19 08:56:56",NULL
1767,1767,1767,6,NULL,"2026-01-19 08:56:56","2026-01-19 08:56:56",NULL
1768,1768,1768,6,NULL,"2026-01-19 08:56:56","2026-01-19 08:56:56",NULL
1769,1769,1769,6,NULL,"2026-01-19 08:56:56","2026-01-19 08:56:56",NULL
1770,1770,1770,6,NULL,"2026-01-19 08:56:56","2026-01-19 08:56:56",NULL
1771,1771,1771,6,NULL,"2026-01-19 08:56:56","2026-01-19 08:56:56",NULL
1772,1772,1772,6,NULL,"2026-01-19 08:56:56","2026-01-19 08:56:56",NULL
1773,1773,1773,6,NULL,"2026-01-19 08:56:56","2026-01-19 08:56:56",NULL
1774,1774,1774,6,NULL,"2026-01-19 08:56:56","2026-01-19 08:56:56",NULL
1775,1775,1775,6,NULL,"2026-01-19 08:56:56","2026-01-19 08:56:56",NULL
1776,1776,1776,6,NULL,"2026-01-19 08:56:56","2026-01-19 08:56:56",NULL
1777,1777,1777,6,NULL,"2026-01-19 08:56:56","2026-01-19 08:56:56",NULL
1778,1778,1778,6,NULL,"2026-01-19 08:56:56","2026-01-19 08:56:56",NULL
1779,1779,1779,6,NULL,"2026-01-19 08:56:56","2026-01-19 08:56:56",NULL
1780,1780,1780,6,NULL,"2026-01-19 08:56:56","2026-01-19 08:56:56",NULL
1781,1781,1781,6,NULL,"2026-01-19 08:56:56","2026-01-19 08:56:56",NULL
1782,1782,1782,6,NULL,"2026-01-19 08:56:56","2026-01-19 08:56:56",NULL
1783,1783,1783,6,NULL,"2026-01-19 08:56:56","2026-01-19 08:56:56",NULL
1784,1784,1784,6,NULL,"2026-01-19 08:56:56","2026-01-19 08:56:56",NULL
1785,1785,1785,6,NULL,"2026-01-19 08:56:56","2026-01-19 08:56:56",NULL
1786,1786,1786,6,NULL,"2026-01-19 08:56:56","2026-01-19 08:56:56",NULL
1787,1787,1787,6,NULL,"2026-01-19 08:56:56","2026-01-19 08:56:56",NULL
1788,1788,1788,6,NULL,"2026-01-19 08:56:56","2026-01-19 08:56:56",NULL
1789,1789,1789,6,NULL,"2026-01-19 08:56:56","2026-01-19 08:56:56",NULL
1790,1790,1790,6,NULL,"2026-01-19 08:56:56","2026-01-19 08:56:56",NULL
1791,1791,1791,6,NULL,"2026-01-19 08:56:56","2026-01-19 08:56:56",NULL
1792,1792,1792,6,NULL,"2026-01-19 08:56:56","2026-01-19 08:56:56",NULL
1793,1793,1793,6,NULL,"2026-01-19 08:56:56","2026-01-19 08:56:56",NULL
1794,1794,1794,6,NULL,"2026-01-19 08:56:56","2026-01-19 08:56:56",NULL
1795,1795,1795,6,NULL,"2026-01-19 08:56:56","2026-01-19 08:56:56",NULL
1796,1796,1796,6,NULL,"2026-01-19 08:56:56","2026-01-19 08:56:56",NULL
1797,1797,1797,6,NULL,"2026-01-19 08:56:56","2026-01-19 08:56:56",NULL
1798,1798,1798,6,NULL,"2026-01-19 08:56:56","2026-01-19 08:56:56",NULL
1799,1799,1799,6,NULL,"2026-01-19 08:56:56","2026-01-19 08:56:56",NULL
1800,1800,1800,6,NULL,"2026-01-19 08:56:56","2026-01-19 08:56:56",NULL
1801,1801,1801,6,NULL,"2026-01-19 08:56:56","2026-01-19 08:56:56",NULL
1802,1802,1802,6,NULL,"2026-01-19 08:56:56","2026-01-19 08:56:56",NULL
1803,1803,1803,6,NULL,"2026-01-19 08:56:56","2026-01-19 08:56:56",NULL
1804,1804,1804,6,NULL,"2026-01-19 08:56:56","2026-01-19 08:56:56",NULL
1805,1805,1805,6,NULL,"2026-01-19 08:56:56","2026-01-19 08:56:56",NULL
1806,1806,1806,6,NULL,"2026-01-19 08:56:56","2026-01-19 08:56:56",NULL
1807,1807,1807,6,NULL,"2026-01-19 08:56:56","2026-01-19 08:56:56",NULL
1808,1808,1808,6,NULL,"2026-01-19 08:56:56","2026-01-19 08:56:56",NULL
1809,1809,1809,6,NULL,"2026-01-19 08:56:56","2026-01-19 08:56:56",NULL
1810,1810,1810,6,NULL,"2026-01-19 08:56:56","2026-01-19 08:56:56",NULL
1811,1811,1811,6,NULL,"2026-01-19 08:56:56","2026-01-19 08:56:56",NULL
1812,1812,1812,6,NULL,"2026-01-19 08:56:56","2026-01-19 08:56:56",NULL
1813,1813,1813,6,NULL,"2026-01-19 08:56:56","2026-01-19 08:56:56",NULL
1814,1814,1814,6,NULL,"2026-01-19 08:56:56","2026-01-19 08:56:56",NULL
1815,1815,1815,6,NULL,"2026-01-19 08:56:56","2026-01-19 08:56:56",NULL
1816,1816,1816,6,NULL,"2026-01-19 08:56:56","2026-01-19 08:56:56",NULL
1817,1817,1817,6,NULL,"2026-01-19 08:56:56","2026-01-19 08:56:56",NULL
1818,1818,1818,6,NULL,"2026-01-19 08:56:56","2026-01-19 08:56:56",NULL
1819,1819,1819,6,NULL,"2026-01-19 08:56:56","2026-01-19 08:56:56",NULL
1820,1820,1820,6,NULL,"2026-01-19 08:56:56","2026-01-19 08:56:56",NULL
1821,1821,1821,6,NULL,"2026-01-19 08:56:56","2026-01-19 08:56:56",NULL
1822,1822,1822,6,NULL,"2026-01-19 08:56:56","2026-01-19 08:56:56",NULL
1823,1823,1823,6,NULL,"2026-01-19 08:56:56","2026-01-19 08:56:56",NULL
1824,1824,1824,6,NULL,"2026-01-19 08:56:56","2026-01-19 08:56:56",NULL
1825,1825,1825,6,NULL,"2026-01-19 08:56:56","2026-01-19 08:56:56",NULL
1826,1826,1826,6,NULL,"2026-01-19 08:56:56","2026-01-19 08:56:56",NULL
1827,1827,1827,6,NULL,"2026-01-19 08:56:56","2026-01-19 08:56:56",NULL
1828,1828,1828,6,NULL,"2026-01-19 08:56:56","2026-01-19 08:56:56",NULL
1829,1829,1829,6,NULL,"2026-01-19 08:56:56","2026-01-19 08:56:56",NULL
1830,1830,1830,6,NULL,"2026-01-19 08:56:56","2026-01-19 08:56:56",NULL
1831,1831,1831,6,NULL,"2026-01-19 08:56:56","2026-01-19 08:56:56",NULL
1832,1832,1832,6,NULL,"2026-01-19 08:56:56","2026-01-19 08:56:56",NULL
1833,1833,1833,6,NULL,"2026-01-19 08:56:56","2026-01-19 08:56:56",NULL
1834,1834,1834,6,NULL,"2026-01-19 08:56:56","2026-01-19 08:56:56",NULL
1835,1835,1835,6,NULL,"2026-01-19 08:56:56","2026-01-19 08:56:56",NULL
1836,1836,1836,6,NULL,"2026-01-19 08:56:56","2026-01-19 08:56:56",NULL
1837,1837,1837,6,NULL,"2026-01-19 08:56:56","2026-01-19 08:56:56",NULL
1838,1838,1838,6,NULL,"2026-01-19 08:56:56","2026-01-19 08:56:56",NULL
1839,1839,1839,6,NULL,"2026-01-19 08:56:56","2026-01-19 08:56:56",NULL
1840,1840,1840,6,NULL,"2026-01-19 08:56:56","2026-01-19 08:56:56",NULL
1841,1841,1841,6,NULL,"2026-01-19 08:56:56","2026-01-19 08:56:56",NULL
1842,1842,1842,6,NULL,"2026-01-19 08:56:56","2026-01-19 08:56:56",NULL
1843,1843,1843,6,NULL,"2026-01-19 08:56:56","2026-01-19 08:56:56",NULL
1844,1844,1844,6,NULL,"2026-01-19 08:56:56","2026-01-19 08:56:56",NULL
1845,1845,1845,6,NULL,"2026-01-19 08:56:56","2026-01-19 08:56:56",NULL
1846,1846,1846,6,NULL,"2026-01-19 08:56:56","2026-01-19 08:56:56",NULL
1847,1847,1847,6,NULL,"2026-01-19 08:56:56","2026-01-19 08:56:56",NULL
1848,1848,1848,6,NULL,"2026-01-19 08:56:56","2026-01-19 08:56:56",NULL
1849,1849,1849,6,NULL,"2026-01-19 08:56:56","2026-01-19 08:56:56",NULL
1850,1850,1850,6,NULL,"2026-01-19 08:56:56","2026-01-19 08:56:56",NULL
1851,1851,1851,6,NULL,"2026-01-19 08:56:56","2026-01-19 08:56:56",NULL
1852,1852,1852,6,NULL,"2026-01-19 08:56:56","2026-01-19 08:56:56",NULL
1853,1853,1853,6,NULL,"2026-01-19 08:56:56","2026-01-19 08:56:56",NULL
1854,1854,1854,6,NULL,"2026-01-19 08:56:56","2026-01-19 08:56:56",NULL
1855,1855,1855,6,NULL,"2026-01-19 08:56:56","2026-01-19 08:56:56",NULL
1856,1856,1856,6,NULL,"2026-01-19 08:56:56","2026-01-19 08:56:56",NULL
1857,1857,1857,6,NULL,"2026-01-19 08:56:56","2026-01-19 08:56:56",NULL
1858,1858,1858,6,NULL,"2026-01-19 08:56:56","2026-01-19 08:56:56",NULL
1859,1859,1859,6,NULL,"2026-01-19 08:56:56","2026-01-19 08:56:56",NULL
1860,1860,1860,6,NULL,"2026-01-19 08:56:56","2026-01-19 08:56:56",NULL
1861,1861,1861,6,NULL,"2026-01-19 08:56:56","2026-01-19 08:56:56",NULL
1862,1862,1862,6,NULL,"2026-01-19 08:56:56","2026-01-19 08:56:56",NULL
1863,1863,1863,6,NULL,"2026-01-19 08:56:56","2026-01-19 08:56:56",NULL
1864,1864,1864,6,NULL,"2026-01-19 08:56:56","2026-01-19 08:56:56",NULL
1865,1865,1865,6,NULL,"2026-01-19 08:56:56","2026-01-19 08:56:56",NULL
1866,1866,1866,6,NULL,"2026-01-19 08:56:56","2026-01-19 08:56:56",NULL
1867,1867,1867,6,NULL,"2026-01-19 08:56:56","2026-01-19 08:56:56",NULL
1868,1868,1868,6,NULL,"2026-01-19 08:56:56","2026-01-19 08:56:56",NULL
1869,1869,1869,6,NULL,"2026-01-19 08:56:56","2026-01-19 08:56:56",NULL
1870,1870,1870,6,NULL,"2026-01-19 08:56:56","2026-01-19 08:56:56",NULL
1871,1871,1871,6,NULL,"2026-01-19 08:56:56","2026-01-19 08:56:56",NULL
1872,1872,1872,6,NULL,"2026-01-19 08:56:56","2026-01-19 08:56:56",NULL
1873,1873,1873,6,NULL,"2026-01-19 08:56:56","2026-01-19 08:56:56",NULL
1874,1874,1874,6,NULL,"2026-01-19 08:56:56","2026-01-19 08:56:56",NULL
1875,1875,1875,6,NULL,"2026-01-19 08:56:56","2026-01-19 08:56:56",NULL
1876,1876,1876,6,NULL,"2026-01-19 08:56:56","2026-01-19 08:56:56",NULL
1877,1877,1877,6,NULL,"2026-01-19 08:56:56","2026-01-19 08:56:56",NULL
1878,1878,1878,6,NULL,"2026-01-19 08:56:56","2026-01-19 08:56:56",NULL
1879,1879,1879,6,NULL,"2026-01-19 08:56:56","2026-01-19 08:56:56",NULL
1880,1880,1880,6,NULL,"2026-01-19 08:56:56","2026-01-19 08:56:56",NULL
1881,1881,1881,6,NULL,"2026-01-19 08:56:56","2026-01-19 08:56:56",NULL
1882,1882,1882,6,NULL,"2026-01-19 08:56:56","2026-01-19 08:56:56",NULL
1883,1883,1883,6,NULL,"2026-01-19 08:56:56","2026-01-19 08:56:56",NULL
1884,1884,1884,6,NULL,"2026-01-19 08:56:56","2026-01-19 08:56:56",NULL
1885,1885,1885,6,NULL,"2026-01-19 08:56:56","2026-01-19 08:56:56",NULL
1886,1886,1886,6,NULL,"2026-01-19 08:56:56","2026-01-19 08:56:56",NULL
1887,1887,1887,6,NULL,"2026-01-19 08:56:56","2026-01-19 08:56:56",NULL
1888,1888,1888,6,NULL,"2026-01-19 08:56:56","2026-01-19 08:56:56",NULL
1889,1889,1889,6,NULL,"2026-01-19 08:56:56","2026-01-19 08:56:56",NULL
1890,1890,1890,6,NULL,"2026-01-19 08:56:56","2026-01-19 08:56:56",NULL
1891,1891,1891,6,NULL,"2026-01-19 08:56:56","2026-01-19 08:56:56",NULL
1892,1892,1892,6,NULL,"2026-01-19 08:56:56","2026-01-19 08:56:56",NULL
1893,1893,1893,6,NULL,"2026-01-19 08:56:56","2026-01-19 08:56:56",NULL
1894,1894,1894,6,NULL,"2026-01-19 08:56:56","2026-01-19 08:56:56",NULL
1895,1895,1895,6,NULL,"2026-01-19 08:56:56","2026-01-19 08:56:56",NULL
1896,1896,1896,6,NULL,"2026-01-19 08:56:56","2026-01-19 08:56:56",NULL
1897,1897,1897,6,NULL,"2026-01-19 08:56:56","2026-01-19 08:56:56",NULL
1898,1898,1898,6,NULL,"2026-01-19 08:56:56","2026-01-19 08:56:56",NULL
1899,1899,1899,6,NULL,"2026-01-19 08:56:56","2026-01-19 08:56:56",NULL
1900,1900,1900,6,NULL,"2026-01-19 08:56:56","2026-01-19 08:56:56",NULL
1901,1901,1901,6,NULL,"2026-01-19 08:56:56","2026-01-19 08:56:56",NULL
1902,1902,1902,6,NULL,"2026-01-19 08:56:56","2026-01-19 08:56:56",NULL
1903,1903,1903,6,NULL,"2026-01-19 08:56:56","2026-01-19 08:56:56",NULL
1904,1904,1904,6,NULL,"2026-01-19 08:56:56","2026-01-19 08:56:56",NULL
1905,1905,1905,6,NULL,"2026-01-19 08:56:56","2026-01-19 08:56:56",NULL
1906,1906,1906,6,NULL,"2026-01-19 08:56:56","2026-01-19 08:56:56",NULL
1907,1907,1907,6,NULL,"2026-01-19 08:56:56","2026-01-19 08:56:56",NULL
1908,1908,1908,6,NULL,"2026-01-19 08:56:56","2026-01-19 08:56:56",NULL
1909,1909,1909,6,NULL,"2026-01-19 08:56:56","2026-01-19 08:56:56",NULL
1910,1910,1910,6,NULL,"2026-01-19 08:56:56","2026-01-19 08:56:56",NULL
1911,1911,1911,6,NULL,"2026-01-19 08:56:56","2026-01-19 08:56:56",NULL
1912,1912,1912,6,NULL,"2026-01-19 08:56:56","2026-01-19 08:56:56",NULL
1913,1913,1913,6,NULL,"2026-01-19 08:56:56","2026-01-19 08:56:56",NULL
1914,1914,1914,6,NULL,"2026-01-19 08:56:56","2026-01-19 08:56:56",NULL
1915,1915,1915,6,NULL,"2026-01-19 08:56:56","2026-01-19 08:56:56",NULL
1916,1916,1916,6,NULL,"2026-01-19 08:56:56","2026-01-19 08:56:56",NULL
1917,1917,1917,6,NULL,"2026-01-19 08:56:56","2026-01-19 08:56:56",NULL
1918,1918,1918,6,NULL,"2026-01-19 08:56:56","2026-01-19 08:56:56",NULL
1919,1919,1919,6,NULL,"2026-01-19 08:56:56","2026-01-19 08:56:56",NULL
1920,1920,1920,6,NULL,"2026-01-19 08:56:56","2026-01-19 08:56:56",NULL
1921,1921,1921,6,NULL,"2026-01-19 08:56:56","2026-01-19 08:56:56",NULL
1922,1922,1922,6,NULL,"2026-01-19 08:56:56","2026-01-19 08:56:56",NULL
1923,1923,1923,6,NULL,"2026-01-19 08:56:56","2026-01-19 08:56:56",NULL
1924,1924,1924,6,NULL,"2026-01-19 08:56:56","2026-01-19 08:56:56",NULL
1925,1925,1925,6,NULL,"2026-01-19 08:56:56","2026-01-19 08:56:56",NULL
1926,1926,1926,6,NULL,"2026-01-19 08:56:56","2026-01-19 08:56:56",NULL
1927,1927,1927,6,NULL,"2026-01-19 08:56:56","2026-01-19 08:56:56",NULL
1928,1928,1928,6,NULL,"2026-01-19 08:56:56","2026-01-19 08:56:56",NULL
1929,1929,1929,6,NULL,"2026-01-19 08:56:56","2026-01-19 08:56:56",NULL
1930,1930,1930,6,NULL,"2026-01-19 08:56:56","2026-01-19 08:56:56",NULL
1931,1931,1931,6,NULL,"2026-01-19 08:56:56","2026-01-19 08:56:56",NULL
1932,1932,1932,6,NULL,"2026-01-19 08:56:56","2026-01-19 08:56:56",NULL
1933,1933,1933,6,NULL,"2026-01-19 08:56:56","2026-01-19 08:56:56",NULL
1934,1934,1934,6,NULL,"2026-01-19 08:56:56","2026-01-19 08:56:56",NULL
1935,1935,1935,6,NULL,"2026-01-19 08:56:56","2026-01-19 08:56:56",NULL
1936,1936,1936,6,NULL,"2026-01-19 08:56:56","2026-01-19 08:56:56",NULL
1937,1937,1937,6,NULL,"2026-01-19 08:56:56","2026-01-19 08:56:56",NULL
1938,1938,1938,6,NULL,"2026-01-19 08:56:56","2026-01-19 08:56:56",NULL
1939,1939,1939,6,NULL,"2026-01-19 08:56:56","2026-01-19 08:56:56",NULL
1940,1940,1940,6,NULL,"2026-01-19 08:56:56","2026-01-19 08:56:56",NULL
1941,1941,1941,6,NULL,"2026-01-19 08:56:56","2026-01-19 08:56:56",NULL
1942,1942,1942,6,NULL,"2026-01-19 08:56:56","2026-01-19 08:56:56",NULL
1943,1943,1943,6,NULL,"2026-01-19 08:56:56","2026-01-19 08:56:56",NULL
1944,1944,1944,6,NULL,"2026-01-19 08:56:56","2026-01-19 08:56:56",NULL
1945,1945,1945,6,NULL,"2026-01-19 08:56:56","2026-01-19 08:56:56",NULL
1946,1946,1946,6,NULL,"2026-01-19 08:56:56","2026-01-19 08:56:56",NULL
1947,1947,1947,6,NULL,"2026-01-19 08:56:56","2026-01-19 08:56:56",NULL
1948,1948,1948,6,NULL,"2026-01-19 08:56:56","2026-01-19 08:56:56",NULL
1949,1949,1949,6,NULL,"2026-01-19 08:56:56","2026-01-19 08:56:56",NULL
1950,1950,1950,6,NULL,"2026-01-19 08:56:56","2026-01-19 08:56:56",NULL
1951,1951,1951,6,NULL,"2026-01-19 08:56:56","2026-01-19 08:56:56",NULL
1952,1952,1952,6,NULL,"2026-01-19 08:56:56","2026-01-19 08:56:56",NULL
1953,1953,1953,6,NULL,"2026-01-19 08:56:56","2026-01-19 08:56:56",NULL
1954,1954,1954,6,NULL,"2026-01-19 08:56:56","2026-01-19 08:56:56",NULL
1955,1955,1955,6,NULL,"2026-01-19 08:56:56","2026-01-19 08:56:56",NULL
1956,1956,1956,6,NULL,"2026-01-19 08:56:56","2026-01-19 08:56:56",NULL
1957,1957,1957,6,NULL,"2026-01-19 08:56:56","2026-01-19 08:56:56",NULL
1958,1958,1958,6,NULL,"2026-01-19 08:56:56","2026-01-19 08:56:56",NULL
1959,1959,1959,6,NULL,"2026-01-19 08:56:56","2026-01-19 08:56:56",NULL
1960,1960,1960,6,NULL,"2026-01-19 08:56:56","2026-01-19 08:56:56",NULL
1961,1961,1961,6,NULL,"2026-01-19 08:56:56","2026-01-19 08:56:56",NULL
1962,1962,1962,6,NULL,"2026-01-19 08:56:56","2026-01-19 08:56:56",NULL
1963,1963,1963,6,NULL,"2026-01-19 08:56:56","2026-01-19 08:56:56",NULL
1964,1964,1964,6,NULL,"2026-01-19 08:56:56","2026-01-19 08:56:56",NULL
1965,1965,1965,6,NULL,"2026-01-19 08:56:56","2026-01-19 08:56:56",NULL
1966,1966,1966,6,NULL,"2026-01-19 08:56:56","2026-01-19 08:56:56",NULL
1967,1967,1967,6,NULL,"2026-01-19 08:56:56","2026-01-19 08:56:56",NULL
1968,1968,1968,6,NULL,"2026-01-19 08:56:56","2026-01-19 08:56:56",NULL
1969,1969,1969,6,NULL,"2026-01-19 08:56:56","2026-01-19 08:56:56",NULL
1970,1970,1970,6,NULL,"2026-01-19 08:56:56","2026-01-19 08:56:56",NULL
1971,1971,1971,6,NULL,"2026-01-19 08:56:56","2026-01-19 08:56:56",NULL
1972,1972,1972,6,NULL,"2026-01-19 08:56:56","2026-01-19 08:56:56",NULL
1973,1973,1973,6,NULL,"2026-01-19 08:56:56","2026-01-19 08:56:56",NULL
1974,1974,1974,6,NULL,"2026-01-19 08:56:56","2026-01-19 08:56:56",NULL
1975,1975,1975,6,NULL,"2026-01-19 08:56:56","2026-01-19 08:56:56",NULL
1976,1976,1976,6,NULL,"2026-01-19 08:56:56","2026-01-19 08:56:56",NULL
1977,1977,1977,6,NULL,"2026-01-19 08:56:56","2026-01-19 08:56:56",NULL
1978,1978,1978,6,NULL,"2026-01-19 08:56:56","2026-01-19 08:56:56",NULL
1979,1979,1979,6,NULL,"2026-01-19 08:56:56","2026-01-19 08:56:56",NULL
1980,1980,1980,6,NULL,"2026-01-19 08:56:56","2026-01-19 08:56:56",NULL
1981,1981,1981,6,NULL,"2026-01-19 08:56:56","2026-01-19 08:56:56",NULL
1982,1982,1982,6,NULL,"2026-01-19 08:56:56","2026-01-19 08:56:56",NULL
1983,1983,1983,6,NULL,"2026-01-19 08:56:56","2026-01-19 08:56:56",NULL
1984,1984,1984,6,NULL,"2026-01-19 08:56:56","2026-01-19 08:56:56",NULL
1985,1985,1985,6,NULL,"2026-01-19 08:56:56","2026-01-19 08:56:56",NULL
1986,1986,1986,6,NULL,"2026-01-19 08:56:56","2026-01-19 08:56:56",NULL
1987,1987,1987,6,NULL,"2026-01-19 08:56:56","2026-01-19 08:56:56",NULL
1988,1988,1988,6,NULL,"2026-01-19 08:56:56","2026-01-19 08:56:56",NULL
1989,1989,1989,6,NULL,"2026-01-19 08:56:56","2026-01-19 08:56:56",NULL
1990,1990,1990,6,NULL,"2026-01-19 08:56:56","2026-01-19 08:56:56",NULL
1991,1991,1991,6,NULL,"2026-01-19 08:56:56","2026-01-19 08:56:56",NULL
1992,1992,1992,6,NULL,"2026-01-19 08:56:56","2026-01-19 08:56:56",NULL
1993,1993,1993,6,NULL,"2026-01-19 08:56:56","2026-01-19 08:56:56",NULL
1994,1994,1994,6,NULL,"2026-01-19 08:56:56","2026-01-19 08:56:56",NULL
1995,1995,1995,6,NULL,"2026-01-19 08:56:56","2026-01-19 08:56:56",NULL
1996,1996,1996,6,NULL,"2026-01-19 08:56:56","2026-01-19 08:56:56",NULL
1997,1997,1997,6,NULL,"2026-01-19 08:56:56","2026-01-19 08:56:56",NULL
1998,1998,1998,6,NULL,"2026-01-19 08:56:56","2026-01-19 08:56:56",NULL
1999,1999,1999,6,NULL,"2026-01-19 08:56:56","2026-01-19 08:56:56",NULL
2000,2000,2000,6,NULL,"2026-01-19 08:56:56","2026-01-19 08:56:56",NULL
2001,2001,2001,6,NULL,"2026-01-19 08:56:56","2026-01-19 08:56:56",NULL
2002,2002,2002,6,NULL,"2026-01-19 08:56:56","2026-01-19 08:56:56",NULL
2003,2003,2003,6,NULL,"2026-01-19 08:56:56","2026-01-19 08:56:56",NULL
2004,2004,2004,6,NULL,"2026-01-19 08:56:56","2026-01-19 08:56:56",NULL
2005,2005,2005,6,NULL,"2026-01-19 08:56:56","2026-01-19 08:56:56",NULL
2006,2006,2006,6,NULL,"2026-01-19 08:56:56","2026-01-19 08:56:56",NULL
2007,2007,2007,6,NULL,"2026-01-19 08:56:56","2026-01-19 08:56:56",NULL
2008,2008,2008,6,NULL,"2026-01-19 08:56:56","2026-01-19 08:56:56",NULL
2009,2009,2009,6,NULL,"2026-01-19 08:56:56","2026-01-19 08:56:56",NULL
2010,2010,2010,6,NULL,"2026-01-19 08:56:56","2026-01-19 08:56:56",NULL
2011,2011,2011,6,NULL,"2026-01-19 08:56:56","2026-01-19 08:56:56",NULL
2012,2012,2012,6,NULL,"2026-01-19 08:56:56","2026-01-19 08:56:56",NULL
2013,2013,2013,6,NULL,"2026-01-19 08:56:56","2026-01-19 08:56:56",NULL
2014,2014,2014,6,NULL,"2026-01-19 08:56:56","2026-01-19 08:56:56",NULL
2015,2015,2015,6,NULL,"2026-01-19 08:56:56","2026-01-19 08:56:56",NULL
2016,2016,2016,6,NULL,"2026-01-19 08:56:56","2026-01-19 08:56:56",NULL
2017,2017,2017,6,NULL,"2026-01-19 08:56:56","2026-01-19 08:56:56",NULL
2018,2018,2018,6,NULL,"2026-01-19 08:56:56","2026-01-19 08:56:56",NULL
2019,2019,2019,6,NULL,"2026-01-19 08:56:56","2026-01-19 08:56:56",NULL
2020,2020,2020,6,NULL,"2026-01-19 08:56:56","2026-01-19 08:56:56",NULL
2021,2021,2021,6,NULL,"2026-01-19 08:56:56","2026-01-19 08:56:56",NULL
2022,2022,2022,6,NULL,"2026-01-19 08:56:56","2026-01-19 08:56:56",NULL
2023,2023,2023,6,NULL,"2026-01-19 08:56:56","2026-01-19 08:56:56",NULL
2024,2024,2024,6,NULL,"2026-01-19 08:56:56","2026-01-19 08:56:56",NULL
2025,2025,2025,6,NULL,"2026-01-19 08:56:56","2026-01-19 08:56:56",NULL
2026,2026,2026,6,NULL,"2026-01-19 08:56:56","2026-01-19 08:56:56",NULL
2027,2027,2027,6,NULL,"2026-01-19 08:56:56","2026-01-19 08:56:56",NULL
2028,2028,2028,6,NULL,"2026-01-19 08:56:56","2026-01-19 08:56:56",NULL
2029,2029,2029,6,NULL,"2026-01-19 08:56:56","2026-01-19 08:56:56",NULL
2030,2030,2030,6,NULL,"2026-01-19 08:56:56","2026-01-19 08:56:56",NULL
2031,2031,2031,6,NULL,"2026-01-19 08:56:56","2026-01-19 08:56:56",NULL
2032,2032,2032,6,NULL,"2026-01-19 08:56:56","2026-01-19 08:56:56",NULL
2033,2033,2033,6,NULL,"2026-01-19 08:56:56","2026-01-19 08:56:56",NULL
2034,2034,2034,6,NULL,"2026-01-19 08:56:56","2026-01-19 08:56:56",NULL
2035,2035,2035,6,NULL,"2026-01-19 08:56:57","2026-01-19 08:56:57",NULL
2036,2036,2036,6,NULL,"2026-01-19 08:56:57","2026-01-19 08:56:57",NULL
2037,2037,2037,6,NULL,"2026-01-19 08:56:57","2026-01-19 08:56:57",NULL
2038,2038,2038,6,NULL,"2026-01-19 08:56:57","2026-01-19 08:56:57",NULL
2039,2039,2039,6,NULL,"2026-01-19 08:56:57","2026-01-19 08:56:57",NULL
2040,2040,2040,6,NULL,"2026-01-19 08:56:57","2026-01-19 08:56:57",NULL
2041,2041,2041,6,NULL,"2026-01-19 08:56:57","2026-01-19 08:56:57",NULL
2042,2042,2042,6,NULL,"2026-01-19 08:56:57","2026-01-19 08:56:57",NULL
2043,2043,2043,6,NULL,"2026-01-19 08:56:57","2026-01-19 08:56:57",NULL
2044,2044,2044,6,NULL,"2026-01-19 08:56:57","2026-01-19 08:56:57",NULL
2045,2045,2045,6,NULL,"2026-01-19 08:56:57","2026-01-19 08:56:57",NULL
2046,2046,2046,6,NULL,"2026-01-19 08:56:57","2026-01-19 08:56:57",NULL
2047,2047,2047,6,NULL,"2026-01-19 08:56:57","2026-01-19 08:56:57",NULL
2048,2048,2048,6,NULL,"2026-01-19 08:56:57","2026-01-19 08:56:57",NULL
2049,2049,2049,6,NULL,"2026-01-19 08:56:57","2026-01-19 08:56:57",NULL
2050,2050,2050,6,NULL,"2026-01-19 08:56:57","2026-01-19 08:56:57",NULL
2051,2051,2051,6,NULL,"2026-01-19 08:56:57","2026-01-19 08:56:57",NULL
2052,2052,2052,6,NULL,"2026-01-19 08:56:57","2026-01-19 08:56:57",NULL
2053,2053,2053,6,NULL,"2026-01-19 08:56:57","2026-01-19 08:56:57",NULL
2054,2054,2054,6,NULL,"2026-01-19 08:56:57","2026-01-19 08:56:57",NULL
2055,2055,2055,6,NULL,"2026-01-19 08:56:57","2026-01-19 08:56:57",NULL
2056,2056,2056,6,NULL,"2026-01-19 08:56:57","2026-01-19 08:56:57",NULL
2057,2057,2057,6,NULL,"2026-01-19 08:56:57","2026-01-19 08:56:57",NULL
2058,2058,2058,6,NULL,"2026-01-19 08:56:57","2026-01-19 08:56:57",NULL
2059,2059,2059,6,NULL,"2026-01-19 08:56:57","2026-01-19 08:56:57",NULL
2060,2060,2060,6,NULL,"2026-01-19 08:56:57","2026-01-19 08:56:57",NULL
2061,2061,2061,6,NULL,"2026-01-19 08:56:57","2026-01-19 08:56:57",NULL
2062,2062,2062,6,NULL,"2026-01-19 08:56:57","2026-01-19 08:56:57",NULL
2063,2063,2063,6,NULL,"2026-01-19 08:56:57","2026-01-19 08:56:57",NULL
2064,2064,2064,6,NULL,"2026-01-19 08:56:57","2026-01-19 08:56:57",NULL
2065,2065,2065,6,NULL,"2026-01-19 08:56:57","2026-01-19 08:56:57",NULL
2066,2066,2066,6,NULL,"2026-01-19 08:56:57","2026-01-19 08:56:57",NULL
2067,2067,2067,6,NULL,"2026-01-19 08:56:57","2026-01-19 08:56:57",NULL
2068,2068,2068,6,NULL,"2026-01-19 08:56:57","2026-01-19 08:56:57",NULL
2069,2069,2069,6,NULL,"2026-01-19 08:56:57","2026-01-19 08:56:57",NULL
2070,2070,2070,6,NULL,"2026-01-19 08:56:57","2026-01-19 08:56:57",NULL
2071,2071,2071,6,NULL,"2026-01-19 08:56:57","2026-01-19 08:56:57",NULL
2072,2072,2072,6,NULL,"2026-01-19 08:56:57","2026-01-19 08:56:57",NULL
2073,2073,2073,6,NULL,"2026-01-19 08:56:57","2026-01-19 08:56:57",NULL
2074,2074,2074,6,NULL,"2026-01-19 08:56:57","2026-01-19 08:56:57",NULL
2075,2075,2075,6,NULL,"2026-01-19 08:56:57","2026-01-19 08:56:57",NULL
2076,2076,2076,6,NULL,"2026-01-19 08:56:57","2026-01-19 08:56:57",NULL
2077,2077,2077,6,NULL,"2026-01-19 08:56:57","2026-01-19 08:56:57",NULL
2078,2078,2078,6,NULL,"2026-01-19 08:56:57","2026-01-19 08:56:57",NULL
2079,2079,2079,6,NULL,"2026-01-19 08:56:57","2026-01-19 08:56:57",NULL
2080,2080,2080,6,NULL,"2026-01-19 08:56:57","2026-01-19 08:56:57",NULL
2081,2081,2081,6,NULL,"2026-01-19 08:56:57","2026-01-19 08:56:57",NULL
2082,2082,2082,6,NULL,"2026-01-19 08:56:57","2026-01-19 08:56:57",NULL
2083,2083,2083,6,NULL,"2026-01-19 08:56:57","2026-01-19 08:56:57",NULL
2084,2084,2084,6,NULL,"2026-01-19 08:56:57","2026-01-19 08:56:57",NULL
2085,2085,2085,6,NULL,"2026-01-19 08:56:57","2026-01-19 08:56:57",NULL
2086,2086,2086,6,NULL,"2026-01-19 08:56:57","2026-01-19 08:56:57",NULL
2087,2087,2087,6,NULL,"2026-01-19 08:56:57","2026-01-19 08:56:57",NULL
2088,2088,2088,6,NULL,"2026-01-19 08:56:57","2026-01-19 08:56:57",NULL
2089,2089,2089,6,NULL,"2026-01-19 08:56:57","2026-01-19 08:56:57",NULL
2090,2090,2090,6,NULL,"2026-01-19 08:56:57","2026-01-19 08:56:57",NULL
2091,2091,2091,6,NULL,"2026-01-19 08:56:57","2026-01-19 08:56:57",NULL
2092,2092,2092,6,NULL,"2026-01-19 08:56:57","2026-01-19 08:56:57",NULL
2093,2093,2093,6,NULL,"2026-01-19 08:56:57","2026-01-19 08:56:57",NULL
2094,2094,2094,6,NULL,"2026-01-19 08:56:57","2026-01-19 08:56:57",NULL
2095,2095,2095,6,NULL,"2026-01-19 08:56:57","2026-01-19 08:56:57",NULL
2096,2096,2096,6,NULL,"2026-01-19 08:56:57","2026-01-19 08:56:57",NULL
2097,2097,2097,6,NULL,"2026-01-19 08:56:57","2026-01-19 08:56:57",NULL
2098,2098,2098,6,NULL,"2026-01-19 08:56:57","2026-01-19 08:56:57",NULL
2099,2099,2099,6,NULL,"2026-01-19 08:56:57","2026-01-19 08:56:57",NULL
2100,2100,2100,6,NULL,"2026-01-19 08:56:57","2026-01-19 08:56:57",NULL
2101,2101,2101,6,NULL,"2026-01-19 08:56:57","2026-01-19 08:56:57",NULL
2102,2102,2102,6,NULL,"2026-01-19 08:56:57","2026-01-19 08:56:57",NULL
2103,2103,2103,6,NULL,"2026-01-19 08:56:57","2026-01-19 08:56:57",NULL
2104,2104,2104,6,NULL,"2026-01-19 08:56:57","2026-01-19 08:56:57",NULL
2105,2105,2105,6,NULL,"2026-01-19 08:56:57","2026-01-19 08:56:57",NULL
2106,2106,2106,6,NULL,"2026-01-19 08:56:57","2026-01-19 08:56:57",NULL
2107,2107,2107,6,NULL,"2026-01-19 08:56:57","2026-01-19 08:56:57",NULL
2108,2108,2108,6,NULL,"2026-01-19 08:56:57","2026-01-19 08:56:57",NULL
2109,2109,2109,6,NULL,"2026-01-19 08:56:57","2026-01-19 08:56:57",NULL
2110,2110,2110,6,NULL,"2026-01-19 08:56:57","2026-01-19 08:56:57",NULL
2111,2111,2111,6,NULL,"2026-01-19 08:56:57","2026-01-19 08:56:57",NULL
2112,2112,2112,6,NULL,"2026-01-19 08:56:57","2026-01-19 08:56:57",NULL
2113,2113,2113,6,NULL,"2026-01-19 08:56:57","2026-01-19 08:56:57",NULL
2114,2114,2114,6,NULL,"2026-01-19 08:56:57","2026-01-19 08:56:57",NULL
2115,2115,2115,6,NULL,"2026-01-19 08:56:57","2026-01-19 08:56:57",NULL
2116,2116,2116,6,NULL,"2026-01-19 08:56:57","2026-01-19 08:56:57",NULL
2117,2117,2117,6,NULL,"2026-01-19 08:56:57","2026-01-19 08:56:57",NULL
2118,2118,2118,6,NULL,"2026-01-19 08:56:57","2026-01-19 08:56:57",NULL
2119,2119,2119,6,NULL,"2026-01-19 08:56:57","2026-01-19 08:56:57",NULL
2120,2120,2120,6,NULL,"2026-01-19 08:56:57","2026-01-19 08:56:57",NULL
2121,2121,2121,6,NULL,"2026-01-19 08:56:57","2026-01-19 08:56:57",NULL
2122,2122,2122,6,NULL,"2026-01-19 08:56:57","2026-01-19 08:56:57",NULL
2123,2123,2123,6,NULL,"2026-01-19 08:56:57","2026-01-19 08:56:57",NULL
2124,2124,2124,6,NULL,"2026-01-19 08:56:57","2026-01-19 08:56:57",NULL
2125,2125,2125,6,NULL,"2026-01-19 08:56:57","2026-01-19 08:56:57",NULL
2126,2126,2126,6,NULL,"2026-01-19 08:56:57","2026-01-19 08:56:57",NULL
2127,2127,2127,6,NULL,"2026-01-19 08:56:57","2026-01-19 08:56:57",NULL
2128,2128,2128,6,NULL,"2026-01-19 08:56:57","2026-01-19 08:56:57",NULL
2129,2129,2129,6,NULL,"2026-01-19 08:56:57","2026-01-19 08:56:57",NULL
2130,2130,2130,6,NULL,"2026-01-19 08:56:57","2026-01-19 08:56:57",NULL
2131,2131,2131,6,NULL,"2026-01-19 08:56:57","2026-01-19 08:56:57",NULL
2132,2132,2132,6,NULL,"2026-01-19 08:56:57","2026-01-19 08:56:57",NULL
2133,2133,2133,6,NULL,"2026-01-19 08:56:57","2026-01-19 08:56:57",NULL
2134,2134,2134,6,NULL,"2026-01-19 08:56:57","2026-01-19 08:56:57",NULL
2135,2135,2135,6,NULL,"2026-01-19 08:56:57","2026-01-19 08:56:57",NULL
2136,2136,2136,6,NULL,"2026-01-19 08:56:57","2026-01-19 08:56:57",NULL
2137,2137,2137,6,NULL,"2026-01-19 08:56:57","2026-01-19 08:56:57",NULL
2138,2138,2138,6,NULL,"2026-01-19 08:56:57","2026-01-19 08:56:57",NULL
2139,2139,2139,6,NULL,"2026-01-19 08:56:57","2026-01-19 08:56:57",NULL
2140,2140,2140,6,NULL,"2026-01-19 08:56:57","2026-01-19 08:56:57",NULL
2141,2141,2141,6,NULL,"2026-01-19 08:56:57","2026-01-19 08:56:57",NULL
2142,2142,2142,6,NULL,"2026-01-19 08:56:57","2026-01-19 08:56:57",NULL
2143,2143,2143,6,NULL,"2026-01-19 08:56:57","2026-01-19 08:56:57",NULL
2144,2144,2144,6,NULL,"2026-01-19 08:56:57","2026-01-19 08:56:57",NULL
2145,2145,2145,6,NULL,"2026-01-19 08:56:57","2026-01-19 08:56:57",NULL
2146,2146,2146,6,NULL,"2026-01-19 08:56:57","2026-01-19 08:56:57",NULL
2147,2147,2147,6,NULL,"2026-01-19 08:56:57","2026-01-19 08:56:57",NULL
2148,2148,2148,6,NULL,"2026-01-19 08:56:57","2026-01-19 08:56:57",NULL
2149,2149,2149,6,NULL,"2026-01-19 08:56:57","2026-01-19 08:56:57",NULL
2150,2150,2150,6,NULL,"2026-01-19 08:56:57","2026-01-19 08:56:57",NULL
2151,2151,2151,6,NULL,"2026-01-19 08:56:57","2026-01-19 08:56:57",NULL
2152,2152,2152,6,NULL,"2026-01-19 08:56:57","2026-01-19 08:56:57",NULL
2153,2153,2153,6,NULL,"2026-01-19 08:56:57","2026-01-19 08:56:57",NULL
2154,2154,2154,6,NULL,"2026-01-19 08:56:57","2026-01-19 08:56:57",NULL
2155,2155,2155,6,NULL,"2026-01-19 08:56:57","2026-01-19 08:56:57",NULL
2156,2156,2156,6,NULL,"2026-01-19 08:56:57","2026-01-19 08:56:57",NULL
2157,2157,2157,6,NULL,"2026-01-19 08:56:57","2026-01-19 08:56:57",NULL
2158,2158,2158,6,NULL,"2026-01-19 08:56:57","2026-01-19 08:56:57",NULL
2159,2159,2159,6,NULL,"2026-01-19 08:56:57","2026-01-19 08:56:57",NULL
2160,2160,2160,6,NULL,"2026-01-19 08:56:57","2026-01-19 08:56:57",NULL
2161,2161,2161,6,NULL,"2026-01-19 08:56:57","2026-01-19 08:56:57",NULL
2162,2162,2162,6,NULL,"2026-01-19 08:56:57","2026-01-19 08:56:57",NULL
2163,2163,2163,6,NULL,"2026-01-19 08:56:57","2026-01-19 08:56:57",NULL
2164,2164,2164,6,NULL,"2026-01-19 08:56:57","2026-01-19 08:56:57",NULL
2165,2165,2165,6,NULL,"2026-01-19 08:56:57","2026-01-19 08:56:57",NULL
2166,2166,2166,6,NULL,"2026-01-19 08:56:57","2026-01-19 08:56:57",NULL
2167,2167,2167,6,NULL,"2026-01-19 08:56:57","2026-01-19 08:56:57",NULL
2168,2168,2168,6,NULL,"2026-01-19 08:56:57","2026-01-19 08:56:57",NULL
2169,2169,2169,6,NULL,"2026-01-19 08:56:57","2026-01-19 08:56:57",NULL
2170,2170,2170,6,NULL,"2026-01-19 08:56:57","2026-01-19 08:56:57",NULL
2171,2171,2171,6,NULL,"2026-01-19 08:56:57","2026-01-19 08:56:57",NULL
2172,2172,2172,6,NULL,"2026-01-19 08:56:57","2026-01-19 08:56:57",NULL
2173,2173,2173,6,NULL,"2026-01-19 08:56:57","2026-01-19 08:56:57",NULL
2174,2174,2174,6,NULL,"2026-01-19 08:56:57","2026-01-19 08:56:57",NULL
2175,2175,2175,6,NULL,"2026-01-19 08:56:57","2026-01-19 08:56:57",NULL
2176,2176,2176,6,NULL,"2026-01-19 08:56:57","2026-01-19 08:56:57",NULL
2177,2177,2177,6,NULL,"2026-01-19 08:56:57","2026-01-19 08:56:57",NULL
2178,2178,2178,6,NULL,"2026-01-19 08:56:57","2026-01-19 08:56:57",NULL
2179,2179,2179,6,NULL,"2026-01-19 08:56:57","2026-01-19 08:56:57",NULL
2180,2180,2180,6,NULL,"2026-01-19 08:56:57","2026-01-19 08:56:57",NULL
2181,2181,2181,6,NULL,"2026-01-19 08:56:57","2026-01-19 08:56:57",NULL
2182,2182,2182,6,NULL,"2026-01-19 08:56:57","2026-01-19 08:56:57",NULL
2183,2183,2183,6,NULL,"2026-01-19 08:56:57","2026-01-19 08:56:57",NULL
2184,2184,2184,6,NULL,"2026-01-19 08:56:57","2026-01-19 08:56:57",NULL
2185,2185,2185,6,NULL,"2026-01-19 08:56:57","2026-01-19 08:56:57",NULL
2186,2186,2186,6,NULL,"2026-01-19 08:56:57","2026-01-19 08:56:57",NULL
2187,2187,2187,6,NULL,"2026-01-19 08:56:57","2026-01-19 08:56:57",NULL
2188,2188,2188,6,NULL,"2026-01-19 08:56:57","2026-01-19 08:56:57",NULL
2189,2189,2189,6,NULL,"2026-01-19 08:56:57","2026-01-19 08:56:57",NULL
2190,2190,2190,6,NULL,"2026-01-19 08:56:57","2026-01-19 08:56:57",NULL
2191,2191,2191,6,NULL,"2026-01-19 08:56:57","2026-01-19 08:56:57",NULL
2192,2192,2192,6,NULL,"2026-01-19 08:56:57","2026-01-19 08:56:57",NULL
2193,2193,2193,6,NULL,"2026-01-19 08:56:57","2026-01-19 08:56:57",NULL
2194,2194,2194,6,NULL,"2026-01-19 08:56:57","2026-01-19 08:56:57",NULL
2195,2195,2195,6,NULL,"2026-01-19 08:56:57","2026-01-19 08:56:57",NULL
2196,2196,2196,6,NULL,"2026-01-19 08:56:57","2026-01-19 08:56:57",NULL
2197,2197,2197,6,NULL,"2026-01-19 08:56:57","2026-01-19 08:56:57",NULL
2198,2198,2198,6,NULL,"2026-01-19 08:56:57","2026-01-19 08:56:57",NULL
2199,2199,2199,6,NULL,"2026-01-19 08:56:57","2026-01-19 08:56:57",NULL
2200,2200,2200,6,NULL,"2026-01-19 08:56:57","2026-01-19 08:56:57",NULL
2201,2201,2201,6,NULL,"2026-01-19 08:56:57","2026-01-19 08:56:57",NULL
2202,2202,2202,6,NULL,"2026-01-19 08:56:57","2026-01-19 08:56:57",NULL
2203,2203,2203,6,NULL,"2026-01-19 08:56:57","2026-01-19 08:56:57",NULL
2204,2204,2204,6,NULL,"2026-01-19 08:56:57","2026-01-19 08:56:57",NULL
2205,2205,2205,6,NULL,"2026-01-19 08:56:57","2026-01-19 08:56:57",NULL
2206,2206,2206,6,NULL,"2026-01-19 08:56:57","2026-01-19 08:56:57",NULL
2207,2207,2207,6,NULL,"2026-01-19 08:56:57","2026-01-19 08:56:57",NULL
2208,2208,2208,6,NULL,"2026-01-19 08:56:57","2026-01-19 08:56:57",NULL
2209,2209,2209,6,NULL,"2026-01-19 08:56:57","2026-01-19 08:56:57",NULL
2210,2210,2210,6,NULL,"2026-01-19 08:56:57","2026-01-19 08:56:57",NULL
2211,2211,2211,6,NULL,"2026-01-19 08:56:57","2026-01-19 08:56:57",NULL
2212,2212,2212,6,NULL,"2026-01-19 08:56:57","2026-01-19 08:56:57",NULL
2213,2213,2213,6,NULL,"2026-01-19 08:56:57","2026-01-19 08:56:57",NULL
2214,2214,2214,6,NULL,"2026-01-19 08:56:57","2026-01-19 08:56:57",NULL
2215,2215,2215,6,NULL,"2026-01-19 08:56:57","2026-01-19 08:56:57",NULL
2216,2216,2216,6,NULL,"2026-01-19 08:56:57","2026-01-19 08:56:57",NULL
2217,2217,2217,6,NULL,"2026-01-19 08:56:57","2026-01-19 08:56:57",NULL
2218,2218,2218,6,NULL,"2026-01-19 08:56:57","2026-01-19 08:56:57",NULL
2219,2219,2219,6,NULL,"2026-01-19 08:56:57","2026-01-19 08:56:57",NULL
2220,2220,2220,6,NULL,"2026-01-19 08:56:57","2026-01-19 08:56:57",NULL
2221,2221,2221,6,NULL,"2026-01-19 08:56:57","2026-01-19 08:56:57",NULL
2222,2222,2222,6,NULL,"2026-01-19 08:56:57","2026-01-19 08:56:57",NULL
2223,2223,2223,6,NULL,"2026-01-19 08:56:57","2026-01-19 08:56:57",NULL
2224,2224,2224,6,NULL,"2026-01-19 08:56:57","2026-01-19 08:56:57",NULL
2225,2225,2225,6,NULL,"2026-01-19 08:56:57","2026-01-19 08:56:57",NULL
2226,2226,2226,6,NULL,"2026-01-19 08:56:57","2026-01-19 08:56:57",NULL
2227,2227,2227,6,NULL,"2026-01-19 08:56:57","2026-01-19 08:56:57",NULL
2228,2228,2228,6,NULL,"2026-01-19 08:56:57","2026-01-19 08:56:57",NULL
2229,2229,2229,6,NULL,"2026-01-19 08:56:57","2026-01-19 08:56:57",NULL
2230,2230,2230,6,NULL,"2026-01-19 08:56:57","2026-01-19 08:56:57",NULL
2231,2231,2231,6,NULL,"2026-01-19 08:56:57","2026-01-19 08:56:57",NULL
2232,2232,2232,6,NULL,"2026-01-19 08:56:57","2026-01-19 08:56:57",NULL
2233,2233,2233,6,NULL,"2026-01-19 08:56:57","2026-01-19 08:56:57",NULL
2234,2234,2234,6,NULL,"2026-01-19 08:56:57","2026-01-19 08:56:57",NULL
2235,2235,2235,6,NULL,"2026-01-19 08:56:57","2026-01-19 08:56:57",NULL
2236,2236,2236,6,NULL,"2026-01-19 08:56:57","2026-01-19 08:56:57",NULL
2237,2237,2237,6,NULL,"2026-01-19 08:56:57","2026-01-19 08:56:57",NULL
2238,2238,2238,6,NULL,"2026-01-19 08:56:57","2026-01-19 08:56:57",NULL
2239,2239,2239,6,NULL,"2026-01-19 08:56:57","2026-01-19 08:56:57",NULL
2240,2240,2240,6,NULL,"2026-01-19 08:56:57","2026-01-19 08:56:57",NULL
2241,2241,2241,6,NULL,"2026-01-19 08:56:57","2026-01-19 08:56:57",NULL
2242,2242,2242,6,NULL,"2026-01-19 08:56:57","2026-01-19 08:56:57",NULL
2243,2243,2243,6,NULL,"2026-01-19 08:56:57","2026-01-19 08:56:57",NULL
2244,2244,2244,6,NULL,"2026-01-19 08:56:57","2026-01-19 08:56:57",NULL
2245,2245,2245,6,NULL,"2026-01-19 08:56:57","2026-01-19 08:56:57",NULL
2246,2246,2246,6,NULL,"2026-01-19 08:56:57","2026-01-19 08:56:57",NULL
2247,2247,2247,6,NULL,"2026-01-19 08:56:57","2026-01-19 08:56:57",NULL
2248,2248,2248,6,NULL,"2026-01-19 08:56:57","2026-01-19 08:56:57",NULL
2249,2249,2249,6,NULL,"2026-01-19 08:56:57","2026-01-19 08:56:57",NULL
2250,2250,2250,6,NULL,"2026-01-19 08:56:57","2026-01-19 08:56:57",NULL
2251,2251,2251,6,NULL,"2026-01-19 08:56:57","2026-01-19 08:56:57",NULL
2252,2252,2252,6,NULL,"2026-01-19 08:56:57","2026-01-19 08:56:57",NULL
2253,2253,2253,6,NULL,"2026-01-19 08:56:57","2026-01-19 08:56:57",NULL
2254,2254,2254,6,NULL,"2026-01-19 08:56:57","2026-01-19 08:56:57",NULL
2255,2255,2255,6,NULL,"2026-01-19 08:56:57","2026-01-19 08:56:57",NULL
2256,2256,2256,6,NULL,"2026-01-19 08:56:57","2026-01-19 08:56:57",NULL
2257,2257,2257,6,NULL,"2026-01-19 08:56:57","2026-01-19 08:56:57",NULL
2258,2258,2258,6,NULL,"2026-01-19 08:56:57","2026-01-19 08:56:57",NULL
2259,2259,2259,6,NULL,"2026-01-19 08:56:57","2026-01-19 08:56:57",NULL
2260,2260,2260,6,NULL,"2026-01-19 08:56:57","2026-01-19 08:56:57",NULL
2261,2261,2261,6,NULL,"2026-01-19 08:56:57","2026-01-19 08:56:57",NULL
2262,2262,2262,6,NULL,"2026-01-19 08:56:57","2026-01-19 08:56:57",NULL
2263,2263,2263,6,NULL,"2026-01-19 08:56:57","2026-01-19 08:56:57",NULL
2264,2264,2264,6,NULL,"2026-01-19 08:56:57","2026-01-19 08:56:57",NULL
2265,2265,2265,6,NULL,"2026-01-19 08:56:57","2026-01-19 08:56:57",NULL
2266,2266,2266,6,NULL,"2026-01-19 08:56:57","2026-01-19 08:56:57",NULL
2267,2267,2267,6,NULL,"2026-01-19 08:56:57","2026-01-19 08:56:57",NULL
2268,2268,2268,6,NULL,"2026-01-19 08:56:57","2026-01-19 08:56:57",NULL
2269,2269,2269,6,NULL,"2026-01-19 08:56:57","2026-01-19 08:56:57",NULL
2270,2270,2270,6,NULL,"2026-01-19 08:56:57","2026-01-19 08:56:57",NULL
2271,2271,2271,6,NULL,"2026-01-19 08:56:57","2026-01-19 08:56:57",NULL
2272,2272,2272,6,NULL,"2026-01-19 08:56:57","2026-01-19 08:56:57",NULL
2273,2273,2273,6,NULL,"2026-01-19 08:56:57","2026-01-19 08:56:57",NULL
2274,2274,2274,6,NULL,"2026-01-19 08:56:57","2026-01-19 08:56:57",NULL
2275,2275,2275,6,NULL,"2026-01-19 08:56:57","2026-01-19 08:56:57",NULL
2276,2276,2276,6,NULL,"2026-01-19 08:56:57","2026-01-19 08:56:57",NULL
2277,2277,2277,6,NULL,"2026-01-19 08:56:57","2026-01-19 08:56:57",NULL
2278,2278,2278,6,NULL,"2026-01-19 08:56:57","2026-01-19 08:56:57",NULL
2279,2279,2279,6,NULL,"2026-01-19 08:56:57","2026-01-19 08:56:57",NULL
2280,2280,2280,6,NULL,"2026-01-19 08:56:57","2026-01-19 08:56:57",NULL
2281,2281,2281,6,NULL,"2026-01-19 08:56:57","2026-01-19 08:56:57",NULL
2282,2282,2282,6,NULL,"2026-01-19 08:56:57","2026-01-19 08:56:57",NULL
2283,2283,2283,6,NULL,"2026-01-19 08:56:57","2026-01-19 08:56:57",NULL
2284,2284,2284,6,NULL,"2026-01-19 08:56:57","2026-01-19 08:56:57",NULL
2285,2285,2285,6,NULL,"2026-01-19 08:56:57","2026-01-19 08:56:57",NULL
2286,2286,2286,6,NULL,"2026-01-19 08:56:57","2026-01-19 08:56:57",NULL
2287,2287,2287,6,NULL,"2026-01-19 08:56:57","2026-01-19 08:56:57",NULL
2288,2288,2288,6,NULL,"2026-01-19 08:56:57","2026-01-19 08:56:57",NULL
2289,2289,2289,6,NULL,"2026-01-19 08:56:57","2026-01-19 08:56:57",NULL
2290,2290,2290,6,NULL,"2026-01-19 08:56:57","2026-01-19 08:56:57",NULL
2291,2291,2291,6,NULL,"2026-01-19 08:56:57","2026-01-19 08:56:57",NULL
2292,2292,2292,6,NULL,"2026-01-19 08:56:57","2026-01-19 08:56:57",NULL
2293,2293,2293,6,NULL,"2026-01-19 08:56:57","2026-01-19 08:56:57",NULL
2294,2294,2294,6,NULL,"2026-01-19 08:56:57","2026-01-19 08:56:57",NULL
2295,2295,2295,6,NULL,"2026-01-19 08:56:57","2026-01-19 08:56:57",NULL
2296,2296,2296,6,NULL,"2026-01-19 08:56:57","2026-01-19 08:56:57",NULL
2297,2297,2297,6,NULL,"2026-01-19 08:56:57","2026-01-19 08:56:57",NULL
2298,2298,2298,6,NULL,"2026-01-19 08:56:57","2026-01-19 08:56:57",NULL
2299,2299,2299,6,NULL,"2026-01-19 08:56:57","2026-01-19 08:56:57",NULL
2300,2300,2300,6,NULL,"2026-01-19 08:56:57","2026-01-19 08:56:57",NULL
2301,2301,2301,6,NULL,"2026-01-19 08:56:57","2026-01-19 08:56:57",NULL
2302,2302,2302,6,NULL,"2026-01-19 08:56:57","2026-01-19 08:56:57",NULL
2303,2303,2303,6,NULL,"2026-01-19 08:56:57","2026-01-19 08:56:57",NULL
2304,2304,2304,6,NULL,"2026-01-19 08:56:57","2026-01-19 08:56:57",NULL
2305,2305,2305,6,NULL,"2026-01-19 08:56:57","2026-01-19 08:56:57",NULL
2306,2306,2306,6,NULL,"2026-01-19 08:56:57","2026-01-19 08:56:57",NULL
2307,2307,2307,6,NULL,"2026-01-19 08:56:57","2026-01-19 08:56:57",NULL
2308,2308,2308,6,NULL,"2026-01-19 08:56:57","2026-01-19 08:56:57",NULL
2309,2309,2309,6,NULL,"2026-01-19 08:56:57","2026-01-19 08:56:57",NULL
2310,2310,2310,6,NULL,"2026-01-19 08:56:57","2026-01-19 08:56:57",NULL
2311,2311,2311,6,NULL,"2026-01-19 08:56:57","2026-01-19 08:56:57",NULL
2312,2312,2312,6,NULL,"2026-01-19 08:56:57","2026-01-19 08:56:57",NULL
2313,2313,2313,6,NULL,"2026-01-19 08:56:57","2026-01-19 08:56:57",NULL
2314,2314,2314,6,NULL,"2026-01-19 08:56:57","2026-01-19 08:56:57",NULL
2315,2315,2315,6,NULL,"2026-01-19 08:56:57","2026-01-19 08:56:57",NULL
2316,2316,2316,6,NULL,"2026-01-19 08:56:57","2026-01-19 08:56:57",NULL
2317,2317,2317,6,NULL,"2026-01-19 08:56:57","2026-01-19 08:56:57",NULL
2318,2318,2318,6,NULL,"2026-01-19 08:56:57","2026-01-19 08:56:57",NULL
2319,2319,2319,6,NULL,"2026-01-19 08:56:57","2026-01-19 08:56:57",NULL
2320,2320,2320,6,NULL,"2026-01-19 08:56:57","2026-01-19 08:56:57",NULL
2321,2321,2321,6,NULL,"2026-01-19 08:56:57","2026-01-19 08:56:57",NULL
2322,2322,2322,6,NULL,"2026-01-19 08:56:57","2026-01-19 08:56:57",NULL
2323,2323,2323,6,NULL,"2026-01-19 08:56:57","2026-01-19 08:56:57",NULL
2324,2324,2324,6,NULL,"2026-01-19 08:56:57","2026-01-19 08:56:57",NULL
2325,2325,2325,6,NULL,"2026-01-19 08:56:57","2026-01-19 08:56:57",NULL
2326,2326,2326,6,NULL,"2026-01-19 08:56:57","2026-01-19 08:56:57",NULL
2327,2327,2327,6,NULL,"2026-01-19 08:56:57","2026-01-19 08:56:57",NULL
2328,2328,2328,6,NULL,"2026-01-19 08:56:57","2026-01-19 08:56:57",NULL
2329,2329,2329,6,NULL,"2026-01-19 08:56:57","2026-01-19 08:56:57",NULL
2330,2330,2330,6,NULL,"2026-01-19 08:56:57","2026-01-19 08:56:57",NULL
2331,2331,2331,6,NULL,"2026-01-19 08:56:57","2026-01-19 08:56:57",NULL
2332,2332,2332,6,NULL,"2026-01-19 08:56:57","2026-01-19 08:56:57",NULL
2333,2333,2333,6,NULL,"2026-01-19 08:56:57","2026-01-19 08:56:57",NULL
2334,2334,2334,6,NULL,"2026-01-19 08:56:57","2026-01-19 08:56:57",NULL
2335,2335,2335,6,NULL,"2026-01-19 08:56:57","2026-01-19 08:56:57",NULL
2336,2336,2336,6,NULL,"2026-01-19 08:56:57","2026-01-19 08:56:57",NULL
2337,2337,2337,6,NULL,"2026-01-19 08:56:57","2026-01-19 08:56:57",NULL
2338,2338,2338,6,NULL,"2026-01-19 08:56:57","2026-01-19 08:56:57",NULL
2339,2339,2339,6,NULL,"2026-01-19 08:56:57","2026-01-19 08:56:57",NULL
2340,2340,2340,6,NULL,"2026-01-19 08:56:57","2026-01-19 08:56:57",NULL
2341,2341,2341,6,NULL,"2026-01-19 08:56:57","2026-01-19 08:56:57",NULL
2342,2342,2342,6,NULL,"2026-01-19 08:56:57","2026-01-19 08:56:57",NULL
2343,2343,2343,6,NULL,"2026-01-19 08:56:57","2026-01-19 08:56:57",NULL
2344,2344,2344,6,NULL,"2026-01-19 08:56:57","2026-01-19 08:56:57",NULL
2345,2345,2345,6,NULL,"2026-01-19 08:56:57","2026-01-19 08:56:57",NULL
2346,2346,2346,6,NULL,"2026-01-19 08:56:57","2026-01-19 08:56:57",NULL
2347,2347,2347,6,NULL,"2026-01-19 08:56:57","2026-01-19 08:56:57",NULL
2348,2348,2348,6,NULL,"2026-01-19 08:56:57","2026-01-19 08:56:57",NULL
2349,2349,2349,6,NULL,"2026-01-19 08:56:57","2026-01-19 08:56:57",NULL
2350,2350,2350,6,NULL,"2026-01-19 08:56:57","2026-01-19 08:56:57",NULL
2351,2351,2351,6,NULL,"2026-01-19 08:56:57","2026-01-19 08:56:57",NULL
2352,2352,2352,6,NULL,"2026-01-19 08:56:57","2026-01-19 08:56:57",NULL
2353,2353,2353,6,NULL,"2026-01-19 08:56:57","2026-01-19 08:56:57",NULL
2354,2354,2354,6,NULL,"2026-01-19 08:56:57","2026-01-19 08:56:57",NULL
2355,2355,2355,6,NULL,"2026-01-19 08:56:57","2026-01-19 08:56:57",NULL
2356,2356,2356,6,NULL,"2026-01-19 08:56:57","2026-01-19 08:56:57",NULL
2357,2357,2357,6,NULL,"2026-01-19 08:56:57","2026-01-19 08:56:57",NULL
2358,2358,2358,6,NULL,"2026-01-19 08:56:57","2026-01-19 08:56:57",NULL
2359,2359,2359,6,NULL,"2026-01-19 08:56:57","2026-01-19 08:56:57",NULL
2360,2360,2360,6,NULL,"2026-01-19 08:56:57","2026-01-19 08:56:57",NULL
2361,2361,2361,6,NULL,"2026-01-19 08:56:57","2026-01-19 08:56:57",NULL
2362,2362,2362,6,NULL,"2026-01-19 08:56:57","2026-01-19 08:56:57",NULL
2363,2363,2363,6,NULL,"2026-01-19 08:56:57","2026-01-19 08:56:57",NULL
2364,2364,2364,6,NULL,"2026-01-19 08:56:57","2026-01-19 08:56:57",NULL
2365,2365,2365,6,NULL,"2026-01-19 08:56:57","2026-01-19 08:56:57",NULL
2366,2366,2366,6,NULL,"2026-01-19 08:56:57","2026-01-19 08:56:57",NULL
2367,2367,2367,6,NULL,"2026-01-19 08:56:57","2026-01-19 08:56:57",NULL
2368,2368,2368,6,NULL,"2026-01-19 08:56:57","2026-01-19 08:56:57",NULL
2369,2369,2369,6,NULL,"2026-01-19 08:56:57","2026-01-19 08:56:57",NULL
2370,2370,2370,6,NULL,"2026-01-19 08:56:57","2026-01-19 08:56:57",NULL
2371,2371,2371,6,NULL,"2026-01-19 08:56:57","2026-01-19 08:56:57",NULL
2372,2372,2372,6,NULL,"2026-01-19 08:56:57","2026-01-19 08:56:57",NULL
2373,2373,2373,6,NULL,"2026-01-19 08:56:57","2026-01-19 08:56:57",NULL
2374,2374,2374,6,NULL,"2026-01-19 08:56:57","2026-01-19 08:56:57",NULL
2375,2375,2375,6,NULL,"2026-01-19 08:56:57","2026-01-19 08:56:57",NULL
2376,2376,2376,6,NULL,"2026-01-19 08:56:57","2026-01-19 08:56:57",NULL
2377,2377,2377,6,NULL,"2026-01-19 08:56:57","2026-01-19 08:56:57",NULL
2378,2378,2378,6,NULL,"2026-01-19 08:56:57","2026-01-19 08:56:57",NULL
2379,2379,2379,6,NULL,"2026-01-19 08:56:57","2026-01-19 08:56:57",NULL
2380,2380,2380,6,NULL,"2026-01-19 08:56:57","2026-01-19 08:56:57",NULL
2381,2381,2381,6,NULL,"2026-01-19 08:56:57","2026-01-19 08:56:57",NULL
2382,2382,2382,6,NULL,"2026-01-19 08:56:57","2026-01-19 08:56:57",NULL
2383,2383,2383,6,NULL,"2026-01-19 08:56:57","2026-01-19 08:56:57",NULL
2384,2384,2384,6,NULL,"2026-01-19 08:56:57","2026-01-19 08:56:57",NULL
2385,2385,2385,6,NULL,"2026-01-19 08:56:57","2026-01-19 08:56:57",NULL
2386,2386,2386,6,NULL,"2026-01-19 08:56:57","2026-01-19 08:56:57",NULL
2387,2387,2387,6,NULL,"2026-01-19 08:56:57","2026-01-19 08:56:57",NULL
2388,2388,2388,6,NULL,"2026-01-19 08:56:57","2026-01-19 08:56:57",NULL
2389,2389,2389,6,NULL,"2026-01-19 08:56:57","2026-01-19 08:56:57",NULL
2390,2390,2390,6,NULL,"2026-01-19 08:56:57","2026-01-19 08:56:57",NULL
2391,2391,2391,6,NULL,"2026-01-19 08:56:57","2026-01-19 08:56:57",NULL
2392,2392,2392,6,NULL,"2026-01-19 08:56:57","2026-01-19 08:56:57",NULL
2393,2393,2393,6,NULL,"2026-01-19 08:56:57","2026-01-19 08:56:57",NULL
2394,2394,2394,6,NULL,"2026-01-19 08:56:57","2026-01-19 08:56:57",NULL
2395,2395,2395,6,NULL,"2026-01-19 08:56:57","2026-01-19 08:56:57",NULL
2396,2396,2396,6,NULL,"2026-01-19 08:56:57","2026-01-19 08:56:57",NULL
2397,2397,2397,6,NULL,"2026-01-19 08:56:57","2026-01-19 08:56:57",NULL
2398,2398,2398,6,NULL,"2026-01-19 08:56:57","2026-01-19 08:56:57",NULL
2399,2399,2399,6,NULL,"2026-01-19 08:56:57","2026-01-19 08:56:57",NULL
2400,2400,2400,6,NULL,"2026-01-19 08:56:57","2026-01-19 08:56:57",NULL
2401,2401,2401,6,NULL,"2026-01-19 08:56:57","2026-01-19 08:56:57",NULL
2402,2402,2402,6,NULL,"2026-01-19 08:56:57","2026-01-19 08:56:57",NULL
2403,2403,2403,6,NULL,"2026-01-19 08:56:57","2026-01-19 08:56:57",NULL
2404,2404,2404,6,NULL,"2026-01-19 08:56:57","2026-01-19 08:56:57",NULL
2405,2405,2405,6,NULL,"2026-01-19 08:56:57","2026-01-19 08:56:57",NULL
2406,2406,2406,6,NULL,"2026-01-19 08:56:57","2026-01-19 08:56:57",NULL
2407,2407,2407,6,NULL,"2026-01-19 08:56:57","2026-01-19 08:56:57",NULL
2408,2408,2408,6,NULL,"2026-01-19 08:56:57","2026-01-19 08:56:57",NULL
2409,2409,2409,6,NULL,"2026-01-19 08:56:57","2026-01-19 08:56:57",NULL
2410,2410,2410,6,NULL,"2026-01-19 08:56:57","2026-01-19 08:56:57",NULL
2411,2411,2411,6,NULL,"2026-01-19 08:56:57","2026-01-19 08:56:57",NULL
2412,2412,2412,6,NULL,"2026-01-19 08:56:57","2026-01-19 08:56:57",NULL
2413,2413,2413,6,NULL,"2026-01-19 08:56:57","2026-01-19 08:56:57",NULL
2414,2414,2414,6,NULL,"2026-01-19 08:56:57","2026-01-19 08:56:57",NULL
2415,2415,2415,6,NULL,"2026-01-19 08:56:57","2026-01-19 08:56:57",NULL
2416,2416,2416,6,NULL,"2026-01-19 08:56:57","2026-01-19 08:56:57",NULL
2417,2417,2417,6,NULL,"2026-01-19 08:56:57","2026-01-19 08:56:57",NULL
2418,2418,2418,6,NULL,"2026-01-19 08:56:57","2026-01-19 08:56:57",NULL
2419,2419,2419,6,NULL,"2026-01-19 08:56:57","2026-01-19 08:56:57",NULL
2420,2420,2420,6,NULL,"2026-01-19 08:56:57","2026-01-19 08:56:57",NULL
2421,2421,2421,6,NULL,"2026-01-19 08:56:57","2026-01-19 08:56:57",NULL
2422,2422,2422,6,NULL,"2026-01-19 08:56:57","2026-01-19 08:56:57",NULL
2423,2423,2423,6,NULL,"2026-01-19 08:56:57","2026-01-19 08:56:57",NULL
2424,2424,2424,6,NULL,"2026-01-19 08:56:57","2026-01-19 08:56:57",NULL
2425,2425,2425,6,NULL,"2026-01-19 08:56:57","2026-01-19 08:56:57",NULL
2426,2426,2426,6,NULL,"2026-01-19 08:56:57","2026-01-19 08:56:57",NULL
2427,2427,2427,6,NULL,"2026-01-19 08:56:57","2026-01-19 08:56:57",NULL
2428,2428,2428,6,NULL,"2026-01-19 08:56:57","2026-01-19 08:56:57",NULL
2429,2429,2429,6,NULL,"2026-01-19 08:56:57","2026-01-19 08:56:57",NULL
2430,2430,2430,6,NULL,"2026-01-19 08:56:57","2026-01-19 08:56:57",NULL
2431,2431,2431,6,NULL,"2026-01-19 08:56:57","2026-01-19 08:56:57",NULL
2432,2432,2432,6,NULL,"2026-01-19 08:56:57","2026-01-19 08:56:57",NULL
2433,2433,2433,6,NULL,"2026-01-19 08:56:57","2026-01-19 08:56:57",NULL
2434,2434,2434,6,NULL,"2026-01-19 08:56:57","2026-01-19 08:56:57",NULL
2435,2435,2435,6,NULL,"2026-01-19 08:56:57","2026-01-19 08:56:57",NULL
2436,2436,2436,6,NULL,"2026-01-19 08:56:57","2026-01-19 08:56:57",NULL
2437,2437,2437,6,NULL,"2026-01-19 08:56:57","2026-01-19 08:56:57",NULL
2438,2438,2438,6,NULL,"2026-01-19 08:56:57","2026-01-19 08:56:57",NULL
2439,2439,2439,6,NULL,"2026-01-19 08:56:57","2026-01-19 08:56:57",NULL
2440,2440,2440,6,NULL,"2026-01-19 08:56:57","2026-01-19 08:56:57",NULL
2441,2441,2441,6,NULL,"2026-01-19 08:56:57","2026-01-19 08:56:57",NULL
2442,2442,2442,6,NULL,"2026-01-19 08:56:57","2026-01-19 08:56:57",NULL
2443,2443,2443,6,NULL,"2026-01-19 08:56:57","2026-01-19 08:56:57",NULL
2444,2444,2444,6,NULL,"2026-01-19 08:56:57","2026-01-19 08:56:57",NULL
2445,2445,2445,6,NULL,"2026-01-19 08:56:57","2026-01-19 08:56:57",NULL
2446,2446,2446,6,NULL,"2026-01-19 08:56:57","2026-01-19 08:56:57",NULL
2447,2447,2447,6,NULL,"2026-01-19 08:56:57","2026-01-19 08:56:57",NULL
2448,2448,2448,6,NULL,"2026-01-19 08:56:57","2026-01-19 08:56:57",NULL
2449,2449,2449,6,NULL,"2026-01-19 08:56:57","2026-01-19 08:56:57",NULL
2450,2450,2450,6,NULL,"2026-01-19 08:56:57","2026-01-19 08:56:57",NULL
2451,2451,2451,6,NULL,"2026-01-19 08:56:57","2026-01-19 08:56:57",NULL
2452,2452,2452,6,NULL,"2026-01-19 08:56:57","2026-01-19 08:56:57",NULL
2453,2453,2453,6,NULL,"2026-01-19 08:56:57","2026-01-19 08:56:57",NULL
2454,2454,2454,6,NULL,"2026-01-19 08:56:57","2026-01-19 08:56:57",NULL
2455,2455,2455,6,NULL,"2026-01-19 08:56:57","2026-01-19 08:56:57",NULL
2456,2456,2456,6,NULL,"2026-01-19 08:56:57","2026-01-19 08:56:57",NULL
2457,2457,2457,6,NULL,"2026-01-19 08:56:57","2026-01-19 08:56:57",NULL
2458,2458,2458,6,NULL,"2026-01-19 08:56:57","2026-01-19 08:56:57",NULL
2459,2459,2459,6,NULL,"2026-01-19 08:56:57","2026-01-19 08:56:57",NULL
2460,2460,2460,6,NULL,"2026-01-19 08:56:57","2026-01-19 08:56:57",NULL
2461,2461,2461,6,NULL,"2026-01-19 08:56:57","2026-01-19 08:56:57",NULL
2462,2462,2462,6,NULL,"2026-01-19 08:56:57","2026-01-19 08:56:57",NULL
2463,2463,2463,6,NULL,"2026-01-19 08:56:57","2026-01-19 08:56:57",NULL
2464,2464,2464,6,NULL,"2026-01-19 08:56:57","2026-01-19 08:56:57",NULL
2465,2465,2465,6,NULL,"2026-01-19 08:56:57","2026-01-19 08:56:57",NULL
2466,2466,2466,6,NULL,"2026-01-19 08:56:57","2026-01-19 08:56:57",NULL
2467,2467,2467,6,NULL,"2026-01-19 08:56:57","2026-01-19 08:56:57",NULL
2468,2468,2468,6,NULL,"2026-01-19 08:56:57","2026-01-19 08:56:57",NULL
2469,2469,2469,6,NULL,"2026-01-19 08:56:57","2026-01-19 08:56:57",NULL
2470,2470,2470,6,NULL,"2026-01-19 08:56:57","2026-01-19 08:56:57",NULL
2471,2471,2471,6,NULL,"2026-01-19 08:56:57","2026-01-19 08:56:57",NULL
2472,2472,2472,6,NULL,"2026-01-19 08:56:57","2026-01-19 08:56:57",NULL
2473,2473,2473,6,NULL,"2026-01-19 08:56:57","2026-01-19 08:56:57",NULL
2474,2474,2474,6,NULL,"2026-01-19 08:56:57","2026-01-19 08:56:57",NULL
2475,2475,2475,6,NULL,"2026-01-19 08:56:57","2026-01-19 08:56:57",NULL
2476,2476,2476,6,NULL,"2026-01-19 08:56:57","2026-01-19 08:56:57",NULL
2477,2477,2477,6,NULL,"2026-01-19 08:56:57","2026-01-19 08:56:57",NULL
2478,2478,2478,6,NULL,"2026-01-19 08:56:57","2026-01-19 08:56:57",NULL
2479,2479,2479,6,NULL,"2026-01-19 08:56:57","2026-01-19 08:56:57",NULL
2480,2480,2480,6,NULL,"2026-01-19 08:56:57","2026-01-19 08:56:57",NULL
2481,2481,2481,6,NULL,"2026-01-19 08:56:57","2026-01-19 08:56:57",NULL
2482,2482,2482,6,NULL,"2026-01-19 08:56:57","2026-01-19 08:56:57",NULL
2483,2483,2483,6,NULL,"2026-01-19 08:56:57","2026-01-19 08:56:57",NULL
2484,2484,2484,6,NULL,"2026-01-19 08:56:57","2026-01-19 08:56:57",NULL
2485,2485,2485,6,NULL,"2026-01-19 08:56:57","2026-01-19 08:56:57",NULL
2486,2486,2486,6,NULL,"2026-01-19 08:56:57","2026-01-19 08:56:57",NULL
2487,2487,2487,6,NULL,"2026-01-19 08:56:57","2026-01-19 08:56:57",NULL
2488,2488,2488,6,NULL,"2026-01-19 08:56:57","2026-01-19 08:56:57",NULL
2489,2489,2489,6,NULL,"2026-01-19 08:56:57","2026-01-19 08:56:57",NULL
2490,2490,2490,6,NULL,"2026-01-19 08:56:57","2026-01-19 08:56:57",NULL
2491,2491,2491,6,NULL,"2026-01-19 08:56:57","2026-01-19 08:56:57",NULL
2492,2492,2492,6,NULL,"2026-01-19 08:56:58","2026-01-19 08:56:58",NULL
2493,2493,2493,6,NULL,"2026-01-19 08:56:58","2026-01-19 08:56:58",NULL
2494,2494,2494,6,NULL,"2026-01-19 08:56:58","2026-01-19 08:56:58",NULL
2495,2495,2495,6,NULL,"2026-01-19 08:56:58","2026-01-19 08:56:58",NULL
2496,2496,2496,6,NULL,"2026-01-19 08:56:58","2026-01-19 08:56:58",NULL
2497,2497,2497,6,NULL,"2026-01-19 08:56:58","2026-01-19 08:56:58",NULL
2498,2498,2498,6,NULL,"2026-01-19 08:56:58","2026-01-19 08:56:58",NULL
2499,2499,2499,6,NULL,"2026-01-19 08:56:58","2026-01-19 08:56:58",NULL
2500,2500,2500,6,NULL,"2026-01-19 08:56:58","2026-01-19 08:56:58",NULL
2501,2501,2501,6,NULL,"2026-01-19 08:56:58","2026-01-19 08:56:58",NULL
2502,2502,2502,6,NULL,"2026-01-19 08:56:58","2026-01-19 08:56:58",NULL
2503,2503,2503,6,NULL,"2026-01-19 08:56:58","2026-01-19 08:56:58",NULL
2504,2504,2504,6,NULL,"2026-01-19 08:56:58","2026-01-19 08:56:58",NULL
2505,2505,2505,6,NULL,"2026-01-19 08:56:58","2026-01-19 08:56:58",NULL
2506,2506,2506,6,NULL,"2026-01-19 08:56:58","2026-01-19 08:56:58",NULL
2507,2507,2507,6,NULL,"2026-01-19 08:56:58","2026-01-19 08:56:58",NULL
2508,2508,2508,6,NULL,"2026-01-19 08:56:58","2026-01-19 08:56:58",NULL
2509,2509,2509,6,NULL,"2026-01-19 08:56:58","2026-01-19 08:56:58",NULL
2510,2510,2510,6,NULL,"2026-01-19 08:56:58","2026-01-19 08:56:58",NULL
2511,2511,2511,6,NULL,"2026-01-19 08:56:58","2026-01-19 08:56:58",NULL
2512,2512,2512,6,NULL,"2026-01-19 08:56:58","2026-01-19 08:56:58",NULL
2513,2513,2513,6,NULL,"2026-01-19 08:56:58","2026-01-19 08:56:58",NULL
2514,2514,2514,6,NULL,"2026-01-19 08:56:58","2026-01-19 08:56:58",NULL
2515,2515,2515,6,NULL,"2026-01-19 08:56:58","2026-01-19 08:56:58",NULL
2516,2516,2516,6,NULL,"2026-01-19 08:56:58","2026-01-19 08:56:58",NULL
2517,2517,2517,6,NULL,"2026-01-19 08:56:58","2026-01-19 08:56:58",NULL
2518,2518,2518,6,NULL,"2026-01-19 08:56:58","2026-01-19 08:56:58",NULL
2519,2519,2519,6,NULL,"2026-01-19 08:56:58","2026-01-19 08:56:58",NULL
2520,2520,2520,6,NULL,"2026-01-19 08:56:58","2026-01-19 08:56:58",NULL
2521,2521,2521,6,NULL,"2026-01-19 08:56:58","2026-01-19 08:56:58",NULL
2522,2522,2522,6,NULL,"2026-01-19 08:56:58","2026-01-19 08:56:58",NULL
2523,2523,2523,6,NULL,"2026-01-19 08:56:58","2026-01-19 08:56:58",NULL
2524,2524,2524,6,NULL,"2026-01-19 08:56:58","2026-01-19 08:56:58",NULL
2525,2525,2525,6,NULL,"2026-01-19 08:56:58","2026-01-19 08:56:58",NULL
2526,2526,2526,6,NULL,"2026-01-19 08:56:58","2026-01-19 08:56:58",NULL
2527,2527,2527,6,NULL,"2026-01-19 08:56:58","2026-01-19 08:56:58",NULL
2528,2528,2528,6,NULL,"2026-01-19 08:56:58","2026-01-19 08:56:58",NULL
2529,2529,2529,6,NULL,"2026-01-19 08:56:58","2026-01-19 08:56:58",NULL
2530,2530,2530,6,NULL,"2026-01-19 08:56:58","2026-01-19 08:56:58",NULL
2531,2531,2531,6,NULL,"2026-01-19 08:56:58","2026-01-19 08:56:58",NULL
2532,2532,2532,6,NULL,"2026-01-19 08:56:58","2026-01-19 08:56:58",NULL
2533,2533,2533,6,NULL,"2026-01-19 08:56:58","2026-01-19 08:56:58",NULL
2534,2534,2534,6,NULL,"2026-01-19 08:56:58","2026-01-19 08:56:58",NULL
2535,2535,2535,6,NULL,"2026-01-19 08:56:58","2026-01-19 08:56:58",NULL
2536,2536,2536,6,NULL,"2026-01-19 08:56:58","2026-01-19 08:56:58",NULL
2537,2537,2537,6,NULL,"2026-01-19 08:56:58","2026-01-19 08:56:58",NULL
2538,2538,2538,6,NULL,"2026-01-19 08:56:58","2026-01-19 08:56:58",NULL
2539,2539,2539,6,NULL,"2026-01-19 08:56:58","2026-01-19 08:56:58",NULL
2540,2540,2540,6,NULL,"2026-01-19 08:56:58","2026-01-19 08:56:58",NULL
2541,2541,2541,6,NULL,"2026-01-19 08:56:58","2026-01-19 08:56:58",NULL
2542,2542,2542,6,NULL,"2026-01-19 08:56:58","2026-01-19 08:56:58",NULL
2543,2543,2543,6,NULL,"2026-01-19 08:56:58","2026-01-19 08:56:58",NULL
2544,2544,2544,6,NULL,"2026-01-19 08:56:58","2026-01-19 08:56:58",NULL
2545,2545,2545,6,NULL,"2026-01-19 08:56:58","2026-01-19 08:56:58",NULL
2546,2546,2546,6,NULL,"2026-01-19 08:56:58","2026-01-19 08:56:58",NULL
2547,2547,2547,6,NULL,"2026-01-19 08:56:58","2026-01-19 08:56:58",NULL
2548,2548,2548,6,NULL,"2026-01-19 08:56:58","2026-01-19 08:56:58",NULL
2549,2549,2549,6,NULL,"2026-01-19 08:56:58","2026-01-19 08:56:58",NULL
2550,2550,2550,6,NULL,"2026-01-19 08:56:58","2026-01-19 08:56:58",NULL
2551,2551,2551,6,NULL,"2026-01-19 08:56:58","2026-01-19 08:56:58",NULL
2552,2552,2552,6,NULL,"2026-01-19 08:56:58","2026-01-19 08:56:58",NULL
2553,2553,2553,6,NULL,"2026-01-19 08:56:58","2026-01-19 08:56:58",NULL
2554,2554,2554,6,NULL,"2026-01-19 08:56:58","2026-01-19 08:56:58",NULL
2555,2555,2555,6,NULL,"2026-01-19 08:56:58","2026-01-19 08:56:58",NULL
2556,2556,2556,6,NULL,"2026-01-19 08:56:58","2026-01-19 08:56:58",NULL
2557,2557,2557,6,NULL,"2026-01-19 08:56:58","2026-01-19 08:56:58",NULL
2558,2558,2558,6,NULL,"2026-01-19 08:56:58","2026-01-19 08:56:58",NULL
2559,2559,2559,6,NULL,"2026-01-19 08:56:58","2026-01-19 08:56:58",NULL
2560,2560,2560,6,NULL,"2026-01-19 08:56:58","2026-01-19 08:56:58",NULL
2561,2561,2561,6,NULL,"2026-01-19 08:56:58","2026-01-19 08:56:58",NULL
2562,2562,2562,6,NULL,"2026-01-19 08:56:58","2026-01-19 08:56:58",NULL
2563,2563,2563,6,NULL,"2026-01-19 08:56:58","2026-01-19 08:56:58",NULL
2564,2564,2564,6,NULL,"2026-01-19 08:56:58","2026-01-19 08:56:58",NULL
2565,2565,2565,6,NULL,"2026-01-19 08:56:58","2026-01-19 08:56:58",NULL
2566,2566,2566,6,NULL,"2026-01-19 08:56:58","2026-01-19 08:56:58",NULL
2567,2567,2567,6,NULL,"2026-01-19 08:56:58","2026-01-19 08:56:58",NULL
2568,2568,2568,6,NULL,"2026-01-19 08:56:58","2026-01-19 08:56:58",NULL
2569,2569,2569,6,NULL,"2026-01-19 08:56:58","2026-01-19 08:56:58",NULL
2570,2570,2570,6,NULL,"2026-01-19 08:56:58","2026-01-19 08:56:58",NULL
2571,2571,2571,6,NULL,"2026-01-19 08:56:58","2026-01-19 08:56:58",NULL
2572,2572,2572,6,NULL,"2026-01-19 08:56:58","2026-01-19 08:56:58",NULL
2573,2573,2573,6,NULL,"2026-01-19 08:56:58","2026-01-19 08:56:58",NULL
2574,2574,2574,6,NULL,"2026-01-19 08:56:58","2026-01-19 08:56:58",NULL
2575,2575,2575,6,NULL,"2026-01-19 08:56:58","2026-01-19 08:56:58",NULL
2576,2576,2576,6,NULL,"2026-01-19 08:56:58","2026-01-19 08:56:58",NULL
2577,2577,2577,6,NULL,"2026-01-19 08:56:58","2026-01-19 08:56:58",NULL
2578,2578,2578,6,NULL,"2026-01-19 08:56:58","2026-01-19 08:56:58",NULL
2579,2579,2579,6,NULL,"2026-01-19 08:56:58","2026-01-19 08:56:58",NULL
2580,2580,2580,6,NULL,"2026-01-19 08:56:58","2026-01-19 08:56:58",NULL
2581,2581,2581,6,NULL,"2026-01-19 08:56:58","2026-01-19 08:56:58",NULL
2582,2582,2582,6,NULL,"2026-01-19 08:56:58","2026-01-19 08:56:58",NULL
2583,2583,2583,6,NULL,"2026-01-19 08:56:58","2026-01-19 08:56:58",NULL
2584,2584,2584,6,NULL,"2026-01-19 08:56:58","2026-01-19 08:56:58",NULL
2585,2585,2585,6,NULL,"2026-01-19 08:56:58","2026-01-19 08:56:58",NULL
2586,2586,2586,6,NULL,"2026-01-19 08:56:58","2026-01-19 08:56:58",NULL
2587,2587,2587,6,NULL,"2026-01-19 08:56:58","2026-01-19 08:56:58",NULL
2588,2588,2588,6,NULL,"2026-01-19 08:56:58","2026-01-19 08:56:58",NULL
2589,2589,2589,6,NULL,"2026-01-19 08:56:58","2026-01-19 08:56:58",NULL
2590,2590,2590,6,NULL,"2026-01-19 08:56:58","2026-01-19 08:56:58",NULL
2591,2591,2591,6,NULL,"2026-01-19 08:56:58","2026-01-19 08:56:58",NULL
2592,2592,2592,6,NULL,"2026-01-19 08:56:58","2026-01-19 08:56:58",NULL
2593,2593,2593,6,NULL,"2026-01-19 08:56:58","2026-01-19 08:56:58",NULL
2594,2594,2594,6,NULL,"2026-01-19 08:56:58","2026-01-19 08:56:58",NULL
2595,2595,2595,6,NULL,"2026-01-19 08:56:58","2026-01-19 08:56:58",NULL
2596,2596,2596,6,NULL,"2026-01-19 08:56:58","2026-01-19 08:56:58",NULL
2597,2597,2597,6,NULL,"2026-01-19 08:56:58","2026-01-19 08:56:58",NULL
2598,2598,2598,6,NULL,"2026-01-19 08:56:58","2026-01-19 08:56:58",NULL
2599,2599,2599,6,NULL,"2026-01-19 08:56:58","2026-01-19 08:56:58",NULL
2600,2600,2600,6,NULL,"2026-01-19 08:56:58","2026-01-19 08:56:58",NULL
2601,2601,2601,6,NULL,"2026-01-19 08:56:58","2026-01-19 08:56:58",NULL
2602,2602,2602,6,NULL,"2026-01-19 08:56:58","2026-01-19 08:56:58",NULL
2603,2603,2603,6,NULL,"2026-01-19 08:56:58","2026-01-19 08:56:58",NULL
2604,2604,2604,6,NULL,"2026-01-19 08:56:58","2026-01-19 08:56:58",NULL
2605,2605,2605,6,NULL,"2026-01-19 08:56:58","2026-01-19 08:56:58",NULL
2606,2606,2606,6,NULL,"2026-01-19 08:56:58","2026-01-19 08:56:58",NULL
2607,2607,2607,6,NULL,"2026-01-19 08:56:58","2026-01-19 08:56:58",NULL
2608,2608,2608,6,NULL,"2026-01-19 08:56:58","2026-01-19 08:56:58",NULL
2609,2609,2609,6,NULL,"2026-01-19 08:56:58","2026-01-19 08:56:58",NULL
2610,2610,2610,6,NULL,"2026-01-19 08:56:58","2026-01-19 08:56:58",NULL
2611,2611,2611,6,NULL,"2026-01-19 08:56:58","2026-01-19 08:56:58",NULL
2612,2612,2612,6,NULL,"2026-01-19 08:56:58","2026-01-19 08:56:58",NULL
2613,2613,2613,6,NULL,"2026-01-19 08:56:58","2026-01-19 08:56:58",NULL
2614,2614,2614,6,NULL,"2026-01-19 08:56:58","2026-01-19 08:56:58",NULL
2615,2615,2615,6,NULL,"2026-01-19 08:56:58","2026-01-19 08:56:58",NULL
2616,2616,2616,6,NULL,"2026-01-19 08:56:58","2026-01-19 08:56:58",NULL
2617,2617,2617,6,NULL,"2026-01-19 08:56:58","2026-01-19 08:56:58",NULL
2618,2618,2618,6,NULL,"2026-01-19 08:56:58","2026-01-19 08:56:58",NULL
2619,2619,2619,6,NULL,"2026-01-19 08:56:58","2026-01-19 08:56:58",NULL
2620,2620,2620,6,NULL,"2026-01-19 08:56:58","2026-01-19 08:56:58",NULL
2621,2621,2621,6,NULL,"2026-01-19 08:56:58","2026-01-19 08:56:58",NULL
2622,2622,2622,6,NULL,"2026-01-19 08:56:58","2026-01-19 08:56:58",NULL
2623,2623,2623,6,NULL,"2026-01-19 08:56:58","2026-01-19 08:56:58",NULL
2624,2624,2624,6,NULL,"2026-01-19 08:56:58","2026-01-19 08:56:58",NULL
2625,2625,2625,6,NULL,"2026-01-19 08:56:58","2026-01-19 08:56:58",NULL
2626,2626,2626,6,NULL,"2026-01-19 08:56:58","2026-01-19 08:56:58",NULL
2627,2627,2627,6,NULL,"2026-01-19 08:56:58","2026-01-19 08:56:58",NULL
2628,2628,2628,6,NULL,"2026-01-19 08:56:58","2026-01-19 08:56:58",NULL
2629,2629,2629,6,NULL,"2026-01-19 08:56:58","2026-01-19 08:56:58",NULL
2630,2630,2630,6,NULL,"2026-01-19 08:56:58","2026-01-19 08:56:58",NULL
2631,2631,2631,6,NULL,"2026-01-19 08:56:58","2026-01-19 08:56:58",NULL
2632,2632,2632,6,NULL,"2026-01-19 08:56:58","2026-01-19 08:56:58",NULL
2633,2633,2633,6,NULL,"2026-01-19 08:56:58","2026-01-19 08:56:58",NULL
2634,2634,2634,6,NULL,"2026-01-19 08:56:58","2026-01-19 08:56:58",NULL
2635,2635,2635,6,NULL,"2026-01-19 08:56:58","2026-01-19 08:56:58",NULL
2636,2636,2636,6,NULL,"2026-01-19 08:56:58","2026-01-19 08:56:58",NULL
2637,2637,2637,6,NULL,"2026-01-19 08:56:58","2026-01-19 08:56:58",NULL
2638,2638,2638,6,NULL,"2026-01-19 08:56:58","2026-01-19 08:56:58",NULL
2639,2639,2639,6,NULL,"2026-01-19 08:56:58","2026-01-19 08:56:58",NULL
2640,2640,2640,6,NULL,"2026-01-19 08:56:58","2026-01-19 08:56:58",NULL
2641,2641,2641,6,NULL,"2026-01-19 08:56:58","2026-01-19 08:56:58",NULL
2642,2642,2642,6,NULL,"2026-01-19 08:56:58","2026-01-19 08:56:58",NULL
2643,2643,2643,6,NULL,"2026-01-19 08:56:58","2026-01-19 08:56:58",NULL
2644,2644,2644,6,NULL,"2026-01-19 08:56:58","2026-01-19 08:56:58",NULL
2645,2645,2645,6,NULL,"2026-01-19 08:56:58","2026-01-19 08:56:58",NULL
2646,2646,2646,6,NULL,"2026-01-19 08:56:58","2026-01-19 08:56:58",NULL
2647,2647,2647,6,NULL,"2026-01-19 08:56:58","2026-01-19 08:56:58",NULL
2648,2648,2648,6,NULL,"2026-01-19 08:56:58","2026-01-19 08:56:58",NULL
2649,2649,2649,6,NULL,"2026-01-19 08:56:58","2026-01-19 08:56:58",NULL
2650,2650,2650,6,NULL,"2026-01-19 08:56:58","2026-01-19 08:56:58",NULL
2651,2651,2651,6,NULL,"2026-01-19 08:56:58","2026-01-19 08:56:58",NULL
2652,2652,2652,6,NULL,"2026-01-19 08:56:58","2026-01-19 08:56:58",NULL
2653,2653,2653,6,NULL,"2026-01-19 08:56:58","2026-01-19 08:56:58",NULL
2654,2654,2654,6,NULL,"2026-01-19 08:56:58","2026-01-19 08:56:58",NULL
2655,2655,2655,6,NULL,"2026-01-19 08:56:58","2026-01-19 08:56:58",NULL
2656,2656,2656,6,NULL,"2026-01-19 08:56:58","2026-01-19 08:56:58",NULL
2657,2657,2657,6,NULL,"2026-01-19 08:56:58","2026-01-19 08:56:58",NULL
2658,2658,2658,6,NULL,"2026-01-19 08:56:58","2026-01-19 08:56:58",NULL
2659,2659,2659,6,NULL,"2026-01-19 08:56:58","2026-01-19 08:56:58",NULL
2660,2660,2660,6,NULL,"2026-01-19 08:56:58","2026-01-19 08:56:58",NULL
2661,2661,2661,6,NULL,"2026-01-19 08:56:58","2026-01-19 08:56:58",NULL
2662,2662,2662,6,NULL,"2026-01-19 08:56:58","2026-01-19 08:56:58",NULL
2663,2663,2663,6,NULL,"2026-01-19 08:56:58","2026-01-19 08:56:58",NULL
2664,2664,2664,6,NULL,"2026-01-19 08:56:58","2026-01-19 08:56:58",NULL
2665,2665,2665,6,NULL,"2026-01-19 08:56:58","2026-01-19 08:56:58",NULL
2666,2666,2666,6,NULL,"2026-01-19 08:56:58","2026-01-19 08:56:58",NULL
2667,2667,2667,6,NULL,"2026-01-19 08:56:58","2026-01-19 08:56:58",NULL
2668,2668,2668,6,NULL,"2026-01-19 08:56:58","2026-01-19 08:56:58",NULL
2669,2669,2669,6,NULL,"2026-01-19 08:56:58","2026-01-19 08:56:58",NULL
2670,2670,2670,6,NULL,"2026-01-19 08:56:58","2026-01-19 08:56:58",NULL
2671,2671,2671,6,NULL,"2026-01-19 08:56:58","2026-01-19 08:56:58",NULL
2672,2672,2672,6,NULL,"2026-01-19 08:56:58","2026-01-19 08:56:58",NULL
2673,2673,2673,6,NULL,"2026-01-19 08:56:58","2026-01-19 08:56:58",NULL
2674,2674,2674,6,NULL,"2026-01-19 08:56:58","2026-01-19 08:56:58",NULL
2675,2675,2675,6,NULL,"2026-01-19 08:56:58","2026-01-19 08:56:58",NULL
2676,2676,2676,6,NULL,"2026-01-19 08:56:58","2026-01-19 08:56:58",NULL
2677,2677,2677,6,NULL,"2026-01-19 08:56:58","2026-01-19 08:56:58",NULL
2678,2678,2678,6,NULL,"2026-01-19 08:56:58","2026-01-19 08:56:58",NULL
2679,2679,2679,6,NULL,"2026-01-19 08:56:58","2026-01-19 08:56:58",NULL
2680,2680,2680,6,NULL,"2026-01-19 08:56:58","2026-01-19 08:56:58",NULL
2681,2681,2681,6,NULL,"2026-01-19 08:56:58","2026-01-19 08:56:58",NULL
2682,2682,2682,6,NULL,"2026-01-19 08:56:58","2026-01-19 08:56:58",NULL
2683,2683,2683,6,NULL,"2026-01-19 08:56:58","2026-01-19 08:56:58",NULL
2684,2684,2684,6,NULL,"2026-01-19 08:56:58","2026-01-19 08:56:58",NULL
2685,2685,2685,6,NULL,"2026-01-19 08:56:58","2026-01-19 08:56:58",NULL
2686,2686,2686,6,NULL,"2026-01-19 08:56:58","2026-01-19 08:56:58",NULL
2687,2687,2687,6,NULL,"2026-01-19 08:56:58","2026-01-19 08:56:58",NULL
2688,2688,2688,6,NULL,"2026-01-19 08:56:58","2026-01-19 08:56:58",NULL
2689,2689,2689,6,NULL,"2026-01-19 08:56:58","2026-01-19 08:56:58",NULL
2690,2690,2690,6,NULL,"2026-01-19 08:56:58","2026-01-19 08:56:58",NULL
2691,2691,2691,6,NULL,"2026-01-19 08:56:58","2026-01-19 08:56:58",NULL
2692,2692,2692,6,NULL,"2026-01-19 08:56:58","2026-01-19 08:56:58",NULL
2693,2693,2693,6,NULL,"2026-01-19 08:56:58","2026-01-19 08:56:58",NULL
2694,2694,2694,6,NULL,"2026-01-19 08:56:58","2026-01-19 08:56:58",NULL
2695,2695,2695,6,NULL,"2026-01-19 08:56:58","2026-01-19 08:56:58",NULL
2696,2696,2696,6,NULL,"2026-01-19 08:56:58","2026-01-19 08:56:58",NULL
2697,2697,2697,6,NULL,"2026-01-19 08:56:58","2026-01-19 08:56:58",NULL
2698,2698,2698,6,NULL,"2026-01-19 08:56:58","2026-01-19 08:56:58",NULL
2699,2699,2699,6,NULL,"2026-01-19 08:56:58","2026-01-19 08:56:58",NULL
2700,2700,2700,6,NULL,"2026-01-19 08:56:58","2026-01-19 08:56:58",NULL
2701,2701,2701,6,NULL,"2026-01-19 08:56:58","2026-01-19 08:56:58",NULL
2702,2702,2702,6,NULL,"2026-01-19 08:56:58","2026-01-19 08:56:58",NULL
2703,2703,2703,6,NULL,"2026-01-19 08:56:58","2026-01-19 08:56:58",NULL
2704,2704,2704,6,NULL,"2026-01-19 08:56:58","2026-01-19 08:56:58",NULL
2705,2705,2705,6,NULL,"2026-01-19 08:56:58","2026-01-19 08:56:58",NULL
2706,2706,2706,6,NULL,"2026-01-19 08:56:58","2026-01-19 08:56:58",NULL
2707,2707,2707,6,NULL,"2026-01-19 08:56:58","2026-01-19 08:56:58",NULL
2708,2708,2708,6,NULL,"2026-01-19 08:56:58","2026-01-19 08:56:58",NULL
2709,2709,2709,6,NULL,"2026-01-19 08:56:58","2026-01-19 08:56:58",NULL
2710,2710,2710,6,NULL,"2026-01-19 08:56:58","2026-01-19 08:56:58",NULL
2711,2711,2711,6,NULL,"2026-01-19 08:56:58","2026-01-19 08:56:58",NULL
2712,2712,2712,6,NULL,"2026-01-19 08:56:58","2026-01-19 08:56:58",NULL
2713,2713,2713,6,NULL,"2026-01-19 08:56:58","2026-01-19 08:56:58",NULL
2714,2714,2714,6,NULL,"2026-01-19 08:56:58","2026-01-19 08:56:58",NULL
2715,2715,2715,6,NULL,"2026-01-19 08:56:58","2026-01-19 08:56:58",NULL
2716,2716,2716,6,NULL,"2026-01-19 08:56:58","2026-01-19 08:56:58",NULL
2717,2717,2717,6,NULL,"2026-01-19 08:56:58","2026-01-19 08:56:58",NULL
2718,2718,2718,6,NULL,"2026-01-19 08:56:58","2026-01-19 08:56:58",NULL
2719,2719,2719,6,NULL,"2026-01-19 08:56:58","2026-01-19 08:56:58",NULL
2720,2720,2720,6,NULL,"2026-01-19 08:56:58","2026-01-19 08:56:58",NULL
2721,2721,2721,6,NULL,"2026-01-19 08:56:58","2026-01-19 08:56:58",NULL
2722,2722,2722,6,NULL,"2026-01-19 08:56:58","2026-01-19 08:56:58",NULL
2723,2723,2723,6,NULL,"2026-01-19 08:56:58","2026-01-19 08:56:58",NULL
2724,2724,2724,6,NULL,"2026-01-19 08:56:58","2026-01-19 08:56:58",NULL
2725,2725,2725,6,NULL,"2026-01-19 08:56:58","2026-01-19 08:56:58",NULL
2726,2726,2726,6,NULL,"2026-01-19 08:56:58","2026-01-19 08:56:58",NULL
2727,2727,2727,6,NULL,"2026-01-19 08:56:58","2026-01-19 08:56:58",NULL
2728,2728,2728,6,NULL,"2026-01-19 08:56:58","2026-01-19 08:56:58",NULL
2729,2729,2729,6,NULL,"2026-01-19 08:56:58","2026-01-19 08:56:58",NULL
2730,2730,2730,6,NULL,"2026-01-19 08:56:58","2026-01-19 08:56:58",NULL
2731,2731,2731,6,NULL,"2026-01-19 08:56:58","2026-01-19 08:56:58",NULL
2732,2732,2732,6,NULL,"2026-01-19 08:56:58","2026-01-19 08:56:58",NULL
2733,2733,2733,6,NULL,"2026-01-19 08:56:58","2026-01-19 08:56:58",NULL
2734,2734,2734,6,NULL,"2026-01-19 08:56:58","2026-01-19 08:56:58",NULL
2735,2735,2735,6,NULL,"2026-01-19 08:56:58","2026-01-19 08:56:58",NULL
2736,2736,2736,6,NULL,"2026-01-19 08:56:58","2026-01-19 08:56:58",NULL
2737,2737,2737,6,NULL,"2026-01-19 08:56:58","2026-01-19 08:56:58",NULL
2738,2738,2738,6,NULL,"2026-01-19 08:56:58","2026-01-19 08:56:58",NULL
2739,2739,2739,6,NULL,"2026-01-19 08:56:58","2026-01-19 08:56:58",NULL
2740,2740,2740,6,NULL,"2026-01-19 08:56:58","2026-01-19 08:56:58",NULL
2741,2741,2741,6,NULL,"2026-01-19 08:56:58","2026-01-19 08:56:58",NULL
2742,2742,2742,6,NULL,"2026-01-19 08:56:58","2026-01-19 08:56:58",NULL
2743,2743,2743,6,NULL,"2026-01-19 08:56:58","2026-01-19 08:56:58",NULL
2744,2744,2744,6,NULL,"2026-01-19 08:56:58","2026-01-19 08:56:58",NULL
2745,2745,2745,6,NULL,"2026-01-19 08:56:58","2026-01-19 08:56:58",NULL
2746,2746,2746,6,NULL,"2026-01-19 08:56:58","2026-01-19 08:56:58",NULL
2747,2747,2747,6,NULL,"2026-01-19 08:56:58","2026-01-19 08:56:58",NULL
2748,2748,2748,6,NULL,"2026-01-19 08:56:58","2026-01-19 08:56:58",NULL
2749,2749,2749,6,NULL,"2026-01-19 08:56:58","2026-01-19 08:56:58",NULL
2750,2750,2750,6,NULL,"2026-01-19 08:56:58","2026-01-19 08:56:58",NULL
2751,2751,2751,6,NULL,"2026-01-19 08:56:58","2026-01-19 08:56:58",NULL
2752,2752,2752,6,NULL,"2026-01-19 08:56:58","2026-01-19 08:56:58",NULL
2753,2753,2753,6,NULL,"2026-01-19 08:56:58","2026-01-19 08:56:58",NULL
2754,2754,2754,6,NULL,"2026-01-19 08:56:58","2026-01-19 08:56:58",NULL
2755,2755,2755,6,NULL,"2026-01-19 08:56:58","2026-01-19 08:56:58",NULL
2756,2756,2756,6,NULL,"2026-01-19 08:56:58","2026-01-19 08:56:58",NULL
2757,2757,2757,6,NULL,"2026-01-19 08:56:58","2026-01-19 08:56:58",NULL
2758,2758,2758,6,NULL,"2026-01-19 08:56:58","2026-01-19 08:56:58",NULL
2759,2759,2759,6,NULL,"2026-01-19 08:56:58","2026-01-19 08:56:58",NULL
2760,2760,2760,6,NULL,"2026-01-19 08:56:58","2026-01-19 08:56:58",NULL
2761,2761,2761,6,NULL,"2026-01-19 08:56:58","2026-01-19 08:56:58",NULL
2762,2762,2762,6,NULL,"2026-01-19 08:56:58","2026-01-19 08:56:58",NULL
2763,2763,2763,6,NULL,"2026-01-19 08:56:58","2026-01-19 08:56:58",NULL
2764,2764,2764,6,NULL,"2026-01-19 08:56:58","2026-01-19 08:56:58",NULL
2765,2765,2765,6,NULL,"2026-01-19 08:56:58","2026-01-19 08:56:58",NULL
2766,2766,2766,6,NULL,"2026-01-19 08:56:58","2026-01-19 08:56:58",NULL
2767,2767,2767,6,NULL,"2026-01-19 08:56:58","2026-01-19 08:56:58",NULL
2768,2768,2768,6,NULL,"2026-01-19 08:56:58","2026-01-19 08:56:58",NULL
2769,2769,2769,6,NULL,"2026-01-19 08:56:58","2026-01-19 08:56:58",NULL
2770,2770,2770,6,NULL,"2026-01-19 08:56:58","2026-01-19 08:56:58",NULL
2771,2771,2771,6,NULL,"2026-01-19 08:56:58","2026-01-19 08:56:58",NULL
2772,2772,2772,6,NULL,"2026-01-19 08:56:58","2026-01-19 08:56:58",NULL
2773,2773,2773,6,NULL,"2026-01-19 08:56:58","2026-01-19 08:56:58",NULL
2774,2774,2774,6,NULL,"2026-01-19 08:56:58","2026-01-19 08:56:58",NULL
2775,2775,2775,6,NULL,"2026-01-19 08:56:58","2026-01-19 08:56:58",NULL
2776,2776,2776,6,NULL,"2026-01-19 08:56:58","2026-01-19 08:56:58",NULL
2777,2777,2777,6,NULL,"2026-01-19 08:56:58","2026-01-19 08:56:58",NULL
2778,2778,2778,6,NULL,"2026-01-19 08:56:58","2026-01-19 08:56:58",NULL
2779,2779,2779,6,NULL,"2026-01-19 08:56:58","2026-01-19 08:56:58",NULL
2780,2780,2780,6,NULL,"2026-01-19 08:56:58","2026-01-19 08:56:58",NULL
2781,2781,2781,6,NULL,"2026-01-19 08:56:58","2026-01-19 08:56:58",NULL
2782,2782,2782,6,NULL,"2026-01-19 08:56:58","2026-01-19 08:56:58",NULL
2783,2783,2783,6,NULL,"2026-01-19 08:56:58","2026-01-19 08:56:58",NULL
2784,2784,2784,6,NULL,"2026-01-19 08:56:58","2026-01-19 08:56:58",NULL
2785,2785,2785,6,NULL,"2026-01-19 08:56:58","2026-01-19 08:56:58",NULL
2786,2786,2786,6,NULL,"2026-01-19 08:56:58","2026-01-19 08:56:58",NULL
2787,2787,2787,6,NULL,"2026-01-19 08:56:58","2026-01-19 08:56:58",NULL
2788,2788,2788,6,NULL,"2026-01-19 08:56:58","2026-01-19 08:56:58",NULL
2789,2789,2789,6,NULL,"2026-01-19 08:56:58","2026-01-19 08:56:58",NULL
2790,2790,2790,6,NULL,"2026-01-19 08:56:58","2026-01-19 08:56:58",NULL
2791,2791,2791,6,NULL,"2026-01-19 08:56:58","2026-01-19 08:56:58",NULL
2792,2792,2792,6,NULL,"2026-01-19 08:56:58","2026-01-19 08:56:58",NULL
2793,2793,2793,6,NULL,"2026-01-19 08:56:58","2026-01-19 08:56:58",NULL
2794,2794,2794,6,NULL,"2026-01-19 08:56:58","2026-01-19 08:56:58",NULL
2795,2795,2795,6,NULL,"2026-01-19 08:56:58","2026-01-19 08:56:58",NULL
2796,2796,2796,6,NULL,"2026-01-19 08:56:58","2026-01-19 08:56:58",NULL
2797,2797,2797,6,NULL,"2026-01-19 08:56:58","2026-01-19 08:56:58",NULL
2798,2798,2798,6,NULL,"2026-01-19 08:56:58","2026-01-19 08:56:58",NULL
2799,2799,2799,6,NULL,"2026-01-19 08:56:58","2026-01-19 08:56:58",NULL
2800,2800,2800,6,NULL,"2026-01-19 08:56:58","2026-01-19 08:56:58",NULL
2801,2801,2801,6,NULL,"2026-01-19 08:56:58","2026-01-19 08:56:58",NULL
2802,2802,2802,6,NULL,"2026-01-19 08:56:58","2026-01-19 08:56:58",NULL
2803,2803,2803,6,NULL,"2026-01-19 08:56:58","2026-01-19 08:56:58",NULL
2804,2804,2804,6,NULL,"2026-01-19 08:56:58","2026-01-19 08:56:58",NULL
2805,2805,2805,6,NULL,"2026-01-19 08:56:58","2026-01-19 08:56:58",NULL
2806,2806,2806,6,NULL,"2026-01-19 08:56:58","2026-01-19 08:56:58",NULL
2807,2807,2807,6,NULL,"2026-01-19 08:56:58","2026-01-19 08:56:58",NULL
2808,2808,2808,6,NULL,"2026-01-19 08:56:58","2026-01-19 08:56:58",NULL
2809,2809,2809,6,NULL,"2026-01-19 08:56:58","2026-01-19 08:56:58",NULL
2810,2810,2810,6,NULL,"2026-01-19 08:56:58","2026-01-19 08:56:58",NULL
2811,2811,2811,6,NULL,"2026-01-19 08:56:58","2026-01-19 08:56:58",NULL
2812,2812,2812,6,NULL,"2026-01-19 08:56:58","2026-01-19 08:56:58",NULL
2813,2813,2813,6,NULL,"2026-01-19 08:56:58","2026-01-19 08:56:58",NULL
2814,2814,2814,6,NULL,"2026-01-19 08:56:58","2026-01-19 08:56:58",NULL
2815,2815,2815,6,NULL,"2026-01-19 08:56:58","2026-01-19 08:56:58",NULL
2816,2816,2816,6,NULL,"2026-01-19 08:56:58","2026-01-19 08:56:58",NULL
2817,2817,2817,6,NULL,"2026-01-19 08:56:58","2026-01-19 08:56:58",NULL
2818,2818,2818,6,NULL,"2026-01-19 08:56:58","2026-01-19 08:56:58",NULL
2819,2819,2819,6,NULL,"2026-01-19 08:56:58","2026-01-19 08:56:58",NULL
2820,2820,2820,6,NULL,"2026-01-19 08:56:58","2026-01-19 08:56:58",NULL
2821,2821,2821,6,NULL,"2026-01-19 08:56:58","2026-01-19 08:56:58",NULL
2822,2822,2822,6,NULL,"2026-01-19 08:56:58","2026-01-19 08:56:58",NULL
2823,2823,2823,6,NULL,"2026-01-19 08:56:58","2026-01-19 08:56:58",NULL
2824,2824,2824,6,NULL,"2026-01-19 08:56:58","2026-01-19 08:56:58",NULL
2825,2825,2825,6,NULL,"2026-01-19 08:56:58","2026-01-19 08:56:58",NULL
2826,2826,2826,6,NULL,"2026-01-19 08:56:58","2026-01-19 08:56:58",NULL
2827,2827,2827,6,NULL,"2026-01-19 08:56:58","2026-01-19 08:56:58",NULL
2828,2828,2828,6,NULL,"2026-01-19 08:56:58","2026-01-19 08:56:58",NULL
2829,2829,2829,6,NULL,"2026-01-19 08:56:58","2026-01-19 08:56:58",NULL
2830,2830,2830,6,NULL,"2026-01-19 08:56:58","2026-01-19 08:56:58",NULL
2831,2831,2831,6,NULL,"2026-01-19 08:56:58","2026-01-19 08:56:58",NULL
2832,2832,2832,6,NULL,"2026-01-19 08:56:58","2026-01-19 08:56:58",NULL
2833,2833,2833,6,NULL,"2026-01-19 08:56:58","2026-01-19 08:56:58",NULL
2834,2834,2834,6,NULL,"2026-01-19 08:56:58","2026-01-19 08:56:58",NULL
2835,2835,2835,6,NULL,"2026-01-19 08:56:58","2026-01-19 08:56:58",NULL
2836,2836,2836,6,NULL,"2026-01-19 08:56:58","2026-01-19 08:56:58",NULL
2837,2837,2837,6,NULL,"2026-01-19 08:56:58","2026-01-19 08:56:58",NULL
2838,2838,2838,6,NULL,"2026-01-19 08:56:58","2026-01-19 08:56:58",NULL
2839,2839,2839,6,NULL,"2026-01-19 08:56:58","2026-01-19 08:56:58",NULL
2840,2840,2840,6,NULL,"2026-01-19 08:56:58","2026-01-19 08:56:58",NULL
2841,2841,2841,6,NULL,"2026-01-19 08:56:58","2026-01-19 08:56:58",NULL
2842,2842,2842,6,NULL,"2026-01-19 08:56:58","2026-01-19 08:56:58",NULL
2843,2843,2843,6,NULL,"2026-01-19 08:56:58","2026-01-19 08:56:58",NULL
2844,2844,2844,6,NULL,"2026-01-19 08:56:58","2026-01-19 08:56:58",NULL
2845,2845,2845,6,NULL,"2026-01-19 08:56:58","2026-01-19 08:56:58",NULL
2846,2846,2846,6,NULL,"2026-01-19 08:56:58","2026-01-19 08:56:58",NULL
2847,2847,2847,6,NULL,"2026-01-19 08:56:58","2026-01-19 08:56:58",NULL
2848,2848,2848,6,NULL,"2026-01-19 08:56:58","2026-01-19 08:56:58",NULL
2849,2849,2849,6,NULL,"2026-01-19 08:56:58","2026-01-19 08:56:58",NULL
2850,2850,2850,6,NULL,"2026-01-19 08:56:58","2026-01-19 08:56:58",NULL
2851,2851,2851,6,NULL,"2026-01-19 08:56:58","2026-01-19 08:56:58",NULL
2852,2852,2852,6,NULL,"2026-01-19 08:56:58","2026-01-19 08:56:58",NULL
2853,2853,2853,6,NULL,"2026-01-19 08:56:58","2026-01-19 08:56:58",NULL
2854,2854,2854,6,NULL,"2026-01-19 08:56:58","2026-01-19 08:56:58",NULL
2855,2855,2855,6,NULL,"2026-01-19 08:56:58","2026-01-19 08:56:58",NULL
2856,2856,2856,6,NULL,"2026-01-19 08:56:58","2026-01-19 08:56:58",NULL
2857,2857,2857,6,NULL,"2026-01-19 08:56:58","2026-01-19 08:56:58",NULL
2858,2858,2858,6,NULL,"2026-01-19 08:56:58","2026-01-19 08:56:58",NULL
2859,2859,2859,6,NULL,"2026-01-19 08:56:58","2026-01-19 08:56:58",NULL
2860,2860,2860,6,NULL,"2026-01-19 08:56:58","2026-01-19 08:56:58",NULL
2861,2861,2861,6,NULL,"2026-01-19 08:56:58","2026-01-19 08:56:58",NULL
2862,2862,2862,6,NULL,"2026-01-19 08:56:58","2026-01-19 08:56:58",NULL
2863,2863,2863,6,NULL,"2026-01-19 08:56:58","2026-01-19 08:56:58",NULL
2864,2864,2864,6,NULL,"2026-01-19 08:56:58","2026-01-19 08:56:58",NULL
2865,2865,2865,6,NULL,"2026-01-19 08:56:58","2026-01-19 08:56:58",NULL
2866,2866,2866,6,NULL,"2026-01-19 08:56:58","2026-01-19 08:56:58",NULL
2867,2867,2867,6,NULL,"2026-01-19 08:56:58","2026-01-19 08:56:58",NULL
2868,2868,2868,6,NULL,"2026-01-19 08:56:58","2026-01-19 08:56:58",NULL
2869,2869,2869,6,NULL,"2026-01-19 08:56:58","2026-01-19 08:56:58",NULL
2870,2870,2870,6,NULL,"2026-01-19 08:56:58","2026-01-19 08:56:58",NULL
2871,2871,2871,6,NULL,"2026-01-19 08:56:58","2026-01-19 08:56:58",NULL
2872,2872,2872,6,NULL,"2026-01-19 08:56:58","2026-01-19 08:56:58",NULL
2873,2873,2873,6,NULL,"2026-01-19 08:56:58","2026-01-19 08:56:58",NULL
2874,2874,2874,6,NULL,"2026-01-19 08:56:58","2026-01-19 08:56:58",NULL
2875,2875,2875,6,NULL,"2026-01-19 08:56:58","2026-01-19 08:56:58",NULL
2876,2876,2876,6,NULL,"2026-01-19 08:56:58","2026-01-19 08:56:58",NULL
2877,2877,2877,6,NULL,"2026-01-19 08:56:58","2026-01-19 08:56:58",NULL
2878,2878,2878,6,NULL,"2026-01-19 08:56:58","2026-01-19 08:56:58",NULL
2879,2879,2879,6,NULL,"2026-01-19 08:56:58","2026-01-19 08:56:58",NULL
2880,2880,2880,6,NULL,"2026-01-19 08:56:58","2026-01-19 08:56:58",NULL
2881,2881,2881,6,NULL,"2026-01-19 08:56:58","2026-01-19 08:56:58",NULL
2882,2882,2882,6,NULL,"2026-01-19 08:56:58","2026-01-19 08:56:58",NULL
2883,2883,2883,6,NULL,"2026-01-19 08:56:58","2026-01-19 08:56:58",NULL
2884,2884,2884,6,NULL,"2026-01-19 08:56:58","2026-01-19 08:56:58",NULL
2885,2885,2885,6,NULL,"2026-01-19 08:56:58","2026-01-19 08:56:58",NULL
2886,2886,2886,6,NULL,"2026-01-19 08:56:58","2026-01-19 08:56:58",NULL
2887,2887,2887,6,NULL,"2026-01-19 08:56:58","2026-01-19 08:56:58",NULL
2888,2888,2888,6,NULL,"2026-01-19 08:56:58","2026-01-19 08:56:58",NULL
2889,2889,2889,6,NULL,"2026-01-19 08:56:58","2026-01-19 08:56:58",NULL
2890,2890,2890,6,NULL,"2026-01-19 08:56:58","2026-01-19 08:56:58",NULL
2891,2891,2891,6,NULL,"2026-01-19 08:56:58","2026-01-19 08:56:58",NULL
2892,2892,2892,6,NULL,"2026-01-19 08:56:58","2026-01-19 08:56:58",NULL
2893,2893,2893,6,NULL,"2026-01-19 08:56:58","2026-01-19 08:56:58",NULL
2894,2894,2894,6,NULL,"2026-01-19 08:56:58","2026-01-19 08:56:58",NULL
2895,2895,2895,6,NULL,"2026-01-19 08:56:58","2026-01-19 08:56:58",NULL
2896,2896,2896,6,NULL,"2026-01-19 08:56:58","2026-01-19 08:56:58",NULL
2897,2897,2897,6,NULL,"2026-01-19 08:56:58","2026-01-19 08:56:58",NULL
2898,2898,2898,6,NULL,"2026-01-19 08:56:58","2026-01-19 08:56:58",NULL
2899,2899,2899,6,NULL,"2026-01-19 08:56:58","2026-01-19 08:56:58",NULL
2900,2900,2900,6,NULL,"2026-01-19 08:56:58","2026-01-19 08:56:58",NULL
2901,2901,2901,6,NULL,"2026-01-19 08:56:58","2026-01-19 08:56:58",NULL
2902,2902,2902,6,NULL,"2026-01-19 08:56:58","2026-01-19 08:56:58",NULL
2903,2903,2903,6,NULL,"2026-01-19 08:56:58","2026-01-19 08:56:58",NULL
2904,2904,2904,6,NULL,"2026-01-19 08:56:58","2026-01-19 08:56:58",NULL
2905,2905,2905,6,NULL,"2026-01-19 08:56:58","2026-01-19 08:56:58",NULL
2906,2906,2906,6,NULL,"2026-01-19 08:56:58","2026-01-19 08:56:58",NULL
2907,2907,2907,6,NULL,"2026-01-19 08:56:58","2026-01-19 08:56:58",NULL
2908,2908,2908,6,NULL,"2026-01-19 08:56:58","2026-01-19 08:56:58",NULL
2909,2909,2909,6,NULL,"2026-01-19 08:56:58","2026-01-19 08:56:58",NULL
2910,2910,2910,6,NULL,"2026-01-19 08:56:58","2026-01-19 08:56:58",NULL
2911,2911,2911,6,NULL,"2026-01-19 08:56:58","2026-01-19 08:56:58",NULL
2912,2912,2912,6,NULL,"2026-01-19 08:56:58","2026-01-19 08:56:58",NULL
2913,2913,2913,6,NULL,"2026-01-19 08:56:58","2026-01-19 08:56:58",NULL
2914,2914,2914,6,NULL,"2026-01-19 08:56:58","2026-01-19 08:56:58",NULL
2915,2915,2915,6,NULL,"2026-01-19 08:56:58","2026-01-19 08:56:58",NULL
2916,2916,2916,6,NULL,"2026-01-19 08:56:58","2026-01-19 08:56:58",NULL
2917,2917,2917,6,NULL,"2026-01-19 08:56:58","2026-01-19 08:56:58",NULL
2918,2918,2918,6,NULL,"2026-01-19 08:56:58","2026-01-19 08:56:58",NULL
2919,2919,2919,6,NULL,"2026-01-19 08:56:58","2026-01-19 08:56:58",NULL
2920,2920,2920,6,NULL,"2026-01-19 08:56:58","2026-01-19 08:56:58",NULL
2921,2921,2921,6,NULL,"2026-01-19 08:56:58","2026-01-19 08:56:58",NULL
2922,2922,2922,6,NULL,"2026-01-19 08:56:58","2026-01-19 08:56:58",NULL
2923,2923,2923,6,NULL,"2026-01-19 08:56:58","2026-01-19 08:56:58",NULL
2924,2924,2924,6,NULL,"2026-01-19 08:56:58","2026-01-19 08:56:58",NULL
2925,2925,2925,6,NULL,"2026-01-19 08:56:58","2026-01-19 08:56:58",NULL
2926,2926,2926,6,NULL,"2026-01-19 08:56:58","2026-01-19 08:56:58",NULL
2927,2927,2927,6,NULL,"2026-01-19 08:56:58","2026-01-19 08:56:58",NULL
2928,2928,2928,6,NULL,"2026-01-19 08:56:58","2026-01-19 08:56:58",NULL
2929,2929,2929,6,NULL,"2026-01-19 08:56:58","2026-01-19 08:56:58",NULL
2930,2930,2930,6,NULL,"2026-01-19 08:56:58","2026-01-19 08:56:58",NULL
2931,2931,2931,6,NULL,"2026-01-19 08:56:58","2026-01-19 08:56:58",NULL
2932,2932,2932,6,NULL,"2026-01-19 08:56:58","2026-01-19 08:56:58",NULL
2933,2933,2933,6,NULL,"2026-01-19 08:56:58","2026-01-19 08:56:58",NULL
2934,2934,2934,6,NULL,"2026-01-19 08:56:58","2026-01-19 08:56:58",NULL
2935,2935,2935,6,NULL,"2026-01-19 08:56:58","2026-01-19 08:56:58",NULL
2936,2936,2936,6,NULL,"2026-01-19 08:56:58","2026-01-19 08:56:58",NULL
2937,2937,2937,6,NULL,"2026-01-19 08:56:58","2026-01-19 08:56:58",NULL
2938,2938,2938,6,NULL,"2026-01-19 08:56:58","2026-01-19 08:56:58",NULL
2939,2939,2939,6,NULL,"2026-01-19 08:56:58","2026-01-19 08:56:58",NULL
2940,2940,2940,6,NULL,"2026-01-19 08:56:58","2026-01-19 08:56:58",NULL
2941,2941,2941,6,NULL,"2026-01-19 08:56:58","2026-01-19 08:56:58",NULL
2942,2942,2942,6,NULL,"2026-01-19 08:56:58","2026-01-19 08:56:58",NULL
2943,2943,2943,6,NULL,"2026-01-19 08:56:58","2026-01-19 08:56:58",NULL
2944,2944,2944,6,NULL,"2026-01-19 08:56:58","2026-01-19 08:56:58",NULL
2945,2945,2945,6,NULL,"2026-01-19 08:56:58","2026-01-19 08:56:58",NULL
2946,2946,2946,6,NULL,"2026-01-19 08:56:58","2026-01-19 08:56:58",NULL
2947,2947,2947,6,NULL,"2026-01-19 08:56:58","2026-01-19 08:56:58",NULL
2948,2948,2948,6,NULL,"2026-01-19 08:56:58","2026-01-19 08:56:58",NULL
2949,2949,2949,6,NULL,"2026-01-19 08:56:58","2026-01-19 08:56:58",NULL
2950,2950,2950,6,NULL,"2026-01-19 08:56:58","2026-01-19 08:56:58",NULL
2951,2951,2951,6,NULL,"2026-01-19 08:56:58","2026-01-19 08:56:58",NULL
2952,2952,2952,6,NULL,"2026-01-19 08:56:58","2026-01-19 08:56:58",NULL
2953,2953,2953,6,NULL,"2026-01-19 08:56:59","2026-01-19 08:56:59",NULL
2954,2954,2954,6,NULL,"2026-01-19 08:56:59","2026-01-19 08:56:59",NULL
2955,2955,2955,6,NULL,"2026-01-19 08:56:59","2026-01-19 08:56:59",NULL
2956,2956,2956,6,NULL,"2026-01-19 08:56:59","2026-01-19 08:56:59",NULL
2957,2957,2957,6,NULL,"2026-01-19 08:56:59","2026-01-19 08:56:59",NULL
2958,2958,2958,6,NULL,"2026-01-19 08:56:59","2026-01-19 08:56:59",NULL
2959,2959,2959,6,NULL,"2026-01-19 08:56:59","2026-01-19 08:56:59",NULL
2960,2960,2960,6,NULL,"2026-01-19 08:56:59","2026-01-19 08:56:59",NULL
2961,2961,2961,6,NULL,"2026-01-19 08:56:59","2026-01-19 08:56:59",NULL
2962,2962,2962,6,NULL,"2026-01-19 08:56:59","2026-01-19 08:56:59",NULL
2963,2963,2963,6,NULL,"2026-01-19 08:56:59","2026-01-19 08:56:59",NULL
2964,2964,2964,6,NULL,"2026-01-19 08:56:59","2026-01-19 08:56:59",NULL
2965,2965,2965,6,NULL,"2026-01-19 08:56:59","2026-01-19 08:56:59",NULL
2966,2966,2966,6,NULL,"2026-01-19 08:56:59","2026-01-19 08:56:59",NULL
2967,2967,2967,6,NULL,"2026-01-19 08:56:59","2026-01-19 08:56:59",NULL
2968,2968,2968,6,NULL,"2026-01-19 08:56:59","2026-01-19 08:56:59",NULL
2969,2969,2969,6,NULL,"2026-01-19 08:56:59","2026-01-19 08:56:59",NULL
2970,2970,2970,6,NULL,"2026-01-19 08:56:59","2026-01-19 08:56:59",NULL
2971,2971,2971,6,NULL,"2026-01-19 08:56:59","2026-01-19 08:56:59",NULL
2972,2972,2972,6,NULL,"2026-01-19 08:56:59","2026-01-19 08:56:59",NULL
2973,2973,2973,6,NULL,"2026-01-19 08:56:59","2026-01-19 08:56:59",NULL
2974,2974,2974,6,NULL,"2026-01-19 08:56:59","2026-01-19 08:56:59",NULL
2975,2975,2975,6,NULL,"2026-01-19 08:56:59","2026-01-19 08:56:59",NULL
2976,2976,2976,6,NULL,"2026-01-19 08:56:59","2026-01-19 08:56:59",NULL
2977,2977,2977,6,NULL,"2026-01-19 08:56:59","2026-01-19 08:56:59",NULL
2978,2978,2978,6,NULL,"2026-01-19 08:56:59","2026-01-19 08:56:59",NULL
2979,2979,2979,6,NULL,"2026-01-19 08:56:59","2026-01-19 08:56:59",NULL
2980,2980,2980,6,NULL,"2026-01-19 08:56:59","2026-01-19 08:56:59",NULL
2981,2981,2981,6,NULL,"2026-01-19 08:56:59","2026-01-19 08:56:59",NULL
2982,2982,2982,6,NULL,"2026-01-19 08:56:59","2026-01-19 08:56:59",NULL
2983,2983,2983,6,NULL,"2026-01-19 08:56:59","2026-01-19 08:56:59",NULL
2984,2984,2984,6,NULL,"2026-01-19 08:56:59","2026-01-19 08:56:59",NULL
2985,2985,2985,6,NULL,"2026-01-19 08:56:59","2026-01-19 08:56:59",NULL
2986,2986,2986,6,NULL,"2026-01-19 08:56:59","2026-01-19 08:56:59",NULL
2987,2987,2987,6,NULL,"2026-01-19 08:56:59","2026-01-19 08:56:59",NULL
2988,2988,2988,6,NULL,"2026-01-19 08:56:59","2026-01-19 08:56:59",NULL
2989,2989,2989,6,NULL,"2026-01-19 08:56:59","2026-01-19 08:56:59",NULL
2990,2990,2990,6,NULL,"2026-01-19 08:56:59","2026-01-19 08:56:59",NULL
2991,2991,2991,6,NULL,"2026-01-19 08:56:59","2026-01-19 08:56:59",NULL
2992,2992,2992,6,NULL,"2026-01-19 08:56:59","2026-01-19 08:56:59",NULL
2993,2993,2993,6,NULL,"2026-01-19 08:56:59","2026-01-19 08:56:59",NULL
2994,2994,2994,6,NULL,"2026-01-19 08:56:59","2026-01-19 08:56:59",NULL
2995,2995,2995,6,NULL,"2026-01-19 08:56:59","2026-01-19 08:56:59",NULL
2996,2996,2996,6,NULL,"2026-01-19 08:56:59","2026-01-19 08:56:59",NULL
2997,2997,2997,6,NULL,"2026-01-19 08:56:59","2026-01-19 08:56:59",NULL
2998,2998,2998,6,NULL,"2026-01-19 08:56:59","2026-01-19 08:56:59",NULL
2999,2999,2999,6,NULL,"2026-01-19 08:56:59","2026-01-19 08:56:59",NULL
3000,3000,3000,6,NULL,"2026-01-19 08:56:59","2026-01-19 08:56:59",NULL
3001,3001,3001,6,NULL,"2026-01-19 08:56:59","2026-01-19 08:56:59",NULL
3002,3002,3002,6,NULL,"2026-01-19 08:56:59","2026-01-19 08:56:59",NULL
3003,3003,3003,6,NULL,"2026-01-19 08:56:59","2026-01-19 08:56:59",NULL
3004,3004,3004,6,NULL,"2026-01-19 08:56:59","2026-01-19 08:56:59",NULL
3005,3005,3005,6,NULL,"2026-01-19 08:56:59","2026-01-19 08:56:59",NULL
3006,3006,3006,6,NULL,"2026-01-19 08:56:59","2026-01-19 08:56:59",NULL
3007,3007,3007,6,NULL,"2026-01-19 08:56:59","2026-01-19 08:56:59",NULL
3008,3008,3008,6,NULL,"2026-01-19 08:56:59","2026-01-19 08:56:59",NULL
3009,3009,3009,6,NULL,"2026-01-19 08:56:59","2026-01-19 08:56:59",NULL
3010,3010,3010,6,NULL,"2026-01-19 08:56:59","2026-01-19 08:56:59",NULL
3011,3011,3011,6,NULL,"2026-01-19 08:56:59","2026-01-19 08:56:59",NULL
3012,3012,3012,6,NULL,"2026-01-19 08:56:59","2026-01-19 08:56:59",NULL
3013,3013,3013,6,NULL,"2026-01-19 08:56:59","2026-01-19 08:56:59",NULL
3014,3014,3014,6,NULL,"2026-01-19 08:56:59","2026-01-19 08:56:59",NULL
3015,3015,3015,6,NULL,"2026-01-19 08:56:59","2026-01-19 08:56:59",NULL
3016,3016,3016,6,NULL,"2026-01-19 08:56:59","2026-01-19 08:56:59",NULL
3017,3017,3017,6,NULL,"2026-01-19 08:56:59","2026-01-19 08:56:59",NULL
3018,3018,3018,6,NULL,"2026-01-19 08:56:59","2026-01-19 08:56:59",NULL
3019,3019,3019,6,NULL,"2026-01-19 08:56:59","2026-01-19 08:56:59",NULL
3020,3020,3020,6,NULL,"2026-01-19 08:56:59","2026-01-19 08:56:59",NULL
3021,3021,3021,6,NULL,"2026-01-19 08:56:59","2026-01-19 08:56:59",NULL
3022,3022,3022,6,NULL,"2026-01-19 08:56:59","2026-01-19 08:56:59",NULL
3023,3023,3023,6,NULL,"2026-01-19 08:56:59","2026-01-19 08:56:59",NULL
3024,3024,3024,6,NULL,"2026-01-19 08:56:59","2026-01-19 08:56:59",NULL
3025,3025,3025,6,NULL,"2026-01-19 08:56:59","2026-01-19 08:56:59",NULL
3026,3026,3026,6,NULL,"2026-01-19 08:56:59","2026-01-19 08:56:59",NULL
3027,3027,3027,6,NULL,"2026-01-19 08:56:59","2026-01-19 08:56:59",NULL
3028,3028,3028,6,NULL,"2026-01-19 08:56:59","2026-01-19 08:56:59",NULL
3029,3029,3029,6,NULL,"2026-01-19 08:56:59","2026-01-19 08:56:59",NULL
3030,3030,3030,6,NULL,"2026-01-19 08:56:59","2026-01-19 08:56:59",NULL
3031,3031,3031,6,NULL,"2026-01-19 08:56:59","2026-01-19 08:56:59",NULL
3032,3032,3032,6,NULL,"2026-01-19 08:56:59","2026-01-19 08:56:59",NULL
3033,3033,3033,6,NULL,"2026-01-19 08:56:59","2026-01-19 08:56:59",NULL
3034,3034,3034,6,NULL,"2026-01-19 08:56:59","2026-01-19 08:56:59",NULL
3035,3035,3035,6,NULL,"2026-01-19 08:56:59","2026-01-19 08:56:59",NULL
3036,3036,3036,6,NULL,"2026-01-19 08:56:59","2026-01-19 08:56:59",NULL
3037,3037,3037,6,NULL,"2026-01-19 08:56:59","2026-01-19 08:56:59",NULL
3038,3038,3038,6,NULL,"2026-01-19 08:56:59","2026-01-19 08:56:59",NULL
3039,3039,3039,6,NULL,"2026-01-19 08:56:59","2026-01-19 08:56:59",NULL
3040,3040,3040,6,NULL,"2026-01-19 08:56:59","2026-01-19 08:56:59",NULL
3041,3041,3041,6,NULL,"2026-01-19 08:56:59","2026-01-19 08:56:59",NULL
3042,3042,3042,6,NULL,"2026-01-19 08:56:59","2026-01-19 08:56:59",NULL
3043,3043,3043,6,NULL,"2026-01-19 08:56:59","2026-01-19 08:56:59",NULL
3044,3044,3044,6,NULL,"2026-01-19 08:56:59","2026-01-19 08:56:59",NULL
3045,3045,3045,6,NULL,"2026-01-19 08:56:59","2026-01-19 08:56:59",NULL
3046,3046,3046,6,NULL,"2026-01-19 08:56:59","2026-01-19 08:56:59",NULL
3047,3047,3047,6,NULL,"2026-01-19 08:56:59","2026-01-19 08:56:59",NULL
3048,3048,3048,6,NULL,"2026-01-19 08:56:59","2026-01-19 08:56:59",NULL
3049,3049,3049,6,NULL,"2026-01-19 08:56:59","2026-01-19 08:56:59",NULL
3050,3050,3050,6,NULL,"2026-01-19 08:56:59","2026-01-19 08:56:59",NULL
3051,3051,3051,6,NULL,"2026-01-19 08:56:59","2026-01-19 08:56:59",NULL
3052,3052,3052,6,NULL,"2026-01-19 08:56:59","2026-01-19 08:56:59",NULL
3053,3053,3053,6,NULL,"2026-01-19 08:56:59","2026-01-19 08:56:59",NULL
3054,3054,3054,6,NULL,"2026-01-19 08:56:59","2026-01-19 08:56:59",NULL
3055,3055,3055,6,NULL,"2026-01-19 08:56:59","2026-01-19 08:56:59",NULL
3056,3056,3056,6,NULL,"2026-01-19 08:56:59","2026-01-19 08:56:59",NULL
3057,3057,3057,6,NULL,"2026-01-19 08:56:59","2026-01-19 08:56:59",NULL
3058,3058,3058,6,NULL,"2026-01-19 08:56:59","2026-01-19 08:56:59",NULL
3059,3059,3059,6,NULL,"2026-01-19 08:56:59","2026-01-19 08:56:59",NULL
3060,3060,3060,6,NULL,"2026-01-19 08:56:59","2026-01-19 08:56:59",NULL
3061,3061,3061,6,NULL,"2026-01-19 08:56:59","2026-01-19 08:56:59",NULL
3062,3062,3062,6,NULL,"2026-01-19 08:56:59","2026-01-19 08:56:59",NULL
3063,3063,3063,6,NULL,"2026-01-19 08:56:59","2026-01-19 08:56:59",NULL
3064,3064,3064,6,NULL,"2026-01-19 08:56:59","2026-01-19 08:56:59",NULL
3065,3065,3065,6,NULL,"2026-01-19 08:56:59","2026-01-19 08:56:59",NULL
3066,3066,3066,6,NULL,"2026-01-19 08:56:59","2026-01-19 08:56:59",NULL
3067,3067,3067,6,NULL,"2026-01-19 08:56:59","2026-01-19 08:56:59",NULL
3068,3068,3068,6,NULL,"2026-01-19 08:56:59","2026-01-19 08:56:59",NULL
3069,3069,3069,6,NULL,"2026-01-19 08:56:59","2026-01-19 08:56:59",NULL
3070,3070,3070,6,NULL,"2026-01-19 08:56:59","2026-01-19 08:56:59",NULL
3071,3071,3071,6,NULL,"2026-01-19 08:56:59","2026-01-19 08:56:59",NULL
3072,3072,3072,6,NULL,"2026-01-19 08:56:59","2026-01-19 08:56:59",NULL
3073,3073,3073,6,NULL,"2026-01-19 08:56:59","2026-01-19 08:56:59",NULL
3074,3074,3074,6,NULL,"2026-01-19 08:56:59","2026-01-19 08:56:59",NULL
3075,3075,3075,6,NULL,"2026-01-19 08:56:59","2026-01-19 08:56:59",NULL
3076,3076,3076,6,NULL,"2026-01-19 08:56:59","2026-01-19 08:56:59",NULL
3077,3077,3077,6,NULL,"2026-01-19 08:56:59","2026-01-19 08:56:59",NULL
3078,3078,3078,6,NULL,"2026-01-19 08:56:59","2026-01-19 08:56:59",NULL
3079,3079,3079,6,NULL,"2026-01-19 08:56:59","2026-01-19 08:56:59",NULL
3080,3080,3080,6,NULL,"2026-01-19 08:56:59","2026-01-19 08:56:59",NULL
3081,3081,3081,6,NULL,"2026-01-19 08:56:59","2026-01-19 08:56:59",NULL
3082,3082,3082,6,NULL,"2026-01-19 08:56:59","2026-01-19 08:56:59",NULL
3083,3083,3083,6,NULL,"2026-01-19 08:56:59","2026-01-19 08:56:59",NULL
3084,3084,3084,6,NULL,"2026-01-19 08:56:59","2026-01-19 08:56:59",NULL
3085,3085,3085,3,NULL,"2026-01-19 08:56:59","2026-01-19 08:56:59",NULL
3086,3086,3086,6,NULL,"2026-01-19 08:56:59","2026-01-19 08:56:59",NULL
3087,3087,3087,6,NULL,"2026-01-19 08:56:59","2026-01-19 08:56:59",NULL
3088,3088,3088,6,NULL,"2026-01-19 08:56:59","2026-01-19 08:56:59",NULL
3089,3089,3089,6,NULL,"2026-01-19 08:56:59","2026-01-19 08:56:59",NULL
3090,3090,3090,6,NULL,"2026-01-19 08:56:59","2026-01-19 08:56:59",NULL
3091,3091,3091,6,NULL,"2026-01-19 08:56:59","2026-01-19 08:56:59",NULL
3092,3092,3092,6,NULL,"2026-01-19 08:56:59","2026-01-19 08:56:59",NULL
3093,3093,3093,6,NULL,"2026-01-19 08:56:59","2026-01-19 08:56:59",NULL
3094,3094,3094,6,NULL,"2026-01-19 08:56:59","2026-01-19 08:56:59",NULL
3095,3095,3095,6,NULL,"2026-01-19 08:56:59","2026-01-19 08:56:59",NULL
3096,3096,3096,6,NULL,"2026-01-19 08:56:59","2026-01-19 08:56:59",NULL
3097,3097,3097,6,NULL,"2026-01-19 08:56:59","2026-01-19 08:56:59",NULL
3098,3098,3098,6,NULL,"2026-01-19 08:56:59","2026-01-19 08:56:59",NULL
3099,3099,3099,6,NULL,"2026-01-19 08:56:59","2026-01-19 08:56:59",NULL
3100,3100,3100,6,NULL,"2026-01-19 08:56:59","2026-01-19 08:56:59",NULL
3101,3101,3101,6,NULL,"2026-01-19 08:56:59","2026-01-19 08:56:59",NULL
3102,3102,3102,6,NULL,"2026-01-19 08:56:59","2026-01-19 08:56:59",NULL
3103,3103,3103,6,NULL,"2026-01-19 08:56:59","2026-01-19 08:56:59",NULL
3104,3104,3104,6,NULL,"2026-01-19 08:56:59","2026-01-19 08:56:59",NULL
3105,3105,3105,6,NULL,"2026-01-19 08:56:59","2026-01-19 08:56:59",NULL
3106,3106,3106,6,NULL,"2026-01-19 08:56:59","2026-01-19 08:56:59",NULL
3107,3107,3107,6,NULL,"2026-01-19 08:56:59","2026-01-19 08:56:59",NULL
3108,3108,3108,6,NULL,"2026-01-19 08:56:59","2026-01-19 08:56:59",NULL
3109,3109,3109,6,NULL,"2026-01-19 08:56:59","2026-01-19 08:56:59",NULL
3110,3110,3110,6,NULL,"2026-01-19 08:56:59","2026-01-19 08:56:59",NULL
3111,3111,3111,6,NULL,"2026-01-19 08:56:59","2026-01-19 08:56:59",NULL
3112,3112,3112,6,NULL,"2026-01-19 08:56:59","2026-01-19 08:56:59",NULL
3113,3113,3113,6,NULL,"2026-01-19 08:56:59","2026-01-19 08:56:59",NULL
3114,3114,3114,6,NULL,"2026-01-19 08:56:59","2026-01-19 08:56:59",NULL
3115,3115,3115,6,NULL,"2026-01-19 08:56:59","2026-01-19 08:56:59",NULL
3116,3116,3116,6,NULL,"2026-01-19 08:56:59","2026-01-19 08:56:59",NULL
3117,3117,3117,6,NULL,"2026-01-19 08:56:59","2026-01-19 08:56:59",NULL
3118,3118,3118,6,NULL,"2026-01-19 08:56:59","2026-01-19 08:56:59",NULL
3119,3119,3119,6,NULL,"2026-01-19 08:56:59","2026-01-19 08:56:59",NULL
3120,3120,3120,6,NULL,"2026-01-19 08:56:59","2026-01-19 08:56:59",NULL
3121,3121,3121,6,NULL,"2026-01-19 08:56:59","2026-01-19 08:56:59",NULL
3122,3122,3122,6,NULL,"2026-01-19 08:56:59","2026-01-19 08:56:59",NULL
3123,3123,3123,6,NULL,"2026-01-19 08:56:59","2026-01-19 08:56:59",NULL
3124,3124,3124,6,NULL,"2026-01-19 08:56:59","2026-01-19 08:56:59",NULL
3125,3125,3125,6,NULL,"2026-01-19 08:56:59","2026-01-19 08:56:59",NULL
3126,3126,3126,6,NULL,"2026-01-19 08:56:59","2026-01-19 08:56:59",NULL
3127,3127,3127,6,NULL,"2026-01-19 08:56:59","2026-01-19 08:56:59",NULL
3128,3128,3128,6,NULL,"2026-01-19 08:56:59","2026-01-19 08:56:59",NULL
3129,3129,3129,6,NULL,"2026-01-19 08:56:59","2026-01-19 08:56:59",NULL
3130,3130,3130,6,NULL,"2026-01-19 08:56:59","2026-01-19 08:56:59",NULL
3131,3131,3131,6,NULL,"2026-01-19 08:56:59","2026-01-19 08:56:59",NULL
3132,3132,3132,6,NULL,"2026-01-19 08:56:59","2026-01-19 08:56:59",NULL
3133,3133,3133,6,NULL,"2026-01-19 08:56:59","2026-01-19 08:56:59",NULL
3134,3134,3134,6,NULL,"2026-01-19 08:56:59","2026-01-19 08:56:59",NULL
3135,3135,3135,6,NULL,"2026-01-19 08:56:59","2026-01-19 08:56:59",NULL
3136,3136,3136,6,NULL,"2026-01-19 08:56:59","2026-01-19 08:56:59",NULL
3137,3137,3137,6,NULL,"2026-01-19 08:56:59","2026-01-19 08:56:59",NULL
3138,3138,3138,6,NULL,"2026-01-19 08:56:59","2026-01-19 08:56:59",NULL
3139,3139,3139,6,NULL,"2026-01-19 08:56:59","2026-01-19 08:56:59",NULL
3140,3140,3140,6,NULL,"2026-01-19 08:56:59","2026-01-19 08:56:59",NULL
3141,3141,3141,6,NULL,"2026-01-19 08:56:59","2026-01-19 08:56:59",NULL
3142,3142,3142,6,NULL,"2026-01-19 08:56:59","2026-01-19 08:56:59",NULL
3143,3143,3143,6,NULL,"2026-01-19 08:56:59","2026-01-19 08:56:59",NULL
3144,3144,3144,6,NULL,"2026-01-19 08:56:59","2026-01-19 08:56:59",NULL
3145,3145,3145,6,NULL,"2026-01-19 08:56:59","2026-01-19 08:56:59",NULL
3146,3146,3146,6,NULL,"2026-01-19 08:56:59","2026-01-19 08:56:59",NULL
3147,3147,3147,6,NULL,"2026-01-19 08:56:59","2026-01-19 08:56:59",NULL
3148,3148,3148,6,NULL,"2026-01-19 08:56:59","2026-01-19 08:56:59",NULL
3149,3149,3149,6,NULL,"2026-01-19 08:56:59","2026-01-19 08:56:59",NULL
3150,3150,3150,6,NULL,"2026-01-19 08:56:59","2026-01-19 08:56:59",NULL
3151,3151,3151,6,NULL,"2026-01-19 08:56:59","2026-01-19 08:56:59",NULL
3152,3152,3152,6,NULL,"2026-01-19 08:56:59","2026-01-19 08:56:59",NULL
3153,3153,3153,6,NULL,"2026-01-19 08:56:59","2026-01-19 08:56:59",NULL
3154,3154,3154,6,NULL,"2026-01-19 08:56:59","2026-01-19 08:56:59",NULL
3155,3155,3155,6,NULL,"2026-01-19 08:56:59","2026-01-19 08:56:59",NULL
3156,3156,3156,6,NULL,"2026-01-19 08:56:59","2026-01-19 08:56:59",NULL
3157,3157,3157,6,NULL,"2026-01-19 08:56:59","2026-01-19 08:56:59",NULL
3158,3158,3158,6,NULL,"2026-01-19 08:56:59","2026-01-19 08:56:59",NULL
3159,3159,3159,6,NULL,"2026-01-19 08:56:59","2026-01-19 08:56:59",NULL
3160,3160,3160,6,NULL,"2026-01-19 08:56:59","2026-01-19 08:56:59",NULL
3161,3161,3161,6,NULL,"2026-01-19 08:56:59","2026-01-19 08:56:59",NULL
3162,3162,3162,6,NULL,"2026-01-19 08:56:59","2026-01-19 08:56:59",NULL
3163,3163,3163,6,NULL,"2026-01-19 08:56:59","2026-01-19 08:56:59",NULL
3164,3164,3164,6,NULL,"2026-01-19 08:56:59","2026-01-19 08:56:59",NULL
3165,3165,3165,6,NULL,"2026-01-19 08:56:59","2026-01-19 08:56:59",NULL
3166,3166,3166,6,NULL,"2026-01-19 08:56:59","2026-01-19 08:56:59",NULL
3167,3167,3167,6,NULL,"2026-01-19 08:56:59","2026-01-19 08:56:59",NULL
3168,3168,3168,6,NULL,"2026-01-19 08:56:59","2026-01-19 08:56:59",NULL
3169,3169,3169,6,NULL,"2026-01-19 08:56:59","2026-01-19 08:56:59",NULL
3170,3170,3170,6,NULL,"2026-01-19 08:56:59","2026-01-19 08:56:59",NULL
3171,3171,3171,6,NULL,"2026-01-19 08:56:59","2026-01-19 08:56:59",NULL
3172,3172,3172,6,NULL,"2026-01-19 08:56:59","2026-01-19 08:56:59",NULL
3173,3173,3173,6,NULL,"2026-01-19 08:56:59","2026-01-19 08:56:59",NULL
3174,3174,3174,6,NULL,"2026-01-19 08:56:59","2026-01-19 08:56:59",NULL
3175,3175,3175,6,NULL,"2026-01-19 08:56:59","2026-01-19 08:56:59",NULL
3176,3176,3176,6,NULL,"2026-01-19 08:56:59","2026-01-19 08:56:59",NULL
3177,3177,3177,6,NULL,"2026-01-19 08:56:59","2026-01-19 08:56:59",NULL
3178,3178,3178,6,NULL,"2026-01-19 08:56:59","2026-01-19 08:56:59",NULL
3179,3179,3179,6,NULL,"2026-01-19 08:56:59","2026-01-19 08:56:59",NULL
3180,3180,3180,6,NULL,"2026-01-19 08:56:59","2026-01-19 08:56:59",NULL
3181,3181,3181,6,NULL,"2026-01-19 08:56:59","2026-01-19 08:56:59",NULL
3182,3182,3182,6,NULL,"2026-01-19 08:56:59","2026-01-19 08:56:59",NULL
3183,3183,3183,6,NULL,"2026-01-19 08:56:59","2026-01-19 08:56:59",NULL
3184,3184,3184,6,NULL,"2026-01-19 08:56:59","2026-01-19 08:56:59",NULL
3185,3185,3185,6,NULL,"2026-01-19 08:56:59","2026-01-19 08:56:59",NULL
3186,3186,3186,6,NULL,"2026-01-19 08:56:59","2026-01-19 08:56:59",NULL
3187,3187,3187,6,NULL,"2026-01-19 08:56:59","2026-01-19 08:56:59",NULL
3188,3188,3188,6,NULL,"2026-01-19 08:56:59","2026-01-19 08:56:59",NULL
3189,3189,3189,6,NULL,"2026-01-19 08:56:59","2026-01-19 08:56:59",NULL
3190,3190,3190,6,NULL,"2026-01-19 08:56:59","2026-01-19 08:56:59",NULL
3191,3191,3191,6,NULL,"2026-01-19 08:56:59","2026-01-19 08:56:59",NULL
3192,3192,3192,6,NULL,"2026-01-19 08:56:59","2026-01-19 08:56:59",NULL
3193,3193,3193,6,NULL,"2026-01-19 08:56:59","2026-01-19 08:56:59",NULL
3194,3194,3194,6,NULL,"2026-01-19 08:56:59","2026-01-19 08:56:59",NULL
3195,3195,3195,6,NULL,"2026-01-19 08:56:59","2026-01-19 08:56:59",NULL
3196,3196,3196,6,NULL,"2026-01-19 08:56:59","2026-01-19 08:56:59",NULL
3197,3197,3197,6,NULL,"2026-01-19 08:56:59","2026-01-19 08:56:59",NULL
3198,3198,3198,6,NULL,"2026-01-19 08:56:59","2026-01-19 08:56:59",NULL
3199,3199,3199,6,NULL,"2026-01-19 08:56:59","2026-01-19 08:56:59",NULL
3200,3200,3200,6,NULL,"2026-01-19 08:56:59","2026-01-19 08:56:59",NULL
3201,3201,3201,6,NULL,"2026-01-19 08:56:59","2026-01-19 08:56:59",NULL
3202,3202,3202,6,NULL,"2026-01-19 08:56:59","2026-01-19 08:56:59",NULL
3203,3203,3203,6,NULL,"2026-01-19 08:56:59","2026-01-19 08:56:59",NULL
3204,3204,3204,6,NULL,"2026-01-19 08:56:59","2026-01-19 08:56:59",NULL
3205,3205,3205,6,NULL,"2026-01-19 08:56:59","2026-01-19 08:56:59",NULL
3206,3206,3206,6,NULL,"2026-01-19 08:56:59","2026-01-19 08:56:59",NULL
3207,3207,3207,6,NULL,"2026-01-19 08:56:59","2026-01-19 08:56:59",NULL
3208,3208,3208,6,NULL,"2026-01-19 08:56:59","2026-01-19 08:56:59",NULL
3209,3209,3209,6,NULL,"2026-01-19 08:56:59","2026-01-19 08:56:59",NULL
3210,3210,3210,6,NULL,"2026-01-19 08:56:59","2026-01-19 08:56:59",NULL
3211,3211,3211,6,NULL,"2026-01-19 08:56:59","2026-01-19 08:56:59",NULL
3212,3212,3212,6,NULL,"2026-01-19 08:56:59","2026-01-19 08:56:59",NULL
3213,3213,3213,6,NULL,"2026-01-19 08:56:59","2026-01-19 08:56:59",NULL
3214,3214,3214,3,NULL,"2026-01-19 08:56:59","2026-01-19 08:56:59",NULL
3215,3215,3215,3,NULL,"2026-01-19 08:56:59","2026-01-19 08:56:59",NULL
3216,3216,3216,3,NULL,"2026-01-19 08:56:59","2026-01-19 08:56:59",NULL
3217,3217,3217,3,NULL,"2026-01-19 08:56:59","2026-01-19 08:56:59",NULL
3218,3218,3218,3,NULL,"2026-01-19 08:56:59","2026-01-19 08:56:59",NULL
3219,3219,3219,3,NULL,"2026-01-19 08:56:59","2026-01-19 08:56:59",NULL
3220,3220,3220,3,NULL,"2026-01-19 08:56:59","2026-01-19 08:56:59",NULL
3221,3221,3221,3,NULL,"2026-01-19 08:56:59","2026-01-19 08:56:59",NULL
3222,3222,3222,3,NULL,"2026-01-19 08:56:59","2026-01-19 08:56:59",NULL
3223,3223,3223,3,NULL,"2026-01-19 08:56:59","2026-01-19 08:56:59",NULL
3224,3224,3224,3,NULL,"2026-01-19 08:56:59","2026-01-19 08:56:59",NULL
3225,3225,3225,3,NULL,"2026-01-19 08:56:59","2026-01-19 08:56:59",NULL
3226,3226,3226,3,NULL,"2026-01-19 08:56:59","2026-01-19 08:56:59",NULL
3227,3227,3227,3,NULL,"2026-01-19 08:56:59","2026-01-19 08:56:59",NULL
3228,3228,3228,3,NULL,"2026-01-19 08:56:59","2026-01-19 08:56:59",NULL
3229,3229,3229,3,NULL,"2026-01-19 08:56:59","2026-01-19 08:56:59",NULL
3230,3230,3230,3,NULL,"2026-01-19 08:56:59","2026-01-19 08:56:59",NULL
3231,3231,3231,3,NULL,"2026-01-19 08:56:59","2026-01-19 08:56:59",NULL
3232,3232,3232,3,NULL,"2026-01-19 08:56:59","2026-01-19 08:56:59",NULL
3233,3233,3233,3,NULL,"2026-01-19 08:56:59","2026-01-19 08:56:59",NULL
3234,3234,3234,3,NULL,"2026-01-19 08:56:59","2026-01-19 08:56:59",NULL
3235,3235,3235,3,NULL,"2026-01-19 08:56:59","2026-01-19 08:56:59",NULL
3236,3236,3236,3,NULL,"2026-01-19 08:56:59","2026-01-19 08:56:59",NULL
3237,3237,3237,3,NULL,"2026-01-19 08:56:59","2026-01-19 08:56:59",NULL
3238,3238,3238,3,NULL,"2026-01-19 08:56:59","2026-01-19 08:56:59",NULL
3239,3239,3239,3,NULL,"2026-01-19 08:56:59","2026-01-19 08:56:59",NULL
3240,3240,3240,3,NULL,"2026-01-19 08:56:59","2026-01-19 08:56:59",NULL
3241,3241,3241,3,NULL,"2026-01-19 08:56:59","2026-01-19 08:56:59",NULL
3242,3242,3242,3,NULL,"2026-01-19 08:56:59","2026-01-19 08:56:59",NULL
3243,3243,3243,3,NULL,"2026-01-19 08:56:59","2026-01-19 08:56:59",NULL
3244,3244,3244,3,NULL,"2026-01-19 08:56:59","2026-01-19 08:56:59",NULL
3245,3245,3245,3,NULL,"2026-01-19 08:56:59","2026-01-19 08:56:59",NULL
3246,3246,3246,3,NULL,"2026-01-19 08:56:59","2026-01-19 08:56:59",NULL
3247,3247,3247,3,NULL,"2026-01-19 08:56:59","2026-01-19 08:56:59",NULL
3248,3248,3248,3,NULL,"2026-01-19 08:56:59","2026-01-19 08:56:59",NULL
3249,3249,3249,3,NULL,"2026-01-19 08:56:59","2026-01-19 08:56:59",NULL
3250,3250,3250,3,NULL,"2026-01-19 08:56:59","2026-01-19 08:56:59",NULL
3251,3251,3251,3,NULL,"2026-01-19 08:56:59","2026-01-19 08:56:59",NULL
3252,3252,3252,3,NULL,"2026-01-19 08:56:59","2026-01-19 08:56:59",NULL
3253,3253,3253,3,NULL,"2026-01-19 08:56:59","2026-01-19 08:56:59",NULL
3254,3254,3254,3,NULL,"2026-01-19 08:56:59","2026-01-19 08:56:59",NULL
3255,3255,3255,3,NULL,"2026-01-19 08:56:59","2026-01-19 08:56:59",NULL
3256,3256,3256,3,NULL,"2026-01-19 08:56:59","2026-01-19 08:56:59",NULL
3257,3257,3257,3,NULL,"2026-01-19 08:56:59","2026-01-19 08:56:59",NULL
3258,3258,3258,3,NULL,"2026-01-19 08:56:59","2026-01-19 08:56:59",NULL
3259,3259,3259,3,NULL,"2026-01-19 08:56:59","2026-01-19 08:56:59",NULL
3260,3260,3260,3,NULL,"2026-01-19 08:56:59","2026-01-19 08:56:59",NULL
3261,3261,3261,3,NULL,"2026-01-19 08:56:59","2026-01-19 08:56:59",NULL
3262,3262,3262,3,NULL,"2026-01-19 08:56:59","2026-01-19 08:56:59",NULL
3263,3263,3263,3,NULL,"2026-01-19 08:56:59","2026-01-19 08:56:59",NULL
3264,3264,3264,3,NULL,"2026-01-19 08:56:59","2026-01-19 08:56:59",NULL
3265,3265,3265,3,NULL,"2026-01-19 08:56:59","2026-01-19 08:56:59",NULL
3266,3266,3266,3,NULL,"2026-01-19 08:56:59","2026-01-19 08:56:59",NULL
3267,3267,3267,3,NULL,"2026-01-19 08:56:59","2026-01-19 08:56:59",NULL
3268,3268,3268,3,NULL,"2026-01-19 08:56:59","2026-01-19 08:56:59",NULL
3269,3269,3269,3,NULL,"2026-01-19 08:56:59","2026-01-19 08:56:59",NULL
3270,3270,3270,3,NULL,"2026-01-19 08:56:59","2026-01-19 08:56:59",NULL
3271,3271,3271,3,NULL,"2026-01-19 08:56:59","2026-01-19 08:56:59",NULL
3272,3272,3272,3,NULL,"2026-01-19 08:56:59","2026-01-19 08:56:59",NULL
3273,3273,3273,3,NULL,"2026-01-19 08:56:59","2026-01-19 08:56:59",NULL
3274,3274,3274,3,NULL,"2026-01-19 08:56:59","2026-01-19 08:56:59",NULL
3275,3275,3275,3,NULL,"2026-01-19 08:56:59","2026-01-19 08:56:59",NULL
3276,3276,3276,3,NULL,"2026-01-19 08:56:59","2026-01-19 08:56:59",NULL
3277,3277,3277,3,NULL,"2026-01-19 08:56:59","2026-01-19 08:56:59",NULL
3278,3278,3278,3,NULL,"2026-01-19 08:56:59","2026-01-19 08:56:59",NULL
3279,3279,3279,3,NULL,"2026-01-19 08:56:59","2026-01-19 08:56:59",NULL
3280,3280,3280,3,NULL,"2026-01-19 08:56:59","2026-01-19 08:56:59",NULL
3281,3281,3281,3,NULL,"2026-01-19 08:56:59","2026-01-19 08:56:59",NULL
3282,3282,3282,3,NULL,"2026-01-19 08:56:59","2026-01-19 08:56:59",NULL
3283,3283,3283,3,NULL,"2026-01-19 08:56:59","2026-01-19 08:56:59",NULL
3284,3284,3284,3,NULL,"2026-01-19 08:56:59","2026-01-19 08:56:59",NULL
3285,3285,3285,3,NULL,"2026-01-19 08:56:59","2026-01-19 08:56:59",NULL
3286,3286,3286,3,NULL,"2026-01-19 08:56:59","2026-01-19 08:56:59",NULL
3287,3287,3287,3,NULL,"2026-01-19 08:56:59","2026-01-19 08:56:59",NULL
3288,3288,3288,3,NULL,"2026-01-19 08:56:59","2026-01-19 08:56:59",NULL
3289,3289,3289,3,NULL,"2026-01-19 08:56:59","2026-01-19 08:56:59",NULL
3290,3290,3290,3,NULL,"2026-01-19 08:56:59","2026-01-19 08:56:59",NULL
3291,3291,3291,3,NULL,"2026-01-19 08:56:59","2026-01-19 08:56:59",NULL
3292,3292,3292,3,NULL,"2026-01-19 08:56:59","2026-01-19 08:56:59",NULL
3293,3293,3293,3,NULL,"2026-01-19 08:56:59","2026-01-19 08:56:59",NULL
3294,3294,3294,3,NULL,"2026-01-19 08:56:59","2026-01-19 08:56:59",NULL
3295,3295,3295,4,NULL,"2026-01-19 08:56:59","2026-01-19 08:56:59",NULL
3296,3296,3296,4,NULL,"2026-01-19 08:56:59","2026-01-19 08:56:59",NULL
3297,3297,3297,4,NULL,"2026-01-19 08:56:59","2026-01-19 08:56:59",NULL
3298,3298,3298,4,NULL,"2026-01-19 08:56:59","2026-01-19 08:56:59",NULL
3299,3299,3299,4,NULL,"2026-01-19 08:56:59","2026-01-19 08:56:59",NULL
3300,3300,3300,4,NULL,"2026-01-19 08:56:59","2026-01-19 08:56:59",NULL
3301,3301,3301,4,NULL,"2026-01-19 08:56:59","2026-01-19 08:56:59",NULL
3302,3302,3302,3,NULL,"2026-01-19 08:56:59","2026-01-19 08:56:59",NULL
3303,3303,3303,3,NULL,"2026-01-19 08:56:59","2026-01-19 08:56:59",NULL
3304,3304,3304,3,NULL,"2026-01-19 08:56:59","2026-01-19 08:56:59",NULL
3305,3305,3305,3,NULL,"2026-01-19 08:56:59","2026-01-19 08:56:59",NULL
3306,3306,3306,3,NULL,"2026-01-19 08:56:59","2026-01-19 08:56:59",NULL
3307,3307,3307,3,NULL,"2026-01-19 08:56:59","2026-01-19 08:56:59",NULL
3308,3308,3308,3,NULL,"2026-01-19 08:56:59","2026-01-19 08:56:59",NULL
3309,3309,3309,3,NULL,"2026-01-19 08:56:59","2026-01-19 08:56:59",NULL
3310,3310,3310,3,NULL,"2026-01-19 08:56:59","2026-01-19 08:56:59",NULL
3311,3311,3311,4,NULL,"2026-01-19 08:56:59","2026-01-19 08:56:59",NULL
3312,3312,3312,4,NULL,"2026-01-19 08:56:59","2026-01-19 08:56:59",NULL
3313,3313,3313,3,NULL,"2026-01-19 08:56:59","2026-01-19 08:56:59",NULL
3314,3314,3314,3,NULL,"2026-01-19 08:56:59","2026-01-19 08:56:59",NULL
3315,3315,3315,3,NULL,"2026-01-19 08:56:59","2026-01-19 08:56:59",NULL
3316,3316,3316,3,NULL,"2026-01-19 08:56:59","2026-01-19 08:56:59",NULL
3317,3317,3317,3,NULL,"2026-01-19 08:56:59","2026-01-19 08:56:59",NULL
3318,3318,3318,3,NULL,"2026-01-19 08:56:59","2026-01-19 08:56:59",NULL
3319,3319,3319,3,NULL,"2026-01-19 08:56:59","2026-01-19 08:56:59",NULL
3320,3320,3320,3,NULL,"2026-01-19 08:56:59","2026-01-19 08:56:59",NULL
3321,3321,3321,3,NULL,"2026-01-19 08:56:59","2026-01-19 08:56:59",NULL
3322,3322,3322,3,NULL,"2026-01-19 08:56:59","2026-01-19 08:56:59",NULL
3323,3323,3323,3,NULL,"2026-01-19 08:56:59","2026-01-19 08:56:59",NULL
3324,3324,3324,3,NULL,"2026-01-19 08:56:59","2026-01-19 08:56:59",NULL
3325,3325,3325,3,NULL,"2026-01-19 08:56:59","2026-01-19 08:56:59",NULL
3326,3326,3326,3,NULL,"2026-01-19 08:56:59","2026-01-19 08:56:59",NULL
3327,3327,3327,3,NULL,"2026-01-19 08:56:59","2026-01-19 08:56:59",NULL
3328,3328,3328,3,NULL,"2026-01-19 08:56:59","2026-01-19 08:56:59",NULL
3329,3329,3329,3,NULL,"2026-01-19 08:56:59","2026-01-19 08:56:59",NULL
3330,3330,3330,3,NULL,"2026-01-19 08:56:59","2026-01-19 08:56:59",NULL
3331,3331,3331,3,NULL,"2026-01-19 08:56:59","2026-01-19 08:56:59",NULL
3332,3332,3332,3,NULL,"2026-01-19 08:56:59","2026-01-19 08:56:59",NULL
3333,3333,3333,3,NULL,"2026-01-19 08:56:59","2026-01-19 08:56:59",NULL
3334,3334,3334,3,NULL,"2026-01-19 08:56:59","2026-01-19 08:56:59",NULL
3335,3335,3335,3,NULL,"2026-01-19 08:56:59","2026-01-19 08:56:59",NULL
3336,3336,3336,3,NULL,"2026-01-19 08:56:59","2026-01-19 08:56:59",NULL
3337,3337,3337,3,NULL,"2026-01-19 08:56:59","2026-01-19 08:56:59",NULL
3338,3338,3338,3,NULL,"2026-01-19 08:56:59","2026-01-19 08:56:59",NULL
3339,3339,3339,3,NULL,"2026-01-19 08:56:59","2026-01-19 08:56:59",NULL
3340,3340,3340,3,NULL,"2026-01-19 08:56:59","2026-01-19 08:56:59",NULL
3341,3341,3341,3,NULL,"2026-01-19 08:56:59","2026-01-19 08:56:59",NULL
3342,3342,3342,3,NULL,"2026-01-19 08:56:59","2026-01-19 08:56:59",NULL
3343,3343,3343,3,NULL,"2026-01-19 08:56:59","2026-01-19 08:56:59",NULL
3344,3344,3344,3,NULL,"2026-01-19 08:56:59","2026-01-19 08:56:59",NULL
3345,3345,3345,3,NULL,"2026-01-19 08:56:59","2026-01-19 08:56:59",NULL
3346,3346,3346,3,NULL,"2026-01-19 08:56:59","2026-01-19 08:56:59",NULL
3347,3347,3347,3,NULL,"2026-01-19 08:56:59","2026-01-19 08:56:59",NULL
3348,3348,3348,3,NULL,"2026-01-19 08:56:59","2026-01-19 08:56:59",NULL
3349,3349,3349,3,NULL,"2026-01-19 08:56:59","2026-01-19 08:56:59",NULL
3350,3350,3350,3,NULL,"2026-01-19 08:56:59","2026-01-19 08:56:59",NULL
3351,3351,3351,3,NULL,"2026-01-19 08:56:59","2026-01-19 08:56:59",NULL
3352,3352,3352,3,NULL,"2026-01-19 08:56:59","2026-01-19 08:56:59",NULL
3353,3353,3353,3,NULL,"2026-01-19 08:56:59","2026-01-19 08:56:59",NULL
3354,3354,3354,3,NULL,"2026-01-19 08:56:59","2026-01-19 08:56:59",NULL
3355,3355,3355,4,NULL,"2026-01-19 08:56:59","2026-01-19 08:56:59",NULL
3356,3356,3356,4,NULL,"2026-01-19 08:56:59","2026-01-19 08:56:59",NULL
3357,3357,3357,4,NULL,"2026-01-19 08:56:59","2026-01-19 08:56:59",NULL
3358,3358,3358,3,NULL,"2026-01-19 08:56:59","2026-01-19 08:56:59",NULL
3359,3359,3359,3,NULL,"2026-01-19 08:56:59","2026-01-19 08:56:59",NULL
3360,3360,3360,3,NULL,"2026-01-19 08:56:59","2026-01-19 08:56:59",NULL
3361,3361,3361,3,NULL,"2026-01-19 08:56:59","2026-01-19 08:56:59",NULL
3362,3362,3362,3,NULL,"2026-01-19 08:56:59","2026-01-19 08:56:59",NULL
3363,3363,3363,3,NULL,"2026-01-19 08:56:59","2026-01-19 08:56:59",NULL
3364,3364,3364,3,NULL,"2026-01-19 08:56:59","2026-01-19 08:56:59",NULL
3365,3365,3365,3,NULL,"2026-01-19 08:56:59","2026-01-19 08:56:59",NULL
3366,3366,3366,3,NULL,"2026-01-19 08:56:59","2026-01-19 08:56:59",NULL
3367,3367,3367,3,NULL,"2026-01-19 08:56:59","2026-01-19 08:56:59",NULL
3368,3368,3368,3,NULL,"2026-01-19 08:56:59","2026-01-19 08:56:59",NULL
3369,3369,3369,4,NULL,"2026-01-19 08:56:59","2026-01-19 08:56:59",NULL
3370,3370,3370,4,NULL,"2026-01-19 08:56:59","2026-01-19 08:56:59",NULL
3371,3371,3371,4,NULL,"2026-01-19 08:56:59","2026-01-19 08:56:59",NULL
3372,3372,3372,4,NULL,"2026-01-19 08:56:59","2026-01-19 08:56:59",NULL
3373,3373,3373,4,NULL,"2026-01-19 08:56:59","2026-01-19 08:56:59",NULL
3374,3374,3374,4,NULL,"2026-01-19 08:56:59","2026-01-19 08:56:59",NULL
3375,3375,3375,3,NULL,"2026-01-19 08:56:59","2026-01-19 08:56:59",NULL
3376,3376,3376,3,NULL,"2026-01-19 08:56:59","2026-01-19 08:56:59",NULL
3377,3377,3377,3,NULL,"2026-01-19 08:56:59","2026-01-19 08:56:59",NULL
3378,3378,3378,3,NULL,"2026-01-19 08:56:59","2026-01-19 08:56:59",NULL
3379,3379,3379,3,NULL,"2026-01-19 08:56:59","2026-01-19 08:56:59",NULL
3380,3380,3380,3,NULL,"2026-01-19 08:57:00","2026-01-19 08:57:00",NULL
3381,3381,3381,3,NULL,"2026-01-19 08:57:00","2026-01-19 08:57:00",NULL
3382,3382,3382,3,NULL,"2026-01-19 08:57:00","2026-01-19 08:57:00",NULL
3383,3383,3383,3,NULL,"2026-01-19 08:57:00","2026-01-19 08:57:00",NULL
3384,3384,3384,3,NULL,"2026-01-19 08:57:00","2026-01-19 08:57:00",NULL
3385,3385,3385,3,NULL,"2026-01-19 08:57:00","2026-01-19 08:57:00",NULL
3386,3386,3386,3,NULL,"2026-01-19 08:57:00","2026-01-19 08:57:00",NULL
3387,3387,3387,3,NULL,"2026-01-19 08:57:00","2026-01-19 08:57:00",NULL
3388,3388,3388,3,NULL,"2026-01-19 08:57:00","2026-01-19 08:57:00",NULL
3389,3389,3389,3,NULL,"2026-01-19 08:57:00","2026-01-19 08:57:00",NULL
3390,3390,3390,3,NULL,"2026-01-19 08:57:00","2026-01-19 08:57:00",NULL
3391,3391,3391,3,NULL,"2026-01-19 08:57:00","2026-01-19 08:57:00",NULL
3392,3392,3392,3,NULL,"2026-01-19 08:57:00","2026-01-19 08:57:00",NULL
3393,3393,3393,3,NULL,"2026-01-19 08:57:00","2026-01-19 08:57:00",NULL
3394,3394,3394,3,NULL,"2026-01-19 08:57:00","2026-01-19 08:57:00",NULL
3395,3395,3395,3,NULL,"2026-01-19 08:57:00","2026-01-19 08:57:00",NULL
3396,3396,3396,3,NULL,"2026-01-19 08:57:00","2026-01-19 08:57:00",NULL
3397,3397,3397,3,NULL,"2026-01-19 08:57:00","2026-01-19 08:57:00",NULL
3398,3398,3398,3,NULL,"2026-01-19 08:57:00","2026-01-19 08:57:00",NULL
3399,3399,3399,3,NULL,"2026-01-19 08:57:00","2026-01-19 08:57:00",NULL
3400,3400,3400,3,NULL,"2026-01-19 08:57:00","2026-01-19 08:57:00",NULL
3401,3401,3401,3,NULL,"2026-01-19 08:57:00","2026-01-19 08:57:00",NULL
3402,3402,3402,3,NULL,"2026-01-19 08:57:00","2026-01-19 08:57:00",NULL
3403,3403,3403,3,NULL,"2026-01-19 08:57:00","2026-01-19 08:57:00",NULL
3404,3404,3404,3,NULL,"2026-01-19 08:57:00","2026-01-19 08:57:00",NULL
3405,3405,3405,3,NULL,"2026-01-19 08:57:00","2026-01-19 08:57:00",NULL
3406,3406,3406,3,NULL,"2026-01-19 08:57:00","2026-01-19 08:57:00",NULL
3407,3407,3407,3,NULL,"2026-01-19 08:57:00","2026-01-19 08:57:00",NULL
3408,3408,3408,3,NULL,"2026-01-19 08:57:00","2026-01-19 08:57:00",NULL
3409,3409,3409,3,NULL,"2026-01-19 08:57:00","2026-01-19 08:57:00",NULL
3410,3410,3410,3,NULL,"2026-01-19 08:57:00","2026-01-19 08:57:00",NULL
3411,3411,3411,3,NULL,"2026-01-19 08:57:00","2026-01-19 08:57:00",NULL
3412,3412,3412,3,NULL,"2026-01-19 08:57:00","2026-01-19 08:57:00",NULL
3413,3413,3413,3,NULL,"2026-01-19 08:57:00","2026-01-19 08:57:00",NULL
3414,3414,3414,3,NULL,"2026-01-19 08:57:00","2026-01-19 08:57:00",NULL
3415,3415,3415,3,NULL,"2026-01-19 08:57:00","2026-01-19 08:57:00",NULL
3416,3416,3416,3,NULL,"2026-01-19 08:57:00","2026-01-19 08:57:00",NULL
3417,3417,3417,3,NULL,"2026-01-19 08:57:00","2026-01-19 08:57:00",NULL
3418,3418,3418,3,NULL,"2026-01-19 08:57:00","2026-01-19 08:57:00",NULL
3419,3419,3419,3,NULL,"2026-01-19 08:57:00","2026-01-19 08:57:00",NULL
3420,3420,3420,3,NULL,"2026-01-19 08:57:00","2026-01-19 08:57:00",NULL
3421,3421,3421,3,NULL,"2026-01-19 08:57:00","2026-01-19 08:57:00",NULL
3422,3422,3422,3,NULL,"2026-01-19 08:57:00","2026-01-19 08:57:00",NULL
3423,3423,3423,3,NULL,"2026-01-19 08:57:00","2026-01-19 08:57:00",NULL
3424,3424,3424,3,NULL,"2026-01-19 08:57:00","2026-01-19 08:57:00",NULL
3425,3425,3425,3,NULL,"2026-01-19 08:57:00","2026-01-19 08:57:00",NULL
3426,3426,3426,3,NULL,"2026-01-19 08:57:00","2026-01-19 08:57:00",NULL
3427,3427,3427,3,NULL,"2026-01-19 08:57:00","2026-01-19 08:57:00",NULL
3428,3428,3428,3,NULL,"2026-01-19 08:57:00","2026-01-19 08:57:00",NULL
3429,3429,3429,3,NULL,"2026-01-19 08:57:00","2026-01-19 08:57:00",NULL
3430,3430,3430,3,NULL,"2026-01-19 08:57:00","2026-01-19 08:57:00",NULL
3431,3431,3431,3,NULL,"2026-01-19 08:57:00","2026-01-19 08:57:00",NULL
3432,3432,3432,3,NULL,"2026-01-19 08:57:00","2026-01-19 08:57:00",NULL
3433,3433,3433,3,NULL,"2026-01-19 08:57:00","2026-01-19 08:57:00",NULL
3434,3434,3434,3,NULL,"2026-01-19 08:57:00","2026-01-19 08:57:00",NULL
3435,3435,3435,3,NULL,"2026-01-19 08:57:00","2026-01-19 08:57:00",NULL
3436,3436,3436,3,NULL,"2026-01-19 08:57:00","2026-01-19 08:57:00",NULL
3437,3437,3437,3,NULL,"2026-01-19 08:57:00","2026-01-19 08:57:00",NULL
3438,3438,3438,3,NULL,"2026-01-19 08:57:00","2026-01-19 08:57:00",NULL
3439,3439,3439,3,NULL,"2026-01-19 08:57:00","2026-01-19 08:57:00",NULL
3440,3440,3440,3,NULL,"2026-01-19 08:57:00","2026-01-19 08:57:00",NULL
3441,3441,3441,3,NULL,"2026-01-19 08:57:00","2026-01-19 08:57:00",NULL
3442,3442,3442,3,NULL,"2026-01-19 08:57:00","2026-01-19 08:57:00",NULL
3443,3443,3443,3,NULL,"2026-01-19 08:57:00","2026-01-19 08:57:00",NULL
3444,3444,3444,3,NULL,"2026-01-19 08:57:00","2026-01-19 08:57:00",NULL
3445,3445,3445,3,NULL,"2026-01-19 08:57:00","2026-01-19 08:57:00",NULL
3446,3446,3446,3,NULL,"2026-01-19 08:57:00","2026-01-19 08:57:00",NULL
3447,3447,3447,3,NULL,"2026-01-19 08:57:00","2026-01-19 08:57:00",NULL
3448,3448,3448,3,NULL,"2026-01-19 08:57:00","2026-01-19 08:57:00",NULL
3449,3449,3449,3,NULL,"2026-01-19 08:57:00","2026-01-19 08:57:00",NULL
3450,3450,3450,3,NULL,"2026-01-19 08:57:00","2026-01-19 08:57:00",NULL
3451,3451,3451,3,NULL,"2026-01-19 08:57:00","2026-01-19 08:57:00",NULL
3452,3452,3452,3,NULL,"2026-01-19 08:57:00","2026-01-19 08:57:00",NULL
3453,3453,3453,3,NULL,"2026-01-19 08:57:00","2026-01-19 08:57:00",NULL
3454,3454,3454,3,NULL,"2026-01-19 08:57:00","2026-01-19 08:57:00",NULL
3455,3455,3455,3,NULL,"2026-01-19 08:57:00","2026-01-19 08:57:00",NULL
3456,3456,3456,3,NULL,"2026-01-19 08:57:00","2026-01-19 08:57:00",NULL
3457,3457,3457,3,NULL,"2026-01-19 08:57:00","2026-01-19 08:57:00",NULL
3458,3458,3458,3,NULL,"2026-01-19 08:57:00","2026-01-19 08:57:00",NULL
3459,3459,3459,3,NULL,"2026-01-19 08:57:00","2026-01-19 08:57:00",NULL
3460,3460,3460,3,NULL,"2026-01-19 08:57:00","2026-01-19 08:57:00",NULL
3461,3461,3461,3,NULL,"2026-01-19 08:57:00","2026-01-19 08:57:00",NULL
3462,3462,3462,3,NULL,"2026-01-19 08:57:00","2026-01-19 08:57:00",NULL
3463,3463,3463,3,NULL,"2026-01-19 08:57:00","2026-01-19 08:57:00",NULL
3464,3464,3464,3,NULL,"2026-01-19 08:57:00","2026-01-19 08:57:00",NULL
3465,3465,3465,3,NULL,"2026-01-19 08:57:00","2026-01-19 08:57:00",NULL
3466,3466,3466,3,NULL,"2026-01-19 08:57:00","2026-01-19 08:57:00",NULL
3467,3467,3467,3,NULL,"2026-01-19 08:57:00","2026-01-19 08:57:00",NULL
3468,3468,3468,3,NULL,"2026-01-19 08:57:00","2026-01-19 08:57:00",NULL
3469,3469,3469,3,NULL,"2026-01-19 08:57:00","2026-01-19 08:57:00",NULL
3470,3470,3470,3,NULL,"2026-01-19 08:57:00","2026-01-19 08:57:00",NULL
3471,3471,3471,3,NULL,"2026-01-19 08:57:00","2026-01-19 08:57:00",NULL
3472,3472,3472,3,NULL,"2026-01-19 08:57:00","2026-01-19 08:57:00",NULL
3473,3473,3473,3,NULL,"2026-01-19 08:57:00","2026-01-19 08:57:00",NULL
3474,3474,3474,3,NULL,"2026-01-19 08:57:00","2026-01-19 08:57:00",NULL
3475,3475,3475,3,NULL,"2026-01-19 08:57:00","2026-01-19 08:57:00",NULL
3476,3476,3476,3,NULL,"2026-01-19 08:57:00","2026-01-19 08:57:00",NULL
3477,3477,3477,3,NULL,"2026-01-19 08:57:00","2026-01-19 08:57:00",NULL
3478,3478,3478,3,NULL,"2026-01-19 08:57:00","2026-01-19 08:57:00",NULL
3479,3479,3479,3,NULL,"2026-01-19 08:57:00","2026-01-19 08:57:00",NULL
3480,3480,3480,3,NULL,"2026-01-19 08:57:00","2026-01-19 08:57:00",NULL
3481,3481,3481,3,NULL,"2026-01-19 08:57:00","2026-01-19 08:57:00",NULL
3482,3482,3482,3,NULL,"2026-01-19 08:57:00","2026-01-19 08:57:00",NULL
3483,3483,3483,3,NULL,"2026-01-19 08:57:00","2026-01-19 08:57:00",NULL
3484,3484,3484,3,NULL,"2026-01-19 08:57:00","2026-01-19 08:57:00",NULL
3485,3485,3485,3,NULL,"2026-01-19 08:57:00","2026-01-19 08:57:00",NULL
3486,3486,3486,3,NULL,"2026-01-19 08:57:00","2026-01-19 08:57:00",NULL
3487,3487,3487,3,NULL,"2026-01-19 08:57:00","2026-01-19 08:57:00",NULL
3488,3488,3488,3,NULL,"2026-01-19 08:57:00","2026-01-19 08:57:00",NULL
3489,3489,3489,3,NULL,"2026-01-19 08:57:00","2026-01-19 08:57:00",NULL
3490,3490,3490,3,NULL,"2026-01-19 08:57:00","2026-01-19 08:57:00",NULL
3491,3491,3491,3,NULL,"2026-01-19 08:57:00","2026-01-19 08:57:00",NULL
3492,3492,3492,3,NULL,"2026-01-19 08:57:00","2026-01-19 08:57:00",NULL
3493,3493,3493,3,NULL,"2026-01-19 08:57:00","2026-01-19 08:57:00",NULL
3494,3494,3494,3,NULL,"2026-01-19 08:57:00","2026-01-19 08:57:00",NULL
3495,3495,3495,3,NULL,"2026-01-19 08:57:00","2026-01-19 08:57:00",NULL
3496,3496,3496,3,NULL,"2026-01-19 08:57:00","2026-01-19 08:57:00",NULL
3497,3497,3497,3,NULL,"2026-01-19 08:57:00","2026-01-19 08:57:00",NULL
3498,3498,3498,3,NULL,"2026-01-19 08:57:00","2026-01-19 08:57:00",NULL
3499,3499,3499,3,NULL,"2026-01-19 08:57:00","2026-01-19 08:57:00",NULL
3500,3500,3500,3,NULL,"2026-01-19 08:57:00","2026-01-19 08:57:00",NULL
3501,3501,3501,3,NULL,"2026-01-19 08:57:00","2026-01-19 08:57:00",NULL
3502,3502,3502,3,NULL,"2026-01-19 08:57:00","2026-01-19 08:57:00",NULL
3503,3503,3503,3,NULL,"2026-01-19 08:57:00","2026-01-19 08:57:00",NULL
3504,3504,3504,3,NULL,"2026-01-19 08:57:00","2026-01-19 08:57:00",NULL
3505,3505,3505,3,NULL,"2026-01-19 08:57:00","2026-01-19 08:57:00",NULL
3506,3506,3506,3,NULL,"2026-01-19 08:57:00","2026-01-19 08:57:00",NULL
3507,3507,3507,3,NULL,"2026-01-19 08:57:00","2026-01-19 08:57:00",NULL
3508,3508,3508,3,NULL,"2026-01-19 08:57:00","2026-01-19 08:57:00",NULL
3509,3509,3509,3,NULL,"2026-01-19 08:57:00","2026-01-19 08:57:00",NULL
3510,3510,3510,3,NULL,"2026-01-19 08:57:00","2026-01-19 08:57:00",NULL
3511,3511,3511,3,NULL,"2026-01-19 08:57:00","2026-01-19 08:57:00",NULL
3512,3512,3512,3,NULL,"2026-01-19 08:57:00","2026-01-19 08:57:00",NULL
3513,3513,3513,3,NULL,"2026-01-19 08:57:00","2026-01-19 08:57:00",NULL
3514,3514,3514,3,NULL,"2026-01-19 08:57:00","2026-01-19 08:57:00",NULL
3515,3515,3515,3,NULL,"2026-01-19 08:57:00","2026-01-19 08:57:00",NULL
3516,3516,3516,3,NULL,"2026-01-19 08:57:00","2026-01-19 08:57:00",NULL
3517,3517,3517,3,NULL,"2026-01-19 08:57:00","2026-01-19 08:57:00",NULL
3518,3518,3518,3,NULL,"2026-01-19 08:57:00","2026-01-19 08:57:00",NULL
3519,3519,3519,3,NULL,"2026-01-19 08:57:00","2026-01-19 08:57:00",NULL
3520,3520,3520,3,NULL,"2026-01-19 08:57:00","2026-01-19 08:57:00",NULL
3521,3521,3521,3,NULL,"2026-01-19 08:57:00","2026-01-19 08:57:00",NULL
3522,3522,3522,3,NULL,"2026-01-19 08:57:00","2026-01-19 08:57:00",NULL
3523,3523,3523,3,NULL,"2026-01-19 08:57:00","2026-01-19 08:57:00",NULL
3524,3524,3524,3,NULL,"2026-01-19 08:57:00","2026-01-19 08:57:00",NULL
3525,3525,3525,3,NULL,"2026-01-19 08:57:00","2026-01-19 08:57:00",NULL
3526,3526,3526,3,NULL,"2026-01-19 08:57:00","2026-01-19 08:57:00",NULL
3527,3527,3527,3,NULL,"2026-01-19 08:57:00","2026-01-19 08:57:00",NULL
3528,3528,3528,3,NULL,"2026-01-19 08:57:00","2026-01-19 08:57:00",NULL
3529,3529,3529,3,NULL,"2026-01-19 08:57:00","2026-01-19 08:57:00",NULL
3530,3530,3530,3,NULL,"2026-01-19 08:57:00","2026-01-19 08:57:00",NULL
3531,3531,3531,3,NULL,"2026-01-19 08:57:00","2026-01-19 08:57:00",NULL
3532,3532,3532,3,NULL,"2026-01-19 08:57:00","2026-01-19 08:57:00",NULL
3533,3533,3533,3,NULL,"2026-01-19 08:57:00","2026-01-19 08:57:00",NULL
3534,3534,3534,3,NULL,"2026-01-19 08:57:00","2026-01-19 08:57:00",NULL
3535,3535,3535,3,NULL,"2026-01-19 08:57:00","2026-01-19 08:57:00",NULL
3536,3536,3536,3,NULL,"2026-01-19 08:57:00","2026-01-19 08:57:00",NULL
3537,3537,3537,3,NULL,"2026-01-19 08:57:00","2026-01-19 08:57:00",NULL
3538,3538,3538,3,NULL,"2026-01-19 08:57:00","2026-01-19 08:57:00",NULL
3539,3539,3539,3,NULL,"2026-01-19 08:57:00","2026-01-19 08:57:00",NULL
3540,3540,3540,3,NULL,"2026-01-19 08:57:00","2026-01-19 08:57:00",NULL
3541,3541,3541,3,NULL,"2026-01-19 08:57:00","2026-01-19 08:57:00",NULL
3542,3542,3542,3,NULL,"2026-01-19 08:57:00","2026-01-19 08:57:00",NULL
3543,3543,3543,3,NULL,"2026-01-19 08:57:00","2026-01-19 08:57:00",NULL
3544,3544,3544,3,NULL,"2026-01-19 08:57:00","2026-01-19 08:57:00",NULL
3545,3545,3545,3,NULL,"2026-01-19 08:57:00","2026-01-19 08:57:00",NULL
3546,3546,3546,3,NULL,"2026-01-19 08:57:00","2026-01-19 08:57:00",NULL
3547,3547,3547,3,NULL,"2026-01-19 08:57:00","2026-01-19 08:57:00",NULL
3548,3548,3548,3,NULL,"2026-01-19 08:57:00","2026-01-19 08:57:00",NULL
3549,3549,3549,3,NULL,"2026-01-19 08:57:00","2026-01-19 08:57:00",NULL
3550,3550,3550,3,NULL,"2026-01-19 08:57:00","2026-01-19 08:57:00",NULL
3551,3551,3551,3,NULL,"2026-01-19 08:57:00","2026-01-19 08:57:00",NULL
3552,3552,3552,3,NULL,"2026-01-19 08:57:00","2026-01-19 08:57:00",NULL
3553,3553,3553,3,NULL,"2026-01-19 08:57:00","2026-01-19 08:57:00",NULL
3554,3554,3554,3,NULL,"2026-01-19 08:57:00","2026-01-19 08:57:00",NULL
3555,3555,3555,3,NULL,"2026-01-19 08:57:00","2026-01-19 08:57:00",NULL
3556,3556,3556,3,NULL,"2026-01-19 08:57:00","2026-01-19 08:57:00",NULL
3557,3557,3557,3,NULL,"2026-01-19 08:57:00","2026-01-19 08:57:00",NULL
3558,3558,3558,3,NULL,"2026-01-19 08:57:00","2026-01-19 08:57:00",NULL
3559,3559,3559,3,NULL,"2026-01-19 08:57:00","2026-01-19 08:57:00",NULL
3560,3560,3560,3,NULL,"2026-01-19 08:57:00","2026-01-19 08:57:00",NULL
3561,3561,3561,3,NULL,"2026-01-19 08:57:00","2026-01-19 08:57:00",NULL
3562,3562,3562,3,NULL,"2026-01-19 08:57:00","2026-01-19 08:57:00",NULL
3563,3563,3563,3,NULL,"2026-01-19 08:57:00","2026-01-19 08:57:00",NULL
3564,3564,3564,3,NULL,"2026-01-19 08:57:00","2026-01-19 08:57:00",NULL
3565,3565,3565,3,NULL,"2026-01-19 08:57:00","2026-01-19 08:57:00",NULL
3566,3566,3566,3,NULL,"2026-01-19 08:57:00","2026-01-19 08:57:00",NULL
3567,3567,3567,3,NULL,"2026-01-19 08:57:00","2026-01-19 08:57:00",NULL
3568,3568,3568,3,NULL,"2026-01-19 08:57:00","2026-01-19 08:57:00",NULL
3569,3569,3569,3,NULL,"2026-01-19 08:57:00","2026-01-19 08:57:00",NULL
3570,3570,3570,3,NULL,"2026-01-19 08:57:00","2026-01-19 08:57:00",NULL
3571,3571,3571,3,NULL,"2026-01-19 08:57:00","2026-01-19 08:57:00",NULL
3572,3572,3572,3,NULL,"2026-01-19 08:57:00","2026-01-19 08:57:00",NULL
3573,3573,3573,3,NULL,"2026-01-19 08:57:00","2026-01-19 08:57:00",NULL
3574,3574,3574,3,NULL,"2026-01-19 08:57:00","2026-01-19 08:57:00",NULL
3575,3575,3575,3,NULL,"2026-01-19 08:57:00","2026-01-19 08:57:00",NULL
3576,3576,3576,3,NULL,"2026-01-19 08:57:00","2026-01-19 08:57:00",NULL
3577,3577,3577,3,NULL,"2026-01-19 08:57:00","2026-01-19 08:57:00",NULL
3578,3578,3578,3,NULL,"2026-01-19 08:57:00","2026-01-19 08:57:00",NULL
3579,3579,3579,3,NULL,"2026-01-19 08:57:00","2026-01-19 08:57:00",NULL
3580,3580,3580,3,NULL,"2026-01-19 08:57:00","2026-01-19 08:57:00",NULL
3581,3581,3581,3,NULL,"2026-01-19 08:57:00","2026-01-19 08:57:00",NULL
3582,3582,3582,3,NULL,"2026-01-19 08:57:00","2026-01-19 08:57:00",NULL
3583,3583,3583,3,NULL,"2026-01-19 08:57:00","2026-01-19 08:57:00",NULL
3584,3584,3584,3,NULL,"2026-01-19 08:57:00","2026-01-19 08:57:00",NULL
3585,3585,3585,3,NULL,"2026-01-19 08:57:00","2026-01-19 08:57:00",NULL
3586,3586,3586,3,NULL,"2026-01-19 08:57:00","2026-01-19 08:57:00",NULL
3587,3587,3587,3,NULL,"2026-01-19 08:57:00","2026-01-19 08:57:00",NULL
3588,3588,3588,3,NULL,"2026-01-19 08:57:00","2026-01-19 08:57:00",NULL
3589,3589,3589,3,NULL,"2026-01-19 08:57:00","2026-01-19 08:57:00",NULL
3590,3590,3590,3,NULL,"2026-01-19 08:57:00","2026-01-19 08:57:00",NULL
3591,3591,3591,3,NULL,"2026-01-19 08:57:00","2026-01-19 08:57:00",NULL
3592,3592,3592,3,NULL,"2026-01-19 08:57:00","2026-01-19 08:57:00",NULL
3593,3593,3593,3,NULL,"2026-01-19 08:57:00","2026-01-19 08:57:00",NULL
3594,3594,3594,3,NULL,"2026-01-19 08:57:00","2026-01-19 08:57:00",NULL
3595,3595,3595,3,NULL,"2026-01-19 08:57:00","2026-01-19 08:57:00",NULL
3596,3596,3596,3,NULL,"2026-01-19 08:57:00","2026-01-19 08:57:00",NULL
3597,3597,3597,3,NULL,"2026-01-19 08:57:00","2026-01-19 08:57:00",NULL
3598,3598,3598,3,NULL,"2026-01-19 08:57:00","2026-01-19 08:57:00",NULL
3599,3599,3599,3,NULL,"2026-01-19 08:57:00","2026-01-19 08:57:00",NULL
3600,3600,3600,3,NULL,"2026-01-19 08:57:00","2026-01-19 08:57:00",NULL
3601,3601,3601,3,NULL,"2026-01-19 08:57:00","2026-01-19 08:57:00",NULL
3602,3602,3602,3,NULL,"2026-01-19 08:57:00","2026-01-19 08:57:00",NULL
3603,3603,3603,3,NULL,"2026-01-19 08:57:00","2026-01-19 08:57:00",NULL
3604,3604,3604,3,NULL,"2026-01-19 08:57:00","2026-01-19 08:57:00",NULL
3605,3605,3605,3,NULL,"2026-01-19 08:57:00","2026-01-19 08:57:00",NULL
3606,3606,3606,3,NULL,"2026-01-19 08:57:00","2026-01-19 08:57:00",NULL
3607,3607,3607,3,NULL,"2026-01-19 08:57:00","2026-01-19 08:57:00",NULL
3608,3608,3608,3,NULL,"2026-01-19 08:57:00","2026-01-19 08:57:00",NULL
3609,3609,3609,3,NULL,"2026-01-19 08:57:00","2026-01-19 08:57:00",NULL
3610,3610,3610,3,NULL,"2026-01-19 08:57:00","2026-01-19 08:57:00",NULL
3611,3611,3611,3,NULL,"2026-01-19 08:57:00","2026-01-19 08:57:00",NULL
3612,3612,3612,3,NULL,"2026-01-19 08:57:00","2026-01-19 08:57:00",NULL
3613,3613,3613,3,NULL,"2026-01-19 08:57:00","2026-01-19 08:57:00",NULL
3614,3614,3614,3,NULL,"2026-01-19 08:57:00","2026-01-19 08:57:00",NULL
3615,3615,3615,3,NULL,"2026-01-19 08:57:00","2026-01-19 08:57:00",NULL
3616,3616,3616,3,NULL,"2026-01-19 08:57:00","2026-01-19 08:57:00",NULL
3617,3617,3617,3,NULL,"2026-01-19 08:57:00","2026-01-19 08:57:00",NULL
3618,3618,3618,3,NULL,"2026-01-19 08:57:00","2026-01-19 08:57:00",NULL
3619,3619,3619,3,NULL,"2026-01-19 08:57:00","2026-01-19 08:57:00",NULL
3620,3620,3620,3,NULL,"2026-01-19 08:57:00","2026-01-19 08:57:00",NULL
3621,3621,3621,3,NULL,"2026-01-19 08:57:00","2026-01-19 08:57:00",NULL
3622,3622,3622,3,NULL,"2026-01-19 08:57:00","2026-01-19 08:57:00",NULL
3623,3623,3623,3,NULL,"2026-01-19 08:57:00","2026-01-19 08:57:00",NULL
3624,3624,3624,3,NULL,"2026-01-19 08:57:00","2026-01-19 08:57:00",NULL
3625,3625,3625,3,NULL,"2026-01-19 08:57:00","2026-01-19 08:57:00",NULL
3626,3626,3626,3,NULL,"2026-01-19 08:57:00","2026-01-19 08:57:00",NULL
3627,3627,3627,3,NULL,"2026-01-19 08:57:00","2026-01-19 08:57:00",NULL
3628,3628,3628,3,NULL,"2026-01-19 08:57:00","2026-01-19 08:57:00",NULL
3629,3629,3629,3,NULL,"2026-01-19 08:57:00","2026-01-19 08:57:00",NULL
3630,3630,3630,3,NULL,"2026-01-19 08:57:00","2026-01-19 08:57:00",NULL
3631,3631,3631,3,NULL,"2026-01-19 08:57:00","2026-01-19 08:57:00",NULL
3632,3632,3632,3,NULL,"2026-01-19 08:57:00","2026-01-19 08:57:00",NULL
3633,3633,3633,3,NULL,"2026-01-19 08:57:00","2026-01-19 08:57:00",NULL
3634,3634,3634,3,NULL,"2026-01-19 08:57:00","2026-01-19 08:57:00",NULL
3635,3635,3635,3,NULL,"2026-01-19 08:57:00","2026-01-19 08:57:00",NULL
3636,3636,3636,3,NULL,"2026-01-19 08:57:00","2026-01-19 08:57:00",NULL
3637,3637,3637,3,NULL,"2026-01-19 08:57:00","2026-01-19 08:57:00",NULL
3638,3638,3638,3,NULL,"2026-01-19 08:57:00","2026-01-19 08:57:00",NULL
3639,3639,3639,3,NULL,"2026-01-19 08:57:00","2026-01-19 08:57:00",NULL
3640,3640,3640,3,NULL,"2026-01-19 08:57:00","2026-01-19 08:57:00",NULL
3641,3641,3641,3,NULL,"2026-01-19 08:57:00","2026-01-19 08:57:00",NULL
3642,3642,3642,3,NULL,"2026-01-19 08:57:00","2026-01-19 08:57:00",NULL
3643,3643,3643,3,NULL,"2026-01-19 08:57:00","2026-01-19 08:57:00",NULL
3644,3644,3644,3,NULL,"2026-01-19 08:57:00","2026-01-19 08:57:00",NULL
3645,3645,3645,3,NULL,"2026-01-19 08:57:00","2026-01-19 08:57:00",NULL
3646,3646,3646,3,NULL,"2026-01-19 08:57:00","2026-01-19 08:57:00",NULL
3647,3647,3647,3,NULL,"2026-01-19 08:57:00","2026-01-19 08:57:00",NULL
3648,3648,3648,3,NULL,"2026-01-19 08:57:00","2026-01-19 08:57:00",NULL
3649,3649,3649,3,NULL,"2026-01-19 08:57:00","2026-01-19 08:57:00",NULL
3650,3650,3650,3,NULL,"2026-01-19 08:57:00","2026-01-19 08:57:00",NULL
3651,3651,3651,3,NULL,"2026-01-19 08:57:00","2026-01-19 08:57:00",NULL
3652,3652,3652,3,NULL,"2026-01-19 08:57:00","2026-01-19 08:57:00",NULL
3653,3653,3653,3,NULL,"2026-01-19 08:57:00","2026-01-19 08:57:00",NULL
3654,3654,3654,3,NULL,"2026-01-19 08:57:00","2026-01-19 08:57:00",NULL
3655,3655,3655,3,NULL,"2026-01-19 08:57:00","2026-01-19 08:57:00",NULL
3656,3656,3656,3,NULL,"2026-01-19 08:57:00","2026-01-19 08:57:00",NULL
3657,3657,3657,3,NULL,"2026-01-19 08:57:00","2026-01-19 08:57:00",NULL
3658,3658,3658,3,NULL,"2026-01-19 08:57:00","2026-01-19 08:57:00",NULL
3659,3659,3659,3,NULL,"2026-01-19 08:57:00","2026-01-19 08:57:00",NULL
3660,3660,3660,3,NULL,"2026-01-19 08:57:00","2026-01-19 08:57:00",NULL
3661,3661,3661,3,NULL,"2026-01-19 08:57:00","2026-01-19 08:57:00",NULL
3662,3662,3662,3,NULL,"2026-01-19 08:57:00","2026-01-19 08:57:00",NULL
3663,3663,3663,3,NULL,"2026-01-19 08:57:00","2026-01-19 08:57:00",NULL
3664,3664,3664,3,NULL,"2026-01-19 08:57:00","2026-01-19 08:57:00",NULL
3665,3665,3665,3,NULL,"2026-01-19 08:57:00","2026-01-19 08:57:00",NULL
3666,3666,3666,3,NULL,"2026-01-19 08:57:00","2026-01-19 08:57:00",NULL
3667,3667,3667,3,NULL,"2026-01-19 08:57:00","2026-01-19 08:57:00",NULL
3668,3668,3668,3,NULL,"2026-01-19 08:57:00","2026-01-19 08:57:00",NULL
3669,3669,3669,3,NULL,"2026-01-19 08:57:00","2026-01-19 08:57:00",NULL
3670,3670,3670,3,NULL,"2026-01-19 08:57:00","2026-01-19 08:57:00",NULL
3671,3671,3671,3,NULL,"2026-01-19 08:57:00","2026-01-19 08:57:00",NULL
3672,3672,3672,3,NULL,"2026-01-19 08:57:00","2026-01-19 08:57:00",NULL
3673,3673,3673,3,NULL,"2026-01-19 08:57:00","2026-01-19 08:57:00",NULL
3674,3674,3674,3,NULL,"2026-01-19 08:57:00","2026-01-19 08:57:00",NULL
3675,3675,3675,3,NULL,"2026-01-19 08:57:00","2026-01-19 08:57:00",NULL
3676,3676,3676,3,NULL,"2026-01-19 08:57:00","2026-01-19 08:57:00",NULL
3677,3677,3677,3,NULL,"2026-01-19 08:57:00","2026-01-19 08:57:00",NULL
3678,3678,3678,3,NULL,"2026-01-19 08:57:00","2026-01-19 08:57:00",NULL
3679,3679,3679,3,NULL,"2026-01-19 08:57:00","2026-01-19 08:57:00",NULL
3680,3680,3680,3,NULL,"2026-01-19 08:57:00","2026-01-19 08:57:00",NULL
3681,3681,3681,3,NULL,"2026-01-19 08:57:00","2026-01-19 08:57:00",NULL
3682,3682,3682,3,NULL,"2026-01-19 08:57:00","2026-01-19 08:57:00",NULL
3683,3683,3683,3,NULL,"2026-01-19 08:57:00","2026-01-19 08:57:00",NULL
3684,3684,3684,3,NULL,"2026-01-19 08:57:00","2026-01-19 08:57:00",NULL
3685,3685,3685,3,NULL,"2026-01-19 08:57:00","2026-01-19 08:57:00",NULL
3686,3686,3686,3,NULL,"2026-01-19 08:57:00","2026-01-19 08:57:00",NULL
3687,3687,3687,3,NULL,"2026-01-19 08:57:00","2026-01-19 08:57:00",NULL
3688,3688,3688,3,NULL,"2026-01-19 08:57:00","2026-01-19 08:57:00",NULL
3689,3689,3689,3,NULL,"2026-01-19 08:57:00","2026-01-19 08:57:00",NULL
3690,3690,3690,3,NULL,"2026-01-19 08:57:00","2026-01-19 08:57:00",NULL
3691,3691,3691,3,NULL,"2026-01-19 08:57:00","2026-01-19 08:57:00",NULL
3692,3692,3692,3,NULL,"2026-01-19 08:57:00","2026-01-19 08:57:00",NULL
3693,3693,3693,3,NULL,"2026-01-19 08:57:00","2026-01-19 08:57:00",NULL
3694,3694,3694,3,NULL,"2026-01-19 08:57:00","2026-01-19 08:57:00",NULL
3695,3695,3695,3,NULL,"2026-01-19 08:57:00","2026-01-19 08:57:00",NULL
3696,3696,3696,3,NULL,"2026-01-19 08:57:00","2026-01-19 08:57:00",NULL
3697,3697,3697,3,NULL,"2026-01-19 08:57:00","2026-01-19 08:57:00",NULL
3698,3698,3698,3,NULL,"2026-01-19 08:57:00","2026-01-19 08:57:00",NULL
3699,3699,3699,3,NULL,"2026-01-19 08:57:00","2026-01-19 08:57:00",NULL
3700,3700,3700,3,NULL,"2026-01-19 08:57:00","2026-01-19 08:57:00",NULL
3701,3701,3701,3,NULL,"2026-01-19 08:57:00","2026-01-19 08:57:00",NULL
3702,3702,3702,3,NULL,"2026-01-19 08:57:00","2026-01-19 08:57:00",NULL
3703,3703,3703,3,NULL,"2026-01-19 08:57:00","2026-01-19 08:57:00",NULL
3704,3704,3704,3,NULL,"2026-01-19 08:57:00","2026-01-19 08:57:00",NULL
3705,3705,3705,3,NULL,"2026-01-19 08:57:00","2026-01-19 08:57:00",NULL
3706,3706,3706,3,NULL,"2026-01-19 08:57:00","2026-01-19 08:57:00",NULL
3707,3707,3707,3,NULL,"2026-01-19 08:57:00","2026-01-19 08:57:00",NULL
3708,3708,3708,3,NULL,"2026-01-19 08:57:00","2026-01-19 08:57:00",NULL
3709,3709,3709,3,NULL,"2026-01-19 08:57:00","2026-01-19 08:57:00",NULL
3710,3710,3710,3,NULL,"2026-01-19 08:57:00","2026-01-19 08:57:00",NULL
3711,3711,3711,3,NULL,"2026-01-19 08:57:00","2026-01-19 08:57:00",NULL
3712,3712,3712,3,NULL,"2026-01-19 08:57:00","2026-01-19 08:57:00",NULL
3713,3713,3713,3,NULL,"2026-01-19 08:57:00","2026-01-19 08:57:00",NULL
3714,3714,3714,3,NULL,"2026-01-19 08:57:00","2026-01-19 08:57:00",NULL
3715,3715,3715,3,NULL,"2026-01-19 08:57:00","2026-01-19 08:57:00",NULL
3716,3716,3716,3,NULL,"2026-01-19 08:57:00","2026-01-19 08:57:00",NULL
3717,3717,3717,3,NULL,"2026-01-19 08:57:00","2026-01-19 08:57:00",NULL
3718,3718,3718,3,NULL,"2026-01-19 08:57:00","2026-01-19 08:57:00",NULL
3719,3719,3719,3,NULL,"2026-01-19 08:57:00","2026-01-19 08:57:00",NULL
3720,3720,3720,3,NULL,"2026-01-19 08:57:01","2026-01-19 08:57:01",NULL
3721,3721,3721,3,NULL,"2026-01-19 08:57:01","2026-01-19 08:57:01",NULL
3722,3722,3722,3,NULL,"2026-01-19 08:57:01","2026-01-19 08:57:01",NULL
3723,3723,3723,3,NULL,"2026-01-19 08:57:01","2026-01-19 08:57:01",NULL
3724,3724,3724,3,NULL,"2026-01-19 08:57:01","2026-01-19 08:57:01",NULL
3725,3725,3725,3,NULL,"2026-01-19 08:57:01","2026-01-19 08:57:01",NULL
3726,3726,3726,3,NULL,"2026-01-19 08:57:01","2026-01-19 08:57:01",NULL
3727,3727,3727,3,NULL,"2026-01-19 08:57:01","2026-01-19 08:57:01",NULL
3728,3728,3728,3,NULL,"2026-01-19 08:57:01","2026-01-19 08:57:01",NULL
3729,3729,3729,3,NULL,"2026-01-19 08:57:01","2026-01-19 08:57:01",NULL
3730,3730,3730,3,NULL,"2026-01-19 08:57:01","2026-01-19 08:57:01",NULL
3731,3731,3731,3,NULL,"2026-01-19 08:57:01","2026-01-19 08:57:01",NULL
3732,3732,3732,3,NULL,"2026-01-19 08:57:01","2026-01-19 08:57:01",NULL
3733,3733,3733,3,NULL,"2026-01-19 08:57:01","2026-01-19 08:57:01",NULL
3734,3734,3734,3,NULL,"2026-01-19 08:57:01","2026-01-19 08:57:01",NULL
3735,3735,3735,3,NULL,"2026-01-19 08:57:01","2026-01-19 08:57:01",NULL
3736,3736,3736,3,NULL,"2026-01-19 08:57:01","2026-01-19 08:57:01",NULL
3737,3737,3737,3,NULL,"2026-01-19 08:57:01","2026-01-19 08:57:01",NULL
3738,3738,3738,3,NULL,"2026-01-19 08:57:01","2026-01-19 08:57:01",NULL
3739,3739,3739,3,NULL,"2026-01-19 08:57:01","2026-01-19 08:57:01",NULL
3740,3740,3740,3,NULL,"2026-01-19 08:57:01","2026-01-19 08:57:01",NULL
3741,3741,3741,3,NULL,"2026-01-19 08:57:01","2026-01-19 08:57:01",NULL
3742,3742,3742,3,NULL,"2026-01-19 08:57:01","2026-01-19 08:57:01",NULL
3743,3743,3743,3,NULL,"2026-01-19 08:57:01","2026-01-19 08:57:01",NULL
3744,3744,3744,3,NULL,"2026-01-19 08:57:01","2026-01-19 08:57:01",NULL
3745,3745,3745,3,NULL,"2026-01-19 08:57:01","2026-01-19 08:57:01",NULL
3746,3746,3746,3,NULL,"2026-01-19 08:57:01","2026-01-19 08:57:01",NULL
3747,3747,3747,3,NULL,"2026-01-19 08:57:01","2026-01-19 08:57:01",NULL
3748,3748,3748,3,NULL,"2026-01-19 08:57:01","2026-01-19 08:57:01",NULL
3749,3749,3749,3,NULL,"2026-01-19 08:57:01","2026-01-19 08:57:01",NULL
3750,3750,3750,3,NULL,"2026-01-19 08:57:01","2026-01-19 08:57:01",NULL
3751,3751,3751,3,NULL,"2026-01-19 08:57:01","2026-01-19 08:57:01",NULL
3752,3752,3752,3,NULL,"2026-01-19 08:57:01","2026-01-19 08:57:01",NULL
3753,3753,3753,3,NULL,"2026-01-19 08:57:01","2026-01-19 08:57:01",NULL
3754,3754,3754,3,NULL,"2026-01-19 08:57:01","2026-01-19 08:57:01",NULL
3755,3755,3755,3,NULL,"2026-01-19 08:57:01","2026-01-19 08:57:01",NULL
3756,3756,3756,3,NULL,"2026-01-19 08:57:01","2026-01-19 08:57:01",NULL
3757,3757,3757,3,NULL,"2026-01-19 08:57:01","2026-01-19 08:57:01",NULL
3758,3758,3758,3,NULL,"2026-01-19 08:57:01","2026-01-19 08:57:01",NULL
3759,3759,3759,3,NULL,"2026-01-19 08:57:01","2026-01-19 08:57:01",NULL
3760,3760,3760,3,NULL,"2026-01-19 08:57:01","2026-01-19 08:57:01",NULL
3761,3761,3761,3,NULL,"2026-01-19 08:57:01","2026-01-19 08:57:01",NULL
3762,3762,3762,3,NULL,"2026-01-19 08:57:01","2026-01-19 08:57:01",NULL
3763,3763,3763,3,NULL,"2026-01-19 08:57:01","2026-01-19 08:57:01",NULL
3764,3764,3764,3,NULL,"2026-01-19 08:57:01","2026-01-19 08:57:01",NULL
3765,3765,3765,3,NULL,"2026-01-19 08:57:01","2026-01-19 08:57:01",NULL
3766,3766,3766,3,NULL,"2026-01-19 08:57:01","2026-01-19 08:57:01",NULL
3767,3767,3767,3,NULL,"2026-01-19 08:57:01","2026-01-19 08:57:01",NULL
3768,3768,3768,3,NULL,"2026-01-19 08:57:01","2026-01-19 08:57:01",NULL
3769,3769,3769,3,NULL,"2026-01-19 08:57:01","2026-01-19 08:57:01",NULL
3770,3770,3770,3,NULL,"2026-01-19 08:57:01","2026-01-19 08:57:01",NULL
3771,3771,3771,3,NULL,"2026-01-19 08:57:01","2026-01-19 08:57:01",NULL
3772,3772,3772,3,NULL,"2026-01-19 08:57:01","2026-01-19 08:57:01",NULL
3773,3773,3773,3,NULL,"2026-01-19 08:57:01","2026-01-19 08:57:01",NULL
3774,3774,3774,3,NULL,"2026-01-19 08:57:01","2026-01-19 08:57:01",NULL
3775,3775,3775,3,NULL,"2026-01-19 08:57:01","2026-01-19 08:57:01",NULL
3776,3776,3776,3,NULL,"2026-01-19 08:57:01","2026-01-19 08:57:01",NULL
3777,3777,3777,3,NULL,"2026-01-19 08:57:01","2026-01-19 08:57:01",NULL
3778,3778,3778,3,NULL,"2026-01-19 08:57:01","2026-01-19 08:57:01",NULL
3779,3779,3779,3,NULL,"2026-01-19 08:57:01","2026-01-19 08:57:01",NULL
3780,3780,3780,3,NULL,"2026-01-19 08:57:01","2026-01-19 08:57:01",NULL
3781,3781,3781,3,NULL,"2026-01-19 08:57:01","2026-01-19 08:57:01",NULL
3782,3782,3782,3,NULL,"2026-01-19 08:57:01","2026-01-19 08:57:01",NULL
3783,3783,3783,3,NULL,"2026-01-19 08:57:01","2026-01-19 08:57:01",NULL
3784,3784,3784,3,NULL,"2026-01-19 08:57:01","2026-01-19 08:57:01",NULL
3785,3785,3785,3,NULL,"2026-01-19 08:57:01","2026-01-19 08:57:01",NULL
3786,3786,3786,3,NULL,"2026-01-19 08:57:01","2026-01-19 08:57:01",NULL
3787,3787,3787,3,NULL,"2026-01-19 08:57:01","2026-01-19 08:57:01",NULL
3788,3788,3788,3,NULL,"2026-01-19 08:57:01","2026-01-19 08:57:01",NULL
3789,3789,3789,3,NULL,"2026-01-19 08:57:01","2026-01-19 08:57:01",NULL
3790,3790,3790,3,NULL,"2026-01-19 08:57:01","2026-01-19 08:57:01",NULL
3791,3791,3791,3,NULL,"2026-01-19 08:57:01","2026-01-19 08:57:01",NULL
3792,3792,3792,3,NULL,"2026-01-19 08:57:01","2026-01-19 08:57:01",NULL
3793,3793,3793,3,NULL,"2026-01-19 08:57:01","2026-01-19 08:57:01",NULL
3794,3794,3794,3,NULL,"2026-01-19 08:57:01","2026-01-19 08:57:01",NULL
3795,3795,3795,3,NULL,"2026-01-19 08:57:01","2026-01-19 08:57:01",NULL
3796,3796,3796,3,NULL,"2026-01-19 08:57:01","2026-01-19 08:57:01",NULL
3797,3797,3797,3,NULL,"2026-01-19 08:57:01","2026-01-19 08:57:01",NULL
3798,3798,3798,3,NULL,"2026-01-19 08:57:01","2026-01-19 08:57:01",NULL
3799,3799,3799,3,NULL,"2026-01-19 08:57:01","2026-01-19 08:57:01",NULL
3800,3800,3800,3,NULL,"2026-01-19 08:57:01","2026-01-19 08:57:01",NULL
3801,3801,3801,3,NULL,"2026-01-19 08:57:01","2026-01-19 08:57:01",NULL
3802,3802,3802,3,NULL,"2026-01-19 08:57:01","2026-01-19 08:57:01",NULL
3803,3803,3803,3,NULL,"2026-01-19 08:57:01","2026-01-19 08:57:01",NULL
3804,3804,3804,3,NULL,"2026-01-19 08:57:01","2026-01-19 08:57:01",NULL
3805,3805,3805,3,NULL,"2026-01-19 08:57:01","2026-01-19 08:57:01",NULL
3806,3806,3806,3,NULL,"2026-01-19 08:57:01","2026-01-19 08:57:01",NULL
3807,3807,3807,3,NULL,"2026-01-19 08:57:01","2026-01-19 08:57:01",NULL
3808,3808,3808,3,NULL,"2026-01-19 08:57:01","2026-01-19 08:57:01",NULL
3809,3809,3809,3,NULL,"2026-01-19 08:57:01","2026-01-19 08:57:01",NULL
3810,3810,3810,3,NULL,"2026-01-19 08:57:01","2026-01-19 08:57:01",NULL
3811,3811,3811,3,NULL,"2026-01-19 08:57:01","2026-01-19 08:57:01",NULL
3812,3812,3812,3,NULL,"2026-01-19 08:57:01","2026-01-19 08:57:01",NULL
3813,3813,3813,3,NULL,"2026-01-19 08:57:01","2026-01-19 08:57:01",NULL
3814,3814,3814,3,NULL,"2026-01-19 08:57:01","2026-01-19 08:57:01",NULL
3815,3815,3815,3,NULL,"2026-01-19 08:57:01","2026-01-19 08:57:01",NULL
3816,3816,3816,3,NULL,"2026-01-19 08:57:01","2026-01-19 08:57:01",NULL
3817,3817,3817,3,NULL,"2026-01-19 08:57:01","2026-01-19 08:57:01",NULL
3818,3818,3818,3,NULL,"2026-01-19 08:57:01","2026-01-19 08:57:01",NULL
3819,3819,3819,3,NULL,"2026-01-19 08:57:01","2026-01-19 08:57:01",NULL
3820,3820,3820,3,NULL,"2026-01-19 08:57:01","2026-01-19 08:57:01",NULL
3821,3821,3821,3,NULL,"2026-01-19 08:57:01","2026-01-19 08:57:01",NULL
3822,3822,3822,3,NULL,"2026-01-19 08:57:01","2026-01-19 08:57:01",NULL
3823,3823,3823,3,NULL,"2026-01-19 08:57:01","2026-01-19 08:57:01",NULL
3824,3824,3824,3,NULL,"2026-01-19 08:57:01","2026-01-19 08:57:01",NULL
3825,3825,3825,3,NULL,"2026-01-19 08:57:01","2026-01-19 08:57:01",NULL
3826,3826,3826,3,NULL,"2026-01-19 08:57:01","2026-01-19 08:57:01",NULL
3827,3827,3827,3,NULL,"2026-01-19 08:57:01","2026-01-19 08:57:01",NULL
3828,3828,3828,3,NULL,"2026-01-19 08:57:01","2026-01-19 08:57:01",NULL
3829,3829,3829,3,NULL,"2026-01-19 08:57:01","2026-01-19 08:57:01",NULL
3830,3830,3830,3,NULL,"2026-01-19 08:57:01","2026-01-19 08:57:01",NULL
3831,3831,3831,3,NULL,"2026-01-19 08:57:01","2026-01-19 08:57:01",NULL
3832,3832,3832,3,NULL,"2026-01-19 08:57:01","2026-01-19 08:57:01",NULL
3833,3833,3833,3,NULL,"2026-01-19 08:57:01","2026-01-19 08:57:01",NULL
3834,3834,3834,3,NULL,"2026-01-19 08:57:01","2026-01-19 08:57:01",NULL
3835,3835,3835,3,NULL,"2026-01-19 08:57:01","2026-01-19 08:57:01",NULL
3836,3836,3836,3,NULL,"2026-01-19 08:57:01","2026-01-19 08:57:01",NULL
3837,3837,3837,3,NULL,"2026-01-19 08:57:01","2026-01-19 08:57:01",NULL
3838,3838,3838,3,NULL,"2026-01-19 08:57:01","2026-01-19 08:57:01",NULL
3839,3839,3839,3,NULL,"2026-01-19 08:57:01","2026-01-19 08:57:01",NULL
3840,3840,3840,3,NULL,"2026-01-19 08:57:01","2026-01-19 08:57:01",NULL
3841,3841,3841,3,NULL,"2026-01-19 08:57:01","2026-01-19 08:57:01",NULL
3842,3842,3842,3,NULL,"2026-01-19 08:57:01","2026-01-19 08:57:01",NULL
3843,3843,3843,3,NULL,"2026-01-19 08:57:01","2026-01-19 08:57:01",NULL
3844,3844,3844,3,NULL,"2026-01-19 08:57:01","2026-01-19 08:57:01",NULL
3845,3845,3845,3,NULL,"2026-01-19 08:57:01","2026-01-19 08:57:01",NULL
3846,3846,3846,3,NULL,"2026-01-19 08:57:01","2026-01-19 08:57:01",NULL
3847,3847,3847,3,NULL,"2026-01-19 08:57:01","2026-01-19 08:57:01",NULL
3848,3848,3848,3,NULL,"2026-01-19 08:57:01","2026-01-19 08:57:01",NULL
3849,3849,3849,3,NULL,"2026-01-19 08:57:01","2026-01-19 08:57:01",NULL
3850,3850,3850,3,NULL,"2026-01-19 08:57:01","2026-01-19 08:57:01",NULL
3851,3851,3851,3,NULL,"2026-01-19 08:57:01","2026-01-19 08:57:01",NULL
3852,3852,3852,3,NULL,"2026-01-19 08:57:01","2026-01-19 08:57:01",NULL
3853,3853,3853,3,NULL,"2026-01-19 08:57:01","2026-01-19 08:57:01",NULL
3854,3854,3854,3,NULL,"2026-01-19 08:57:01","2026-01-19 08:57:01",NULL
3855,3855,3855,3,NULL,"2026-01-19 08:57:01","2026-01-19 08:57:01",NULL
3856,3856,3856,3,NULL,"2026-01-19 08:57:01","2026-01-19 08:57:01",NULL
3857,3857,3857,3,NULL,"2026-01-19 08:57:01","2026-01-19 08:57:01",NULL
3858,3858,3858,3,NULL,"2026-01-19 08:57:01","2026-01-19 08:57:01",NULL
3859,3859,3859,3,NULL,"2026-01-19 08:57:01","2026-01-19 08:57:01",NULL
3860,3860,3860,3,NULL,"2026-01-19 08:57:01","2026-01-19 08:57:01",NULL
3861,3861,3861,3,NULL,"2026-01-19 08:57:01","2026-01-19 08:57:01",NULL
3862,3862,3862,3,NULL,"2026-01-19 08:57:01","2026-01-19 08:57:01",NULL
3863,3863,3863,3,NULL,"2026-01-19 08:57:01","2026-01-19 08:57:01",NULL
3864,3864,3864,3,NULL,"2026-01-19 08:57:01","2026-01-19 08:57:01",NULL
3865,3865,3865,3,NULL,"2026-01-19 08:57:01","2026-01-19 08:57:01",NULL
3866,3866,3866,3,NULL,"2026-01-19 08:57:01","2026-01-19 08:57:01",NULL
3867,3867,3867,3,NULL,"2026-01-19 08:57:01","2026-01-19 08:57:01",NULL
3868,3868,3868,3,NULL,"2026-01-19 08:57:01","2026-01-19 08:57:01",NULL
3869,3869,3869,3,NULL,"2026-01-19 08:57:01","2026-01-19 08:57:01",NULL
3870,3870,3870,3,NULL,"2026-01-19 08:57:01","2026-01-19 08:57:01",NULL
3871,3871,3871,3,NULL,"2026-01-19 08:57:01","2026-01-19 08:57:01",NULL
3872,3872,3872,3,NULL,"2026-01-19 08:57:01","2026-01-19 08:57:01",NULL
3873,3873,3873,3,NULL,"2026-01-19 08:57:01","2026-01-19 08:57:01",NULL
3874,3874,3874,3,NULL,"2026-01-19 08:57:01","2026-01-19 08:57:01",NULL
3875,3875,3875,3,NULL,"2026-01-19 08:57:01","2026-01-19 08:57:01",NULL
3876,3876,3876,3,NULL,"2026-01-19 08:57:01","2026-01-19 08:57:01",NULL
3877,3877,3877,3,NULL,"2026-01-19 08:57:01","2026-01-19 08:57:01",NULL
3878,3878,3878,3,NULL,"2026-01-19 08:57:01","2026-01-19 08:57:01",NULL
3879,3879,3879,3,NULL,"2026-01-19 08:57:01","2026-01-19 08:57:01",NULL
3880,3880,3880,3,NULL,"2026-01-19 08:57:01","2026-01-19 08:57:01",NULL
3881,3881,3881,3,NULL,"2026-01-19 08:57:01","2026-01-19 08:57:01",NULL
3882,3882,3882,3,NULL,"2026-01-19 08:57:01","2026-01-19 08:57:01",NULL
3883,3883,3883,3,NULL,"2026-01-19 08:57:01","2026-01-19 08:57:01",NULL
3884,3884,3884,3,NULL,"2026-01-19 08:57:01","2026-01-19 08:57:01",NULL
3885,3885,3885,3,NULL,"2026-01-19 08:57:01","2026-01-19 08:57:01",NULL
3886,3886,3886,3,NULL,"2026-01-19 08:57:01","2026-01-19 08:57:01",NULL
3887,3887,3887,3,NULL,"2026-01-19 08:57:01","2026-01-19 08:57:01",NULL
3888,3888,3888,3,NULL,"2026-01-19 08:57:01","2026-01-19 08:57:01",NULL
3889,3889,3889,3,NULL,"2026-01-19 08:57:01","2026-01-19 08:57:01",NULL
3890,3890,3890,3,NULL,"2026-01-19 08:57:01","2026-01-19 08:57:01",NULL
3891,3891,3891,3,NULL,"2026-01-19 08:57:01","2026-01-19 08:57:01",NULL
3892,3892,3892,3,NULL,"2026-01-19 08:57:01","2026-01-19 08:57:01",NULL
3893,3893,3893,3,NULL,"2026-01-19 08:57:01","2026-01-19 08:57:01",NULL
3894,3894,3894,3,NULL,"2026-01-19 08:57:01","2026-01-19 08:57:01",NULL
3895,3895,3895,3,NULL,"2026-01-19 08:57:01","2026-01-19 08:57:01",NULL
3896,3896,3896,3,NULL,"2026-01-19 08:57:01","2026-01-19 08:57:01",NULL
3897,3897,3897,3,NULL,"2026-01-19 08:57:01","2026-01-19 08:57:01",NULL
3898,3898,3898,3,NULL,"2026-01-19 08:57:01","2026-01-19 08:57:01",NULL
3899,3899,3899,3,NULL,"2026-01-19 08:57:01","2026-01-19 08:57:01",NULL
3900,3900,3900,3,NULL,"2026-01-19 08:57:01","2026-01-19 08:57:01",NULL
3901,3901,3901,3,NULL,"2026-01-19 08:57:01","2026-01-19 08:57:01",NULL
3902,3902,3902,3,NULL,"2026-01-19 08:57:01","2026-01-19 08:57:01",NULL
3903,3903,3903,3,NULL,"2026-01-19 08:57:01","2026-01-19 08:57:01",NULL
3904,3904,3904,3,NULL,"2026-01-19 08:57:01","2026-01-19 08:57:01",NULL
3905,3905,3905,3,NULL,"2026-01-19 08:57:01","2026-01-19 08:57:01",NULL
3906,3906,3906,3,NULL,"2026-01-19 08:57:01","2026-01-19 08:57:01",NULL
3907,3907,3907,3,NULL,"2026-01-19 08:57:01","2026-01-19 08:57:01",NULL
3908,3908,3908,3,NULL,"2026-01-19 08:57:01","2026-01-19 08:57:01",NULL
3909,3909,3909,3,NULL,"2026-01-19 08:57:01","2026-01-19 08:57:01",NULL
3910,3910,3910,3,NULL,"2026-01-19 08:57:01","2026-01-19 08:57:01",NULL
3911,3911,3911,3,NULL,"2026-01-19 08:57:01","2026-01-19 08:57:01",NULL
3912,3912,3912,3,NULL,"2026-01-19 08:57:01","2026-01-19 08:57:01",NULL
3913,3913,3913,3,NULL,"2026-01-19 08:57:01","2026-01-19 08:57:01",NULL
3914,3914,3914,3,NULL,"2026-01-19 08:57:01","2026-01-19 08:57:01",NULL
3915,3915,3915,3,NULL,"2026-01-19 08:57:01","2026-01-19 08:57:01",NULL
3916,3916,3916,3,NULL,"2026-01-19 08:57:01","2026-01-19 08:57:01",NULL
3917,3917,3917,3,NULL,"2026-01-19 08:57:01","2026-01-19 08:57:01",NULL
3918,3918,3918,3,NULL,"2026-01-19 08:57:01","2026-01-19 08:57:01",NULL
3919,3919,3919,3,NULL,"2026-01-19 08:57:01","2026-01-19 08:57:01",NULL
3920,3920,3920,3,NULL,"2026-01-19 08:57:01","2026-01-19 08:57:01",NULL
3921,3921,3921,3,NULL,"2026-01-19 08:57:01","2026-01-19 08:57:01",NULL
3922,3922,3922,3,NULL,"2026-01-19 08:57:01","2026-01-19 08:57:01",NULL
3923,3923,3923,3,NULL,"2026-01-19 08:57:01","2026-01-19 08:57:01",NULL
3924,3924,3924,3,NULL,"2026-01-19 08:57:01","2026-01-19 08:57:01",NULL
3925,3925,3925,3,NULL,"2026-01-19 08:57:01","2026-01-19 08:57:01",NULL
3926,3926,3926,3,NULL,"2026-01-19 08:57:01","2026-01-19 08:57:01",NULL
3927,3927,3927,3,NULL,"2026-01-19 08:57:01","2026-01-19 08:57:01",NULL
3928,3928,3928,3,NULL,"2026-01-19 08:57:01","2026-01-19 08:57:01",NULL
3929,3929,3929,3,NULL,"2026-01-19 08:57:01","2026-01-19 08:57:01",NULL
3930,3930,3930,3,NULL,"2026-01-19 08:57:01","2026-01-19 08:57:01",NULL
3931,3931,3931,3,NULL,"2026-01-19 08:57:01","2026-01-19 08:57:01",NULL
3932,3932,3932,3,NULL,"2026-01-19 08:57:01","2026-01-19 08:57:01",NULL
3933,3933,3933,3,NULL,"2026-01-19 08:57:01","2026-01-19 08:57:01",NULL
3934,3934,3934,3,NULL,"2026-01-19 08:57:01","2026-01-19 08:57:01",NULL
3935,3935,3935,3,NULL,"2026-01-19 08:57:01","2026-01-19 08:57:01",NULL
3936,3936,3936,3,NULL,"2026-01-19 08:57:01","2026-01-19 08:57:01",NULL
3937,3937,3937,3,NULL,"2026-01-19 08:57:01","2026-01-19 08:57:01",NULL
3938,3938,3938,3,NULL,"2026-01-19 08:57:01","2026-01-19 08:57:01",NULL
3939,3939,3939,3,NULL,"2026-01-19 08:57:01","2026-01-19 08:57:01",NULL
3940,3940,3940,3,NULL,"2026-01-19 08:57:01","2026-01-19 08:57:01",NULL
3941,3941,3941,3,NULL,"2026-01-19 08:57:01","2026-01-19 08:57:01",NULL
3942,3942,3942,3,NULL,"2026-01-19 08:57:01","2026-01-19 08:57:01",NULL
3943,3943,3943,3,NULL,"2026-01-19 08:57:01","2026-01-19 08:57:01",NULL
3944,3944,3944,3,NULL,"2026-01-19 08:57:01","2026-01-19 08:57:01",NULL
3945,3945,3945,3,NULL,"2026-01-19 08:57:01","2026-01-19 08:57:01",NULL
3946,3946,3946,3,NULL,"2026-01-19 08:57:01","2026-01-19 08:57:01",NULL
3947,3947,3947,3,NULL,"2026-01-19 08:57:01","2026-01-19 08:57:01",NULL
3948,3948,3948,3,NULL,"2026-01-19 08:57:01","2026-01-19 08:57:01",NULL
3949,3949,3949,3,NULL,"2026-01-19 08:57:01","2026-01-19 08:57:01",NULL
3950,3950,3950,3,NULL,"2026-01-19 08:57:01","2026-01-19 08:57:01",NULL
3951,3951,3951,3,NULL,"2026-01-19 08:57:01","2026-01-19 08:57:01",NULL
3952,3952,3952,3,NULL,"2026-01-19 08:57:01","2026-01-19 08:57:01",NULL
3953,3953,3953,3,NULL,"2026-01-19 08:57:01","2026-01-19 08:57:01",NULL
3954,3954,3954,3,NULL,"2026-01-19 08:57:01","2026-01-19 08:57:01",NULL
3955,3955,3955,3,NULL,"2026-01-19 08:57:01","2026-01-19 08:57:01",NULL
3956,3956,3956,3,NULL,"2026-01-19 08:57:01","2026-01-19 08:57:01",NULL
3957,3957,3957,3,NULL,"2026-01-19 08:57:01","2026-01-19 08:57:01",NULL
3958,3958,3958,3,NULL,"2026-01-19 08:57:01","2026-01-19 08:57:01",NULL
3959,3959,3959,3,NULL,"2026-01-19 08:57:01","2026-01-19 08:57:01",NULL
3960,3960,3960,3,NULL,"2026-01-19 08:57:01","2026-01-19 08:57:01",NULL
3961,3961,3961,3,NULL,"2026-01-19 08:57:01","2026-01-19 08:57:01",NULL
3962,3962,3962,3,NULL,"2026-01-19 08:57:01","2026-01-19 08:57:01",NULL
3963,3963,3963,3,NULL,"2026-01-19 08:57:01","2026-01-19 08:57:01",NULL
3964,3964,3964,3,NULL,"2026-01-19 08:57:01","2026-01-19 08:57:01",NULL
3965,3965,3965,3,NULL,"2026-01-19 08:57:01","2026-01-19 08:57:01",NULL
3966,3966,3966,3,NULL,"2026-01-19 08:57:01","2026-01-19 08:57:01",NULL
3967,3967,3967,3,NULL,"2026-01-19 08:57:01","2026-01-19 08:57:01",NULL
3968,3968,3968,3,NULL,"2026-01-19 08:57:01","2026-01-19 08:57:01",NULL
3969,3969,3969,3,NULL,"2026-01-19 08:57:01","2026-01-19 08:57:01",NULL
3970,3970,3970,3,NULL,"2026-01-19 08:57:01","2026-01-19 08:57:01",NULL
3971,3971,3971,3,NULL,"2026-01-19 08:57:01","2026-01-19 08:57:01",NULL
3972,3972,3972,3,NULL,"2026-01-19 08:57:01","2026-01-19 08:57:01",NULL
3973,3973,3973,3,NULL,"2026-01-19 08:57:01","2026-01-19 08:57:01",NULL
3974,3974,3974,3,NULL,"2026-01-19 08:57:01","2026-01-19 08:57:01",NULL
3975,3975,3975,3,NULL,"2026-01-19 08:57:01","2026-01-19 08:57:01",NULL
3976,3976,3976,3,NULL,"2026-01-19 08:57:01","2026-01-19 08:57:01",NULL
3977,3977,3977,3,NULL,"2026-01-19 08:57:01","2026-01-19 08:57:01",NULL
3978,3978,3978,3,NULL,"2026-01-19 08:57:01","2026-01-19 08:57:01",NULL
3979,3979,3979,3,NULL,"2026-01-19 08:57:01","2026-01-19 08:57:01",NULL
3980,3980,3980,3,NULL,"2026-01-19 08:57:01","2026-01-19 08:57:01",NULL
3981,3981,3981,3,NULL,"2026-01-19 08:57:01","2026-01-19 08:57:01",NULL
3982,3982,3982,3,NULL,"2026-01-19 08:57:01","2026-01-19 08:57:01",NULL
3983,3983,3983,3,NULL,"2026-01-19 08:57:01","2026-01-19 08:57:01",NULL
3984,3984,3984,3,NULL,"2026-01-19 08:57:01","2026-01-19 08:57:01",NULL
3985,3985,3985,3,NULL,"2026-01-19 08:57:01","2026-01-19 08:57:01",NULL
3986,3986,3986,3,NULL,"2026-01-19 08:57:01","2026-01-19 08:57:01",NULL
3987,3987,3987,3,NULL,"2026-01-19 08:57:01","2026-01-19 08:57:01",NULL
3988,3988,3988,3,NULL,"2026-01-19 08:57:01","2026-01-19 08:57:01",NULL
3989,3989,3989,3,NULL,"2026-01-19 08:57:01","2026-01-19 08:57:01",NULL
3990,3990,3990,3,NULL,"2026-01-19 08:57:01","2026-01-19 08:57:01",NULL
3991,3991,3991,3,NULL,"2026-01-19 08:57:01","2026-01-19 08:57:01",NULL
3992,3992,3992,3,NULL,"2026-01-19 08:57:01","2026-01-19 08:57:01",NULL
3993,3993,3993,3,NULL,"2026-01-19 08:57:01","2026-01-19 08:57:01",NULL
3994,3994,3994,3,NULL,"2026-01-19 08:57:01","2026-01-19 08:57:01",NULL
3995,3995,3995,3,NULL,"2026-01-19 08:57:01","2026-01-19 08:57:01",NULL
3996,3996,3996,3,NULL,"2026-01-19 08:57:01","2026-01-19 08:57:01",NULL
3997,3997,3997,3,NULL,"2026-01-19 08:57:01","2026-01-19 08:57:01",NULL
3998,3998,3998,3,NULL,"2026-01-19 08:57:01","2026-01-19 08:57:01",NULL
3999,3999,3999,3,NULL,"2026-01-19 08:57:01","2026-01-19 08:57:01",NULL
4000,4000,4000,3,NULL,"2026-01-19 08:57:01","2026-01-19 08:57:01",NULL
4001,4001,4001,3,NULL,"2026-01-19 08:57:01","2026-01-19 08:57:01",NULL
4002,4002,4002,3,NULL,"2026-01-19 08:57:01","2026-01-19 08:57:01",NULL
4003,4003,4003,3,NULL,"2026-01-19 08:57:01","2026-01-19 08:57:01",NULL
4004,4004,4004,3,NULL,"2026-01-19 08:57:01","2026-01-19 08:57:01",NULL
4005,4005,4005,3,NULL,"2026-01-19 08:57:01","2026-01-19 08:57:01",NULL
4006,4006,4006,3,NULL,"2026-01-19 08:57:01","2026-01-19 08:57:01",NULL
4007,4007,4007,3,NULL,"2026-01-19 08:57:01","2026-01-19 08:57:01",NULL
4008,4008,4008,3,NULL,"2026-01-19 08:57:01","2026-01-19 08:57:01",NULL
4009,4009,4009,3,NULL,"2026-01-19 08:57:01","2026-01-19 08:57:01",NULL
4010,4010,4010,3,NULL,"2026-01-19 08:57:01","2026-01-19 08:57:01",NULL
4011,4011,4011,3,NULL,"2026-01-19 08:57:01","2026-01-19 08:57:01",NULL
4012,4012,4012,3,NULL,"2026-01-19 08:57:01","2026-01-19 08:57:01",NULL
4013,4013,4013,3,NULL,"2026-01-19 08:57:01","2026-01-19 08:57:01",NULL
4014,4014,4014,3,NULL,"2026-01-19 08:57:01","2026-01-19 08:57:01",NULL
4015,4015,4015,3,NULL,"2026-01-19 08:57:01","2026-01-19 08:57:01",NULL
4016,4016,4016,3,NULL,"2026-01-19 08:57:01","2026-01-19 08:57:01",NULL
4017,4017,4017,3,NULL,"2026-01-19 08:57:01","2026-01-19 08:57:01",NULL
4018,4018,4018,3,NULL,"2026-01-19 08:57:01","2026-01-19 08:57:01",NULL
4019,4019,4019,3,NULL,"2026-01-19 08:57:01","2026-01-19 08:57:01",NULL
4020,4020,4020,3,NULL,"2026-01-19 08:57:01","2026-01-19 08:57:01",NULL
4021,4021,4021,3,NULL,"2026-01-19 08:57:01","2026-01-19 08:57:01",NULL
4022,4022,4022,3,NULL,"2026-01-19 08:57:01","2026-01-19 08:57:01",NULL
4023,4023,4023,3,NULL,"2026-01-19 08:57:01","2026-01-19 08:57:01",NULL
4024,4024,4024,3,NULL,"2026-01-19 08:57:01","2026-01-19 08:57:01",NULL
4025,4025,4025,3,NULL,"2026-01-19 08:57:01","2026-01-19 08:57:01",NULL
4026,4026,4026,3,NULL,"2026-01-19 08:57:01","2026-01-19 08:57:01",NULL
4027,4027,4027,3,NULL,"2026-01-19 08:57:01","2026-01-19 08:57:01",NULL
4028,4028,4028,3,NULL,"2026-01-19 08:57:01","2026-01-19 08:57:01",NULL
4029,4029,4029,3,NULL,"2026-01-19 08:57:01","2026-01-19 08:57:01",NULL
4030,4030,4030,3,NULL,"2026-01-19 08:57:01","2026-01-19 08:57:01",NULL
4031,4031,4031,3,NULL,"2026-01-19 08:57:01","2026-01-19 08:57:01",NULL
4032,4032,4032,3,NULL,"2026-01-19 08:57:01","2026-01-19 08:57:01",NULL
4033,4033,4033,3,NULL,"2026-01-19 08:57:01","2026-01-19 08:57:01",NULL
4034,4034,4034,3,NULL,"2026-01-19 08:57:01","2026-01-19 08:57:01",NULL
4035,4035,4035,3,NULL,"2026-01-19 08:57:01","2026-01-19 08:57:01",NULL
4036,4036,4036,3,NULL,"2026-01-19 08:57:01","2026-01-19 08:57:01",NULL
4037,4037,4037,3,NULL,"2026-01-19 08:57:01","2026-01-19 08:57:01",NULL
4038,4038,4038,3,NULL,"2026-01-19 08:57:01","2026-01-19 08:57:01",NULL
4039,4039,4039,3,NULL,"2026-01-19 08:57:01","2026-01-19 08:57:01",NULL
4040,4040,4040,3,NULL,"2026-01-19 08:57:01","2026-01-19 08:57:01",NULL
4041,4041,4041,3,NULL,"2026-01-19 08:57:01","2026-01-19 08:57:01",NULL
4042,4042,4042,3,NULL,"2026-01-19 08:57:01","2026-01-19 08:57:01",NULL
4043,4043,4043,3,NULL,"2026-01-19 08:57:01","2026-01-19 08:57:01",NULL
4044,4044,4044,3,NULL,"2026-01-19 08:57:01","2026-01-19 08:57:01",NULL
4045,4045,4045,3,NULL,"2026-01-19 08:57:01","2026-01-19 08:57:01",NULL
4046,4046,4046,3,NULL,"2026-01-19 08:57:01","2026-01-19 08:57:01",NULL
4047,4047,4047,3,NULL,"2026-01-19 08:57:01","2026-01-19 08:57:01",NULL
4048,4048,4048,3,NULL,"2026-01-19 08:57:01","2026-01-19 08:57:01",NULL
4049,4049,4049,3,NULL,"2026-01-19 08:57:01","2026-01-19 08:57:01",NULL
4050,4050,4050,3,NULL,"2026-01-19 08:57:01","2026-01-19 08:57:01",NULL
4051,4051,4051,3,NULL,"2026-01-19 08:57:01","2026-01-19 08:57:01",NULL
4052,4052,4052,3,NULL,"2026-01-19 08:57:01","2026-01-19 08:57:01",NULL
4053,4053,4053,3,NULL,"2026-01-19 08:57:01","2026-01-19 08:57:01",NULL
4054,4054,4054,3,NULL,"2026-01-19 08:57:01","2026-01-19 08:57:01",NULL
4055,4055,4055,3,NULL,"2026-01-19 08:57:01","2026-01-19 08:57:01",NULL
4056,4056,4056,3,NULL,"2026-01-19 08:57:01","2026-01-19 08:57:01",NULL
4057,4057,4057,3,NULL,"2026-01-19 08:57:01","2026-01-19 08:57:01",NULL
4058,4058,4058,3,NULL,"2026-01-19 08:57:01","2026-01-19 08:57:01",NULL
4059,4059,4059,3,NULL,"2026-01-19 08:57:01","2026-01-19 08:57:01",NULL
4060,4060,4060,3,NULL,"2026-01-19 08:57:01","2026-01-19 08:57:01",NULL
4061,4061,4061,3,NULL,"2026-01-19 08:57:01","2026-01-19 08:57:01",NULL
4062,4062,4062,3,NULL,"2026-01-19 08:57:01","2026-01-19 08:57:01",NULL
4063,4063,4063,3,NULL,"2026-01-19 08:57:01","2026-01-19 08:57:01",NULL
4064,4064,4064,3,NULL,"2026-01-19 08:57:01","2026-01-19 08:57:01",NULL
4065,4065,4065,3,NULL,"2026-01-19 08:57:01","2026-01-19 08:57:01",NULL
4066,4066,4066,3,NULL,"2026-01-19 08:57:01","2026-01-19 08:57:01",NULL
4067,4067,4067,3,NULL,"2026-01-19 08:57:01","2026-01-19 08:57:01",NULL
4068,4068,4068,3,NULL,"2026-01-19 08:57:01","2026-01-19 08:57:01",NULL
4069,4069,4069,3,NULL,"2026-01-19 08:57:01","2026-01-19 08:57:01",NULL
4070,4070,4070,3,NULL,"2026-01-19 08:57:01","2026-01-19 08:57:01",NULL
4071,4071,4071,3,NULL,"2026-01-19 08:57:01","2026-01-19 08:57:01",NULL
4072,4072,4072,3,NULL,"2026-01-19 08:57:01","2026-01-19 08:57:01",NULL
4073,4073,4073,3,NULL,"2026-01-19 08:57:01","2026-01-19 08:57:01",NULL
4074,4074,4074,3,NULL,"2026-01-19 08:57:01","2026-01-19 08:57:01",NULL
4075,4075,4075,3,NULL,"2026-01-19 08:57:01","2026-01-19 08:57:01",NULL
4076,4076,4076,3,NULL,"2026-01-19 08:57:01","2026-01-19 08:57:01",NULL
4077,4077,4077,3,NULL,"2026-01-19 08:57:01","2026-01-19 08:57:01",NULL
4078,4078,4078,3,NULL,"2026-01-19 08:57:01","2026-01-19 08:57:01",NULL
4079,4079,4079,3,NULL,"2026-01-19 08:57:01","2026-01-19 08:57:01",NULL
4080,4080,4080,3,NULL,"2026-01-19 08:57:01","2026-01-19 08:57:01",NULL
4081,4081,4081,3,NULL,"2026-01-19 08:57:01","2026-01-19 08:57:01",NULL
4082,4082,4082,3,NULL,"2026-01-19 08:57:01","2026-01-19 08:57:01",NULL
4083,4083,4083,3,NULL,"2026-01-19 08:57:01","2026-01-19 08:57:01",NULL
4084,4084,4084,3,NULL,"2026-01-19 08:57:02","2026-01-19 08:57:02",NULL
4085,4085,4085,3,NULL,"2026-01-19 08:57:02","2026-01-19 08:57:02",NULL
4086,4086,4086,3,NULL,"2026-01-19 08:57:02","2026-01-19 08:57:02",NULL
4087,4087,4087,3,NULL,"2026-01-19 08:57:02","2026-01-19 08:57:02",NULL
4088,4088,4088,3,NULL,"2026-01-19 08:57:02","2026-01-19 08:57:02",NULL
4089,4089,4089,3,NULL,"2026-01-19 08:57:02","2026-01-19 08:57:02",NULL
4090,4090,4090,3,NULL,"2026-01-19 08:57:02","2026-01-19 08:57:02",NULL
4091,4091,4091,3,NULL,"2026-01-19 08:57:02","2026-01-19 08:57:02",NULL
4092,4092,4092,3,NULL,"2026-01-19 08:57:02","2026-01-19 08:57:02",NULL
4093,4093,4093,3,NULL,"2026-01-19 08:57:02","2026-01-19 08:57:02",NULL
4094,4094,4094,3,NULL,"2026-01-19 08:57:02","2026-01-19 08:57:02",NULL
4095,4095,4095,3,NULL,"2026-01-19 08:57:02","2026-01-19 08:57:02",NULL
4096,4096,4096,3,NULL,"2026-01-19 08:57:02","2026-01-19 08:57:02",NULL
4097,4097,4097,3,NULL,"2026-01-19 08:57:02","2026-01-19 08:57:02",NULL
4098,4098,4098,3,NULL,"2026-01-19 08:57:02","2026-01-19 08:57:02",NULL
4099,4099,4099,3,NULL,"2026-01-19 08:57:02","2026-01-19 08:57:02",NULL
4100,4100,4100,3,NULL,"2026-01-19 08:57:02","2026-01-19 08:57:02",NULL
4101,4101,4101,3,NULL,"2026-01-19 08:57:02","2026-01-19 08:57:02",NULL
4102,4102,4102,3,NULL,"2026-01-19 08:57:02","2026-01-19 08:57:02",NULL
4103,4103,4103,3,NULL,"2026-01-19 08:57:02","2026-01-19 08:57:02",NULL
4104,4104,4104,3,NULL,"2026-01-19 08:57:02","2026-01-19 08:57:02",NULL
4105,4105,4105,3,NULL,"2026-01-19 08:57:02","2026-01-19 08:57:02",NULL
4106,4106,4106,3,NULL,"2026-01-19 08:57:02","2026-01-19 08:57:02",NULL
4107,4107,4107,3,NULL,"2026-01-19 08:57:02","2026-01-19 08:57:02",NULL
4108,4108,4108,3,NULL,"2026-01-19 08:57:02","2026-01-19 08:57:02",NULL
4109,4109,4109,3,NULL,"2026-01-19 08:57:02","2026-01-19 08:57:02",NULL
4110,4110,4110,3,NULL,"2026-01-19 08:57:02","2026-01-19 08:57:02",NULL
4111,4111,4111,3,NULL,"2026-01-19 08:57:02","2026-01-19 08:57:02",NULL
4112,4112,4112,3,NULL,"2026-01-19 08:57:02","2026-01-19 08:57:02",NULL
4113,4113,4113,3,NULL,"2026-01-19 08:57:02","2026-01-19 08:57:02",NULL
4114,4114,4114,3,NULL,"2026-01-19 08:57:02","2026-01-19 08:57:02",NULL
4115,4115,4115,3,NULL,"2026-01-19 08:57:02","2026-01-19 08:57:02",NULL
4116,4116,4116,3,NULL,"2026-01-19 08:57:02","2026-01-19 08:57:02",NULL
4117,4117,4117,3,NULL,"2026-01-19 08:57:02","2026-01-19 08:57:02",NULL
4118,4118,4118,3,NULL,"2026-01-19 08:57:02","2026-01-19 08:57:02",NULL
4119,4119,4119,3,NULL,"2026-01-19 08:57:02","2026-01-19 08:57:02",NULL
4120,4120,4120,3,NULL,"2026-01-19 08:57:02","2026-01-19 08:57:02",NULL
4121,4121,4121,3,NULL,"2026-01-19 08:57:02","2026-01-19 08:57:02",NULL
4122,4122,4122,3,NULL,"2026-01-19 08:57:02","2026-01-19 08:57:02",NULL
4123,4123,4123,3,NULL,"2026-01-19 08:57:02","2026-01-19 08:57:02",NULL
4124,4124,4124,3,NULL,"2026-01-19 08:57:02","2026-01-19 08:57:02",NULL
4125,4125,4125,3,NULL,"2026-01-19 08:57:02","2026-01-19 08:57:02",NULL
4126,4126,4126,3,NULL,"2026-01-19 08:57:02","2026-01-19 08:57:02",NULL
4127,4127,4127,3,NULL,"2026-01-19 08:57:02","2026-01-19 08:57:02",NULL
4128,4128,4128,3,NULL,"2026-01-19 08:57:02","2026-01-19 08:57:02",NULL
4129,4129,4129,3,NULL,"2026-01-19 08:57:02","2026-01-19 08:57:02",NULL
4130,4130,4130,3,NULL,"2026-01-19 08:57:02","2026-01-19 08:57:02",NULL
4131,4131,4131,3,NULL,"2026-01-19 08:57:02","2026-01-19 08:57:02",NULL
4132,4132,4132,3,NULL,"2026-01-19 08:57:02","2026-01-19 08:57:02",NULL
4133,4133,4133,3,NULL,"2026-01-19 08:57:02","2026-01-19 08:57:02",NULL
4134,4134,4134,3,NULL,"2026-01-19 08:57:02","2026-01-19 08:57:02",NULL
4135,4135,4135,3,NULL,"2026-01-19 08:57:02","2026-01-19 08:57:02",NULL
4136,4136,4136,3,NULL,"2026-01-19 08:57:02","2026-01-19 08:57:02",NULL
4137,4137,4137,3,NULL,"2026-01-19 08:57:02","2026-01-19 08:57:02",NULL
4138,4138,4138,3,NULL,"2026-01-19 08:57:02","2026-01-19 08:57:02",NULL
4139,4139,4139,3,NULL,"2026-01-19 08:57:02","2026-01-19 08:57:02",NULL
4140,4140,4140,3,NULL,"2026-01-19 08:57:02","2026-01-19 08:57:02",NULL
4141,4141,4141,3,NULL,"2026-01-19 08:57:02","2026-01-19 08:57:02",NULL
4142,4142,4142,3,NULL,"2026-01-19 08:57:02","2026-01-19 08:57:02",NULL
4143,4143,4143,3,NULL,"2026-01-19 08:57:02","2026-01-19 08:57:02",NULL
4144,4144,4144,3,NULL,"2026-01-19 08:57:02","2026-01-19 08:57:02",NULL
4145,4145,4145,3,NULL,"2026-01-19 08:57:02","2026-01-19 08:57:02",NULL
4146,4146,4146,3,NULL,"2026-01-19 08:57:02","2026-01-19 08:57:02",NULL
4147,4147,4147,3,NULL,"2026-01-19 08:57:02","2026-01-19 08:57:02",NULL
4148,4148,4148,3,NULL,"2026-01-19 08:57:02","2026-01-19 08:57:02",NULL
4149,4149,4149,3,NULL,"2026-01-19 08:57:02","2026-01-19 08:57:02",NULL
4150,4150,4150,3,NULL,"2026-01-19 08:57:02","2026-01-19 08:57:02",NULL
4151,4151,4151,3,NULL,"2026-01-19 08:57:02","2026-01-19 08:57:02",NULL
4152,4152,4152,3,NULL,"2026-01-19 08:57:02","2026-01-19 08:57:02",NULL
4153,4153,4153,3,NULL,"2026-01-19 08:57:02","2026-01-19 08:57:02",NULL
4154,4154,4154,3,NULL,"2026-01-19 08:57:02","2026-01-19 08:57:02",NULL
4155,4155,4155,3,NULL,"2026-01-19 08:57:02","2026-01-19 08:57:02",NULL
4156,4156,4156,3,NULL,"2026-01-19 08:57:02","2026-01-19 08:57:02",NULL
4157,4157,4157,3,NULL,"2026-01-19 08:57:02","2026-01-19 08:57:02",NULL
4158,4158,4158,3,NULL,"2026-01-19 08:57:02","2026-01-19 08:57:02",NULL
4159,4159,4159,3,NULL,"2026-01-19 08:57:02","2026-01-19 08:57:02",NULL
4160,4160,4160,3,NULL,"2026-01-19 08:57:02","2026-01-19 08:57:02",NULL
4161,4161,4161,3,NULL,"2026-01-19 08:57:02","2026-01-19 08:57:02",NULL
4162,4162,4162,3,NULL,"2026-01-19 08:57:02","2026-01-19 08:57:02",NULL
4163,4163,4163,3,NULL,"2026-01-19 08:57:02","2026-01-19 08:57:02",NULL
4164,4164,4164,3,NULL,"2026-01-19 08:57:02","2026-01-19 08:57:02",NULL
4165,4165,4165,3,NULL,"2026-01-19 08:57:02","2026-01-19 08:57:02",NULL
4166,4166,4166,3,NULL,"2026-01-19 08:57:02","2026-01-19 08:57:02",NULL
4167,4167,4167,3,NULL,"2026-01-19 08:57:02","2026-01-19 08:57:02",NULL
4168,4168,4168,3,NULL,"2026-01-19 08:57:02","2026-01-19 08:57:02",NULL
4169,4169,4169,3,NULL,"2026-01-19 08:57:02","2026-01-19 08:57:02",NULL
4170,4170,4170,3,NULL,"2026-01-19 08:57:02","2026-01-19 08:57:02",NULL
4171,4171,4171,3,NULL,"2026-01-19 08:57:02","2026-01-19 08:57:02",NULL
4172,4172,4172,3,NULL,"2026-01-19 08:57:02","2026-01-19 08:57:02",NULL
4173,4173,4173,3,NULL,"2026-01-19 08:57:02","2026-01-19 08:57:02",NULL
4174,4174,4174,3,NULL,"2026-01-19 08:57:02","2026-01-19 08:57:02",NULL
4175,4175,4175,3,NULL,"2026-01-19 08:57:02","2026-01-19 08:57:02",NULL
4176,4176,4176,3,NULL,"2026-01-19 08:57:02","2026-01-19 08:57:02",NULL
4177,4177,4177,3,NULL,"2026-01-19 08:57:02","2026-01-19 08:57:02",NULL
4178,4178,4178,3,NULL,"2026-01-19 08:57:02","2026-01-19 08:57:02",NULL
4179,4179,4179,3,NULL,"2026-01-19 08:57:02","2026-01-19 08:57:02",NULL
4180,4180,4180,3,NULL,"2026-01-19 08:57:02","2026-01-19 08:57:02",NULL
4181,4181,4181,3,NULL,"2026-01-19 08:57:02","2026-01-19 08:57:02",NULL
4182,4182,4182,3,NULL,"2026-01-19 08:57:02","2026-01-19 08:57:02",NULL
4183,4183,4183,3,NULL,"2026-01-19 08:57:02","2026-01-19 08:57:02",NULL
4184,4184,4184,3,NULL,"2026-01-19 08:57:02","2026-01-19 08:57:02",NULL
4185,4185,4185,3,NULL,"2026-01-19 08:57:02","2026-01-19 08:57:02",NULL
4186,4186,4186,3,NULL,"2026-01-19 08:57:02","2026-01-19 08:57:02",NULL
4187,4187,4187,3,NULL,"2026-01-19 08:57:02","2026-01-19 08:57:02",NULL
4188,4188,4188,3,NULL,"2026-01-19 08:57:02","2026-01-19 08:57:02",NULL
4189,4189,4189,3,NULL,"2026-01-19 08:57:02","2026-01-19 08:57:02",NULL
4190,4190,4190,3,NULL,"2026-01-19 08:57:02","2026-01-19 08:57:02",NULL
4191,4191,4191,3,NULL,"2026-01-19 08:57:02","2026-01-19 08:57:02",NULL
4192,4192,4192,3,NULL,"2026-01-19 08:57:02","2026-01-19 08:57:02",NULL
4193,4193,4193,3,NULL,"2026-01-19 08:57:02","2026-01-19 08:57:02",NULL
4194,4194,4194,3,NULL,"2026-01-19 08:57:02","2026-01-19 08:57:02",NULL
4195,4195,4195,3,NULL,"2026-01-19 08:57:02","2026-01-19 08:57:02",NULL
4196,4196,4196,3,NULL,"2026-01-19 08:57:02","2026-01-19 08:57:02",NULL
4197,4197,4197,3,NULL,"2026-01-19 08:57:02","2026-01-19 08:57:02",NULL
4198,4198,4198,3,NULL,"2026-01-19 08:57:02","2026-01-19 08:57:02",NULL
4199,4199,4199,3,NULL,"2026-01-19 08:57:02","2026-01-19 08:57:02",NULL
4200,4200,4200,3,NULL,"2026-01-19 08:57:02","2026-01-19 08:57:02",NULL
4201,4201,4201,3,NULL,"2026-01-19 08:57:02","2026-01-19 08:57:02",NULL
4202,4202,4202,3,NULL,"2026-01-19 08:57:02","2026-01-19 08:57:02",NULL
4203,4203,4203,3,NULL,"2026-01-19 08:57:02","2026-01-19 08:57:02",NULL
4204,4204,4204,3,NULL,"2026-01-19 08:57:02","2026-01-19 08:57:02",NULL
4205,4205,4205,3,NULL,"2026-01-19 08:57:02","2026-01-19 08:57:02",NULL
4206,4206,4206,3,NULL,"2026-01-19 08:57:02","2026-01-19 08:57:02",NULL
4207,4207,4207,3,NULL,"2026-01-19 08:57:02","2026-01-19 08:57:02",NULL
4208,4208,4208,3,NULL,"2026-01-19 08:57:02","2026-01-19 08:57:02",NULL
4209,4209,4209,3,NULL,"2026-01-19 08:57:02","2026-01-19 08:57:02",NULL
4210,4210,4210,3,NULL,"2026-01-19 08:57:02","2026-01-19 08:57:02",NULL
4211,4211,4211,3,NULL,"2026-01-19 08:57:02","2026-01-19 08:57:02",NULL
4212,4212,4212,3,NULL,"2026-01-19 08:57:02","2026-01-19 08:57:02",NULL
4213,4213,4213,3,NULL,"2026-01-19 08:57:02","2026-01-19 08:57:02",NULL
4214,4214,4214,3,NULL,"2026-01-19 08:57:02","2026-01-19 08:57:02",NULL
4215,4215,4215,3,NULL,"2026-01-19 08:57:02","2026-01-19 08:57:02",NULL
4216,4216,4216,3,NULL,"2026-01-19 08:57:02","2026-01-19 08:57:02",NULL
4217,4217,4217,3,NULL,"2026-01-19 08:57:02","2026-01-19 08:57:02",NULL
4218,4218,4218,3,NULL,"2026-01-19 08:57:02","2026-01-19 08:57:02",NULL
4219,4219,4219,3,NULL,"2026-01-19 08:57:02","2026-01-19 08:57:02",NULL
4220,4220,4220,3,NULL,"2026-01-19 08:57:02","2026-01-19 08:57:02",NULL
4221,4221,4221,3,NULL,"2026-01-19 08:57:02","2026-01-19 08:57:02",NULL
4222,4222,4222,3,NULL,"2026-01-19 08:57:02","2026-01-19 08:57:02",NULL
4223,4223,4223,3,NULL,"2026-01-19 08:57:02","2026-01-19 08:57:02",NULL
4224,4224,4224,3,NULL,"2026-01-19 08:57:02","2026-01-19 08:57:02",NULL
4225,4225,4225,3,NULL,"2026-01-19 08:57:02","2026-01-19 08:57:02",NULL
4226,4226,4226,3,NULL,"2026-01-19 08:57:02","2026-01-19 08:57:02",NULL
4227,4227,4227,3,NULL,"2026-01-19 08:57:02","2026-01-19 08:57:02",NULL
4228,4228,4228,3,NULL,"2026-01-19 08:57:02","2026-01-19 08:57:02",NULL
4229,4229,4229,3,NULL,"2026-01-19 08:57:02","2026-01-19 08:57:02",NULL
4230,4230,4230,3,NULL,"2026-01-19 08:57:02","2026-01-19 08:57:02",NULL
4231,4231,4231,3,NULL,"2026-01-19 08:57:02","2026-01-19 08:57:02",NULL
4232,4232,4232,3,NULL,"2026-01-19 08:57:02","2026-01-19 08:57:02",NULL
4233,4233,4233,3,NULL,"2026-01-19 08:57:02","2026-01-19 08:57:02",NULL
4234,4234,4234,3,NULL,"2026-01-19 08:57:02","2026-01-19 08:57:02",NULL
4235,4235,4235,3,NULL,"2026-01-19 08:57:02","2026-01-19 08:57:02",NULL
4236,4236,4236,3,NULL,"2026-01-19 08:57:02","2026-01-19 08:57:02",NULL
4237,4237,4237,3,NULL,"2026-01-19 08:57:02","2026-01-19 08:57:02",NULL
4238,4238,4238,3,NULL,"2026-01-19 08:57:02","2026-01-19 08:57:02",NULL
4239,4239,4239,3,NULL,"2026-01-19 08:57:02","2026-01-19 08:57:02",NULL
4240,4240,4240,3,NULL,"2026-01-19 08:57:02","2026-01-19 08:57:02",NULL
4241,4241,4241,3,NULL,"2026-01-19 08:57:02","2026-01-19 08:57:02",NULL
4242,4242,4242,3,NULL,"2026-01-19 08:57:02","2026-01-19 08:57:02",NULL
4243,4243,4243,3,NULL,"2026-01-19 08:57:02","2026-01-19 08:57:02",NULL
4244,4244,4244,3,NULL,"2026-01-19 08:57:02","2026-01-19 08:57:02",NULL
4245,4245,4245,3,NULL,"2026-01-19 08:57:02","2026-01-19 08:57:02",NULL
4246,4246,4246,3,NULL,"2026-01-19 08:57:02","2026-01-19 08:57:02",NULL
4247,4247,4247,3,NULL,"2026-01-19 08:57:02","2026-01-19 08:57:02",NULL
4248,4248,4248,3,NULL,"2026-01-19 08:57:02","2026-01-19 08:57:02",NULL
4249,4249,4249,3,NULL,"2026-01-19 08:57:02","2026-01-19 08:57:02",NULL
4250,4250,4250,3,NULL,"2026-01-19 08:57:02","2026-01-19 08:57:02",NULL
4251,4251,4251,3,NULL,"2026-01-19 08:57:02","2026-01-19 08:57:02",NULL
4252,4252,4252,3,NULL,"2026-01-19 08:57:02","2026-01-19 08:57:02",NULL
4253,4253,4253,3,NULL,"2026-01-19 08:57:02","2026-01-19 08:57:02",NULL
4254,4254,4254,3,NULL,"2026-01-19 08:57:02","2026-01-19 08:57:02",NULL
4255,4255,4255,3,NULL,"2026-01-19 08:57:02","2026-01-19 08:57:02",NULL
4256,4256,4256,3,NULL,"2026-01-19 08:57:02","2026-01-19 08:57:02",NULL
4257,4257,4257,3,NULL,"2026-01-19 08:57:02","2026-01-19 08:57:02",NULL
4258,4258,4258,3,NULL,"2026-01-19 08:57:02","2026-01-19 08:57:02",NULL
4259,4259,4259,3,NULL,"2026-01-19 08:57:02","2026-01-19 08:57:02",NULL
4260,4260,4260,3,NULL,"2026-01-19 08:57:02","2026-01-19 08:57:02",NULL
4261,4261,4261,3,NULL,"2026-01-19 08:57:02","2026-01-19 08:57:02",NULL
4262,4262,4262,3,NULL,"2026-01-19 08:57:02","2026-01-19 08:57:02",NULL
4263,4263,4263,3,NULL,"2026-01-19 08:57:02","2026-01-19 08:57:02",NULL
4264,4264,4264,3,NULL,"2026-01-19 08:57:02","2026-01-19 08:57:02",NULL
4265,4265,4265,3,NULL,"2026-01-19 08:57:02","2026-01-19 08:57:02",NULL
4266,4266,4266,3,NULL,"2026-01-19 08:57:02","2026-01-19 08:57:02",NULL
4267,4267,4267,3,NULL,"2026-01-19 08:57:02","2026-01-19 08:57:02",NULL
4268,4268,4268,3,NULL,"2026-01-19 08:57:02","2026-01-19 08:57:02",NULL
4269,4269,4269,3,NULL,"2026-01-19 08:57:02","2026-01-19 08:57:02",NULL
4270,4270,4270,3,NULL,"2026-01-19 08:57:02","2026-01-19 08:57:02",NULL
4271,4271,4271,3,NULL,"2026-01-19 08:57:02","2026-01-19 08:57:02",NULL
4272,4272,4272,3,NULL,"2026-01-19 08:57:02","2026-01-19 08:57:02",NULL
4273,4273,4273,3,NULL,"2026-01-19 08:57:02","2026-01-19 08:57:02",NULL
4274,4274,4274,3,NULL,"2026-01-19 08:57:02","2026-01-19 08:57:02",NULL
4275,4275,4275,3,NULL,"2026-01-19 08:57:02","2026-01-19 08:57:02",NULL
4276,4276,4276,3,NULL,"2026-01-19 08:57:02","2026-01-19 08:57:02",NULL
4277,4277,4277,3,NULL,"2026-01-19 08:57:02","2026-01-19 08:57:02",NULL
4278,4278,4278,3,NULL,"2026-01-19 08:57:02","2026-01-19 08:57:02",NULL
4279,4279,4279,3,NULL,"2026-01-19 08:57:02","2026-01-19 08:57:02",NULL
4280,4280,4280,3,NULL,"2026-01-19 08:57:02","2026-01-19 08:57:02",NULL
4281,4281,4281,3,NULL,"2026-01-19 08:57:02","2026-01-19 08:57:02",NULL
4282,4282,4282,3,NULL,"2026-01-19 08:57:02","2026-01-19 08:57:02",NULL
4283,4283,4283,3,NULL,"2026-01-19 08:57:02","2026-01-19 08:57:02",NULL
4284,4284,4284,3,NULL,"2026-01-19 08:57:02","2026-01-19 08:57:02",NULL
4285,4285,4285,3,NULL,"2026-01-19 08:57:02","2026-01-19 08:57:02",NULL
4286,4286,4286,3,NULL,"2026-01-19 08:57:02","2026-01-19 08:57:02",NULL
4287,4287,4287,3,NULL,"2026-01-19 08:57:02","2026-01-19 08:57:02",NULL
4288,4288,4288,3,NULL,"2026-01-19 08:57:02","2026-01-19 08:57:02",NULL
4289,4289,4289,3,NULL,"2026-01-19 08:57:02","2026-01-19 08:57:02",NULL
4290,4290,4290,3,NULL,"2026-01-19 08:57:02","2026-01-19 08:57:02",NULL
4291,4291,4291,3,NULL,"2026-01-19 08:57:02","2026-01-19 08:57:02",NULL
4292,4292,4292,3,NULL,"2026-01-19 08:57:02","2026-01-19 08:57:02",NULL
4293,4293,4293,3,NULL,"2026-01-19 08:57:02","2026-01-19 08:57:02",NULL
4294,4294,4294,3,NULL,"2026-01-19 08:57:02","2026-01-19 08:57:02",NULL
4295,4295,4295,3,NULL,"2026-01-19 08:57:02","2026-01-19 08:57:02",NULL
4296,4296,4296,3,NULL,"2026-01-19 08:57:02","2026-01-19 08:57:02",NULL
4297,4297,4297,3,NULL,"2026-01-19 08:57:02","2026-01-19 08:57:02",NULL
4298,4298,4298,3,NULL,"2026-01-19 08:57:02","2026-01-19 08:57:02",NULL
4299,4299,4299,3,NULL,"2026-01-19 08:57:02","2026-01-19 08:57:02",NULL
4300,4300,4300,3,NULL,"2026-01-19 08:57:02","2026-01-19 08:57:02",NULL
4301,4301,4301,3,NULL,"2026-01-19 08:57:02","2026-01-19 08:57:02",NULL
4302,4302,4302,3,NULL,"2026-01-19 08:57:02","2026-01-19 08:57:02",NULL
4303,4303,4303,3,NULL,"2026-01-19 08:57:02","2026-01-19 08:57:02",NULL
4304,4304,4304,3,NULL,"2026-01-19 08:57:02","2026-01-19 08:57:02",NULL
4305,4305,4305,3,NULL,"2026-01-19 08:57:02","2026-01-19 08:57:02",NULL
4306,4306,4306,3,NULL,"2026-01-19 08:57:02","2026-01-19 08:57:02",NULL
4307,4307,4307,3,NULL,"2026-01-19 08:57:02","2026-01-19 08:57:02",NULL
4308,4308,4308,3,NULL,"2026-01-19 08:57:02","2026-01-19 08:57:02",NULL
4309,4309,4309,3,NULL,"2026-01-19 08:57:02","2026-01-19 08:57:02",NULL
4310,4310,4310,3,NULL,"2026-01-19 08:57:02","2026-01-19 08:57:02",NULL
4311,4311,4311,3,NULL,"2026-01-19 08:57:02","2026-01-19 08:57:02",NULL
4312,4312,4312,3,NULL,"2026-01-19 08:57:02","2026-01-19 08:57:02",NULL
4313,4313,4313,3,NULL,"2026-01-19 08:57:02","2026-01-19 08:57:02",NULL
4314,4314,4314,3,NULL,"2026-01-19 08:57:02","2026-01-19 08:57:02",NULL
4315,4315,4315,3,NULL,"2026-01-19 08:57:02","2026-01-19 08:57:02",NULL
4316,4316,4316,3,NULL,"2026-01-19 08:57:02","2026-01-19 08:57:02",NULL
4317,4317,4317,3,NULL,"2026-01-19 08:57:02","2026-01-19 08:57:02",NULL
4318,4318,4318,3,NULL,"2026-01-19 08:57:02","2026-01-19 08:57:02",NULL
4319,4319,4319,3,NULL,"2026-01-19 08:57:02","2026-01-19 08:57:02",NULL
4320,4320,4320,3,NULL,"2026-01-19 08:57:02","2026-01-19 08:57:02",NULL
4321,4321,4321,3,NULL,"2026-01-19 08:57:02","2026-01-19 08:57:02",NULL
4322,4322,4322,3,NULL,"2026-01-19 08:57:02","2026-01-19 08:57:02",NULL
4323,4323,4323,3,NULL,"2026-01-19 08:57:02","2026-01-19 08:57:02",NULL
4324,4324,4324,3,NULL,"2026-01-19 08:57:02","2026-01-19 08:57:02",NULL
4325,4325,4325,3,NULL,"2026-01-19 08:57:02","2026-01-19 08:57:02",NULL
4326,4326,4326,3,NULL,"2026-01-19 08:57:02","2026-01-19 08:57:02",NULL
4327,4327,4327,3,NULL,"2026-01-19 08:57:02","2026-01-19 08:57:02",NULL
4328,4328,4328,3,NULL,"2026-01-19 08:57:02","2026-01-19 08:57:02",NULL
4329,4329,4329,3,NULL,"2026-01-19 08:57:02","2026-01-19 08:57:02",NULL
4330,4330,4330,3,NULL,"2026-01-19 08:57:02","2026-01-19 08:57:02",NULL
4331,4331,4331,3,NULL,"2026-01-19 08:57:02","2026-01-19 08:57:02",NULL
4332,4332,4332,3,NULL,"2026-01-19 08:57:02","2026-01-19 08:57:02",NULL
4333,4333,4333,3,NULL,"2026-01-19 08:57:02","2026-01-19 08:57:02",NULL
4334,4334,4334,3,NULL,"2026-01-19 08:57:02","2026-01-19 08:57:02",NULL
4335,4335,4335,3,NULL,"2026-01-19 08:57:02","2026-01-19 08:57:02",NULL
4336,4336,4336,3,NULL,"2026-01-19 08:57:02","2026-01-19 08:57:02",NULL
4337,4337,4337,3,NULL,"2026-01-19 08:57:02","2026-01-19 08:57:02",NULL
4338,4338,4338,3,NULL,"2026-01-19 08:57:02","2026-01-19 08:57:02",NULL
4339,4339,4339,3,NULL,"2026-01-19 08:57:02","2026-01-19 08:57:02",NULL
4340,4340,4340,3,NULL,"2026-01-19 08:57:02","2026-01-19 08:57:02",NULL
4341,4341,4341,3,NULL,"2026-01-19 08:57:02","2026-01-19 08:57:02",NULL
4342,4342,4342,3,NULL,"2026-01-19 08:57:02","2026-01-19 08:57:02",NULL
4343,4343,4343,3,NULL,"2026-01-19 08:57:02","2026-01-19 08:57:02",NULL
4344,4344,4344,3,NULL,"2026-01-19 08:57:02","2026-01-19 08:57:02",NULL
4345,4345,4345,3,NULL,"2026-01-19 08:57:02","2026-01-19 08:57:02",NULL
4346,4346,4346,3,NULL,"2026-01-19 08:57:02","2026-01-19 08:57:02",NULL
4347,4347,4347,3,NULL,"2026-01-19 08:57:02","2026-01-19 08:57:02",NULL
4348,4348,4348,3,NULL,"2026-01-19 08:57:02","2026-01-19 08:57:02",NULL
4349,4349,4349,3,NULL,"2026-01-19 08:57:02","2026-01-19 08:57:02",NULL
4350,4350,4350,3,NULL,"2026-01-19 08:57:02","2026-01-19 08:57:02",NULL
4351,4351,4351,3,NULL,"2026-01-19 08:57:02","2026-01-19 08:57:02",NULL
4352,4352,4352,3,NULL,"2026-01-19 08:57:02","2026-01-19 08:57:02",NULL
4353,4353,4353,3,NULL,"2026-01-19 08:57:02","2026-01-19 08:57:02",NULL
4354,4354,4354,3,NULL,"2026-01-19 08:57:02","2026-01-19 08:57:02",NULL
4355,4355,4355,3,NULL,"2026-01-19 08:57:02","2026-01-19 08:57:02",NULL
4356,4356,4356,3,NULL,"2026-01-19 08:57:02","2026-01-19 08:57:02",NULL
4357,4357,4357,3,NULL,"2026-01-19 08:57:02","2026-01-19 08:57:02",NULL
4358,4358,4358,3,NULL,"2026-01-19 08:57:02","2026-01-19 08:57:02",NULL
4359,4359,4359,3,NULL,"2026-01-19 08:57:02","2026-01-19 08:57:02",NULL
4360,4360,4360,3,NULL,"2026-01-19 08:57:02","2026-01-19 08:57:02",NULL
4361,4361,4361,3,NULL,"2026-01-19 08:57:02","2026-01-19 08:57:02",NULL
4362,4362,4362,3,NULL,"2026-01-19 08:57:02","2026-01-19 08:57:02",NULL
4363,4363,4363,3,NULL,"2026-01-19 08:57:02","2026-01-19 08:57:02",NULL
4364,4364,4364,3,NULL,"2026-01-19 08:57:02","2026-01-19 08:57:02",NULL
4365,4365,4365,3,NULL,"2026-01-19 08:57:02","2026-01-19 08:57:02",NULL
4366,4366,4366,3,NULL,"2026-01-19 08:57:02","2026-01-19 08:57:02",NULL
4367,4367,4367,3,NULL,"2026-01-19 08:57:02","2026-01-19 08:57:02",NULL
4368,4368,4368,3,NULL,"2026-01-19 08:57:02","2026-01-19 08:57:02",NULL
4369,4369,4369,3,NULL,"2026-01-19 08:57:02","2026-01-19 08:57:02",NULL
4370,4370,4370,3,NULL,"2026-01-19 08:57:02","2026-01-19 08:57:02",NULL
4371,4371,4371,3,NULL,"2026-01-19 08:57:02","2026-01-19 08:57:02",NULL
4372,4372,4372,3,NULL,"2026-01-19 08:57:02","2026-01-19 08:57:02",NULL
4373,4373,4373,3,NULL,"2026-01-19 08:57:02","2026-01-19 08:57:02",NULL
4374,4374,4374,3,NULL,"2026-01-19 08:57:02","2026-01-19 08:57:02",NULL
4375,4375,4375,3,NULL,"2026-01-19 08:57:02","2026-01-19 08:57:02",NULL
4376,4376,4376,3,NULL,"2026-01-19 08:57:02","2026-01-19 08:57:02",NULL
4377,4377,4377,3,NULL,"2026-01-19 08:57:02","2026-01-19 08:57:02",NULL
4378,4378,4378,3,NULL,"2026-01-19 08:57:02","2026-01-19 08:57:02",NULL
4379,4379,4379,3,NULL,"2026-01-19 08:57:02","2026-01-19 08:57:02",NULL
4380,4380,4380,3,NULL,"2026-01-19 08:57:02","2026-01-19 08:57:02",NULL
4381,4381,4381,3,NULL,"2026-01-19 08:57:02","2026-01-19 08:57:02",NULL
4382,4382,4382,3,NULL,"2026-01-19 08:57:02","2026-01-19 08:57:02",NULL
4383,4383,4383,3,NULL,"2026-01-19 08:57:02","2026-01-19 08:57:02",NULL
4384,4384,4384,3,NULL,"2026-01-19 08:57:02","2026-01-19 08:57:02",NULL
4385,4385,4385,3,NULL,"2026-01-19 08:57:02","2026-01-19 08:57:02",NULL
4386,4386,4386,3,NULL,"2026-01-19 08:57:02","2026-01-19 08:57:02",NULL
4387,4387,4387,3,NULL,"2026-01-19 08:57:02","2026-01-19 08:57:02",NULL
4388,4388,4388,3,NULL,"2026-01-19 08:57:02","2026-01-19 08:57:02",NULL
4389,4389,4389,3,NULL,"2026-01-19 08:57:02","2026-01-19 08:57:02",NULL
4390,4390,4390,3,NULL,"2026-01-19 08:57:02","2026-01-19 08:57:02",NULL
4391,4391,4391,3,NULL,"2026-01-19 08:57:02","2026-01-19 08:57:02",NULL
4392,4392,4392,3,NULL,"2026-01-19 08:57:02","2026-01-19 08:57:02",NULL
4393,4393,4393,3,NULL,"2026-01-19 08:57:02","2026-01-19 08:57:02",NULL
4394,4394,4394,3,NULL,"2026-01-19 08:57:02","2026-01-19 08:57:02",NULL
4395,4395,4395,3,NULL,"2026-01-19 08:57:02","2026-01-19 08:57:02",NULL
4396,4396,4396,3,NULL,"2026-01-19 08:57:02","2026-01-19 08:57:02",NULL
4397,4397,4397,3,NULL,"2026-01-19 08:57:02","2026-01-19 08:57:02",NULL
4398,4398,4398,3,NULL,"2026-01-19 08:57:02","2026-01-19 08:57:02",NULL
4399,4399,4399,3,NULL,"2026-01-19 08:57:02","2026-01-19 08:57:02",NULL
4400,4400,4400,3,NULL,"2026-01-19 08:57:02","2026-01-19 08:57:02",NULL
4401,4401,4401,3,NULL,"2026-01-19 08:57:02","2026-01-19 08:57:02",NULL
4402,4402,4402,3,NULL,"2026-01-19 08:57:02","2026-01-19 08:57:02",NULL
4403,4403,4403,3,NULL,"2026-01-19 08:57:02","2026-01-19 08:57:02",NULL
4404,4404,4404,3,NULL,"2026-01-19 08:57:02","2026-01-19 08:57:02",NULL
4405,4405,4405,3,NULL,"2026-01-19 08:57:02","2026-01-19 08:57:02",NULL
4406,4406,4406,3,NULL,"2026-01-19 08:57:02","2026-01-19 08:57:02",NULL
4407,4407,4407,3,NULL,"2026-01-19 08:57:02","2026-01-19 08:57:02",NULL
4408,4408,4408,3,NULL,"2026-01-19 08:57:02","2026-01-19 08:57:02",NULL
4409,4409,4409,3,NULL,"2026-01-19 08:57:02","2026-01-19 08:57:02",NULL
4410,4410,4410,3,NULL,"2026-01-19 08:57:02","2026-01-19 08:57:02",NULL
4411,4411,4411,3,NULL,"2026-01-19 08:57:02","2026-01-19 08:57:02",NULL
4412,4412,4412,3,NULL,"2026-01-19 08:57:02","2026-01-19 08:57:02",NULL
4413,4413,4413,3,NULL,"2026-01-19 08:57:02","2026-01-19 08:57:02",NULL
4414,4414,4414,3,NULL,"2026-01-19 08:57:02","2026-01-19 08:57:02",NULL
4415,4415,4415,3,NULL,"2026-01-19 08:57:02","2026-01-19 08:57:02",NULL
4416,4416,4416,3,NULL,"2026-01-19 08:57:02","2026-01-19 08:57:02",NULL
4417,4417,4417,3,NULL,"2026-01-19 08:57:02","2026-01-19 08:57:02",NULL
4418,4418,4418,3,NULL,"2026-01-19 08:57:02","2026-01-19 08:57:02",NULL
4419,4419,4419,3,NULL,"2026-01-19 08:57:02","2026-01-19 08:57:02",NULL
4420,4420,4420,3,NULL,"2026-01-19 08:57:02","2026-01-19 08:57:02",NULL
4421,4421,4421,3,NULL,"2026-01-19 08:57:02","2026-01-19 08:57:02",NULL
4422,4422,4422,3,NULL,"2026-01-19 08:57:02","2026-01-19 08:57:02",NULL
4423,4423,4423,3,NULL,"2026-01-19 08:57:02","2026-01-19 08:57:02",NULL
4424,4424,4424,3,NULL,"2026-01-19 08:57:02","2026-01-19 08:57:02",NULL
4425,4425,4425,3,NULL,"2026-01-19 08:57:02","2026-01-19 08:57:02",NULL
4426,4426,4426,3,NULL,"2026-01-19 08:57:02","2026-01-19 08:57:02",NULL
4427,4427,4427,3,NULL,"2026-01-19 08:57:02","2026-01-19 08:57:02",NULL
4428,4428,4428,3,NULL,"2026-01-19 08:57:02","2026-01-19 08:57:02",NULL
4429,4429,4429,3,NULL,"2026-01-19 08:57:02","2026-01-19 08:57:02",NULL
4430,4430,4430,3,NULL,"2026-01-19 08:57:02","2026-01-19 08:57:02",NULL
4431,4431,4431,3,NULL,"2026-01-19 08:57:02","2026-01-19 08:57:02",NULL
4432,4432,4432,3,NULL,"2026-01-19 08:57:02","2026-01-19 08:57:02",NULL
4433,4433,4433,3,NULL,"2026-01-19 08:57:02","2026-01-19 08:57:02",NULL
4434,4434,4434,3,NULL,"2026-01-19 08:57:02","2026-01-19 08:57:02",NULL
4435,4435,4435,3,NULL,"2026-01-19 08:57:02","2026-01-19 08:57:02",NULL
4436,4436,4436,3,NULL,"2026-01-19 08:57:02","2026-01-19 08:57:02",NULL
4437,4437,4437,3,NULL,"2026-01-19 08:57:02","2026-01-19 08:57:02",NULL
4438,4438,4438,3,NULL,"2026-01-19 08:57:02","2026-01-19 08:57:02",NULL
4439,4439,4439,3,NULL,"2026-01-19 08:57:02","2026-01-19 08:57:02",NULL
4440,4440,4440,3,NULL,"2026-01-19 08:57:02","2026-01-19 08:57:02",NULL
4441,4441,4441,3,NULL,"2026-01-19 08:57:02","2026-01-19 08:57:02",NULL
4442,4442,4442,3,NULL,"2026-01-19 08:57:02","2026-01-19 08:57:02",NULL
4443,4443,4443,3,NULL,"2026-01-19 08:57:02","2026-01-19 08:57:02",NULL
4444,4444,4444,3,NULL,"2026-01-19 08:57:03","2026-01-19 08:57:03",NULL
4445,4445,4445,3,NULL,"2026-01-19 08:57:03","2026-01-19 08:57:03",NULL
4446,4446,4446,3,NULL,"2026-01-19 08:57:03","2026-01-19 08:57:03",NULL
4447,4447,4447,3,NULL,"2026-01-19 08:57:03","2026-01-19 08:57:03",NULL
4448,4448,4448,3,NULL,"2026-01-19 08:57:03","2026-01-19 08:57:03",NULL
4449,4449,4449,3,NULL,"2026-01-19 08:57:03","2026-01-19 08:57:03",NULL
4450,4450,4450,3,NULL,"2026-01-19 08:57:03","2026-01-19 08:57:03",NULL
4451,4451,4451,3,NULL,"2026-01-19 08:57:03","2026-01-19 08:57:03",NULL
4452,4452,4452,3,NULL,"2026-01-19 08:57:03","2026-01-19 08:57:03",NULL
4453,4453,4453,3,NULL,"2026-01-19 08:57:03","2026-01-19 08:57:03",NULL
4454,4454,4454,3,NULL,"2026-01-19 08:57:03","2026-01-19 08:57:03",NULL
4455,4455,4455,3,NULL,"2026-01-19 08:57:03","2026-01-19 08:57:03",NULL
4456,4456,4456,3,NULL,"2026-01-19 08:57:03","2026-01-19 08:57:03",NULL
4457,4457,4457,3,NULL,"2026-01-19 08:57:03","2026-01-19 08:57:03",NULL
4458,4458,4458,3,NULL,"2026-01-19 08:57:03","2026-01-19 08:57:03",NULL
4459,4459,4459,3,NULL,"2026-01-19 08:57:03","2026-01-19 08:57:03",NULL
4460,4460,4460,3,NULL,"2026-01-19 08:57:03","2026-01-19 08:57:03",NULL
4461,4461,4461,3,NULL,"2026-01-19 08:57:03","2026-01-19 08:57:03",NULL
4462,4462,4462,3,NULL,"2026-01-19 08:57:03","2026-01-19 08:57:03",NULL
4463,4463,4463,3,NULL,"2026-01-19 08:57:03","2026-01-19 08:57:03",NULL
4464,4464,4464,3,NULL,"2026-01-19 08:57:03","2026-01-19 08:57:03",NULL
4465,4465,4465,3,NULL,"2026-01-19 08:57:03","2026-01-19 08:57:03",NULL
4466,4466,4466,3,NULL,"2026-01-19 08:57:03","2026-01-19 08:57:03",NULL
4467,4467,4467,3,NULL,"2026-01-19 08:57:03","2026-01-19 08:57:03",NULL
4468,4468,4468,3,NULL,"2026-01-19 08:57:03","2026-01-19 08:57:03",NULL
4469,4469,4469,3,NULL,"2026-01-19 08:57:03","2026-01-19 08:57:03",NULL
4470,4470,4470,3,NULL,"2026-01-19 08:57:03","2026-01-19 08:57:03",NULL
4471,4471,4471,3,NULL,"2026-01-19 08:57:03","2026-01-19 08:57:03",NULL
4472,4472,4472,3,NULL,"2026-01-19 08:57:03","2026-01-19 08:57:03",NULL
4473,4473,4473,3,NULL,"2026-01-19 08:57:03","2026-01-19 08:57:03",NULL
4474,4474,4474,3,NULL,"2026-01-19 08:57:03","2026-01-19 08:57:03",NULL
4475,4475,4475,3,NULL,"2026-01-19 08:57:03","2026-01-19 08:57:03",NULL
4476,4476,4476,3,NULL,"2026-01-19 08:57:03","2026-01-19 08:57:03",NULL
4477,4477,4477,3,NULL,"2026-01-19 08:57:03","2026-01-19 08:57:03",NULL
4478,4478,4478,3,NULL,"2026-01-19 08:57:03","2026-01-19 08:57:03",NULL
4479,4479,4479,3,NULL,"2026-01-19 08:57:03","2026-01-19 08:57:03",NULL
4480,4480,4480,3,NULL,"2026-01-19 08:57:03","2026-01-19 08:57:03",NULL
4481,4481,4481,3,NULL,"2026-01-19 08:57:03","2026-01-19 08:57:03",NULL
4482,4482,4482,3,NULL,"2026-01-19 08:57:03","2026-01-19 08:57:03",NULL
4483,4483,4483,3,NULL,"2026-01-19 08:57:03","2026-01-19 08:57:03",NULL
4484,4484,4484,3,NULL,"2026-01-19 08:57:03","2026-01-19 08:57:03",NULL
4485,4485,4485,3,NULL,"2026-01-19 08:57:03","2026-01-19 08:57:03",NULL
4486,4486,4486,3,NULL,"2026-01-19 08:57:03","2026-01-19 08:57:03",NULL
4487,4487,4487,3,NULL,"2026-01-19 08:57:03","2026-01-19 08:57:03",NULL
4488,4488,4488,3,NULL,"2026-01-19 08:57:03","2026-01-19 08:57:03",NULL
4489,4489,4489,3,NULL,"2026-01-19 08:57:03","2026-01-19 08:57:03",NULL
4490,4490,4490,3,NULL,"2026-01-19 08:57:03","2026-01-19 08:57:03",NULL
4491,4491,4491,3,NULL,"2026-01-19 08:57:03","2026-01-19 08:57:03",NULL
4492,4492,4492,3,NULL,"2026-01-19 08:57:03","2026-01-19 08:57:03",NULL
4493,4493,4493,3,NULL,"2026-01-19 08:57:03","2026-01-19 08:57:03",NULL
4494,4494,4494,3,NULL,"2026-01-19 08:57:03","2026-01-19 08:57:03",NULL
4495,4495,4495,3,NULL,"2026-01-19 08:57:03","2026-01-19 08:57:03",NULL
4496,4496,4496,3,NULL,"2026-01-19 08:57:03","2026-01-19 08:57:03",NULL
4497,4497,4497,3,NULL,"2026-01-19 08:57:03","2026-01-19 08:57:03",NULL
4498,4498,4498,3,NULL,"2026-01-19 08:57:03","2026-01-19 08:57:03",NULL
4499,4499,4499,3,NULL,"2026-01-19 08:57:03","2026-01-19 08:57:03",NULL
4500,4500,4500,3,NULL,"2026-01-19 08:57:03","2026-01-19 08:57:03",NULL
4501,4501,4501,3,NULL,"2026-01-19 08:57:03","2026-01-19 08:57:03",NULL
4502,4502,4502,3,NULL,"2026-01-19 08:57:03","2026-01-19 08:57:03",NULL
4503,4503,4503,3,NULL,"2026-01-19 08:57:03","2026-01-19 08:57:03",NULL
4504,4504,4504,3,NULL,"2026-01-19 08:57:03","2026-01-19 08:57:03",NULL
4505,4505,4505,3,NULL,"2026-01-19 08:57:03","2026-01-19 08:57:03",NULL
4506,4506,4506,3,NULL,"2026-01-19 08:57:03","2026-01-19 08:57:03",NULL
4507,4507,4507,3,NULL,"2026-01-19 08:57:03","2026-01-19 08:57:03",NULL
4508,4508,4508,3,NULL,"2026-01-19 08:57:03","2026-01-19 08:57:03",NULL
4509,4509,4509,3,NULL,"2026-01-19 08:57:03","2026-01-19 08:57:03",NULL
4510,4510,4510,3,NULL,"2026-01-19 08:57:03","2026-01-19 08:57:03",NULL
4511,4511,4511,3,NULL,"2026-01-19 08:57:03","2026-01-19 08:57:03",NULL
4512,4512,4512,3,NULL,"2026-01-19 08:57:03","2026-01-19 08:57:03",NULL
4513,4513,4513,3,NULL,"2026-01-19 08:57:03","2026-01-19 08:57:03",NULL
4514,4514,4514,3,NULL,"2026-01-19 08:57:03","2026-01-19 08:57:03",NULL
4515,4515,4515,3,NULL,"2026-01-19 08:57:03","2026-01-19 08:57:03",NULL
4516,4516,4516,3,NULL,"2026-01-19 08:57:03","2026-01-19 08:57:03",NULL
4517,4517,4517,3,NULL,"2026-01-19 08:57:03","2026-01-19 08:57:03",NULL
4518,4518,4518,3,NULL,"2026-01-19 08:57:03","2026-01-19 08:57:03",NULL
4519,4519,4519,3,NULL,"2026-01-19 08:57:03","2026-01-19 08:57:03",NULL
4520,4520,4520,3,NULL,"2026-01-19 08:57:03","2026-01-19 08:57:03",NULL
4521,4521,4521,3,NULL,"2026-01-19 08:57:03","2026-01-19 08:57:03",NULL
4522,4522,4522,3,NULL,"2026-01-19 08:57:03","2026-01-19 08:57:03",NULL
4523,4523,4523,3,NULL,"2026-01-19 08:57:03","2026-01-19 08:57:03",NULL
4524,4524,4524,3,NULL,"2026-01-19 08:57:03","2026-01-19 08:57:03",NULL
4525,4525,4525,3,NULL,"2026-01-19 08:57:03","2026-01-19 08:57:03",NULL
4526,4526,4526,3,NULL,"2026-01-19 08:57:03","2026-01-19 08:57:03",NULL
4527,4527,4527,3,NULL,"2026-01-19 08:57:03","2026-01-19 08:57:03",NULL
4528,4528,4528,3,NULL,"2026-01-19 08:57:03","2026-01-19 08:57:03",NULL
4529,4529,4529,3,NULL,"2026-01-19 08:57:03","2026-01-19 08:57:03",NULL
4530,4530,4530,3,NULL,"2026-01-19 08:57:03","2026-01-19 08:57:03",NULL
4531,4531,4531,3,NULL,"2026-01-19 08:57:03","2026-01-19 08:57:03",NULL
4532,4532,4532,3,NULL,"2026-01-19 08:57:03","2026-01-19 08:57:03",NULL
4533,4533,4533,3,NULL,"2026-01-19 08:57:03","2026-01-19 08:57:03",NULL
4534,4534,4534,3,NULL,"2026-01-19 08:57:03","2026-01-19 08:57:03",NULL
4535,4535,4535,3,NULL,"2026-01-19 08:57:03","2026-01-19 08:57:03",NULL
4536,4536,4536,3,NULL,"2026-01-19 08:57:03","2026-01-19 08:57:03",NULL
4537,4537,4537,3,NULL,"2026-01-19 08:57:03","2026-01-19 08:57:03",NULL
4538,4538,4538,3,NULL,"2026-01-19 08:57:03","2026-01-19 08:57:03",NULL
4539,4539,4539,3,NULL,"2026-01-19 08:57:03","2026-01-19 08:57:03",NULL
4540,4540,4540,3,NULL,"2026-01-19 08:57:03","2026-01-19 08:57:03",NULL
4541,4541,4541,3,NULL,"2026-01-19 08:57:03","2026-01-19 08:57:03",NULL
4542,4542,4542,3,NULL,"2026-01-19 08:57:03","2026-01-19 08:57:03",NULL
4543,4543,4543,3,NULL,"2026-01-19 08:57:03","2026-01-19 08:57:03",NULL
4544,4544,4544,3,NULL,"2026-01-19 08:57:03","2026-01-19 08:57:03",NULL
4545,4545,4545,3,NULL,"2026-01-19 08:57:03","2026-01-19 08:57:03",NULL
4546,4546,4546,3,NULL,"2026-01-19 08:57:03","2026-01-19 08:57:03",NULL
4547,4547,4547,3,NULL,"2026-01-19 08:57:03","2026-01-19 08:57:03",NULL
4548,4548,4548,3,NULL,"2026-01-19 08:57:03","2026-01-19 08:57:03",NULL
4549,4549,4549,3,NULL,"2026-01-19 08:57:03","2026-01-19 08:57:03",NULL
4550,4550,4550,3,NULL,"2026-01-19 08:57:03","2026-01-19 08:57:03",NULL
4551,4551,4551,3,NULL,"2026-01-19 08:57:03","2026-01-19 08:57:03",NULL
4552,4552,4552,3,NULL,"2026-01-19 08:57:03","2026-01-19 08:57:03",NULL
4553,4553,4553,3,NULL,"2026-01-19 08:57:03","2026-01-19 08:57:03",NULL
4554,4554,4554,3,NULL,"2026-01-19 08:57:03","2026-01-19 08:57:03",NULL
4555,4555,4555,3,NULL,"2026-01-19 08:57:03","2026-01-19 08:57:03",NULL
4556,4556,4556,3,NULL,"2026-01-19 08:57:03","2026-01-19 08:57:03",NULL
4557,4557,4557,3,NULL,"2026-01-19 08:57:03","2026-01-19 08:57:03",NULL
4558,4558,4558,3,NULL,"2026-01-19 08:57:03","2026-01-19 08:57:03",NULL
4559,4559,4559,3,NULL,"2026-01-19 08:57:03","2026-01-19 08:57:03",NULL
4560,4560,4560,3,NULL,"2026-01-19 08:57:03","2026-01-19 08:57:03",NULL
4561,4561,4561,3,NULL,"2026-01-19 08:57:03","2026-01-19 08:57:03",NULL
4562,4562,4562,3,NULL,"2026-01-19 08:57:03","2026-01-19 08:57:03",NULL
4563,4563,4563,3,NULL,"2026-01-19 08:57:03","2026-01-19 08:57:03",NULL
4564,4564,4564,3,NULL,"2026-01-19 08:57:03","2026-01-19 08:57:03",NULL
4565,4565,4565,3,NULL,"2026-01-19 08:57:03","2026-01-19 08:57:03",NULL
4566,4566,4566,3,NULL,"2026-01-19 08:57:03","2026-01-19 08:57:03",NULL
4567,4567,4567,3,NULL,"2026-01-19 08:57:03","2026-01-19 08:57:03",NULL
4568,4568,4568,3,NULL,"2026-01-19 08:57:03","2026-01-19 08:57:03",NULL
4569,4569,4569,3,NULL,"2026-01-19 08:57:03","2026-01-19 08:57:03",NULL
4570,4570,4570,3,NULL,"2026-01-19 08:57:03","2026-01-19 08:57:03",NULL
4571,4571,4571,3,NULL,"2026-01-19 08:57:03","2026-01-19 08:57:03",NULL
4572,4572,4572,3,NULL,"2026-01-19 08:57:03","2026-01-19 08:57:03",NULL
4573,4573,4573,3,NULL,"2026-01-19 08:57:03","2026-01-19 08:57:03",NULL
4574,4574,4574,3,NULL,"2026-01-19 08:57:03","2026-01-19 08:57:03",NULL
4575,4575,4575,3,NULL,"2026-01-19 08:57:03","2026-01-19 08:57:03",NULL
4576,4576,4576,3,NULL,"2026-01-19 08:57:03","2026-01-19 08:57:03",NULL
4577,4577,4577,3,NULL,"2026-01-19 08:57:03","2026-01-19 08:57:03",NULL
4578,4578,4578,3,NULL,"2026-01-19 08:57:03","2026-01-19 08:57:03",NULL
4579,4579,4579,3,NULL,"2026-01-19 08:57:03","2026-01-19 08:57:03",NULL
4580,4580,4580,3,NULL,"2026-01-19 08:57:03","2026-01-19 08:57:03",NULL
4581,4581,4581,3,NULL,"2026-01-19 08:57:03","2026-01-19 08:57:03",NULL
4582,4582,4582,3,NULL,"2026-01-19 08:57:03","2026-01-19 08:57:03",NULL
4583,4583,4583,3,NULL,"2026-01-19 08:57:03","2026-01-19 08:57:03",NULL
4584,4584,4584,3,NULL,"2026-01-19 08:57:03","2026-01-19 08:57:03",NULL
4585,4585,4585,3,NULL,"2026-01-19 08:57:03","2026-01-19 08:57:03",NULL
4586,4586,4586,3,NULL,"2026-01-19 08:57:03","2026-01-19 08:57:03",NULL
4587,4587,4587,3,NULL,"2026-01-19 08:57:03","2026-01-19 08:57:03",NULL
4588,4588,4588,3,NULL,"2026-01-19 08:57:03","2026-01-19 08:57:03",NULL
4589,4589,4589,3,NULL,"2026-01-19 08:57:03","2026-01-19 08:57:03",NULL
4590,4590,4590,3,NULL,"2026-01-19 08:57:03","2026-01-19 08:57:03",NULL
4591,4591,4591,3,NULL,"2026-01-19 08:57:03","2026-01-19 08:57:03",NULL
4592,4592,4592,3,NULL,"2026-01-19 08:57:03","2026-01-19 08:57:03",NULL
4593,4593,4593,3,NULL,"2026-01-19 08:57:03","2026-01-19 08:57:03",NULL
4594,4594,4594,3,NULL,"2026-01-19 08:57:03","2026-01-19 08:57:03",NULL
4595,4595,4595,3,NULL,"2026-01-19 08:57:03","2026-01-19 08:57:03",NULL
4596,4596,4596,3,NULL,"2026-01-19 08:57:03","2026-01-19 08:57:03",NULL
4597,4597,4597,3,NULL,"2026-01-19 08:57:03","2026-01-19 08:57:03",NULL
4598,4598,4598,3,NULL,"2026-01-19 08:57:03","2026-01-19 08:57:03",NULL
4599,4599,4599,3,NULL,"2026-01-19 08:57:03","2026-01-19 08:57:03",NULL
4600,4600,4600,3,NULL,"2026-01-19 08:57:03","2026-01-19 08:57:03",NULL
4601,4601,4601,3,NULL,"2026-01-19 08:57:03","2026-01-19 08:57:03",NULL
4602,4602,4602,3,NULL,"2026-01-19 08:57:03","2026-01-19 08:57:03",NULL
4603,4603,4603,3,NULL,"2026-01-19 08:57:03","2026-01-19 08:57:03",NULL
4604,4604,4604,3,NULL,"2026-01-19 08:57:03","2026-01-19 08:57:03",NULL
4605,4605,4605,3,NULL,"2026-01-19 08:57:03","2026-01-19 08:57:03",NULL
4606,4606,4606,3,NULL,"2026-01-19 08:57:03","2026-01-19 08:57:03",NULL
4607,4607,4607,3,NULL,"2026-01-19 08:57:03","2026-01-19 08:57:03",NULL
4608,4608,4608,3,NULL,"2026-01-19 08:57:03","2026-01-19 08:57:03",NULL
4609,4609,4609,3,NULL,"2026-01-19 08:57:03","2026-01-19 08:57:03",NULL
4610,4610,4610,3,NULL,"2026-01-19 08:57:03","2026-01-19 08:57:03",NULL
4611,4611,4611,3,NULL,"2026-01-19 08:57:03","2026-01-19 08:57:03",NULL
4612,4612,4612,3,NULL,"2026-01-19 08:57:03","2026-01-19 08:57:03",NULL
4613,4613,4613,3,NULL,"2026-01-19 08:57:03","2026-01-19 08:57:03",NULL
4614,4614,4614,3,NULL,"2026-01-19 08:57:03","2026-01-19 08:57:03",NULL
4615,4615,4615,3,NULL,"2026-01-19 08:57:03","2026-01-19 08:57:03",NULL
4616,4616,4616,3,NULL,"2026-01-19 08:57:03","2026-01-19 08:57:03",NULL
4617,4617,4617,3,NULL,"2026-01-19 08:57:03","2026-01-19 08:57:03",NULL
4618,4618,4618,3,NULL,"2026-01-19 08:57:03","2026-01-19 08:57:03",NULL
4619,4619,4619,3,NULL,"2026-01-19 08:57:03","2026-01-19 08:57:03",NULL
4620,4620,4620,3,NULL,"2026-01-19 08:57:03","2026-01-19 08:57:03",NULL
4621,4621,4621,3,NULL,"2026-01-19 08:57:03","2026-01-19 08:57:03",NULL
4622,4622,4622,3,NULL,"2026-01-19 08:57:03","2026-01-19 08:57:03",NULL
4623,4623,4623,3,NULL,"2026-01-19 08:57:03","2026-01-19 08:57:03",NULL
4624,4624,4624,3,NULL,"2026-01-19 08:57:03","2026-01-19 08:57:03",NULL
4625,4625,4625,3,NULL,"2026-01-19 08:57:03","2026-01-19 08:57:03",NULL
4626,4626,4626,3,NULL,"2026-01-19 08:57:03","2026-01-19 08:57:03",NULL
4627,4627,4627,3,NULL,"2026-01-19 08:57:03","2026-01-19 08:57:03",NULL
4628,4628,4628,3,NULL,"2026-01-19 08:57:03","2026-01-19 08:57:03",NULL
4629,4629,4629,3,NULL,"2026-01-19 08:57:03","2026-01-19 08:57:03",NULL
4630,4630,4630,3,NULL,"2026-01-19 08:57:03","2026-01-19 08:57:03",NULL
4631,4631,4631,3,NULL,"2026-01-19 08:57:03","2026-01-19 08:57:03",NULL
4632,4632,4632,3,NULL,"2026-01-19 08:57:03","2026-01-19 08:57:03",NULL
4633,4633,4633,3,NULL,"2026-01-19 08:57:03","2026-01-19 08:57:03",NULL
4634,4634,4634,3,NULL,"2026-01-19 08:57:03","2026-01-19 08:57:03",NULL
4635,4635,4635,3,NULL,"2026-01-19 08:57:03","2026-01-19 08:57:03",NULL
4636,4636,4636,3,NULL,"2026-01-19 08:57:03","2026-01-19 08:57:03",NULL
4637,4637,4637,3,NULL,"2026-01-19 08:57:03","2026-01-19 08:57:03",NULL
4638,4638,4638,3,NULL,"2026-01-19 08:57:03","2026-01-19 08:57:03",NULL
4639,4639,4639,3,NULL,"2026-01-19 08:57:03","2026-01-19 08:57:03",NULL
4640,4640,4640,3,NULL,"2026-01-19 08:57:03","2026-01-19 08:57:03",NULL
4641,4641,4641,3,NULL,"2026-01-19 08:57:03","2026-01-19 08:57:03",NULL
4642,4642,4642,3,NULL,"2026-01-19 08:57:03","2026-01-19 08:57:03",NULL
4643,4643,4643,3,NULL,"2026-01-19 08:57:03","2026-01-19 08:57:03",NULL
4644,4644,4644,3,NULL,"2026-01-19 08:57:03","2026-01-19 08:57:03",NULL
4645,4645,4645,3,NULL,"2026-01-19 08:57:03","2026-01-19 08:57:03",NULL
4646,4646,4646,3,NULL,"2026-01-19 08:57:03","2026-01-19 08:57:03",NULL
4647,4647,4647,3,NULL,"2026-01-19 08:57:03","2026-01-19 08:57:03",NULL
4648,4648,4648,3,NULL,"2026-01-19 08:57:03","2026-01-19 08:57:03",NULL
4649,4649,4649,3,NULL,"2026-01-19 08:57:03","2026-01-19 08:57:03",NULL
4650,4650,4650,3,NULL,"2026-01-19 08:57:03","2026-01-19 08:57:03",NULL
4651,4651,4651,3,NULL,"2026-01-19 08:57:03","2026-01-19 08:57:03",NULL
4652,4652,4652,3,NULL,"2026-01-19 08:57:03","2026-01-19 08:57:03",NULL
4653,4653,4653,3,NULL,"2026-01-19 08:57:03","2026-01-19 08:57:03",NULL
4654,4654,4654,3,NULL,"2026-01-19 08:57:03","2026-01-19 08:57:03",NULL
4655,4655,4655,3,NULL,"2026-01-19 08:57:03","2026-01-19 08:57:03",NULL
4656,4656,4656,3,NULL,"2026-01-19 08:57:03","2026-01-19 08:57:03",NULL
4657,4657,4657,3,NULL,"2026-01-19 08:57:03","2026-01-19 08:57:03",NULL
4658,4658,4658,3,NULL,"2026-01-19 08:57:03","2026-01-19 08:57:03",NULL
4659,4659,4659,3,NULL,"2026-01-19 08:57:03","2026-01-19 08:57:03",NULL
4660,4660,4660,3,NULL,"2026-01-19 08:57:03","2026-01-19 08:57:03",NULL
4661,4661,4661,3,NULL,"2026-01-19 08:57:03","2026-01-19 08:57:03",NULL
4662,4662,4662,3,NULL,"2026-01-19 08:57:03","2026-01-19 08:57:03",NULL
4663,4663,4663,3,NULL,"2026-01-19 08:57:03","2026-01-19 08:57:03",NULL
4664,4664,4664,3,NULL,"2026-01-19 08:57:03","2026-01-19 08:57:03",NULL
4665,4665,4665,3,NULL,"2026-01-19 08:57:03","2026-01-19 08:57:03",NULL
4666,4666,4666,3,NULL,"2026-01-19 08:57:03","2026-01-19 08:57:03",NULL
4667,4667,4667,3,NULL,"2026-01-19 08:57:03","2026-01-19 08:57:03",NULL
4668,4668,4668,3,NULL,"2026-01-19 08:57:03","2026-01-19 08:57:03",NULL
4669,4669,4669,3,NULL,"2026-01-19 08:57:03","2026-01-19 08:57:03",NULL
4670,4670,4670,3,NULL,"2026-01-19 08:57:03","2026-01-19 08:57:03",NULL
4671,4671,4671,3,NULL,"2026-01-19 08:57:03","2026-01-19 08:57:03",NULL
4672,4672,4672,3,NULL,"2026-01-19 08:57:03","2026-01-19 08:57:03",NULL
4673,4673,4673,3,NULL,"2026-01-19 08:57:03","2026-01-19 08:57:03",NULL
4674,4674,4674,3,NULL,"2026-01-19 08:57:03","2026-01-19 08:57:03",NULL
4675,4675,4675,3,NULL,"2026-01-19 08:57:03","2026-01-19 08:57:03",NULL
4676,4676,4676,3,NULL,"2026-01-19 08:57:03","2026-01-19 08:57:03",NULL
4677,4677,4677,3,NULL,"2026-01-19 08:57:03","2026-01-19 08:57:03",NULL
4678,4678,4678,3,NULL,"2026-01-19 08:57:03","2026-01-19 08:57:03",NULL
4679,4679,4679,3,NULL,"2026-01-19 08:57:03","2026-01-19 08:57:03",NULL
4680,4680,4680,3,NULL,"2026-01-19 08:57:03","2026-01-19 08:57:03",NULL
4681,4681,4681,3,NULL,"2026-01-19 08:57:03","2026-01-19 08:57:03",NULL
4682,4682,4682,3,NULL,"2026-01-19 08:57:03","2026-01-19 08:57:03",NULL
4683,4683,4683,3,NULL,"2026-01-19 08:57:03","2026-01-19 08:57:03",NULL
4684,4684,4684,3,NULL,"2026-01-19 08:57:03","2026-01-19 08:57:03",NULL
4685,4685,4685,3,NULL,"2026-01-19 08:57:03","2026-01-19 08:57:03",NULL
4686,4686,4686,3,NULL,"2026-01-19 08:57:03","2026-01-19 08:57:03",NULL
4687,4687,4687,3,NULL,"2026-01-19 08:57:03","2026-01-19 08:57:03",NULL
4688,4688,4688,3,NULL,"2026-01-19 08:57:03","2026-01-19 08:57:03",NULL
4689,4689,4689,3,NULL,"2026-01-19 08:57:03","2026-01-19 08:57:03",NULL
4690,4690,4690,3,NULL,"2026-01-19 08:57:03","2026-01-19 08:57:03",NULL
4691,4691,4691,3,NULL,"2026-01-19 08:57:03","2026-01-19 08:57:03",NULL
4692,4692,4692,3,NULL,"2026-01-19 08:57:03","2026-01-19 08:57:03",NULL
4693,4693,4693,3,NULL,"2026-01-19 08:57:03","2026-01-19 08:57:03",NULL
4694,4694,4694,3,NULL,"2026-01-19 08:57:03","2026-01-19 08:57:03",NULL
4695,4695,4695,3,NULL,"2026-01-19 08:57:03","2026-01-19 08:57:03",NULL
4696,4696,4696,3,NULL,"2026-01-19 08:57:03","2026-01-19 08:57:03",NULL
4697,4697,4697,3,NULL,"2026-01-19 08:57:03","2026-01-19 08:57:03",NULL
4698,4698,4698,3,NULL,"2026-01-19 08:57:03","2026-01-19 08:57:03",NULL
4699,4699,4699,3,NULL,"2026-01-19 08:57:03","2026-01-19 08:57:03",NULL
4700,4700,4700,3,NULL,"2026-01-19 08:57:03","2026-01-19 08:57:03",NULL
4701,4701,4701,3,NULL,"2026-01-19 08:57:03","2026-01-19 08:57:03",NULL
4702,4702,4702,3,NULL,"2026-01-19 08:57:03","2026-01-19 08:57:03",NULL
4703,4703,4703,3,NULL,"2026-01-19 08:57:03","2026-01-19 08:57:03",NULL
4704,4704,4704,3,NULL,"2026-01-19 08:57:03","2026-01-19 08:57:03",NULL
4705,4705,4705,3,NULL,"2026-01-19 08:57:03","2026-01-19 08:57:03",NULL
4706,4706,4706,3,NULL,"2026-01-19 08:57:03","2026-01-19 08:57:03",NULL
4707,4707,4707,3,NULL,"2026-01-19 08:57:03","2026-01-19 08:57:03",NULL
4708,4708,4708,3,NULL,"2026-01-19 08:57:03","2026-01-19 08:57:03",NULL
4709,4709,4709,3,NULL,"2026-01-19 08:57:03","2026-01-19 08:57:03",NULL
4710,4710,4710,3,NULL,"2026-01-19 08:57:03","2026-01-19 08:57:03",NULL
4711,4711,4711,3,NULL,"2026-01-19 08:57:03","2026-01-19 08:57:03",NULL
4712,4712,4712,3,NULL,"2026-01-19 08:57:03","2026-01-19 08:57:03",NULL
4713,4713,4713,3,NULL,"2026-01-19 08:57:03","2026-01-19 08:57:03",NULL
4714,4714,4714,3,NULL,"2026-01-19 08:57:03","2026-01-19 08:57:03",NULL
4715,4715,4715,3,NULL,"2026-01-19 08:57:03","2026-01-19 08:57:03",NULL
4716,4716,4716,3,NULL,"2026-01-19 08:57:03","2026-01-19 08:57:03",NULL
4717,4717,4717,3,NULL,"2026-01-19 08:57:03","2026-01-19 08:57:03",NULL
4718,4718,4718,3,NULL,"2026-01-19 08:57:03","2026-01-19 08:57:03",NULL
4719,4719,4719,3,NULL,"2026-01-19 08:57:03","2026-01-19 08:57:03",NULL
4720,4720,4720,3,NULL,"2026-01-19 08:57:03","2026-01-19 08:57:03",NULL
4721,4721,4721,3,NULL,"2026-01-19 08:57:03","2026-01-19 08:57:03",NULL
4722,4722,4722,3,NULL,"2026-01-19 08:57:03","2026-01-19 08:57:03",NULL
4723,4723,4723,3,NULL,"2026-01-19 08:57:03","2026-01-19 08:57:03",NULL
4724,4724,4724,3,NULL,"2026-01-19 08:57:03","2026-01-19 08:57:03",NULL
4725,4725,4725,3,NULL,"2026-01-19 08:57:03","2026-01-19 08:57:03",NULL
4726,4726,4726,3,NULL,"2026-01-19 08:57:03","2026-01-19 08:57:03",NULL
4727,4727,4727,3,NULL,"2026-01-19 08:57:03","2026-01-19 08:57:03",NULL
4728,4728,4728,3,NULL,"2026-01-19 08:57:03","2026-01-19 08:57:03",NULL
4729,4729,4729,3,NULL,"2026-01-19 08:57:03","2026-01-19 08:57:03",NULL
4730,4730,4730,3,NULL,"2026-01-19 08:57:03","2026-01-19 08:57:03",NULL
4731,4731,4731,3,NULL,"2026-01-19 08:57:03","2026-01-19 08:57:03",NULL
4732,4732,4732,3,NULL,"2026-01-19 08:57:03","2026-01-19 08:57:03",NULL
4733,4733,4733,3,NULL,"2026-01-19 08:57:03","2026-01-19 08:57:03",NULL
4734,4734,4734,3,NULL,"2026-01-19 08:57:03","2026-01-19 08:57:03",NULL
4735,4735,4735,3,NULL,"2026-01-19 08:57:03","2026-01-19 08:57:03",NULL
4736,4736,4736,3,NULL,"2026-01-19 08:57:03","2026-01-19 08:57:03",NULL
4737,4737,4737,3,NULL,"2026-01-19 08:57:03","2026-01-19 08:57:03",NULL
4738,4738,4738,3,NULL,"2026-01-19 08:57:03","2026-01-19 08:57:03",NULL
4739,4739,4739,3,NULL,"2026-01-19 08:57:03","2026-01-19 08:57:03",NULL
4740,4740,4740,3,NULL,"2026-01-19 08:57:03","2026-01-19 08:57:03",NULL
4741,4741,4741,3,NULL,"2026-01-19 08:57:03","2026-01-19 08:57:03",NULL
4742,4742,4742,3,NULL,"2026-01-19 08:57:03","2026-01-19 08:57:03",NULL
4743,4743,4743,3,NULL,"2026-01-19 08:57:03","2026-01-19 08:57:03",NULL
4744,4744,4744,3,NULL,"2026-01-19 08:57:03","2026-01-19 08:57:03",NULL
4745,4745,4745,3,NULL,"2026-01-19 08:57:03","2026-01-19 08:57:03",NULL
4746,4746,4746,3,NULL,"2026-01-19 08:57:03","2026-01-19 08:57:03",NULL
4747,4747,4747,3,NULL,"2026-01-19 08:57:03","2026-01-19 08:57:03",NULL
4748,4748,4748,3,NULL,"2026-01-19 08:57:03","2026-01-19 08:57:03",NULL
4749,4749,4749,3,NULL,"2026-01-19 08:57:03","2026-01-19 08:57:03",NULL
4750,4750,4750,3,NULL,"2026-01-19 08:57:03","2026-01-19 08:57:03",NULL
4751,4751,4751,3,NULL,"2026-01-19 08:57:03","2026-01-19 08:57:03",NULL
4752,4752,4752,3,NULL,"2026-01-19 08:57:03","2026-01-19 08:57:03",NULL
4753,4753,4753,3,NULL,"2026-01-19 08:57:03","2026-01-19 08:57:03",NULL
4754,4754,4754,3,NULL,"2026-01-19 08:57:03","2026-01-19 08:57:03",NULL
4755,4755,4755,3,NULL,"2026-01-19 08:57:03","2026-01-19 08:57:03",NULL
4756,4756,4756,3,NULL,"2026-01-19 08:57:03","2026-01-19 08:57:03",NULL
4757,4757,4757,3,NULL,"2026-01-19 08:57:03","2026-01-19 08:57:03",NULL
4758,4758,4758,3,NULL,"2026-01-19 08:57:03","2026-01-19 08:57:03",NULL
4759,4759,4759,3,NULL,"2026-01-19 08:57:03","2026-01-19 08:57:03",NULL
4760,4760,4760,3,NULL,"2026-01-19 08:57:03","2026-01-19 08:57:03",NULL
4761,4761,4761,3,NULL,"2026-01-19 08:57:03","2026-01-19 08:57:03",NULL
4762,4762,4762,3,NULL,"2026-01-19 08:57:03","2026-01-19 08:57:03",NULL
4763,4763,4763,3,NULL,"2026-01-19 08:57:03","2026-01-19 08:57:03",NULL
4764,4764,4764,3,NULL,"2026-01-19 08:57:03","2026-01-19 08:57:03",NULL
4765,4765,4765,3,NULL,"2026-01-19 08:57:03","2026-01-19 08:57:03",NULL
4766,4766,4766,3,NULL,"2026-01-19 08:57:03","2026-01-19 08:57:03",NULL
4767,4767,4767,3,NULL,"2026-01-19 08:57:03","2026-01-19 08:57:03",NULL
4768,4768,4768,3,NULL,"2026-01-19 08:57:03","2026-01-19 08:57:03",NULL
4769,4769,4769,3,NULL,"2026-01-19 08:57:03","2026-01-19 08:57:03",NULL
4770,4770,4770,3,NULL,"2026-01-19 08:57:03","2026-01-19 08:57:03",NULL
4771,4771,4771,3,NULL,"2026-01-19 08:57:03","2026-01-19 08:57:03",NULL
4772,4772,4772,3,NULL,"2026-01-19 08:57:03","2026-01-19 08:57:03",NULL
4773,4773,4773,3,NULL,"2026-01-19 08:57:03","2026-01-19 08:57:03",NULL
4774,4774,4774,3,NULL,"2026-01-19 08:57:03","2026-01-19 08:57:03",NULL
4775,4775,4775,3,NULL,"2026-01-19 08:57:03","2026-01-19 08:57:03",NULL
4776,4776,4776,3,NULL,"2026-01-19 08:57:03","2026-01-19 08:57:03",NULL
4777,4777,4777,3,NULL,"2026-01-19 08:57:03","2026-01-19 08:57:03",NULL
4778,4778,4778,3,NULL,"2026-01-19 08:57:03","2026-01-19 08:57:03",NULL
4779,4779,4779,3,NULL,"2026-01-19 08:57:03","2026-01-19 08:57:03",NULL
4780,4780,4780,3,NULL,"2026-01-19 08:57:03","2026-01-19 08:57:03",NULL
4781,4781,4781,3,NULL,"2026-01-19 08:57:03","2026-01-19 08:57:03",NULL
4782,4782,4782,3,NULL,"2026-01-19 08:57:03","2026-01-19 08:57:03",NULL
4783,4783,4783,3,NULL,"2026-01-19 08:57:03","2026-01-19 08:57:03",NULL
4784,4784,4784,3,NULL,"2026-01-19 08:57:03","2026-01-19 08:57:03",NULL
4785,4785,4785,3,NULL,"2026-01-19 08:57:03","2026-01-19 08:57:03",NULL
4786,4786,4786,3,NULL,"2026-01-19 08:57:03","2026-01-19 08:57:03",NULL
4787,4787,4787,3,NULL,"2026-01-19 08:57:03","2026-01-19 08:57:03",NULL
4788,4788,4788,3,NULL,"2026-01-19 08:57:03","2026-01-19 08:57:03",NULL
4789,4789,4789,3,NULL,"2026-01-19 08:57:03","2026-01-19 08:57:03",NULL
4790,4790,4790,3,NULL,"2026-01-19 08:57:03","2026-01-19 08:57:03",NULL
4791,4791,4791,3,NULL,"2026-01-19 08:57:03","2026-01-19 08:57:03",NULL
4792,4792,4792,3,NULL,"2026-01-19 08:57:03","2026-01-19 08:57:03",NULL
4793,4793,4793,3,NULL,"2026-01-19 08:57:03","2026-01-19 08:57:03",NULL
4794,4794,4794,3,NULL,"2026-01-19 08:57:03","2026-01-19 08:57:03",NULL
4795,4795,4795,3,NULL,"2026-01-19 08:57:03","2026-01-19 08:57:03",NULL
4796,4796,4796,3,NULL,"2026-01-19 08:57:03","2026-01-19 08:57:03",NULL
4797,4797,4797,3,NULL,"2026-01-19 08:57:03","2026-01-19 08:57:03",NULL
4798,4798,4798,3,NULL,"2026-01-19 08:57:03","2026-01-19 08:57:03",NULL
4799,4799,4799,3,NULL,"2026-01-19 08:57:03","2026-01-19 08:57:03",NULL
4800,4800,4800,3,NULL,"2026-01-19 08:57:03","2026-01-19 08:57:03",NULL
4801,4801,4801,3,NULL,"2026-01-19 08:57:03","2026-01-19 08:57:03",NULL
4802,4802,4802,3,NULL,"2026-01-19 08:57:03","2026-01-19 08:57:03",NULL
4803,4803,4803,3,NULL,"2026-01-19 08:57:03","2026-01-19 08:57:03",NULL
4804,4804,4804,3,NULL,"2026-01-19 08:57:03","2026-01-19 08:57:03",NULL
4805,4805,4805,3,NULL,"2026-01-19 08:57:03","2026-01-19 08:57:03",NULL
4806,4806,4806,3,NULL,"2026-01-19 08:57:03","2026-01-19 08:57:03",NULL
4807,4807,4807,3,NULL,"2026-01-19 08:57:03","2026-01-19 08:57:03",NULL
4808,4808,4808,3,NULL,"2026-01-19 08:57:03","2026-01-19 08:57:03",NULL
4809,4809,4809,3,NULL,"2026-01-19 08:57:03","2026-01-19 08:57:03",NULL
4810,4810,4810,3,NULL,"2026-01-19 08:57:03","2026-01-19 08:57:03",NULL
4811,4811,4811,3,NULL,"2026-01-19 08:57:03","2026-01-19 08:57:03",NULL
4812,4812,4812,3,NULL,"2026-01-19 08:57:03","2026-01-19 08:57:03",NULL
4813,4813,4813,3,NULL,"2026-01-19 08:57:03","2026-01-19 08:57:03",NULL
4814,4814,4814,3,NULL,"2026-01-19 08:57:03","2026-01-19 08:57:03",NULL
4815,4815,4815,3,NULL,"2026-01-19 08:57:03","2026-01-19 08:57:03",NULL
4816,4816,4816,3,NULL,"2026-01-19 08:57:04","2026-01-19 08:57:04",NULL
4817,4817,4817,3,NULL,"2026-01-19 08:57:04","2026-01-19 08:57:04",NULL
4818,4818,4818,3,NULL,"2026-01-19 08:57:04","2026-01-19 08:57:04",NULL
4819,4819,4819,3,NULL,"2026-01-19 08:57:04","2026-01-19 08:57:04",NULL
4820,4820,4820,3,NULL,"2026-01-19 08:57:04","2026-01-19 08:57:04",NULL
4821,4821,4821,3,NULL,"2026-01-19 08:57:04","2026-01-19 08:57:04",NULL
4822,4822,4822,3,NULL,"2026-01-19 08:57:04","2026-01-19 08:57:04",NULL
4823,4823,4823,3,NULL,"2026-01-19 08:57:04","2026-01-19 08:57:04",NULL
4824,4824,4824,3,NULL,"2026-01-19 08:57:04","2026-01-19 08:57:04",NULL
4825,4825,4825,3,NULL,"2026-01-19 08:57:04","2026-01-19 08:57:04",NULL
4826,4826,4826,3,NULL,"2026-01-19 08:57:04","2026-01-19 08:57:04",NULL
4827,4827,4827,3,NULL,"2026-01-19 08:57:04","2026-01-19 08:57:04",NULL
4828,4828,4828,3,NULL,"2026-01-19 08:57:04","2026-01-19 08:57:04",NULL
4829,4829,4829,3,NULL,"2026-01-19 08:57:04","2026-01-19 08:57:04",NULL
4830,4830,4830,3,NULL,"2026-01-19 08:57:04","2026-01-19 08:57:04",NULL
4831,4831,4831,3,NULL,"2026-01-19 08:57:04","2026-01-19 08:57:04",NULL
4832,4832,4832,3,NULL,"2026-01-19 08:57:04","2026-01-19 08:57:04",NULL
4833,4833,4833,3,NULL,"2026-01-19 08:57:04","2026-01-19 08:57:04",NULL
4834,4834,4834,3,NULL,"2026-01-19 08:57:04","2026-01-19 08:57:04",NULL
4835,4835,4835,3,NULL,"2026-01-19 08:57:04","2026-01-19 08:57:04",NULL
4836,4836,4836,3,NULL,"2026-01-19 08:57:04","2026-01-19 08:57:04",NULL
4837,4837,4837,3,NULL,"2026-01-19 08:57:04","2026-01-19 08:57:04",NULL
4838,4838,4838,3,NULL,"2026-01-19 08:57:04","2026-01-19 08:57:04",NULL
4839,4839,4839,3,NULL,"2026-01-19 08:57:04","2026-01-19 08:57:04",NULL
4840,4840,4840,3,NULL,"2026-01-19 08:57:04","2026-01-19 08:57:04",NULL
4841,4841,4841,3,NULL,"2026-01-19 08:57:04","2026-01-19 08:57:04",NULL
4842,4842,4842,3,NULL,"2026-01-19 08:57:04","2026-01-19 08:57:04",NULL
4843,4843,4843,3,NULL,"2026-01-19 08:57:04","2026-01-19 08:57:04",NULL
4844,4844,4844,3,NULL,"2026-01-19 08:57:04","2026-01-19 08:57:04",NULL
4845,4845,4845,3,NULL,"2026-01-19 08:57:04","2026-01-19 08:57:04",NULL
4846,4846,4846,3,NULL,"2026-01-19 08:57:04","2026-01-19 08:57:04",NULL
4847,4847,4847,3,NULL,"2026-01-19 08:57:04","2026-01-19 08:57:04",NULL
4848,4848,4848,3,NULL,"2026-01-19 08:57:04","2026-01-19 08:57:04",NULL
4849,4849,4849,3,NULL,"2026-01-19 08:57:04","2026-01-19 08:57:04",NULL
4850,4850,4850,3,NULL,"2026-01-19 08:57:04","2026-01-19 08:57:04",NULL
4851,4851,4851,3,NULL,"2026-01-19 08:57:04","2026-01-19 08:57:04",NULL
4852,4852,4852,3,NULL,"2026-01-19 08:57:04","2026-01-19 08:57:04",NULL
4853,4853,4853,3,NULL,"2026-01-19 08:57:04","2026-01-19 08:57:04",NULL
4854,4854,4854,3,NULL,"2026-01-19 08:57:04","2026-01-19 08:57:04",NULL
4855,4855,4855,3,NULL,"2026-01-19 08:57:04","2026-01-19 08:57:04",NULL
4856,4856,4856,3,NULL,"2026-01-19 08:57:04","2026-01-19 08:57:04",NULL
4857,4857,4857,3,NULL,"2026-01-19 08:57:04","2026-01-19 08:57:04",NULL
4858,4858,4858,3,NULL,"2026-01-19 08:57:04","2026-01-19 08:57:04",NULL
4859,4859,4859,3,NULL,"2026-01-19 08:57:04","2026-01-19 08:57:04",NULL
4860,4860,4860,3,NULL,"2026-01-19 08:57:04","2026-01-19 08:57:04",NULL
4861,4861,4861,3,NULL,"2026-01-19 08:57:04","2026-01-19 08:57:04",NULL
4862,4862,4862,3,NULL,"2026-01-19 08:57:04","2026-01-19 08:57:04",NULL
4863,4863,4863,3,NULL,"2026-01-19 08:57:04","2026-01-19 08:57:04",NULL
4864,4864,4864,3,NULL,"2026-01-19 08:57:04","2026-01-19 08:57:04",NULL
4865,4865,4865,3,NULL,"2026-01-19 08:57:04","2026-01-19 08:57:04",NULL
4866,4866,4866,3,NULL,"2026-01-19 08:57:04","2026-01-19 08:57:04",NULL
4867,4867,4867,3,NULL,"2026-01-19 08:57:04","2026-01-19 08:57:04",NULL
4868,4868,4868,3,NULL,"2026-01-19 08:57:04","2026-01-19 08:57:04",NULL
4869,4869,4869,3,NULL,"2026-01-19 08:57:04","2026-01-19 08:57:04",NULL
4870,4870,4870,3,NULL,"2026-01-19 08:57:04","2026-01-19 08:57:04",NULL
4871,4871,4871,3,NULL,"2026-01-19 08:57:04","2026-01-19 08:57:04",NULL
4872,4872,4872,3,NULL,"2026-01-19 08:57:04","2026-01-19 08:57:04",NULL
4873,4873,4873,3,NULL,"2026-01-19 08:57:04","2026-01-19 08:57:04",NULL
4874,4874,4874,3,NULL,"2026-01-19 08:57:04","2026-01-19 08:57:04",NULL
4875,4875,4875,3,NULL,"2026-01-19 08:57:04","2026-01-19 08:57:04",NULL
4876,4876,4876,3,NULL,"2026-01-19 08:57:04","2026-01-19 08:57:04",NULL
4877,4877,4877,3,NULL,"2026-01-19 08:57:04","2026-01-19 08:57:04",NULL
4878,4878,4878,3,NULL,"2026-01-19 08:57:04","2026-01-19 08:57:04",NULL
4879,4879,4879,3,NULL,"2026-01-19 08:57:04","2026-01-19 08:57:04",NULL
4880,4880,4880,3,NULL,"2026-01-19 08:57:04","2026-01-19 08:57:04",NULL
4881,4881,4881,3,NULL,"2026-01-19 08:57:04","2026-01-19 08:57:04",NULL
4882,4882,4882,3,NULL,"2026-01-19 08:57:04","2026-01-19 08:57:04",NULL
4883,4883,4883,3,NULL,"2026-01-19 08:57:04","2026-01-19 08:57:04",NULL
4884,4884,4884,3,NULL,"2026-01-19 08:57:04","2026-01-19 08:57:04",NULL
4885,4885,4885,3,NULL,"2026-01-19 08:57:04","2026-01-19 08:57:04",NULL
4886,4886,4886,3,NULL,"2026-01-19 08:57:04","2026-01-19 08:57:04",NULL
4887,4887,4887,3,NULL,"2026-01-19 08:57:04","2026-01-19 08:57:04",NULL
4888,4888,4888,3,NULL,"2026-01-19 08:57:04","2026-01-19 08:57:04",NULL
4889,4889,4889,3,NULL,"2026-01-19 08:57:04","2026-01-19 08:57:04",NULL
4890,4890,4890,3,NULL,"2026-01-19 08:57:04","2026-01-19 08:57:04",NULL
4891,4891,4891,3,NULL,"2026-01-19 08:57:04","2026-01-19 08:57:04",NULL
4892,4892,4892,3,NULL,"2026-01-19 08:57:04","2026-01-19 08:57:04",NULL
4893,4893,4893,3,NULL,"2026-01-19 08:57:04","2026-01-19 08:57:04",NULL
4894,4894,4894,3,NULL,"2026-01-19 08:57:04","2026-01-19 08:57:04",NULL
4895,4895,4895,3,NULL,"2026-01-19 08:57:04","2026-01-19 08:57:04",NULL
4896,4896,4896,3,NULL,"2026-01-19 08:57:04","2026-01-19 08:57:04",NULL
4897,4897,4897,3,NULL,"2026-01-19 08:57:04","2026-01-19 08:57:04",NULL
4898,4898,4898,3,NULL,"2026-01-19 08:57:04","2026-01-19 08:57:04",NULL
4899,4899,4899,3,NULL,"2026-01-19 08:57:04","2026-01-19 08:57:04",NULL
4900,4900,4900,3,NULL,"2026-01-19 08:57:04","2026-01-19 08:57:04",NULL
4901,4901,4901,3,NULL,"2026-01-19 08:57:04","2026-01-19 08:57:04",NULL
4902,4902,4902,3,NULL,"2026-01-19 08:57:04","2026-01-19 08:57:04",NULL
4903,4903,4903,3,NULL,"2026-01-19 08:57:04","2026-01-19 08:57:04",NULL
4904,4904,4904,3,NULL,"2026-01-19 08:57:04","2026-01-19 08:57:04",NULL
4905,4905,4905,3,NULL,"2026-01-19 08:57:04","2026-01-19 08:57:04",NULL
4906,4906,4906,3,NULL,"2026-01-19 08:57:04","2026-01-19 08:57:04",NULL
4907,4907,4907,3,NULL,"2026-01-19 08:57:04","2026-01-19 08:57:04",NULL
4908,4908,4908,3,NULL,"2026-01-19 08:57:04","2026-01-19 08:57:04",NULL
4909,4909,4909,3,NULL,"2026-01-19 08:57:04","2026-01-19 08:57:04",NULL
4910,4910,4910,3,NULL,"2026-01-19 08:57:04","2026-01-19 08:57:04",NULL
4911,4911,4911,3,NULL,"2026-01-19 08:57:04","2026-01-19 08:57:04",NULL
4912,4912,4912,3,NULL,"2026-01-19 08:57:04","2026-01-19 08:57:04",NULL
4913,4913,4913,3,NULL,"2026-01-19 08:57:04","2026-01-19 08:57:04",NULL
4914,4914,4914,3,NULL,"2026-01-19 08:57:04","2026-01-19 08:57:04",NULL
4915,4915,4915,3,NULL,"2026-01-19 08:57:04","2026-01-19 08:57:04",NULL
4916,4916,4916,3,NULL,"2026-01-19 08:57:04","2026-01-19 08:57:04",NULL
4917,4917,4917,3,NULL,"2026-01-19 08:57:04","2026-01-19 08:57:04",NULL
4918,4918,4918,3,NULL,"2026-01-19 08:57:04","2026-01-19 08:57:04",NULL
4919,4919,4919,3,NULL,"2026-01-19 08:57:04","2026-01-19 08:57:04",NULL
4920,4920,4920,3,NULL,"2026-01-19 08:57:04","2026-01-19 08:57:04",NULL
4921,4921,4921,3,NULL,"2026-01-19 08:57:04","2026-01-19 08:57:04",NULL
4922,4922,4922,3,NULL,"2026-01-19 08:57:04","2026-01-19 08:57:04",NULL
4923,4923,4923,3,NULL,"2026-01-19 08:57:04","2026-01-19 08:57:04",NULL
4924,4924,4924,3,NULL,"2026-01-19 08:57:04","2026-01-19 08:57:04",NULL
4925,4925,4925,3,NULL,"2026-01-19 08:57:04","2026-01-19 08:57:04",NULL
4926,4926,4926,3,NULL,"2026-01-19 08:57:04","2026-01-19 08:57:04",NULL
4927,4927,4927,3,NULL,"2026-01-19 08:57:04","2026-01-19 08:57:04",NULL
4928,4928,4928,3,NULL,"2026-01-19 08:57:04","2026-01-19 08:57:04",NULL
4929,4929,4929,3,NULL,"2026-01-19 08:57:04","2026-01-19 08:57:04",NULL
4930,4930,4930,3,NULL,"2026-01-19 08:57:04","2026-01-19 08:57:04",NULL
4931,4931,4931,3,NULL,"2026-01-19 08:57:04","2026-01-19 08:57:04",NULL
4932,4932,4932,3,NULL,"2026-01-19 08:57:04","2026-01-19 08:57:04",NULL
4933,4933,4933,3,NULL,"2026-01-19 08:57:04","2026-01-19 08:57:04",NULL
4934,4934,4934,3,NULL,"2026-01-19 08:57:04","2026-01-19 08:57:04",NULL
4935,4935,4935,3,NULL,"2026-01-19 08:57:04","2026-01-19 08:57:04",NULL
4936,4936,4936,3,NULL,"2026-01-19 08:57:04","2026-01-19 08:57:04",NULL
4937,4937,4937,3,NULL,"2026-01-19 08:57:04","2026-01-19 08:57:04",NULL
4938,4938,4938,3,NULL,"2026-01-19 08:57:04","2026-01-19 08:57:04",NULL
4939,4939,4939,3,NULL,"2026-01-19 08:57:04","2026-01-19 08:57:04",NULL
4940,4940,4940,3,NULL,"2026-01-19 08:57:04","2026-01-19 08:57:04",NULL
4941,4941,4941,3,NULL,"2026-01-19 08:57:04","2026-01-19 08:57:04",NULL
4942,4942,4942,3,NULL,"2026-01-19 08:57:04","2026-01-19 08:57:04",NULL
4943,4943,4943,3,NULL,"2026-01-19 08:57:04","2026-01-19 08:57:04",NULL
4944,4944,4944,3,NULL,"2026-01-19 08:57:04","2026-01-19 08:57:04",NULL
4945,4945,4945,3,NULL,"2026-01-19 08:57:04","2026-01-19 08:57:04",NULL
4946,4946,4946,3,NULL,"2026-01-19 08:57:04","2026-01-19 08:57:04",NULL
4947,4947,4947,3,NULL,"2026-01-19 08:57:04","2026-01-19 08:57:04",NULL
4948,4948,4948,3,NULL,"2026-01-19 08:57:04","2026-01-19 08:57:04",NULL
4949,4949,4949,3,NULL,"2026-01-19 08:57:04","2026-01-19 08:57:04",NULL
4950,4950,4950,3,NULL,"2026-01-19 08:57:04","2026-01-19 08:57:04",NULL
4951,4951,4951,3,NULL,"2026-01-19 08:57:04","2026-01-19 08:57:04",NULL
4952,4952,4952,3,NULL,"2026-01-19 08:57:04","2026-01-19 08:57:04",NULL
4953,4953,4953,3,NULL,"2026-01-19 08:57:04","2026-01-19 08:57:04",NULL
4954,4954,4954,3,NULL,"2026-01-19 08:57:04","2026-01-19 08:57:04",NULL
4955,4955,4955,3,NULL,"2026-01-19 08:57:04","2026-01-19 08:57:04",NULL
4956,4956,4956,3,NULL,"2026-01-19 08:57:04","2026-01-19 08:57:04",NULL
4957,4957,4957,3,NULL,"2026-01-19 08:57:04","2026-01-19 08:57:04",NULL
4958,4958,4958,3,NULL,"2026-01-19 08:57:04","2026-01-19 08:57:04",NULL
4959,4959,4959,3,NULL,"2026-01-19 08:57:04","2026-01-19 08:57:04",NULL
4960,4960,4960,3,NULL,"2026-01-19 08:57:04","2026-01-19 08:57:04",NULL
4961,4961,4961,3,NULL,"2026-01-19 08:57:04","2026-01-19 08:57:04",NULL
4962,4962,4962,3,NULL,"2026-01-19 08:57:04","2026-01-19 08:57:04",NULL
4963,4963,4963,3,NULL,"2026-01-19 08:57:04","2026-01-19 08:57:04",NULL
4964,4964,4964,3,NULL,"2026-01-19 08:57:04","2026-01-19 08:57:04",NULL
4965,4965,4965,3,NULL,"2026-01-19 08:57:04","2026-01-19 08:57:04",NULL
4966,4966,4966,3,NULL,"2026-01-19 08:57:04","2026-01-19 08:57:04",NULL
4967,4967,4967,3,NULL,"2026-01-19 08:57:04","2026-01-19 08:57:04",NULL
4968,4968,4968,3,NULL,"2026-01-19 08:57:04","2026-01-19 08:57:04",NULL
4969,4969,4969,3,NULL,"2026-01-19 08:57:04","2026-01-19 08:57:04",NULL
4970,4970,4970,3,NULL,"2026-01-19 08:57:04","2026-01-19 08:57:04",NULL
4971,4971,4971,3,NULL,"2026-01-19 08:57:04","2026-01-19 08:57:04",NULL
4972,4972,4972,3,NULL,"2026-01-19 08:57:04","2026-01-19 08:57:04",NULL
4973,4973,4973,3,NULL,"2026-01-19 08:57:04","2026-01-19 08:57:04",NULL
4974,4974,4974,3,NULL,"2026-01-19 08:57:04","2026-01-19 08:57:04",NULL
4975,4975,4975,3,NULL,"2026-01-19 08:57:04","2026-01-19 08:57:04",NULL
4976,4976,4976,3,NULL,"2026-01-19 08:57:04","2026-01-19 08:57:04",NULL
4977,4977,4977,3,NULL,"2026-01-19 08:57:04","2026-01-19 08:57:04",NULL
4978,4978,4978,3,NULL,"2026-01-19 08:57:04","2026-01-19 08:57:04",NULL
4979,4979,4979,3,NULL,"2026-01-19 08:57:04","2026-01-19 08:57:04",NULL
4980,4980,4980,3,NULL,"2026-01-19 08:57:04","2026-01-19 08:57:04",NULL
4981,4981,4981,3,NULL,"2026-01-19 08:57:04","2026-01-19 08:57:04",NULL
4982,4982,4982,3,NULL,"2026-01-19 08:57:04","2026-01-19 08:57:04",NULL
4983,4983,4983,3,NULL,"2026-01-19 08:57:04","2026-01-19 08:57:04",NULL
4984,4984,4984,3,NULL,"2026-01-19 08:57:04","2026-01-19 08:57:04",NULL
4985,4985,4985,3,NULL,"2026-01-19 08:57:04","2026-01-19 08:57:04",NULL
4986,4986,4986,3,NULL,"2026-01-19 08:57:04","2026-01-19 08:57:04",NULL
4987,4987,4987,3,NULL,"2026-01-19 08:57:04","2026-01-19 08:57:04",NULL
4988,4988,4988,3,NULL,"2026-01-19 08:57:04","2026-01-19 08:57:04",NULL
4989,4989,4989,3,NULL,"2026-01-19 08:57:04","2026-01-19 08:57:04",NULL
4990,4990,4990,3,NULL,"2026-01-19 08:57:04","2026-01-19 08:57:04",NULL
4991,4991,4991,3,NULL,"2026-01-19 08:57:04","2026-01-19 08:57:04",NULL
4992,4992,4992,3,NULL,"2026-01-19 08:57:04","2026-01-19 08:57:04",NULL
4993,4993,4993,3,NULL,"2026-01-19 08:57:04","2026-01-19 08:57:04",NULL
4994,4994,4994,3,NULL,"2026-01-19 08:57:04","2026-01-19 08:57:04",NULL
4995,4995,4995,3,NULL,"2026-01-19 08:57:04","2026-01-19 08:57:04",NULL
4996,4996,4996,3,NULL,"2026-01-19 08:57:04","2026-01-19 08:57:04",NULL
4997,4997,4997,3,NULL,"2026-01-19 08:57:04","2026-01-19 08:57:04",NULL
4998,4998,4998,3,NULL,"2026-01-19 08:57:04","2026-01-19 08:57:04",NULL
4999,4999,4999,3,NULL,"2026-01-19 08:57:04","2026-01-19 08:57:04",NULL
5000,5000,5000,3,NULL,"2026-01-19 08:57:04","2026-01-19 08:57:04",NULL
5001,5001,5001,3,NULL,"2026-01-19 08:57:04","2026-01-19 08:57:04",NULL
5002,5002,5002,3,NULL,"2026-01-19 08:57:04","2026-01-19 08:57:04",NULL
5003,5003,5003,3,NULL,"2026-01-19 08:57:04","2026-01-19 08:57:04",NULL
5004,5004,5004,3,NULL,"2026-01-19 08:57:04","2026-01-19 08:57:04",NULL
5005,5005,5005,3,NULL,"2026-01-19 08:57:04","2026-01-19 08:57:04",NULL
5006,5006,5006,3,NULL,"2026-01-19 08:57:04","2026-01-19 08:57:04",NULL
5007,5007,5007,3,NULL,"2026-01-19 08:57:04","2026-01-19 08:57:04",NULL
5008,5008,5008,3,NULL,"2026-01-19 08:57:04","2026-01-19 08:57:04",NULL
5009,5009,5009,3,NULL,"2026-01-19 08:57:04","2026-01-19 08:57:04",NULL
5010,5010,5010,3,NULL,"2026-01-19 08:57:04","2026-01-19 08:57:04",NULL
5011,5011,5011,3,NULL,"2026-01-19 08:57:04","2026-01-19 08:57:04",NULL
5012,5012,5012,3,NULL,"2026-01-19 08:57:04","2026-01-19 08:57:04",NULL
5013,5013,5013,3,NULL,"2026-01-19 08:57:04","2026-01-19 08:57:04",NULL
5014,5014,5014,3,NULL,"2026-01-19 08:57:04","2026-01-19 08:57:04",NULL
5015,5015,5015,3,NULL,"2026-01-19 08:57:04","2026-01-19 08:57:04",NULL
5016,5016,5016,3,NULL,"2026-01-19 08:57:04","2026-01-19 08:57:04",NULL
5017,5017,5017,3,NULL,"2026-01-19 08:57:04","2026-01-19 08:57:04",NULL
5018,5018,5018,3,NULL,"2026-01-19 08:57:04","2026-01-19 08:57:04",NULL
5019,5019,5019,3,NULL,"2026-01-19 08:57:04","2026-01-19 08:57:04",NULL
5020,5020,5020,3,NULL,"2026-01-19 08:57:04","2026-01-19 08:57:04",NULL
5021,5021,5021,3,NULL,"2026-01-19 08:57:04","2026-01-19 08:57:04",NULL
5022,5022,5022,3,NULL,"2026-01-19 08:57:04","2026-01-19 08:57:04",NULL
5023,5023,5023,3,NULL,"2026-01-19 08:57:04","2026-01-19 08:57:04",NULL
5024,5024,5024,3,NULL,"2026-01-19 08:57:04","2026-01-19 08:57:04",NULL
5025,5025,5025,3,NULL,"2026-01-19 08:57:04","2026-01-19 08:57:04",NULL
5026,5026,5026,3,NULL,"2026-01-19 08:57:04","2026-01-19 08:57:04",NULL
5027,5027,5027,3,NULL,"2026-01-19 08:57:04","2026-01-19 08:57:04",NULL
5028,5028,5028,3,NULL,"2026-01-19 08:57:04","2026-01-19 08:57:04",NULL
5029,5029,5029,3,NULL,"2026-01-19 08:57:04","2026-01-19 08:57:04",NULL
5030,5030,5030,3,NULL,"2026-01-19 08:57:04","2026-01-19 08:57:04",NULL
5031,5031,5031,3,NULL,"2026-01-19 08:57:04","2026-01-19 08:57:04",NULL
5032,5032,5032,3,NULL,"2026-01-19 08:57:04","2026-01-19 08:57:04",NULL
5033,5033,5033,3,NULL,"2026-01-19 08:57:04","2026-01-19 08:57:04",NULL
5034,5034,5034,3,NULL,"2026-01-19 08:57:04","2026-01-19 08:57:04",NULL
5035,5035,5035,3,NULL,"2026-01-19 08:57:04","2026-01-19 08:57:04",NULL
5036,5036,5036,3,NULL,"2026-01-19 08:57:04","2026-01-19 08:57:04",NULL
5037,5037,5037,3,NULL,"2026-01-19 08:57:04","2026-01-19 08:57:04",NULL
5038,5038,5038,3,NULL,"2026-01-19 08:57:04","2026-01-19 08:57:04",NULL
5039,5039,5039,3,NULL,"2026-01-19 08:57:04","2026-01-19 08:57:04",NULL
5040,5040,5040,3,NULL,"2026-01-19 08:57:04","2026-01-19 08:57:04",NULL
5041,5041,5041,3,NULL,"2026-01-19 08:57:04","2026-01-19 08:57:04",NULL
5042,5042,5042,3,NULL,"2026-01-19 08:57:04","2026-01-19 08:57:04",NULL
5043,5043,5043,3,NULL,"2026-01-19 08:57:04","2026-01-19 08:57:04",NULL
5044,5044,5044,3,NULL,"2026-01-19 08:57:04","2026-01-19 08:57:04",NULL
5045,5045,5045,3,NULL,"2026-01-19 08:57:04","2026-01-19 08:57:04",NULL
5046,5046,5046,3,NULL,"2026-01-19 08:57:04","2026-01-19 08:57:04",NULL
5047,5047,5047,3,NULL,"2026-01-19 08:57:04","2026-01-19 08:57:04",NULL
5048,5048,5048,3,NULL,"2026-01-19 08:57:04","2026-01-19 08:57:04",NULL
5049,5049,5049,3,NULL,"2026-01-19 08:57:04","2026-01-19 08:57:04",NULL
5050,5050,5050,3,NULL,"2026-01-19 08:57:04","2026-01-19 08:57:04",NULL
5051,5051,5051,3,NULL,"2026-01-19 08:57:04","2026-01-19 08:57:04",NULL
5052,5052,5052,3,NULL,"2026-01-19 08:57:04","2026-01-19 08:57:04",NULL
5053,5053,5053,3,NULL,"2026-01-19 08:57:04","2026-01-19 08:57:04",NULL
5054,5054,5054,3,NULL,"2026-01-19 08:57:04","2026-01-19 08:57:04",NULL
5055,5055,5055,3,NULL,"2026-01-19 08:57:04","2026-01-19 08:57:04",NULL
5056,5056,5056,3,NULL,"2026-01-19 08:57:04","2026-01-19 08:57:04",NULL
5057,5057,5057,3,NULL,"2026-01-19 08:57:04","2026-01-19 08:57:04",NULL
5058,5058,5058,3,NULL,"2026-01-19 08:57:04","2026-01-19 08:57:04",NULL
5059,5059,5059,3,NULL,"2026-01-19 08:57:04","2026-01-19 08:57:04",NULL
5060,5060,5060,3,NULL,"2026-01-19 08:57:04","2026-01-19 08:57:04",NULL
5061,5061,5061,3,NULL,"2026-01-19 08:57:04","2026-01-19 08:57:04",NULL
5062,5062,5062,3,NULL,"2026-01-19 08:57:04","2026-01-19 08:57:04",NULL
5063,5063,5063,3,NULL,"2026-01-19 08:57:04","2026-01-19 08:57:04",NULL
5064,5064,5064,3,NULL,"2026-01-19 08:57:04","2026-01-19 08:57:04",NULL
5065,5065,5065,3,NULL,"2026-01-19 08:57:04","2026-01-19 08:57:04",NULL
5066,5066,5066,3,NULL,"2026-01-19 08:57:04","2026-01-19 08:57:04",NULL
5067,5067,5067,3,NULL,"2026-01-19 08:57:04","2026-01-19 08:57:04",NULL
5068,5068,5068,3,NULL,"2026-01-19 08:57:04","2026-01-19 08:57:04",NULL
5069,5069,5069,3,NULL,"2026-01-19 08:57:04","2026-01-19 08:57:04",NULL
5070,5070,5070,3,NULL,"2026-01-19 08:57:04","2026-01-19 08:57:04",NULL
5071,5071,5071,3,NULL,"2026-01-19 08:57:04","2026-01-19 08:57:04",NULL
5072,5072,5072,3,NULL,"2026-01-19 08:57:04","2026-01-19 08:57:04",NULL
5073,5073,5073,3,NULL,"2026-01-19 08:57:04","2026-01-19 08:57:04",NULL
5074,5074,5074,3,NULL,"2026-01-19 08:57:04","2026-01-19 08:57:04",NULL
5075,5075,5075,3,NULL,"2026-01-19 08:57:04","2026-01-19 08:57:04",NULL
5076,5076,5076,3,NULL,"2026-01-19 08:57:04","2026-01-19 08:57:04",NULL
5077,5077,5077,3,NULL,"2026-01-19 08:57:04","2026-01-19 08:57:04",NULL
5078,5078,5078,3,NULL,"2026-01-19 08:57:04","2026-01-19 08:57:04",NULL
5079,5079,5079,3,NULL,"2026-01-19 08:57:04","2026-01-19 08:57:04",NULL
5080,5080,5080,3,NULL,"2026-01-19 08:57:04","2026-01-19 08:57:04",NULL
5081,5081,5081,3,NULL,"2026-01-19 08:57:04","2026-01-19 08:57:04",NULL
5082,5082,5082,3,NULL,"2026-01-19 08:57:04","2026-01-19 08:57:04",NULL
5083,5083,5083,3,NULL,"2026-01-19 08:57:04","2026-01-19 08:57:04",NULL
5084,5084,5084,3,NULL,"2026-01-19 08:57:04","2026-01-19 08:57:04",NULL
5085,5085,5085,3,NULL,"2026-01-19 08:57:04","2026-01-19 08:57:04",NULL
5086,5086,5086,3,NULL,"2026-01-19 08:57:04","2026-01-19 08:57:04",NULL
5087,5087,5087,3,NULL,"2026-01-19 08:57:04","2026-01-19 08:57:04",NULL
5088,5088,5088,3,NULL,"2026-01-19 08:57:04","2026-01-19 08:57:04",NULL
5089,5089,5089,3,NULL,"2026-01-19 08:57:04","2026-01-19 08:57:04",NULL
5090,5090,5090,3,NULL,"2026-01-19 08:57:04","2026-01-19 08:57:04",NULL
5091,5091,5091,3,NULL,"2026-01-19 08:57:04","2026-01-19 08:57:04",NULL
5092,5092,5092,3,NULL,"2026-01-19 08:57:04","2026-01-19 08:57:04",NULL
5093,5093,5093,3,NULL,"2026-01-19 08:57:04","2026-01-19 08:57:04",NULL
5094,5094,5094,3,NULL,"2026-01-19 08:57:04","2026-01-19 08:57:04",NULL
5095,5095,5095,3,NULL,"2026-01-19 08:57:04","2026-01-19 08:57:04",NULL
5096,5096,5096,3,NULL,"2026-01-19 08:57:04","2026-01-19 08:57:04",NULL
5097,5097,5097,3,NULL,"2026-01-19 08:57:04","2026-01-19 08:57:04",NULL
5098,5098,5098,3,NULL,"2026-01-19 08:57:04","2026-01-19 08:57:04",NULL
5099,5099,5099,3,NULL,"2026-01-19 08:57:04","2026-01-19 08:57:04",NULL
5100,5100,5100,3,NULL,"2026-01-19 08:57:04","2026-01-19 08:57:04",NULL
5101,5101,5101,3,NULL,"2026-01-19 08:57:04","2026-01-19 08:57:04",NULL
5102,5102,5102,3,NULL,"2026-01-19 08:57:04","2026-01-19 08:57:04",NULL
5103,5103,5103,3,NULL,"2026-01-19 08:57:04","2026-01-19 08:57:04",NULL
5104,5104,5104,3,NULL,"2026-01-19 08:57:04","2026-01-19 08:57:04",NULL
5105,5105,5105,3,NULL,"2026-01-19 08:57:04","2026-01-19 08:57:04",NULL
5106,5106,5106,3,NULL,"2026-01-19 08:57:04","2026-01-19 08:57:04",NULL
5107,5107,5107,3,NULL,"2026-01-19 08:57:04","2026-01-19 08:57:04",NULL
5108,5108,5108,3,NULL,"2026-01-19 08:57:04","2026-01-19 08:57:04",NULL
5109,5109,5109,3,NULL,"2026-01-19 08:57:04","2026-01-19 08:57:04",NULL
5110,5110,5110,3,NULL,"2026-01-19 08:57:04","2026-01-19 08:57:04",NULL
5111,5111,5111,3,NULL,"2026-01-19 08:57:04","2026-01-19 08:57:04",NULL
5112,5112,5112,3,NULL,"2026-01-19 08:57:04","2026-01-19 08:57:04",NULL
5113,5113,5113,3,NULL,"2026-01-19 08:57:04","2026-01-19 08:57:04",NULL
5114,5114,5114,3,NULL,"2026-01-19 08:57:04","2026-01-19 08:57:04",NULL
5115,5115,5115,3,NULL,"2026-01-19 08:57:04","2026-01-19 08:57:04",NULL
5116,5116,5116,3,NULL,"2026-01-19 08:57:04","2026-01-19 08:57:04",NULL
5117,5117,5117,3,NULL,"2026-01-19 08:57:04","2026-01-19 08:57:04",NULL
5118,5118,5118,3,NULL,"2026-01-19 08:57:04","2026-01-19 08:57:04",NULL
5119,5119,5119,3,NULL,"2026-01-19 08:57:04","2026-01-19 08:57:04",NULL
5120,5120,5120,3,NULL,"2026-01-19 08:57:04","2026-01-19 08:57:04",NULL
5121,5121,5121,3,NULL,"2026-01-19 08:57:04","2026-01-19 08:57:04",NULL
5122,5122,5122,3,NULL,"2026-01-19 08:57:04","2026-01-19 08:57:04",NULL
5123,5123,5123,3,NULL,"2026-01-19 08:57:04","2026-01-19 08:57:04",NULL
5124,5124,5124,3,NULL,"2026-01-19 08:57:04","2026-01-19 08:57:04",NULL
5125,5125,5125,3,NULL,"2026-01-19 08:57:04","2026-01-19 08:57:04",NULL
5126,5126,5126,3,NULL,"2026-01-19 08:57:04","2026-01-19 08:57:04",NULL
5127,5127,5127,3,NULL,"2026-01-19 08:57:04","2026-01-19 08:57:04",NULL
5128,5128,5128,3,NULL,"2026-01-19 08:57:04","2026-01-19 08:57:04",NULL
5129,5129,5129,3,NULL,"2026-01-19 08:57:04","2026-01-19 08:57:04",NULL
5130,5130,5130,3,NULL,"2026-01-19 08:57:04","2026-01-19 08:57:04",NULL
5131,5131,5131,3,NULL,"2026-01-19 08:57:04","2026-01-19 08:57:04",NULL
5132,5132,5132,3,NULL,"2026-01-19 08:57:04","2026-01-19 08:57:04",NULL
5133,5133,5133,3,NULL,"2026-01-19 08:57:04","2026-01-19 08:57:04",NULL
5134,5134,5134,3,NULL,"2026-01-19 08:57:04","2026-01-19 08:57:04",NULL
5135,5135,5135,3,NULL,"2026-01-19 08:57:04","2026-01-19 08:57:04",NULL
5136,5136,5136,3,NULL,"2026-01-19 08:57:04","2026-01-19 08:57:04",NULL
5137,5137,5137,3,NULL,"2026-01-19 08:57:04","2026-01-19 08:57:04",NULL
5138,5138,5138,3,NULL,"2026-01-19 08:57:04","2026-01-19 08:57:04",NULL
5139,5139,5139,3,NULL,"2026-01-19 08:57:04","2026-01-19 08:57:04",NULL
5140,5140,5140,3,NULL,"2026-01-19 08:57:04","2026-01-19 08:57:04",NULL
5141,5141,5141,3,NULL,"2026-01-19 08:57:04","2026-01-19 08:57:04",NULL
5142,5142,5142,3,NULL,"2026-01-19 08:57:04","2026-01-19 08:57:04",NULL
5143,5143,5143,3,NULL,"2026-01-19 08:57:04","2026-01-19 08:57:04",NULL
5144,5144,5144,3,NULL,"2026-01-19 08:57:04","2026-01-19 08:57:04",NULL
5145,5145,5145,3,NULL,"2026-01-19 08:57:04","2026-01-19 08:57:04",NULL
5146,5146,5146,3,NULL,"2026-01-19 08:57:04","2026-01-19 08:57:04",NULL
5147,5147,5147,3,NULL,"2026-01-19 08:57:04","2026-01-19 08:57:04",NULL
5148,5148,5148,3,NULL,"2026-01-19 08:57:04","2026-01-19 08:57:04",NULL
5149,5149,5149,3,NULL,"2026-01-19 08:57:04","2026-01-19 08:57:04",NULL
5150,5150,5150,3,NULL,"2026-01-19 08:57:04","2026-01-19 08:57:04",NULL
5151,5151,5151,3,NULL,"2026-01-19 08:57:04","2026-01-19 08:57:04",NULL
5152,5152,5152,3,NULL,"2026-01-19 08:57:04","2026-01-19 08:57:04",NULL
5153,5153,5153,3,NULL,"2026-01-19 08:57:04","2026-01-19 08:57:04",NULL
5154,5154,5154,3,NULL,"2026-01-19 08:57:04","2026-01-19 08:57:04",NULL
5155,5155,5155,3,NULL,"2026-01-19 08:57:04","2026-01-19 08:57:04",NULL
5156,5156,5156,3,NULL,"2026-01-19 08:57:04","2026-01-19 08:57:04",NULL
5157,5157,5157,3,NULL,"2026-01-19 08:57:04","2026-01-19 08:57:04",NULL
5158,5158,5158,3,NULL,"2026-01-19 08:57:04","2026-01-19 08:57:04",NULL
5159,5159,5159,3,NULL,"2026-01-19 08:57:04","2026-01-19 08:57:04",NULL
5160,5160,5160,3,NULL,"2026-01-19 08:57:04","2026-01-19 08:57:04",NULL
5161,5161,5161,3,NULL,"2026-01-19 08:57:04","2026-01-19 08:57:04",NULL
5162,5162,5162,3,NULL,"2026-01-19 08:57:04","2026-01-19 08:57:04",NULL
5163,5163,5163,3,NULL,"2026-01-19 08:57:04","2026-01-19 08:57:04",NULL
5164,5164,5164,3,NULL,"2026-01-19 08:57:04","2026-01-19 08:57:04",NULL
5165,5165,5165,3,NULL,"2026-01-19 08:57:04","2026-01-19 08:57:04",NULL
5166,5166,5166,3,NULL,"2026-01-19 08:57:04","2026-01-19 08:57:04",NULL
5167,5167,5167,3,NULL,"2026-01-19 08:57:04","2026-01-19 08:57:04",NULL
5168,5168,5168,3,NULL,"2026-01-19 08:57:04","2026-01-19 08:57:04",NULL
5169,5169,5169,3,NULL,"2026-01-19 08:57:04","2026-01-19 08:57:04",NULL
5170,5170,5170,3,NULL,"2026-01-19 08:57:04","2026-01-19 08:57:04",NULL
5171,5171,5171,3,NULL,"2026-01-19 08:57:04","2026-01-19 08:57:04",NULL
5172,5172,5172,3,NULL,"2026-01-19 08:57:04","2026-01-19 08:57:04",NULL
5173,5173,5173,3,NULL,"2026-01-19 08:57:04","2026-01-19 08:57:04",NULL
5174,5174,5174,3,NULL,"2026-01-19 08:57:04","2026-01-19 08:57:04",NULL
5175,5175,5175,3,NULL,"2026-01-19 08:57:04","2026-01-19 08:57:04",NULL
5176,5176,5176,3,NULL,"2026-01-19 08:57:04","2026-01-19 08:57:04",NULL
5177,5177,5177,3,NULL,"2026-01-19 08:57:04","2026-01-19 08:57:04",NULL
5178,5178,5178,3,NULL,"2026-01-19 08:57:04","2026-01-19 08:57:04",NULL
5179,5179,5179,3,NULL,"2026-01-19 08:57:04","2026-01-19 08:57:04",NULL
5180,5180,5180,3,NULL,"2026-01-19 08:57:04","2026-01-19 08:57:04",NULL
5181,5181,5181,3,NULL,"2026-01-19 08:57:04","2026-01-19 08:57:04",NULL
5182,5182,5182,3,NULL,"2026-01-19 08:57:04","2026-01-19 08:57:04",NULL
5183,5183,5183,3,NULL,"2026-01-19 08:57:04","2026-01-19 08:57:04",NULL
5184,5184,5184,3,NULL,"2026-01-19 08:57:04","2026-01-19 08:57:04",NULL
5185,5185,5185,3,NULL,"2026-01-19 08:57:04","2026-01-19 08:57:04",NULL
5186,5186,5186,3,NULL,"2026-01-19 08:57:04","2026-01-19 08:57:04",NULL
5187,5187,5187,3,NULL,"2026-01-19 08:57:04","2026-01-19 08:57:04",NULL
5188,5188,5188,3,NULL,"2026-01-19 08:57:04","2026-01-19 08:57:04",NULL
5189,5189,5189,3,NULL,"2026-01-19 08:57:04","2026-01-19 08:57:04",NULL
5190,5190,5190,3,NULL,"2026-01-19 08:57:04","2026-01-19 08:57:04",NULL
5191,5191,5191,3,NULL,"2026-01-19 08:57:04","2026-01-19 08:57:04",NULL
5192,5192,5192,3,NULL,"2026-01-19 08:57:04","2026-01-19 08:57:04",NULL
5193,5193,5193,3,NULL,"2026-01-19 08:57:04","2026-01-19 08:57:04",NULL
5194,5194,5194,3,NULL,"2026-01-19 08:57:04","2026-01-19 08:57:04",NULL
5195,5195,5195,3,NULL,"2026-01-19 08:57:04","2026-01-19 08:57:04",NULL
5196,5196,5196,3,NULL,"2026-01-19 08:57:04","2026-01-19 08:57:04",NULL
5197,5197,5197,3,NULL,"2026-01-19 08:57:05","2026-01-19 08:57:05",NULL
5198,5198,5198,3,NULL,"2026-01-19 08:57:05","2026-01-19 08:57:05",NULL
5199,5199,5199,3,NULL,"2026-01-19 08:57:05","2026-01-19 08:57:05",NULL
5200,5200,5200,3,NULL,"2026-01-19 08:57:05","2026-01-19 08:57:05",NULL
5201,5201,5201,3,NULL,"2026-01-19 08:57:05","2026-01-19 08:57:05",NULL
5202,5202,5202,3,NULL,"2026-01-19 08:57:05","2026-01-19 08:57:05",NULL
5203,5203,5203,3,NULL,"2026-01-19 08:57:05","2026-01-19 08:57:05",NULL
5204,5204,5204,3,NULL,"2026-01-19 08:57:05","2026-01-19 08:57:05",NULL
5205,5205,5205,3,NULL,"2026-01-19 08:57:05","2026-01-19 08:57:05",NULL
5206,5206,5206,3,NULL,"2026-01-19 08:57:05","2026-01-19 08:57:05",NULL
5207,5207,5207,3,NULL,"2026-01-19 08:57:05","2026-01-19 08:57:05",NULL
5208,5208,5208,3,NULL,"2026-01-19 08:57:05","2026-01-19 08:57:05",NULL
5209,5209,5209,3,NULL,"2026-01-19 08:57:05","2026-01-19 08:57:05",NULL
5210,5210,5210,3,NULL,"2026-01-19 08:57:05","2026-01-19 08:57:05",NULL
5211,5211,5211,3,NULL,"2026-01-19 08:57:05","2026-01-19 08:57:05",NULL
5212,5212,5212,3,NULL,"2026-01-19 08:57:05","2026-01-19 08:57:05",NULL
5213,5213,5213,3,NULL,"2026-01-19 08:57:05","2026-01-19 08:57:05",NULL
5214,5214,5214,3,NULL,"2026-01-19 08:57:05","2026-01-19 08:57:05",NULL
5215,5215,5215,3,NULL,"2026-01-19 08:57:05","2026-01-19 08:57:05",NULL
5216,5216,5216,3,NULL,"2026-01-19 08:57:05","2026-01-19 08:57:05",NULL
5217,5217,5217,3,NULL,"2026-01-19 08:57:05","2026-01-19 08:57:05",NULL
5218,5218,5218,3,NULL,"2026-01-19 08:57:05","2026-01-19 08:57:05",NULL
5219,5219,5219,3,NULL,"2026-01-19 08:57:05","2026-01-19 08:57:05",NULL
5220,5220,5220,3,NULL,"2026-01-19 08:57:05","2026-01-19 08:57:05",NULL
5221,5221,5221,3,NULL,"2026-01-19 08:57:05","2026-01-19 08:57:05",NULL
5222,5222,5222,3,NULL,"2026-01-19 08:57:05","2026-01-19 08:57:05",NULL
5223,5223,5223,3,NULL,"2026-01-19 08:57:05","2026-01-19 08:57:05",NULL
5224,5224,5224,3,NULL,"2026-01-19 08:57:05","2026-01-19 08:57:05",NULL
5225,5225,5225,3,NULL,"2026-01-19 08:57:05","2026-01-19 08:57:05",NULL
5226,5226,5226,3,NULL,"2026-01-19 08:57:05","2026-01-19 08:57:05",NULL
5227,5227,5227,3,NULL,"2026-01-19 08:57:05","2026-01-19 08:57:05",NULL
5228,5228,5228,3,NULL,"2026-01-19 08:57:05","2026-01-19 08:57:05",NULL
5229,5229,5229,3,NULL,"2026-01-19 08:57:05","2026-01-19 08:57:05",NULL
5230,5230,5230,3,NULL,"2026-01-19 08:57:05","2026-01-19 08:57:05",NULL
5231,5231,5231,3,NULL,"2026-01-19 08:57:05","2026-01-19 08:57:05",NULL
5232,5232,5232,3,NULL,"2026-01-19 08:57:05","2026-01-19 08:57:05",NULL
5233,5233,5233,3,NULL,"2026-01-19 08:57:05","2026-01-19 08:57:05",NULL
5234,5234,5234,3,NULL,"2026-01-19 08:57:05","2026-01-19 08:57:05",NULL
5235,5235,5235,3,NULL,"2026-01-19 08:57:05","2026-01-19 08:57:05",NULL
5236,5236,5236,3,NULL,"2026-01-19 08:57:05","2026-01-19 08:57:05",NULL
5237,5237,5237,3,NULL,"2026-01-19 08:57:05","2026-01-19 08:57:05",NULL
5238,5238,5238,3,NULL,"2026-01-19 08:57:05","2026-01-19 08:57:05",NULL
5239,5239,5239,3,NULL,"2026-01-19 08:57:05","2026-01-19 08:57:05",NULL
5240,5240,5240,3,NULL,"2026-01-19 08:57:05","2026-01-19 08:57:05",NULL
5241,5241,5241,3,NULL,"2026-01-19 08:57:05","2026-01-19 08:57:05",NULL
5242,5242,5242,3,NULL,"2026-01-19 08:57:05","2026-01-19 08:57:05",NULL
5243,5243,5243,3,NULL,"2026-01-19 08:57:05","2026-01-19 08:57:05",NULL
5244,5244,5244,3,NULL,"2026-01-19 08:57:05","2026-01-19 08:57:05",NULL
5245,5245,5245,3,NULL,"2026-01-19 08:57:05","2026-01-19 08:57:05",NULL
5246,5246,5246,3,NULL,"2026-01-19 08:57:05","2026-01-19 08:57:05",NULL
5247,5247,5247,3,NULL,"2026-01-19 08:57:05","2026-01-19 08:57:05",NULL
5248,5248,5248,3,NULL,"2026-01-19 08:57:05","2026-01-19 08:57:05",NULL
5249,5249,5249,3,NULL,"2026-01-19 08:57:05","2026-01-19 08:57:05",NULL
5250,5250,5250,3,NULL,"2026-01-19 08:57:05","2026-01-19 08:57:05",NULL
5251,5251,5251,3,NULL,"2026-01-19 08:57:05","2026-01-19 08:57:05",NULL
5252,5252,5252,3,NULL,"2026-01-19 08:57:05","2026-01-19 08:57:05",NULL
5253,5253,5253,3,NULL,"2026-01-19 08:57:05","2026-01-19 08:57:05",NULL
5254,5254,5254,3,NULL,"2026-01-19 08:57:05","2026-01-19 08:57:05",NULL
5255,5255,5255,3,NULL,"2026-01-19 08:57:05","2026-01-19 08:57:05",NULL
5256,5256,5256,3,NULL,"2026-01-19 08:57:05","2026-01-19 08:57:05",NULL
5257,5257,5257,3,NULL,"2026-01-19 08:57:05","2026-01-19 08:57:05",NULL
5258,5258,5258,3,NULL,"2026-01-19 08:57:05","2026-01-19 08:57:05",NULL
5259,5259,5259,3,NULL,"2026-01-19 08:57:05","2026-01-19 08:57:05",NULL
5260,5260,5260,3,NULL,"2026-01-19 08:57:05","2026-01-19 08:57:05",NULL
5261,5261,5261,3,NULL,"2026-01-19 08:57:05","2026-01-19 08:57:05",NULL
5262,5262,5262,3,NULL,"2026-01-19 08:57:05","2026-01-19 08:57:05",NULL
5263,5263,5263,3,NULL,"2026-01-19 08:57:05","2026-01-19 08:57:05",NULL
5264,5264,5264,3,NULL,"2026-01-19 08:57:05","2026-01-19 08:57:05",NULL
5265,5265,5265,3,NULL,"2026-01-19 08:57:05","2026-01-19 08:57:05",NULL
5266,5266,5266,3,NULL,"2026-01-19 08:57:05","2026-01-19 08:57:05",NULL
5267,5267,5267,3,NULL,"2026-01-19 08:57:05","2026-01-19 08:57:05",NULL
5268,5268,5268,3,NULL,"2026-01-19 08:57:05","2026-01-19 08:57:05",NULL
5269,5269,5269,3,NULL,"2026-01-19 08:57:05","2026-01-19 08:57:05",NULL
5270,5270,5270,3,NULL,"2026-01-19 08:57:05","2026-01-19 08:57:05",NULL
5271,5271,5271,3,NULL,"2026-01-19 08:57:05","2026-01-19 08:57:05",NULL
5272,5272,5272,3,NULL,"2026-01-19 08:57:05","2026-01-19 08:57:05",NULL
5273,5273,5273,3,NULL,"2026-01-19 08:57:05","2026-01-19 08:57:05",NULL
5274,5274,5274,3,NULL,"2026-01-19 08:57:05","2026-01-19 08:57:05",NULL
5275,5275,5275,3,NULL,"2026-01-19 08:57:05","2026-01-19 08:57:05",NULL
5276,5276,5276,3,NULL,"2026-01-19 08:57:05","2026-01-19 08:57:05",NULL
5277,5277,5277,3,NULL,"2026-01-19 08:57:05","2026-01-19 08:57:05",NULL
5278,5278,5278,3,NULL,"2026-01-19 08:57:05","2026-01-19 08:57:05",NULL
5279,5279,5279,3,NULL,"2026-01-19 08:57:05","2026-01-19 08:57:05",NULL
5280,5280,5280,3,NULL,"2026-01-19 08:57:05","2026-01-19 08:57:05",NULL
5281,5281,5281,3,NULL,"2026-01-19 08:57:05","2026-01-19 08:57:05",NULL
5282,5282,5282,3,NULL,"2026-01-19 08:57:05","2026-01-19 08:57:05",NULL
5283,5283,5283,3,NULL,"2026-01-19 08:57:05","2026-01-19 08:57:05",NULL
5284,5284,5284,3,NULL,"2026-01-19 08:57:05","2026-01-19 08:57:05",NULL
5285,5285,5285,3,NULL,"2026-01-19 08:57:05","2026-01-19 08:57:05",NULL
5286,5286,5286,3,NULL,"2026-01-19 08:57:05","2026-01-19 08:57:05",NULL
5287,5287,5287,3,NULL,"2026-01-19 08:57:05","2026-01-19 08:57:05",NULL
5288,5288,5288,3,NULL,"2026-01-19 08:57:05","2026-01-19 08:57:05",NULL
5289,5289,5289,3,NULL,"2026-01-19 08:57:05","2026-01-19 08:57:05",NULL
5290,5290,5290,3,NULL,"2026-01-19 08:57:05","2026-01-19 08:57:05",NULL
5291,5291,5291,3,NULL,"2026-01-19 08:57:05","2026-01-19 08:57:05",NULL
5292,5292,5292,3,NULL,"2026-01-19 08:57:05","2026-01-19 08:57:05",NULL
5293,5293,5293,3,NULL,"2026-01-19 08:57:05","2026-01-19 08:57:05",NULL
5294,5294,5294,3,NULL,"2026-01-19 08:57:05","2026-01-19 08:57:05",NULL
5295,5295,5295,3,NULL,"2026-01-19 08:57:05","2026-01-19 08:57:05",NULL
5296,5296,5296,3,NULL,"2026-01-19 08:57:05","2026-01-19 08:57:05",NULL
5297,5297,5297,3,NULL,"2026-01-19 08:57:05","2026-01-19 08:57:05",NULL
5298,5298,5298,3,NULL,"2026-01-19 08:57:05","2026-01-19 08:57:05",NULL
5299,5299,5299,3,NULL,"2026-01-19 08:57:05","2026-01-19 08:57:05",NULL
5300,5300,5300,3,NULL,"2026-01-19 08:57:05","2026-01-19 08:57:05",NULL
5301,5301,5301,3,NULL,"2026-01-19 08:57:05","2026-01-19 08:57:05",NULL
5302,5302,5302,3,NULL,"2026-01-19 08:57:05","2026-01-19 08:57:05",NULL
5303,5303,5303,3,NULL,"2026-01-19 08:57:05","2026-01-19 08:57:05",NULL
5304,5304,5304,3,NULL,"2026-01-19 08:57:05","2026-01-19 08:57:05",NULL
5305,5305,5305,3,NULL,"2026-01-19 08:57:05","2026-01-19 08:57:05",NULL
5306,5306,5306,3,NULL,"2026-01-19 08:57:05","2026-01-19 08:57:05",NULL
5307,5307,5307,3,NULL,"2026-01-19 08:57:05","2026-01-19 08:57:05",NULL
5308,5308,5308,3,NULL,"2026-01-19 08:57:05","2026-01-19 08:57:05",NULL
5309,5309,5309,3,NULL,"2026-01-19 08:57:05","2026-01-19 08:57:05",NULL
5310,5310,5310,3,NULL,"2026-01-19 08:57:05","2026-01-19 08:57:05",NULL
5311,5311,5311,3,NULL,"2026-01-19 08:57:05","2026-01-19 08:57:05",NULL
5312,5312,5312,3,NULL,"2026-01-19 08:57:05","2026-01-19 08:57:05",NULL
5313,5313,5313,3,NULL,"2026-01-19 08:57:05","2026-01-19 08:57:05",NULL
5314,5314,5314,3,NULL,"2026-01-19 08:57:05","2026-01-19 08:57:05",NULL
5315,5315,5315,3,NULL,"2026-01-19 08:57:05","2026-01-19 08:57:05",NULL
5316,5316,5316,3,NULL,"2026-01-19 08:57:05","2026-01-19 08:57:05",NULL
5317,5317,5317,3,NULL,"2026-01-19 08:57:05","2026-01-19 08:57:05",NULL
5318,5318,5318,3,NULL,"2026-01-19 08:57:05","2026-01-19 08:57:05",NULL
5319,5319,5319,3,NULL,"2026-01-19 08:57:05","2026-01-19 08:57:05",NULL
5320,5320,5320,3,NULL,"2026-01-19 08:57:05","2026-01-19 08:57:05",NULL
5321,5321,5321,3,NULL,"2026-01-19 08:57:05","2026-01-19 08:57:05",NULL
5322,5322,5322,3,NULL,"2026-01-19 08:57:05","2026-01-19 08:57:05",NULL
5323,5323,5323,3,NULL,"2026-01-19 08:57:05","2026-01-19 08:57:05",NULL
5324,5324,5324,3,NULL,"2026-01-19 08:57:05","2026-01-19 08:57:05",NULL
5325,5325,5325,3,NULL,"2026-01-19 08:57:05","2026-01-19 08:57:05",NULL
5326,5326,5326,3,NULL,"2026-01-19 08:57:05","2026-01-19 08:57:05",NULL
5327,5327,5327,3,NULL,"2026-01-19 08:57:05","2026-01-19 08:57:05",NULL
5328,5328,5328,3,NULL,"2026-01-19 08:57:05","2026-01-19 08:57:05",NULL
5329,5329,5329,3,NULL,"2026-01-19 08:57:05","2026-01-19 08:57:05",NULL
5330,5330,5330,3,NULL,"2026-01-19 08:57:05","2026-01-19 08:57:05",NULL
5331,5331,5331,3,NULL,"2026-01-19 08:57:05","2026-01-19 08:57:05",NULL
5332,5332,5332,3,NULL,"2026-01-19 08:57:05","2026-01-19 08:57:05",NULL
5333,5333,5333,3,NULL,"2026-01-19 08:57:05","2026-01-19 08:57:05",NULL
5334,5334,5334,3,NULL,"2026-01-19 08:57:05","2026-01-19 08:57:05",NULL
5335,5335,5335,3,NULL,"2026-01-19 08:57:05","2026-01-19 08:57:05",NULL
5336,5336,5336,3,NULL,"2026-01-19 08:57:05","2026-01-19 08:57:05",NULL
5337,5337,5337,3,NULL,"2026-01-19 08:57:05","2026-01-19 08:57:05",NULL
5338,5338,5338,3,NULL,"2026-01-19 08:57:05","2026-01-19 08:57:05",NULL
5339,5339,5339,3,NULL,"2026-01-19 08:57:05","2026-01-19 08:57:05",NULL
5340,5340,5340,3,NULL,"2026-01-19 08:57:05","2026-01-19 08:57:05",NULL
5341,5341,5341,3,NULL,"2026-01-19 08:57:05","2026-01-19 08:57:05",NULL
5342,5342,5342,3,NULL,"2026-01-19 08:57:05","2026-01-19 08:57:05",NULL
5343,5343,5343,3,NULL,"2026-01-19 08:57:05","2026-01-19 08:57:05",NULL
5344,5344,5344,3,NULL,"2026-01-19 08:57:05","2026-01-19 08:57:05",NULL
5345,5345,5345,3,NULL,"2026-01-19 08:57:05","2026-01-19 08:57:05",NULL
5346,5346,5346,3,NULL,"2026-01-19 08:57:05","2026-01-19 08:57:05",NULL
5347,5347,5347,3,NULL,"2026-01-19 08:57:05","2026-01-19 08:57:05",NULL
5348,5348,5348,3,NULL,"2026-01-19 08:57:05","2026-01-19 08:57:05",NULL
5349,5349,5349,3,NULL,"2026-01-19 08:57:05","2026-01-19 08:57:05",NULL
5350,5350,5350,3,NULL,"2026-01-19 08:57:05","2026-01-19 08:57:05",NULL
5351,5351,5351,3,NULL,"2026-01-19 08:57:05","2026-01-19 08:57:05",NULL
5352,5352,5352,3,NULL,"2026-01-19 08:57:05","2026-01-19 08:57:05",NULL
5353,5353,5353,3,NULL,"2026-01-19 08:57:05","2026-01-19 08:57:05",NULL
5354,5354,5354,3,NULL,"2026-01-19 08:57:05","2026-01-19 08:57:05",NULL
5355,5355,5355,3,NULL,"2026-01-19 08:57:05","2026-01-19 08:57:05",NULL
5356,5356,5356,3,NULL,"2026-01-19 08:57:05","2026-01-19 08:57:05",NULL
5357,5357,5357,3,NULL,"2026-01-19 08:57:05","2026-01-19 08:57:05",NULL
5358,5358,5358,3,NULL,"2026-01-19 08:57:05","2026-01-19 08:57:05",NULL
5359,5359,5359,3,NULL,"2026-01-19 08:57:05","2026-01-19 08:57:05",NULL
5360,5360,5360,3,NULL,"2026-01-19 08:57:05","2026-01-19 08:57:05",NULL
5361,5361,5361,3,NULL,"2026-01-19 08:57:05","2026-01-19 08:57:05",NULL
5362,5362,5362,3,NULL,"2026-01-19 08:57:05","2026-01-19 08:57:05",NULL
5363,5363,5363,3,NULL,"2026-01-19 08:57:05","2026-01-19 08:57:05",NULL
5364,5364,5364,3,NULL,"2026-01-19 08:57:05","2026-01-19 08:57:05",NULL
5365,5365,5365,3,NULL,"2026-01-19 08:57:05","2026-01-19 08:57:05",NULL
5366,5366,5366,3,NULL,"2026-01-19 08:57:05","2026-01-19 08:57:05",NULL
5367,5367,5367,3,NULL,"2026-01-19 08:57:05","2026-01-19 08:57:05",NULL
5368,5368,5368,3,NULL,"2026-01-19 08:57:05","2026-01-19 08:57:05",NULL
5369,5369,5369,3,NULL,"2026-01-19 08:57:05","2026-01-19 08:57:05",NULL
5370,5370,5370,3,NULL,"2026-01-19 08:57:05","2026-01-19 08:57:05",NULL
5371,5371,5371,3,NULL,"2026-01-19 08:57:05","2026-01-19 08:57:05",NULL
5372,5372,5372,3,NULL,"2026-01-19 08:57:05","2026-01-19 08:57:05",NULL
5373,5373,5373,3,NULL,"2026-01-19 08:57:05","2026-01-19 08:57:05",NULL
5374,5374,5374,3,NULL,"2026-01-19 08:57:05","2026-01-19 08:57:05",NULL
5375,5375,5375,3,NULL,"2026-01-19 08:57:05","2026-01-19 08:57:05",NULL
5376,5376,5376,3,NULL,"2026-01-19 08:57:05","2026-01-19 08:57:05",NULL
5377,5377,5377,3,NULL,"2026-01-19 08:57:05","2026-01-19 08:57:05",NULL
5378,5378,5378,3,NULL,"2026-01-19 08:57:05","2026-01-19 08:57:05",NULL
5379,5379,5379,3,NULL,"2026-01-19 08:57:05","2026-01-19 08:57:05",NULL
5380,5380,5380,3,NULL,"2026-01-19 08:57:05","2026-01-19 08:57:05",NULL
5381,5381,5381,3,NULL,"2026-01-19 08:57:05","2026-01-19 08:57:05",NULL
5382,5382,5382,3,NULL,"2026-01-19 08:57:05","2026-01-19 08:57:05",NULL
5383,5383,5383,3,NULL,"2026-01-19 08:57:05","2026-01-19 08:57:05",NULL
5384,5384,5384,3,NULL,"2026-01-19 08:57:05","2026-01-19 08:57:05",NULL
5385,5385,5385,3,NULL,"2026-01-19 08:57:05","2026-01-19 08:57:05",NULL
5386,5386,5386,3,NULL,"2026-01-19 08:57:05","2026-01-19 08:57:05",NULL
5387,5387,5387,3,NULL,"2026-01-19 08:57:05","2026-01-19 08:57:05",NULL
5388,5388,5388,3,NULL,"2026-01-19 08:57:05","2026-01-19 08:57:05",NULL
5389,5389,5389,3,NULL,"2026-01-19 08:57:05","2026-01-19 08:57:05",NULL
5390,5390,5390,3,NULL,"2026-01-19 08:57:05","2026-01-19 08:57:05",NULL
5391,5391,5391,3,NULL,"2026-01-19 08:57:05","2026-01-19 08:57:05",NULL
5392,5392,5392,3,NULL,"2026-01-19 08:57:05","2026-01-19 08:57:05",NULL
5393,5393,5393,3,NULL,"2026-01-19 08:57:05","2026-01-19 08:57:05",NULL
5394,5394,5394,3,NULL,"2026-01-19 08:57:05","2026-01-19 08:57:05",NULL
5395,5395,5395,3,NULL,"2026-01-19 08:57:05","2026-01-19 08:57:05",NULL
5396,5396,5396,3,NULL,"2026-01-19 08:57:05","2026-01-19 08:57:05",NULL
5397,5397,5397,3,NULL,"2026-01-19 08:57:05","2026-01-19 08:57:05",NULL
5398,5398,5398,3,NULL,"2026-01-19 08:57:05","2026-01-19 08:57:05",NULL
5399,5399,5399,3,NULL,"2026-01-19 08:57:05","2026-01-19 08:57:05",NULL
5400,5400,5400,3,NULL,"2026-01-19 08:57:05","2026-01-19 08:57:05",NULL
5401,5401,5401,3,NULL,"2026-01-19 08:57:05","2026-01-19 08:57:05",NULL
5402,5402,5402,3,NULL,"2026-01-19 08:57:05","2026-01-19 08:57:05",NULL
5403,5403,5403,3,NULL,"2026-01-19 08:57:05","2026-01-19 08:57:05",NULL
5404,5404,5404,3,NULL,"2026-01-19 08:57:05","2026-01-19 08:57:05",NULL
5405,5405,5405,3,NULL,"2026-01-19 08:57:05","2026-01-19 08:57:05",NULL
5406,5406,5406,3,NULL,"2026-01-19 08:57:05","2026-01-19 08:57:05",NULL
5407,5407,5407,3,NULL,"2026-01-19 08:57:05","2026-01-19 08:57:05",NULL
5408,5408,5408,3,NULL,"2026-01-19 08:57:05","2026-01-19 08:57:05",NULL
5409,5409,5409,3,NULL,"2026-01-19 08:57:05","2026-01-19 08:57:05",NULL
5410,5410,5410,3,NULL,"2026-01-19 08:57:05","2026-01-19 08:57:05",NULL
5411,5411,5411,3,NULL,"2026-01-19 08:57:05","2026-01-19 08:57:05",NULL
5412,5412,5412,3,NULL,"2026-01-19 08:57:05","2026-01-19 08:57:05",NULL
5413,5413,5413,3,NULL,"2026-01-19 08:57:05","2026-01-19 08:57:05",NULL
5414,5414,5414,3,NULL,"2026-01-19 08:57:05","2026-01-19 08:57:05",NULL
5415,5415,5415,3,NULL,"2026-01-19 08:57:05","2026-01-19 08:57:05",NULL
5416,5416,5416,3,NULL,"2026-01-19 08:57:05","2026-01-19 08:57:05",NULL
5417,5417,5417,3,NULL,"2026-01-19 08:57:05","2026-01-19 08:57:05",NULL
5418,5418,5418,3,NULL,"2026-01-19 08:57:05","2026-01-19 08:57:05",NULL
5419,5419,5419,3,NULL,"2026-01-19 08:57:05","2026-01-19 08:57:05",NULL
5420,5420,5420,3,NULL,"2026-01-19 08:57:05","2026-01-19 08:57:05",NULL
5421,5421,5421,3,NULL,"2026-01-19 08:57:05","2026-01-19 08:57:05",NULL
5422,5422,5422,3,NULL,"2026-01-19 08:57:05","2026-01-19 08:57:05",NULL
5423,5423,5423,3,NULL,"2026-01-19 08:57:05","2026-01-19 08:57:05",NULL
5424,5424,5424,3,NULL,"2026-01-19 08:57:05","2026-01-19 08:57:05",NULL
5425,5425,5425,3,NULL,"2026-01-19 08:57:05","2026-01-19 08:57:05",NULL
5426,5426,5426,3,NULL,"2026-01-19 08:57:05","2026-01-19 08:57:05",NULL
5427,5427,5427,3,NULL,"2026-01-19 08:57:05","2026-01-19 08:57:05",NULL
5428,5428,5428,3,NULL,"2026-01-19 08:57:05","2026-01-19 08:57:05",NULL
5429,5429,5429,3,NULL,"2026-01-19 08:57:05","2026-01-19 08:57:05",NULL
5430,5430,5430,3,NULL,"2026-01-19 08:57:05","2026-01-19 08:57:05",NULL
5431,5431,5431,3,NULL,"2026-01-19 08:57:05","2026-01-19 08:57:05",NULL
5432,5432,5432,3,NULL,"2026-01-19 08:57:05","2026-01-19 08:57:05",NULL
5433,5433,5433,3,NULL,"2026-01-19 08:57:05","2026-01-19 08:57:05",NULL
5434,5434,5434,3,NULL,"2026-01-19 08:57:05","2026-01-19 08:57:05",NULL
5435,5435,5435,3,NULL,"2026-01-19 08:57:05","2026-01-19 08:57:05",NULL
5436,5436,5436,3,NULL,"2026-01-19 08:57:05","2026-01-19 08:57:05",NULL
5437,5437,5437,3,NULL,"2026-01-19 08:57:05","2026-01-19 08:57:05",NULL
5438,5438,5438,3,NULL,"2026-01-19 08:57:05","2026-01-19 08:57:05",NULL
5439,5439,5439,3,NULL,"2026-01-19 08:57:05","2026-01-19 08:57:05",NULL
5440,5440,5440,3,NULL,"2026-01-19 08:57:05","2026-01-19 08:57:05",NULL
5441,5441,5441,3,NULL,"2026-01-19 08:57:05","2026-01-19 08:57:05",NULL
5442,5442,5442,3,NULL,"2026-01-19 08:57:05","2026-01-19 08:57:05",NULL
5443,5443,5443,3,NULL,"2026-01-19 08:57:05","2026-01-19 08:57:05",NULL
5444,5444,5444,3,NULL,"2026-01-19 08:57:05","2026-01-19 08:57:05",NULL
5445,5445,5445,3,NULL,"2026-01-19 08:57:05","2026-01-19 08:57:05",NULL
5446,5446,5446,3,NULL,"2026-01-19 08:57:05","2026-01-19 08:57:05",NULL
5447,5447,5447,3,NULL,"2026-01-19 08:57:05","2026-01-19 08:57:05",NULL
5448,5448,5448,3,NULL,"2026-01-19 08:57:05","2026-01-19 08:57:05",NULL
5449,5449,5449,3,NULL,"2026-01-19 08:57:05","2026-01-19 08:57:05",NULL
5450,5450,5450,3,NULL,"2026-01-19 08:57:05","2026-01-19 08:57:05",NULL
5451,5451,5451,3,NULL,"2026-01-19 08:57:05","2026-01-19 08:57:05",NULL
5452,5452,5452,3,NULL,"2026-01-19 08:57:05","2026-01-19 08:57:05",NULL
5453,5453,5453,3,NULL,"2026-01-19 08:57:05","2026-01-19 08:57:05",NULL
5454,5454,5454,3,NULL,"2026-01-19 08:57:05","2026-01-19 08:57:05",NULL
5455,5455,5455,3,NULL,"2026-01-19 08:57:05","2026-01-19 08:57:05",NULL
5456,5456,5456,3,NULL,"2026-01-19 08:57:05","2026-01-19 08:57:05",NULL
5457,5457,5457,3,NULL,"2026-01-19 08:57:05","2026-01-19 08:57:05",NULL
5458,5458,5458,3,NULL,"2026-01-19 08:57:05","2026-01-19 08:57:05",NULL
5459,5459,5459,3,NULL,"2026-01-19 08:57:05","2026-01-19 08:57:05",NULL
5460,5460,5460,3,NULL,"2026-01-19 08:57:05","2026-01-19 08:57:05",NULL
5461,5461,5461,3,NULL,"2026-01-19 08:57:05","2026-01-19 08:57:05",NULL
5462,5462,5462,3,NULL,"2026-01-19 08:57:05","2026-01-19 08:57:05",NULL
5463,5463,5463,3,NULL,"2026-01-19 08:57:05","2026-01-19 08:57:05",NULL
5464,5464,5464,3,NULL,"2026-01-19 08:57:05","2026-01-19 08:57:05",NULL
5465,5465,5465,3,NULL,"2026-01-19 08:57:05","2026-01-19 08:57:05",NULL
5466,5466,5466,3,NULL,"2026-01-19 08:57:05","2026-01-19 08:57:05",NULL
5467,5467,5467,3,NULL,"2026-01-19 08:57:05","2026-01-19 08:57:05",NULL
5468,5468,5468,3,NULL,"2026-01-19 08:57:05","2026-01-19 08:57:05",NULL
5469,5469,5469,3,NULL,"2026-01-19 08:57:05","2026-01-19 08:57:05",NULL
5470,5470,5470,3,NULL,"2026-01-19 08:57:05","2026-01-19 08:57:05",NULL
5471,5471,5471,3,NULL,"2026-01-19 08:57:05","2026-01-19 08:57:05",NULL
5472,5472,5472,3,NULL,"2026-01-19 08:57:05","2026-01-19 08:57:05",NULL
5473,5473,5473,3,NULL,"2026-01-19 08:57:05","2026-01-19 08:57:05",NULL
5474,5474,5474,3,NULL,"2026-01-19 08:57:05","2026-01-19 08:57:05",NULL
5475,5475,5475,3,NULL,"2026-01-19 08:57:05","2026-01-19 08:57:05",NULL
5476,5476,5476,3,NULL,"2026-01-19 08:57:05","2026-01-19 08:57:05",NULL
5477,5477,5477,3,NULL,"2026-01-19 08:57:05","2026-01-19 08:57:05",NULL
5478,5478,5478,3,NULL,"2026-01-19 08:57:05","2026-01-19 08:57:05",NULL
5479,5479,5479,3,NULL,"2026-01-19 08:57:05","2026-01-19 08:57:05",NULL
5480,5480,5480,3,NULL,"2026-01-19 08:57:05","2026-01-19 08:57:05",NULL
5481,5481,5481,3,NULL,"2026-01-19 08:57:05","2026-01-19 08:57:05",NULL
5482,5482,5482,3,NULL,"2026-01-19 08:57:05","2026-01-19 08:57:05",NULL
5483,5483,5483,3,NULL,"2026-01-19 08:57:05","2026-01-19 08:57:05",NULL
5484,5484,5484,3,NULL,"2026-01-19 08:57:05","2026-01-19 08:57:05",NULL
5485,5485,5485,3,NULL,"2026-01-19 08:57:05","2026-01-19 08:57:05",NULL
5486,5486,5486,3,NULL,"2026-01-19 08:57:05","2026-01-19 08:57:05",NULL
5487,5487,5487,3,NULL,"2026-01-19 08:57:05","2026-01-19 08:57:05",NULL
5488,5488,5488,3,NULL,"2026-01-19 08:57:05","2026-01-19 08:57:05",NULL
5489,5489,5489,3,NULL,"2026-01-19 08:57:05","2026-01-19 08:57:05",NULL
5490,5490,5490,3,NULL,"2026-01-19 08:57:05","2026-01-19 08:57:05",NULL
5491,5491,5491,3,NULL,"2026-01-19 08:57:05","2026-01-19 08:57:05",NULL
5492,5492,5492,3,NULL,"2026-01-19 08:57:05","2026-01-19 08:57:05",NULL
5493,5493,5493,3,NULL,"2026-01-19 08:57:05","2026-01-19 08:57:05",NULL
5494,5494,5494,3,NULL,"2026-01-19 08:57:05","2026-01-19 08:57:05",NULL
5495,5495,5495,3,NULL,"2026-01-19 08:57:05","2026-01-19 08:57:05",NULL
5496,5496,5496,3,NULL,"2026-01-19 08:57:05","2026-01-19 08:57:05",NULL
5497,5497,5497,3,NULL,"2026-01-19 08:57:05","2026-01-19 08:57:05",NULL
5498,5498,5498,3,NULL,"2026-01-19 08:57:05","2026-01-19 08:57:05",NULL
5499,5499,5499,3,NULL,"2026-01-19 08:57:05","2026-01-19 08:57:05",NULL
5500,5500,5500,3,NULL,"2026-01-19 08:57:05","2026-01-19 08:57:05",NULL
5501,5501,5501,3,NULL,"2026-01-19 08:57:05","2026-01-19 08:57:05",NULL
5502,5502,5502,3,NULL,"2026-01-19 08:57:05","2026-01-19 08:57:05",NULL
5503,5503,5503,3,NULL,"2026-01-19 08:57:05","2026-01-19 08:57:05",NULL
5504,5504,5504,3,NULL,"2026-01-19 08:57:05","2026-01-19 08:57:05",NULL
5505,5505,5505,3,NULL,"2026-01-19 08:57:05","2026-01-19 08:57:05",NULL
5506,5506,5506,3,NULL,"2026-01-19 08:57:05","2026-01-19 08:57:05",NULL
5507,5507,5507,3,NULL,"2026-01-19 08:57:05","2026-01-19 08:57:05",NULL
5508,5508,5508,3,NULL,"2026-01-19 08:57:05","2026-01-19 08:57:05",NULL
5509,5509,5509,3,NULL,"2026-01-19 08:57:05","2026-01-19 08:57:05",NULL
5510,5510,5510,3,NULL,"2026-01-19 08:57:05","2026-01-19 08:57:05",NULL
5511,5511,5511,3,NULL,"2026-01-19 08:57:05","2026-01-19 08:57:05",NULL
5512,5512,5512,3,NULL,"2026-01-19 08:57:05","2026-01-19 08:57:05",NULL
5513,5513,5513,3,NULL,"2026-01-19 08:57:05","2026-01-19 08:57:05",NULL
5514,5514,5514,3,NULL,"2026-01-19 08:57:05","2026-01-19 08:57:05",NULL
5515,5515,5515,3,NULL,"2026-01-19 08:57:05","2026-01-19 08:57:05",NULL
5516,5516,5516,3,NULL,"2026-01-19 08:57:05","2026-01-19 08:57:05",NULL
5517,5517,5517,3,NULL,"2026-01-19 08:57:05","2026-01-19 08:57:05",NULL
5518,5518,5518,3,NULL,"2026-01-19 08:57:05","2026-01-19 08:57:05",NULL
5519,5519,5519,3,NULL,"2026-01-19 08:57:05","2026-01-19 08:57:05",NULL
5520,5520,5520,3,NULL,"2026-01-19 08:57:05","2026-01-19 08:57:05",NULL
5521,5521,5521,3,NULL,"2026-01-19 08:57:05","2026-01-19 08:57:05",NULL
5522,5522,5522,3,NULL,"2026-01-19 08:57:05","2026-01-19 08:57:05",NULL
5523,5523,5523,3,NULL,"2026-01-19 08:57:05","2026-01-19 08:57:05",NULL
5524,5524,5524,3,NULL,"2026-01-19 08:57:05","2026-01-19 08:57:05",NULL
5525,5525,5525,3,NULL,"2026-01-19 08:57:05","2026-01-19 08:57:05",NULL
5526,5526,5526,3,NULL,"2026-01-19 08:57:05","2026-01-19 08:57:05",NULL
5527,5527,5527,3,NULL,"2026-01-19 08:57:05","2026-01-19 08:57:05",NULL
5528,5528,5528,3,NULL,"2026-01-19 08:57:05","2026-01-19 08:57:05",NULL
5529,5529,5529,3,NULL,"2026-01-19 08:57:05","2026-01-19 08:57:05",NULL
5530,5530,5530,3,NULL,"2026-01-19 08:57:05","2026-01-19 08:57:05",NULL
5531,5531,5531,3,NULL,"2026-01-19 08:57:05","2026-01-19 08:57:05",NULL
5532,5532,5532,3,NULL,"2026-01-19 08:57:05","2026-01-19 08:57:05",NULL
5533,5533,5533,3,NULL,"2026-01-19 08:57:05","2026-01-19 08:57:05",NULL
5534,5534,5534,3,NULL,"2026-01-19 08:57:05","2026-01-19 08:57:05",NULL
5535,5535,5535,3,NULL,"2026-01-19 08:57:05","2026-01-19 08:57:05",NULL
5536,5536,5536,3,NULL,"2026-01-19 08:57:05","2026-01-19 08:57:05",NULL
5537,5537,5537,3,NULL,"2026-01-19 08:57:05","2026-01-19 08:57:05",NULL
5538,5538,5538,3,NULL,"2026-01-19 08:57:05","2026-01-19 08:57:05",NULL
5539,5539,5539,3,NULL,"2026-01-19 08:57:05","2026-01-19 08:57:05",NULL
5540,5540,5540,3,NULL,"2026-01-19 08:57:05","2026-01-19 08:57:05",NULL
5541,5541,5541,3,NULL,"2026-01-19 08:57:05","2026-01-19 08:57:05",NULL
5542,5542,5542,3,NULL,"2026-01-19 08:57:05","2026-01-19 08:57:05",NULL
5543,5543,5543,3,NULL,"2026-01-19 08:57:05","2026-01-19 08:57:05",NULL
5544,5544,5544,3,NULL,"2026-01-19 08:57:05","2026-01-19 08:57:05",NULL
5545,5545,5545,3,NULL,"2026-01-19 08:57:05","2026-01-19 08:57:05",NULL
5546,5546,5546,3,NULL,"2026-01-19 08:57:05","2026-01-19 08:57:05",NULL
5547,5547,5547,3,NULL,"2026-01-19 08:57:05","2026-01-19 08:57:05",NULL
5548,5548,5548,3,NULL,"2026-01-19 08:57:05","2026-01-19 08:57:05",NULL
5549,5549,5549,3,NULL,"2026-01-19 08:57:05","2026-01-19 08:57:05",NULL
5550,5550,5550,3,NULL,"2026-01-19 08:57:05","2026-01-19 08:57:05",NULL
5551,5551,5551,3,NULL,"2026-01-19 08:57:05","2026-01-19 08:57:05",NULL
5552,5552,5552,3,NULL,"2026-01-19 08:57:05","2026-01-19 08:57:05",NULL
5553,5553,5553,3,NULL,"2026-01-19 08:57:05","2026-01-19 08:57:05",NULL
5554,5554,5554,3,NULL,"2026-01-19 08:57:05","2026-01-19 08:57:05",NULL
5555,5555,5555,3,NULL,"2026-01-19 08:57:05","2026-01-19 08:57:05",NULL
5556,5556,5556,3,NULL,"2026-01-19 08:57:05","2026-01-19 08:57:05",NULL
5557,5557,5557,3,NULL,"2026-01-19 08:57:05","2026-01-19 08:57:05",NULL
5558,5558,5558,3,NULL,"2026-01-19 08:57:05","2026-01-19 08:57:05",NULL
5559,5559,5559,3,NULL,"2026-01-19 08:57:05","2026-01-19 08:57:05",NULL
5560,5560,5560,3,NULL,"2026-01-19 08:57:05","2026-01-19 08:57:05",NULL
5561,5561,5561,3,NULL,"2026-01-19 08:57:05","2026-01-19 08:57:05",NULL
5562,5562,5562,3,NULL,"2026-01-19 08:57:05","2026-01-19 08:57:05",NULL
5563,5563,5563,3,NULL,"2026-01-19 08:57:05","2026-01-19 08:57:05",NULL
5564,5564,5564,3,NULL,"2026-01-19 08:57:05","2026-01-19 08:57:05",NULL
5565,5565,5565,3,NULL,"2026-01-19 08:57:05","2026-01-19 08:57:05",NULL
5566,5566,5566,3,NULL,"2026-01-19 08:57:05","2026-01-19 08:57:05",NULL
5567,5567,5567,3,NULL,"2026-01-19 08:57:05","2026-01-19 08:57:05",NULL
5568,5568,5568,3,NULL,"2026-01-19 08:57:05","2026-01-19 08:57:05",NULL
5569,5569,5569,3,NULL,"2026-01-19 08:57:05","2026-01-19 08:57:05",NULL
5570,5570,5570,3,NULL,"2026-01-19 08:57:05","2026-01-19 08:57:05",NULL
5571,5571,5571,3,NULL,"2026-01-19 08:57:05","2026-01-19 08:57:05",NULL
5572,5572,5572,3,NULL,"2026-01-19 08:57:05","2026-01-19 08:57:05",NULL
5573,5573,5573,3,NULL,"2026-01-19 08:57:05","2026-01-19 08:57:05",NULL
5574,5574,5574,3,NULL,"2026-01-19 08:57:05","2026-01-19 08:57:05",NULL
5575,5575,5575,3,NULL,"2026-01-19 08:57:06","2026-01-19 08:57:06",NULL
5576,5576,5576,3,NULL,"2026-01-19 08:57:06","2026-01-19 08:57:06",NULL
5577,5577,5577,3,NULL,"2026-01-19 08:57:06","2026-01-19 08:57:06",NULL
5578,5578,5578,3,NULL,"2026-01-19 08:57:06","2026-01-19 08:57:06",NULL
5579,5579,5579,3,NULL,"2026-01-19 08:57:06","2026-01-19 08:57:06",NULL
5580,5580,5580,3,NULL,"2026-01-19 08:57:06","2026-01-19 08:57:06",NULL
5581,5581,5581,3,NULL,"2026-01-19 08:57:06","2026-01-19 08:57:06",NULL
5582,5582,5582,3,NULL,"2026-01-19 08:57:06","2026-01-19 08:57:06",NULL
5583,5583,5583,3,NULL,"2026-01-19 08:57:06","2026-01-19 08:57:06",NULL
5584,5584,5584,3,NULL,"2026-01-19 08:57:06","2026-01-19 08:57:06",NULL
5585,5585,5585,3,NULL,"2026-01-19 08:57:06","2026-01-19 08:57:06",NULL
5586,5586,5586,3,NULL,"2026-01-19 08:57:06","2026-01-19 08:57:06",NULL
5587,5587,5587,3,NULL,"2026-01-19 08:57:06","2026-01-19 08:57:06",NULL
5588,5588,5588,3,NULL,"2026-01-19 08:57:06","2026-01-19 08:57:06",NULL
5589,5589,5589,3,NULL,"2026-01-19 08:57:06","2026-01-19 08:57:06",NULL
5590,5590,5590,3,NULL,"2026-01-19 08:57:06","2026-01-19 08:57:06",NULL
5591,5591,5591,3,NULL,"2026-01-19 08:57:06","2026-01-19 08:57:06",NULL
5592,5592,5592,3,NULL,"2026-01-19 08:57:06","2026-01-19 08:57:06",NULL
5593,5593,5593,3,NULL,"2026-01-19 08:57:06","2026-01-19 08:57:06",NULL
5594,5594,5594,3,NULL,"2026-01-19 08:57:06","2026-01-19 08:57:06",NULL
5595,5595,5595,3,NULL,"2026-01-19 08:57:06","2026-01-19 08:57:06",NULL
5596,5596,5596,3,NULL,"2026-01-19 08:57:06","2026-01-19 08:57:06",NULL
5597,5597,5597,3,NULL,"2026-01-19 08:57:06","2026-01-19 08:57:06",NULL
5598,5598,5598,3,NULL,"2026-01-19 08:57:06","2026-01-19 08:57:06",NULL
5599,5599,5599,3,NULL,"2026-01-19 08:57:06","2026-01-19 08:57:06",NULL
5600,5600,5600,3,NULL,"2026-01-19 08:57:06","2026-01-19 08:57:06",NULL
5601,5601,5601,3,NULL,"2026-01-19 08:57:06","2026-01-19 08:57:06",NULL
5602,5602,5602,3,NULL,"2026-01-19 08:57:06","2026-01-19 08:57:06",NULL
5603,5603,5603,3,NULL,"2026-01-19 08:57:06","2026-01-19 08:57:06",NULL
5604,5604,5604,3,NULL,"2026-01-19 08:57:06","2026-01-19 08:57:06",NULL
5605,5605,5605,3,NULL,"2026-01-19 08:57:06","2026-01-19 08:57:06",NULL
5606,5606,5606,3,NULL,"2026-01-19 08:57:06","2026-01-19 08:57:06",NULL
5607,5607,5607,3,NULL,"2026-01-19 08:57:06","2026-01-19 08:57:06",NULL
5608,5608,5608,3,NULL,"2026-01-19 08:57:06","2026-01-19 08:57:06",NULL
5609,5609,5609,3,NULL,"2026-01-19 08:57:06","2026-01-19 08:57:06",NULL
5610,5610,5610,3,NULL,"2026-01-19 08:57:06","2026-01-19 08:57:06",NULL
5611,5611,5611,3,NULL,"2026-01-19 08:57:06","2026-01-19 08:57:06",NULL
5612,5612,5612,3,NULL,"2026-01-19 08:57:06","2026-01-19 08:57:06",NULL
5613,5613,5613,3,NULL,"2026-01-19 08:57:06","2026-01-19 08:57:06",NULL
5614,5614,5614,3,NULL,"2026-01-19 08:57:06","2026-01-19 08:57:06",NULL
5615,5615,5615,3,NULL,"2026-01-19 08:57:06","2026-01-19 08:57:06",NULL
5616,5616,5616,3,NULL,"2026-01-19 08:57:06","2026-01-19 08:57:06",NULL
5617,5617,5617,3,NULL,"2026-01-19 08:57:06","2026-01-19 08:57:06",NULL
5618,5618,5618,3,NULL,"2026-01-19 08:57:06","2026-01-19 08:57:06",NULL
5619,5619,5619,3,NULL,"2026-01-19 08:57:06","2026-01-19 08:57:06",NULL
5620,5620,5620,3,NULL,"2026-01-19 08:57:06","2026-01-19 08:57:06",NULL
5621,5621,5621,3,NULL,"2026-01-19 08:57:06","2026-01-19 08:57:06",NULL
5622,5622,5622,3,NULL,"2026-01-19 08:57:06","2026-01-19 08:57:06",NULL
5623,5623,5623,3,NULL,"2026-01-19 08:57:06","2026-01-19 08:57:06",NULL
5624,5624,5624,3,NULL,"2026-01-19 08:57:06","2026-01-19 08:57:06",NULL
5625,5625,5625,3,NULL,"2026-01-19 08:57:06","2026-01-19 08:57:06",NULL
5626,5626,5626,3,NULL,"2026-01-19 08:57:06","2026-01-19 08:57:06",NULL
5627,5627,5627,3,NULL,"2026-01-19 08:57:06","2026-01-19 08:57:06",NULL
5628,5628,5628,3,NULL,"2026-01-19 08:57:06","2026-01-19 08:57:06",NULL
5629,5629,5629,3,NULL,"2026-01-19 08:57:06","2026-01-19 08:57:06",NULL
5630,5630,5630,3,NULL,"2026-01-19 08:57:06","2026-01-19 08:57:06",NULL
5631,5631,5631,3,NULL,"2026-01-19 08:57:06","2026-01-19 08:57:06",NULL
5632,5632,5632,3,NULL,"2026-01-19 08:57:06","2026-01-19 08:57:06",NULL
5633,5633,5633,3,NULL,"2026-01-19 08:57:06","2026-01-19 08:57:06",NULL
5634,5634,5634,3,NULL,"2026-01-19 08:57:06","2026-01-19 08:57:06",NULL
5635,5635,5635,3,NULL,"2026-01-19 08:57:06","2026-01-19 08:57:06",NULL
5636,5636,5636,3,NULL,"2026-01-19 08:57:06","2026-01-19 08:57:06",NULL
5637,5637,5637,3,NULL,"2026-01-19 08:57:06","2026-01-19 08:57:06",NULL
5638,5638,5638,3,NULL,"2026-01-19 08:57:06","2026-01-19 08:57:06",NULL
5639,5639,5639,3,NULL,"2026-01-19 08:57:06","2026-01-19 08:57:06",NULL
5640,5640,5640,3,NULL,"2026-01-19 08:57:06","2026-01-19 08:57:06",NULL
5641,5641,5641,3,NULL,"2026-01-19 08:57:06","2026-01-19 08:57:06",NULL
5642,5642,5642,3,NULL,"2026-01-19 08:57:06","2026-01-19 08:57:06",NULL
5643,5643,5643,3,NULL,"2026-01-19 08:57:06","2026-01-19 08:57:06",NULL
5644,5644,5644,3,NULL,"2026-01-19 08:57:06","2026-01-19 08:57:06",NULL
5645,5645,5645,3,NULL,"2026-01-19 08:57:06","2026-01-19 08:57:06",NULL
5646,5646,5646,3,NULL,"2026-01-19 08:57:06","2026-01-19 08:57:06",NULL
5647,5647,5647,3,NULL,"2026-01-19 08:57:06","2026-01-19 08:57:06",NULL
5648,5648,5648,3,NULL,"2026-01-19 08:57:06","2026-01-19 08:57:06",NULL
5649,5649,5649,3,NULL,"2026-01-19 08:57:06","2026-01-19 08:57:06",NULL
5650,5650,5650,3,NULL,"2026-01-19 08:57:06","2026-01-19 08:57:06",NULL
5651,5651,5651,3,NULL,"2026-01-19 08:57:06","2026-01-19 08:57:06",NULL
5652,5652,5652,3,NULL,"2026-01-19 08:57:06","2026-01-19 08:57:06",NULL
5653,5653,5653,3,NULL,"2026-01-19 08:57:06","2026-01-19 08:57:06",NULL
5654,5654,5654,3,NULL,"2026-01-19 08:57:06","2026-01-19 08:57:06",NULL
5655,5655,5655,3,NULL,"2026-01-19 08:57:06","2026-01-19 08:57:06",NULL
5656,5656,5656,3,NULL,"2026-01-19 08:57:06","2026-01-19 08:57:06",NULL
5657,5657,5657,3,NULL,"2026-01-19 08:57:06","2026-01-19 08:57:06",NULL
5658,5658,5658,3,NULL,"2026-01-19 08:57:06","2026-01-19 08:57:06",NULL
5659,5659,5659,3,NULL,"2026-01-19 08:57:06","2026-01-19 08:57:06",NULL
5660,5660,5660,3,NULL,"2026-01-19 08:57:06","2026-01-19 08:57:06",NULL
5661,5661,5661,3,NULL,"2026-01-19 08:57:06","2026-01-19 08:57:06",NULL
5662,5662,5662,3,NULL,"2026-01-19 08:57:06","2026-01-19 08:57:06",NULL
5663,5663,5663,3,NULL,"2026-01-19 08:57:06","2026-01-19 08:57:06",NULL
5664,5664,5664,3,NULL,"2026-01-19 08:57:06","2026-01-19 08:57:06",NULL
5665,5665,5665,3,NULL,"2026-01-19 08:57:06","2026-01-19 08:57:06",NULL
5666,5666,5666,3,NULL,"2026-01-19 08:57:06","2026-01-19 08:57:06",NULL
5667,5667,5667,3,NULL,"2026-01-19 08:57:06","2026-01-19 08:57:06",NULL
5668,5668,5668,3,NULL,"2026-01-19 08:57:06","2026-01-19 08:57:06",NULL
5669,5669,5669,3,NULL,"2026-01-19 08:57:06","2026-01-19 08:57:06",NULL
5670,5670,5670,3,NULL,"2026-01-19 08:57:06","2026-01-19 08:57:06",NULL
5671,5671,5671,3,NULL,"2026-01-19 08:57:06","2026-01-19 08:57:06",NULL
5672,5672,5672,3,NULL,"2026-01-19 08:57:06","2026-01-19 08:57:06",NULL
5673,5673,5673,3,NULL,"2026-01-19 08:57:06","2026-01-19 08:57:06",NULL
5674,5674,5674,3,NULL,"2026-01-19 08:57:06","2026-01-19 08:57:06",NULL
5675,5675,5675,3,NULL,"2026-01-19 08:57:06","2026-01-19 08:57:06",NULL
5676,5676,5676,3,NULL,"2026-01-19 08:57:06","2026-01-19 08:57:06",NULL
5677,5677,5677,3,NULL,"2026-01-19 08:57:06","2026-01-19 08:57:06",NULL
5678,5678,5678,3,NULL,"2026-01-19 08:57:06","2026-01-19 08:57:06",NULL
5679,5679,5679,3,NULL,"2026-01-19 08:57:06","2026-01-19 08:57:06",NULL
5680,5680,5680,3,NULL,"2026-01-19 08:57:06","2026-01-19 08:57:06",NULL
5681,5681,5681,3,NULL,"2026-01-19 08:57:06","2026-01-19 08:57:06",NULL
5682,5682,5682,3,NULL,"2026-01-19 08:57:06","2026-01-19 08:57:06",NULL
5683,5683,5683,3,NULL,"2026-01-19 08:57:06","2026-01-19 08:57:06",NULL
5684,5684,5684,3,NULL,"2026-01-19 08:57:06","2026-01-19 08:57:06",NULL
5685,5685,5685,3,NULL,"2026-01-19 08:57:06","2026-01-19 08:57:06",NULL
5686,5686,5686,3,NULL,"2026-01-19 08:57:06","2026-01-19 08:57:06",NULL
5687,5687,5687,3,NULL,"2026-01-19 08:57:06","2026-01-19 08:57:06",NULL
5688,5688,5688,3,NULL,"2026-01-19 08:57:06","2026-01-19 08:57:06",NULL
5689,5689,5689,3,NULL,"2026-01-19 08:57:06","2026-01-19 08:57:06",NULL
5690,5690,5690,3,NULL,"2026-01-19 08:57:06","2026-01-19 08:57:06",NULL
5691,5691,5691,3,NULL,"2026-01-19 08:57:06","2026-01-19 08:57:06",NULL
5692,5692,5692,3,NULL,"2026-01-19 08:57:06","2026-01-19 08:57:06",NULL
5693,5693,5693,3,NULL,"2026-01-19 08:57:06","2026-01-19 08:57:06",NULL
5694,5694,5694,3,NULL,"2026-01-19 08:57:06","2026-01-19 08:57:06",NULL
5695,5695,5695,3,NULL,"2026-01-19 08:57:06","2026-01-19 08:57:06",NULL
5696,5696,5696,3,NULL,"2026-01-19 08:57:06","2026-01-19 08:57:06",NULL
5697,5697,5697,3,NULL,"2026-01-19 08:57:06","2026-01-19 08:57:06",NULL
5698,5698,5698,3,NULL,"2026-01-19 08:57:06","2026-01-19 08:57:06",NULL
5699,5699,5699,3,NULL,"2026-01-19 08:57:06","2026-01-19 08:57:06",NULL
5700,5700,5700,3,NULL,"2026-01-19 08:57:06","2026-01-19 08:57:06",NULL
5701,5701,5701,3,NULL,"2026-01-19 08:57:06","2026-01-19 08:57:06",NULL
5702,5702,5702,3,NULL,"2026-01-19 08:57:06","2026-01-19 08:57:06",NULL
5703,5703,5703,3,NULL,"2026-01-19 08:57:06","2026-01-19 08:57:06",NULL
5704,5704,5704,3,NULL,"2026-01-19 08:57:06","2026-01-19 08:57:06",NULL
5705,5705,5705,3,NULL,"2026-01-19 08:57:06","2026-01-19 08:57:06",NULL
5706,5706,5706,3,NULL,"2026-01-19 08:57:06","2026-01-19 08:57:06",NULL
5707,5707,5707,3,NULL,"2026-01-19 08:57:06","2026-01-19 08:57:06",NULL
5708,5708,5708,3,NULL,"2026-01-19 08:57:06","2026-01-19 08:57:06",NULL
5709,5709,5709,3,NULL,"2026-01-19 08:57:06","2026-01-19 08:57:06",NULL
5710,5710,5710,3,NULL,"2026-01-19 08:57:06","2026-01-19 08:57:06",NULL
5711,5711,5711,3,NULL,"2026-01-19 08:57:06","2026-01-19 08:57:06",NULL
5712,5712,5712,3,NULL,"2026-01-19 08:57:06","2026-01-19 08:57:06",NULL
5713,5713,5713,3,NULL,"2026-01-19 08:57:06","2026-01-19 08:57:06",NULL
5714,5714,5714,3,NULL,"2026-01-19 08:57:06","2026-01-19 08:57:06",NULL
5715,5715,5715,3,NULL,"2026-01-19 08:57:06","2026-01-19 08:57:06",NULL
5716,5716,5716,3,NULL,"2026-01-19 08:57:06","2026-01-19 08:57:06",NULL
5717,5717,5717,3,NULL,"2026-01-19 08:57:06","2026-01-19 08:57:06",NULL
5718,5718,5718,3,NULL,"2026-01-19 08:57:06","2026-01-19 08:57:06",NULL
5719,5719,5719,3,NULL,"2026-01-19 08:57:06","2026-01-19 08:57:06",NULL
5720,5720,5720,3,NULL,"2026-01-19 08:57:06","2026-01-19 08:57:06",NULL
5721,5721,5721,3,NULL,"2026-01-19 08:57:06","2026-01-19 08:57:06",NULL
5722,5722,5722,3,NULL,"2026-01-19 08:57:06","2026-01-19 08:57:06",NULL
5723,5723,5723,3,NULL,"2026-01-19 08:57:06","2026-01-19 08:57:06",NULL
5724,5724,5724,3,NULL,"2026-01-19 08:57:06","2026-01-19 08:57:06",NULL
5725,5725,5725,3,NULL,"2026-01-19 08:57:06","2026-01-19 08:57:06",NULL
5726,5726,5726,3,NULL,"2026-01-19 08:57:06","2026-01-19 08:57:06",NULL
5727,5727,5727,3,NULL,"2026-01-19 08:57:06","2026-01-19 08:57:06",NULL
5728,5728,5728,3,NULL,"2026-01-19 08:57:06","2026-01-19 08:57:06",NULL
5729,5729,5729,3,NULL,"2026-01-19 08:57:06","2026-01-19 08:57:06",NULL
5730,5730,5730,3,NULL,"2026-01-19 08:57:06","2026-01-19 08:57:06",NULL
5731,5731,5731,3,NULL,"2026-01-19 08:57:06","2026-01-19 08:57:06",NULL
5732,5732,5732,3,NULL,"2026-01-19 08:57:06","2026-01-19 08:57:06",NULL
5733,5733,5733,3,NULL,"2026-01-19 08:57:06","2026-01-19 08:57:06",NULL
5734,5734,5734,3,NULL,"2026-01-19 08:57:06","2026-01-19 08:57:06",NULL
5735,5735,5735,3,NULL,"2026-01-19 08:57:06","2026-01-19 08:57:06",NULL
5736,5736,5736,3,NULL,"2026-01-19 08:57:06","2026-01-19 08:57:06",NULL
5737,5737,5737,3,NULL,"2026-01-19 08:57:06","2026-01-19 08:57:06",NULL
5738,5738,5738,3,NULL,"2026-01-19 08:57:06","2026-01-19 08:57:06",NULL
5739,5739,5739,3,NULL,"2026-01-19 08:57:06","2026-01-19 08:57:06",NULL
5740,5740,5740,3,NULL,"2026-01-19 08:57:06","2026-01-19 08:57:06",NULL
5741,5741,5741,3,NULL,"2026-01-19 08:57:06","2026-01-19 08:57:06",NULL
5742,5742,5742,3,NULL,"2026-01-19 08:57:06","2026-01-19 08:57:06",NULL
5743,5743,5743,3,NULL,"2026-01-19 08:57:06","2026-01-19 08:57:06",NULL
5744,5744,5744,3,NULL,"2026-01-19 08:57:06","2026-01-19 08:57:06",NULL
5745,5745,5745,3,NULL,"2026-01-19 08:57:06","2026-01-19 08:57:06",NULL
5746,5746,5746,3,NULL,"2026-01-19 08:57:06","2026-01-19 08:57:06",NULL
5747,5747,5747,3,NULL,"2026-01-19 08:57:06","2026-01-19 08:57:06",NULL
5748,5748,5748,3,NULL,"2026-01-19 08:57:06","2026-01-19 08:57:06",NULL
5749,5749,5749,3,NULL,"2026-01-19 08:57:06","2026-01-19 08:57:06",NULL
5750,5750,5750,3,NULL,"2026-01-19 08:57:06","2026-01-19 08:57:06",NULL
5751,5751,5751,3,NULL,"2026-01-19 08:57:06","2026-01-19 08:57:06",NULL
5752,5752,5752,3,NULL,"2026-01-19 08:57:06","2026-01-19 08:57:06",NULL
5753,5753,5753,3,NULL,"2026-01-19 08:57:06","2026-01-19 08:57:06",NULL
5754,5754,5754,3,NULL,"2026-01-19 08:57:06","2026-01-19 08:57:06",NULL
5755,5755,5755,3,NULL,"2026-01-19 08:57:06","2026-01-19 08:57:06",NULL
5756,5756,5756,3,NULL,"2026-01-19 08:57:06","2026-01-19 08:57:06",NULL
5757,5757,5757,3,NULL,"2026-01-19 08:57:06","2026-01-19 08:57:06",NULL
5758,5758,5758,3,NULL,"2026-01-19 08:57:06","2026-01-19 08:57:06",NULL
5759,5759,5759,3,NULL,"2026-01-19 08:57:06","2026-01-19 08:57:06",NULL
5760,5760,5760,3,NULL,"2026-01-19 08:57:06","2026-01-19 08:57:06",NULL
5761,5761,5761,3,NULL,"2026-01-19 08:57:06","2026-01-19 08:57:06",NULL
5762,5762,5762,3,NULL,"2026-01-19 08:57:06","2026-01-19 08:57:06",NULL
5763,5763,5763,3,NULL,"2026-01-19 08:57:06","2026-01-19 08:57:06",NULL
5764,5764,5764,3,NULL,"2026-01-19 08:57:06","2026-01-19 08:57:06",NULL
5765,5765,5765,3,NULL,"2026-01-19 08:57:06","2026-01-19 08:57:06",NULL
5766,5766,5766,3,NULL,"2026-01-19 08:57:06","2026-01-19 08:57:06",NULL
5767,5767,5767,3,NULL,"2026-01-19 08:57:06","2026-01-19 08:57:06",NULL
5768,5768,5768,3,NULL,"2026-01-19 08:57:06","2026-01-19 08:57:06",NULL
5769,5769,5769,3,NULL,"2026-01-19 08:57:06","2026-01-19 08:57:06",NULL
5770,5770,5770,3,NULL,"2026-01-19 08:57:06","2026-01-19 08:57:06",NULL
5771,5771,5771,3,NULL,"2026-01-19 08:57:06","2026-01-19 08:57:06",NULL
5772,5772,5772,3,NULL,"2026-01-19 08:57:06","2026-01-19 08:57:06",NULL
5773,5773,5773,3,NULL,"2026-01-19 08:57:06","2026-01-19 08:57:06",NULL
5774,5774,5774,3,NULL,"2026-01-19 08:57:06","2026-01-19 08:57:06",NULL
5775,5775,5775,3,NULL,"2026-01-19 08:57:06","2026-01-19 08:57:06",NULL
5776,5776,5776,3,NULL,"2026-01-19 08:57:06","2026-01-19 08:57:06",NULL
5777,5777,5777,3,NULL,"2026-01-19 08:57:06","2026-01-19 08:57:06",NULL
5778,5778,5778,3,NULL,"2026-01-19 08:57:06","2026-01-19 08:57:06",NULL
5779,5779,5779,3,NULL,"2026-01-19 08:57:06","2026-01-19 08:57:06",NULL
5780,5780,5780,3,NULL,"2026-01-19 08:57:06","2026-01-19 08:57:06",NULL
5781,5781,5781,3,NULL,"2026-01-19 08:57:06","2026-01-19 08:57:06",NULL
5782,5782,5782,3,NULL,"2026-01-19 08:57:06","2026-01-19 08:57:06",NULL
5783,5783,5783,3,NULL,"2026-01-19 08:57:06","2026-01-19 08:57:06",NULL
5784,5784,5784,3,NULL,"2026-01-19 08:57:06","2026-01-19 08:57:06",NULL
5785,5785,5785,3,NULL,"2026-01-19 08:57:06","2026-01-19 08:57:06",NULL
5786,5786,5786,3,NULL,"2026-01-19 08:57:06","2026-01-19 08:57:06",NULL
5787,5787,5787,3,NULL,"2026-01-19 08:57:06","2026-01-19 08:57:06",NULL
5788,5788,5788,3,NULL,"2026-01-19 08:57:06","2026-01-19 08:57:06",NULL
5789,5789,5789,3,NULL,"2026-01-19 08:57:06","2026-01-19 08:57:06",NULL
5790,5790,5790,3,NULL,"2026-01-19 08:57:06","2026-01-19 08:57:06",NULL
5791,5791,5791,3,NULL,"2026-01-19 08:57:06","2026-01-19 08:57:06",NULL
5792,5792,5792,3,NULL,"2026-01-19 08:57:06","2026-01-19 08:57:06",NULL
5793,5793,5793,3,NULL,"2026-01-19 08:57:06","2026-01-19 08:57:06",NULL
5794,5794,5794,3,NULL,"2026-01-19 08:57:06","2026-01-19 08:57:06",NULL
5795,5795,5795,3,NULL,"2026-01-19 08:57:06","2026-01-19 08:57:06",NULL
5796,5796,5796,3,NULL,"2026-01-19 08:57:06","2026-01-19 08:57:06",NULL
5797,5797,5797,3,NULL,"2026-01-19 08:57:06","2026-01-19 08:57:06",NULL
5798,5798,5798,3,NULL,"2026-01-19 08:57:06","2026-01-19 08:57:06",NULL
5799,5799,5799,3,NULL,"2026-01-19 08:57:06","2026-01-19 08:57:06",NULL
5800,5800,5800,3,NULL,"2026-01-19 08:57:06","2026-01-19 08:57:06",NULL
5801,5801,5801,3,NULL,"2026-01-19 08:57:06","2026-01-19 08:57:06",NULL
5802,5802,5802,3,NULL,"2026-01-19 08:57:06","2026-01-19 08:57:06",NULL
5803,5803,5803,3,NULL,"2026-01-19 08:57:06","2026-01-19 08:57:06",NULL
5804,5804,5804,3,NULL,"2026-01-19 08:57:06","2026-01-19 08:57:06",NULL
5805,5805,5805,3,NULL,"2026-01-19 08:57:06","2026-01-19 08:57:06",NULL
5806,5806,5806,3,NULL,"2026-01-19 08:57:06","2026-01-19 08:57:06",NULL
5807,5807,5807,3,NULL,"2026-01-19 08:57:06","2026-01-19 08:57:06",NULL
5808,5808,5808,3,NULL,"2026-01-19 08:57:06","2026-01-19 08:57:06",NULL
5809,5809,5809,3,NULL,"2026-01-19 08:57:06","2026-01-19 08:57:06",NULL
5810,5810,5810,3,NULL,"2026-01-19 08:57:06","2026-01-19 08:57:06",NULL
5811,5811,5811,3,NULL,"2026-01-19 08:57:06","2026-01-19 08:57:06",NULL
5812,5812,5812,3,NULL,"2026-01-19 08:57:06","2026-01-19 08:57:06",NULL
5813,5813,5813,3,NULL,"2026-01-19 08:57:06","2026-01-19 08:57:06",NULL
5814,5814,5814,3,NULL,"2026-01-19 08:57:06","2026-01-19 08:57:06",NULL
5815,5815,5815,3,NULL,"2026-01-19 08:57:06","2026-01-19 08:57:06",NULL
5816,5816,5816,3,NULL,"2026-01-19 08:57:06","2026-01-19 08:57:06",NULL
5817,5817,5817,3,NULL,"2026-01-19 08:57:06","2026-01-19 08:57:06",NULL
5818,5818,5818,3,NULL,"2026-01-19 08:57:06","2026-01-19 08:57:06",NULL
5819,5819,5819,3,NULL,"2026-01-19 08:57:06","2026-01-19 08:57:06",NULL
5820,5820,5820,3,NULL,"2026-01-19 08:57:06","2026-01-19 08:57:06",NULL
5821,5821,5821,3,NULL,"2026-01-19 08:57:06","2026-01-19 08:57:06",NULL
5822,5822,5822,3,NULL,"2026-01-19 08:57:06","2026-01-19 08:57:06",NULL
5823,5823,5823,3,NULL,"2026-01-19 08:57:06","2026-01-19 08:57:06",NULL
5824,5824,5824,3,NULL,"2026-01-19 08:57:06","2026-01-19 08:57:06",NULL
5825,5825,5825,3,NULL,"2026-01-19 08:57:06","2026-01-19 08:57:06",NULL
5826,5826,5826,3,NULL,"2026-01-19 08:57:06","2026-01-19 08:57:06",NULL
5827,5827,5827,3,NULL,"2026-01-19 08:57:06","2026-01-19 08:57:06",NULL
5828,5828,5828,3,NULL,"2026-01-19 08:57:06","2026-01-19 08:57:06",NULL
5829,5829,5829,3,NULL,"2026-01-19 08:57:06","2026-01-19 08:57:06",NULL
5830,5830,5830,3,NULL,"2026-01-19 08:57:06","2026-01-19 08:57:06",NULL
5831,5831,5831,3,NULL,"2026-01-19 08:57:06","2026-01-19 08:57:06",NULL
5832,5832,5832,3,NULL,"2026-01-19 08:57:06","2026-01-19 08:57:06",NULL
5833,5833,5833,3,NULL,"2026-01-19 08:57:06","2026-01-19 08:57:06",NULL
5834,5834,5834,3,NULL,"2026-01-19 08:57:06","2026-01-19 08:57:06",NULL
5835,5835,5835,3,NULL,"2026-01-19 08:57:06","2026-01-19 08:57:06",NULL
5836,5836,5836,3,NULL,"2026-01-19 08:57:06","2026-01-19 08:57:06",NULL
5837,5837,5837,3,NULL,"2026-01-19 08:57:06","2026-01-19 08:57:06",NULL
5838,5838,5838,3,NULL,"2026-01-19 08:57:06","2026-01-19 08:57:06",NULL
5839,5839,5839,3,NULL,"2026-01-19 08:57:06","2026-01-19 08:57:06",NULL
5840,5840,5840,3,NULL,"2026-01-19 08:57:06","2026-01-19 08:57:06",NULL
5841,5841,5841,3,NULL,"2026-01-19 08:57:06","2026-01-19 08:57:06",NULL
5842,5842,5842,3,NULL,"2026-01-19 08:57:06","2026-01-19 08:57:06",NULL
5843,5843,5843,3,NULL,"2026-01-19 08:57:06","2026-01-19 08:57:06",NULL
5844,5844,5844,3,NULL,"2026-01-19 08:57:06","2026-01-19 08:57:06",NULL
5845,5845,5845,3,NULL,"2026-01-19 08:57:06","2026-01-19 08:57:06",NULL
5846,5846,5846,3,NULL,"2026-01-19 08:57:06","2026-01-19 08:57:06",NULL
5847,5847,5847,3,NULL,"2026-01-19 08:57:06","2026-01-19 08:57:06",NULL
5848,5848,5848,3,NULL,"2026-01-19 08:57:06","2026-01-19 08:57:06",NULL
5849,5849,5849,3,NULL,"2026-01-19 08:57:06","2026-01-19 08:57:06",NULL
5850,5850,5850,3,NULL,"2026-01-19 08:57:06","2026-01-19 08:57:06",NULL
5851,5851,5851,3,NULL,"2026-01-19 08:57:06","2026-01-19 08:57:06",NULL
5852,5852,5852,3,NULL,"2026-01-19 08:57:06","2026-01-19 08:57:06",NULL
5853,5853,5853,3,NULL,"2026-01-19 08:57:06","2026-01-19 08:57:06",NULL
5854,5854,5854,3,NULL,"2026-01-19 08:57:06","2026-01-19 08:57:06",NULL
5855,5855,5855,3,NULL,"2026-01-19 08:57:06","2026-01-19 08:57:06",NULL
5856,5856,5856,3,NULL,"2026-01-19 08:57:06","2026-01-19 08:57:06",NULL
5857,5857,5857,3,NULL,"2026-01-19 08:57:06","2026-01-19 08:57:06",NULL
5858,5858,5858,3,NULL,"2026-01-19 08:57:06","2026-01-19 08:57:06",NULL
5859,5859,5859,3,NULL,"2026-01-19 08:57:06","2026-01-19 08:57:06",NULL
5860,5860,5860,3,NULL,"2026-01-19 08:57:06","2026-01-19 08:57:06",NULL
5861,5861,5861,3,NULL,"2026-01-19 08:57:06","2026-01-19 08:57:06",NULL
5862,5862,5862,3,NULL,"2026-01-19 08:57:06","2026-01-19 08:57:06",NULL
5863,5863,5863,3,NULL,"2026-01-19 08:57:06","2026-01-19 08:57:06",NULL
5864,5864,5864,3,NULL,"2026-01-19 08:57:06","2026-01-19 08:57:06",NULL
5865,5865,5865,3,NULL,"2026-01-19 08:57:06","2026-01-19 08:57:06",NULL
5866,5866,5866,3,NULL,"2026-01-19 08:57:06","2026-01-19 08:57:06",NULL
5867,5867,5867,3,NULL,"2026-01-19 08:57:06","2026-01-19 08:57:06",NULL
5868,5868,5868,3,NULL,"2026-01-19 08:57:06","2026-01-19 08:57:06",NULL
5869,5869,5869,3,NULL,"2026-01-19 08:57:06","2026-01-19 08:57:06",NULL
5870,5870,5870,3,NULL,"2026-01-19 08:57:06","2026-01-19 08:57:06",NULL
5871,5871,5871,3,NULL,"2026-01-19 08:57:06","2026-01-19 08:57:06",NULL
5872,5872,5872,3,NULL,"2026-01-19 08:57:06","2026-01-19 08:57:06",NULL
5873,5873,5873,3,NULL,"2026-01-19 08:57:06","2026-01-19 08:57:06",NULL
5874,5874,5874,3,NULL,"2026-01-19 08:57:06","2026-01-19 08:57:06",NULL
5875,5875,5875,3,NULL,"2026-01-19 08:57:06","2026-01-19 08:57:06",NULL
5876,5876,5876,3,NULL,"2026-01-19 08:57:06","2026-01-19 08:57:06",NULL
5877,5877,5877,3,NULL,"2026-01-19 08:57:06","2026-01-19 08:57:06",NULL
5878,5878,5878,3,NULL,"2026-01-19 08:57:06","2026-01-19 08:57:06",NULL
5879,5879,5879,3,NULL,"2026-01-19 08:57:06","2026-01-19 08:57:06",NULL
5880,5880,5880,3,NULL,"2026-01-19 08:57:06","2026-01-19 08:57:06",NULL
5881,5881,5881,3,NULL,"2026-01-19 08:57:06","2026-01-19 08:57:06",NULL
5882,5882,5882,3,NULL,"2026-01-19 08:57:06","2026-01-19 08:57:06",NULL
5883,5883,5883,3,NULL,"2026-01-19 08:57:06","2026-01-19 08:57:06",NULL
5884,5884,5884,3,NULL,"2026-01-19 08:57:06","2026-01-19 08:57:06",NULL
5885,5885,5885,3,NULL,"2026-01-19 08:57:06","2026-01-19 08:57:06",NULL
5886,5886,5886,3,NULL,"2026-01-19 08:57:06","2026-01-19 08:57:06",NULL
5887,5887,5887,3,NULL,"2026-01-19 08:57:06","2026-01-19 08:57:06",NULL
5888,5888,5888,3,NULL,"2026-01-19 08:57:06","2026-01-19 08:57:06",NULL
5889,5889,5889,3,NULL,"2026-01-19 08:57:06","2026-01-19 08:57:06",NULL
5890,5890,5890,3,NULL,"2026-01-19 08:57:06","2026-01-19 08:57:06",NULL
5891,5891,5891,3,NULL,"2026-01-19 08:57:06","2026-01-19 08:57:06",NULL
5892,5892,5892,3,NULL,"2026-01-19 08:57:06","2026-01-19 08:57:06",NULL
5893,5893,5893,3,NULL,"2026-01-19 08:57:06","2026-01-19 08:57:06",NULL
5894,5894,5894,3,NULL,"2026-01-19 08:57:06","2026-01-19 08:57:06",NULL
5895,5895,5895,3,NULL,"2026-01-19 08:57:06","2026-01-19 08:57:06",NULL
5896,5896,5896,3,NULL,"2026-01-19 08:57:06","2026-01-19 08:57:06",NULL
5897,5897,5897,3,NULL,"2026-01-19 08:57:06","2026-01-19 08:57:06",NULL
5898,5898,5898,3,NULL,"2026-01-19 08:57:06","2026-01-19 08:57:06",NULL
5899,5899,5899,3,NULL,"2026-01-19 08:57:06","2026-01-19 08:57:06",NULL
5900,5900,5900,3,NULL,"2026-01-19 08:57:06","2026-01-19 08:57:06",NULL
5901,5901,5901,3,NULL,"2026-01-19 08:57:06","2026-01-19 08:57:06",NULL
5902,5902,5902,3,NULL,"2026-01-19 08:57:06","2026-01-19 08:57:06",NULL
5903,5903,5903,3,NULL,"2026-01-19 08:57:06","2026-01-19 08:57:06",NULL
5904,5904,5904,3,NULL,"2026-01-19 08:57:06","2026-01-19 08:57:06",NULL
5905,5905,5905,3,NULL,"2026-01-19 08:57:06","2026-01-19 08:57:06",NULL
5906,5906,5906,3,NULL,"2026-01-19 08:57:06","2026-01-19 08:57:06",NULL
5907,5907,5907,3,NULL,"2026-01-19 08:57:06","2026-01-19 08:57:06",NULL
5908,5908,5908,3,NULL,"2026-01-19 08:57:06","2026-01-19 08:57:06",NULL
5909,5909,5909,3,NULL,"2026-01-19 08:57:06","2026-01-19 08:57:06",NULL
5910,5910,5910,3,NULL,"2026-01-19 08:57:06","2026-01-19 08:57:06",NULL
5911,5911,5911,3,NULL,"2026-01-19 08:57:06","2026-01-19 08:57:06",NULL
5912,5912,5912,3,NULL,"2026-01-19 08:57:06","2026-01-19 08:57:06",NULL
5913,5913,5913,3,NULL,"2026-01-19 08:57:06","2026-01-19 08:57:06",NULL
5914,5914,5914,3,NULL,"2026-01-19 08:57:06","2026-01-19 08:57:06",NULL
5915,5915,5915,3,NULL,"2026-01-19 08:57:06","2026-01-19 08:57:06",NULL
5916,5916,5916,3,NULL,"2026-01-19 08:57:06","2026-01-19 08:57:06",NULL
5917,5917,5917,3,NULL,"2026-01-19 08:57:06","2026-01-19 08:57:06",NULL
5918,5918,5918,3,NULL,"2026-01-19 08:57:06","2026-01-19 08:57:06",NULL
5919,5919,5919,3,NULL,"2026-01-19 08:57:06","2026-01-19 08:57:06",NULL
5920,5920,5920,3,NULL,"2026-01-19 08:57:06","2026-01-19 08:57:06",NULL
5921,5921,5921,3,NULL,"2026-01-19 08:57:06","2026-01-19 08:57:06",NULL
5922,5922,5922,3,NULL,"2026-01-19 08:57:06","2026-01-19 08:57:06",NULL
5923,5923,5923,3,NULL,"2026-01-19 08:57:06","2026-01-19 08:57:06",NULL
5924,5924,5924,3,NULL,"2026-01-19 08:57:07","2026-01-19 08:57:07",NULL
5925,5925,5925,3,NULL,"2026-01-19 08:57:07","2026-01-19 08:57:07",NULL
5926,5926,5926,3,NULL,"2026-01-19 08:57:07","2026-01-19 08:57:07",NULL
5927,5927,5927,3,NULL,"2026-01-19 08:57:07","2026-01-19 08:57:07",NULL
5928,5928,5928,3,NULL,"2026-01-19 08:57:07","2026-01-19 08:57:07",NULL
5929,5929,5929,3,NULL,"2026-01-19 08:57:07","2026-01-19 08:57:07",NULL
5930,5930,5930,3,NULL,"2026-01-19 08:57:07","2026-01-19 08:57:07",NULL
5931,5931,5931,3,NULL,"2026-01-19 08:57:07","2026-01-19 08:57:07",NULL
5932,5932,5932,3,NULL,"2026-01-19 08:57:07","2026-01-19 08:57:07",NULL
5933,5933,5933,3,NULL,"2026-01-19 08:57:07","2026-01-19 08:57:07",NULL
5934,5934,5934,3,NULL,"2026-01-19 08:57:07","2026-01-19 08:57:07",NULL
5935,5935,5935,3,NULL,"2026-01-19 08:57:07","2026-01-19 08:57:07",NULL
5936,5936,5936,3,NULL,"2026-01-19 08:57:07","2026-01-19 08:57:07",NULL
5937,5937,5937,3,NULL,"2026-01-19 08:57:07","2026-01-19 08:57:07",NULL
5938,5938,5938,3,NULL,"2026-01-19 08:57:07","2026-01-19 08:57:07",NULL
5939,5939,5939,3,NULL,"2026-01-19 08:57:07","2026-01-19 08:57:07",NULL
5940,5940,5940,3,NULL,"2026-01-19 08:57:07","2026-01-19 08:57:07",NULL
5941,5941,5941,3,NULL,"2026-01-19 08:57:07","2026-01-19 08:57:07",NULL
5942,5942,5942,3,NULL,"2026-01-19 08:57:07","2026-01-19 08:57:07",NULL
5943,5943,5943,3,NULL,"2026-01-19 08:57:07","2026-01-19 08:57:07",NULL
5944,5944,5944,3,NULL,"2026-01-19 08:57:07","2026-01-19 08:57:07",NULL
5945,5945,5945,3,NULL,"2026-01-19 08:57:07","2026-01-19 08:57:07",NULL
5946,5946,5946,3,NULL,"2026-01-19 08:57:07","2026-01-19 08:57:07",NULL
5947,5947,5947,3,NULL,"2026-01-19 08:57:07","2026-01-19 08:57:07",NULL
5948,5948,5948,3,NULL,"2026-01-19 08:57:07","2026-01-19 08:57:07",NULL
5949,5949,5949,3,NULL,"2026-01-19 08:57:07","2026-01-19 08:57:07",NULL
5950,5950,5950,3,NULL,"2026-01-19 08:57:07","2026-01-19 08:57:07",NULL
5951,5951,5951,3,NULL,"2026-01-19 08:57:07","2026-01-19 08:57:07",NULL
5952,5952,5952,3,NULL,"2026-01-19 08:57:07","2026-01-19 08:57:07",NULL
5953,5953,5953,3,NULL,"2026-01-19 08:57:07","2026-01-19 08:57:07",NULL
5954,5954,5954,3,NULL,"2026-01-19 08:57:07","2026-01-19 08:57:07",NULL
5955,5955,5955,3,NULL,"2026-01-19 08:57:07","2026-01-19 08:57:07",NULL
5956,5956,5956,3,NULL,"2026-01-19 08:57:07","2026-01-19 08:57:07",NULL
5957,5957,5957,3,NULL,"2026-01-19 08:57:07","2026-01-19 08:57:07",NULL
5958,5958,5958,3,NULL,"2026-01-19 08:57:07","2026-01-19 08:57:07",NULL
5959,5959,5959,3,NULL,"2026-01-19 08:57:07","2026-01-19 08:57:07",NULL
5960,5960,5960,3,NULL,"2026-01-19 08:57:07","2026-01-19 08:57:07",NULL
5961,5961,5961,3,NULL,"2026-01-19 08:57:07","2026-01-19 08:57:07",NULL
5962,5962,5962,3,NULL,"2026-01-19 08:57:07","2026-01-19 08:57:07",NULL
5963,5963,5963,3,NULL,"2026-01-19 08:57:07","2026-01-19 08:57:07",NULL
5964,5964,5964,3,NULL,"2026-01-19 08:57:07","2026-01-19 08:57:07",NULL
5965,5965,5965,3,NULL,"2026-01-19 08:57:07","2026-01-19 08:57:07",NULL
5966,5966,5966,3,NULL,"2026-01-19 08:57:07","2026-01-19 08:57:07",NULL
5967,5967,5967,3,NULL,"2026-01-19 08:57:07","2026-01-19 08:57:07",NULL
5968,5968,5968,3,NULL,"2026-01-19 08:57:07","2026-01-19 08:57:07",NULL
5969,5969,5969,3,NULL,"2026-01-19 08:57:07","2026-01-19 08:57:07",NULL
5970,5970,5970,3,NULL,"2026-01-19 08:57:07","2026-01-19 08:57:07",NULL
5971,5971,5971,3,NULL,"2026-01-19 08:57:07","2026-01-19 08:57:07",NULL
5972,5972,5972,3,NULL,"2026-01-19 08:57:07","2026-01-19 08:57:07",NULL
5973,5973,5973,3,NULL,"2026-01-19 08:57:07","2026-01-19 08:57:07",NULL
5974,5974,5974,3,NULL,"2026-01-19 08:57:07","2026-01-19 08:57:07",NULL
5975,5975,5975,3,NULL,"2026-01-19 08:57:07","2026-01-19 08:57:07",NULL
5976,5976,5976,3,NULL,"2026-01-19 08:57:07","2026-01-19 08:57:07",NULL
5977,5977,5977,3,NULL,"2026-01-19 08:57:07","2026-01-19 08:57:07",NULL
5978,5978,5978,3,NULL,"2026-01-19 08:57:07","2026-01-19 08:57:07",NULL
5979,5979,5979,3,NULL,"2026-01-19 08:57:07","2026-01-19 08:57:07",NULL
5980,5980,5980,3,NULL,"2026-01-19 08:57:07","2026-01-19 08:57:07",NULL
5981,5981,5981,3,NULL,"2026-01-19 08:57:07","2026-01-19 08:57:07",NULL
5982,5982,5982,3,NULL,"2026-01-19 08:57:07","2026-01-19 08:57:07",NULL
5983,5983,5983,3,NULL,"2026-01-19 08:57:07","2026-01-19 08:57:07",NULL
5984,5984,5984,3,NULL,"2026-01-19 08:57:07","2026-01-19 08:57:07",NULL
5985,5985,5985,3,NULL,"2026-01-19 08:57:07","2026-01-19 08:57:07",NULL
5986,5986,5986,3,NULL,"2026-01-19 08:57:07","2026-01-19 08:57:07",NULL
5987,5987,5987,3,NULL,"2026-01-19 08:57:07","2026-01-19 08:57:07",NULL
5988,5988,5988,3,NULL,"2026-01-19 08:57:07","2026-01-19 08:57:07",NULL
5989,5989,5989,3,NULL,"2026-01-19 08:57:07","2026-01-19 08:57:07",NULL
5990,5990,5990,3,NULL,"2026-01-19 08:57:07","2026-01-19 08:57:07",NULL
5991,5991,5991,3,NULL,"2026-01-19 08:57:07","2026-01-19 08:57:07",NULL
5992,5992,5992,3,NULL,"2026-01-19 08:57:07","2026-01-19 08:57:07",NULL
5993,5993,5993,3,NULL,"2026-01-19 08:57:07","2026-01-19 08:57:07",NULL
5994,5994,5994,3,NULL,"2026-01-19 08:57:07","2026-01-19 08:57:07",NULL
5995,5995,5995,3,NULL,"2026-01-19 08:57:07","2026-01-19 08:57:07",NULL
5996,5996,5996,3,NULL,"2026-01-19 08:57:07","2026-01-19 08:57:07",NULL
5997,5997,5997,3,NULL,"2026-01-19 08:57:07","2026-01-19 08:57:07",NULL
5998,5998,5998,3,NULL,"2026-01-19 08:57:07","2026-01-19 08:57:07",NULL
5999,5999,5999,3,NULL,"2026-01-19 08:57:07","2026-01-19 08:57:07",NULL
6000,6000,6000,3,NULL,"2026-01-19 08:57:07","2026-01-19 08:57:07",NULL
6001,6001,6001,3,NULL,"2026-01-19 08:57:07","2026-01-19 08:57:07",NULL
6002,6002,6002,3,NULL,"2026-01-19 08:57:07","2026-01-19 08:57:07",NULL
6003,6003,6003,3,NULL,"2026-01-19 08:57:07","2026-01-19 08:57:07",NULL
6004,6004,6004,3,NULL,"2026-01-19 08:57:07","2026-01-19 08:57:07",NULL
6005,6005,6005,3,NULL,"2026-01-19 08:57:07","2026-01-19 08:57:07",NULL
6006,6006,6006,3,NULL,"2026-01-19 08:57:07","2026-01-19 08:57:07",NULL
6007,6007,6007,3,NULL,"2026-01-19 08:57:07","2026-01-19 08:57:07",NULL
6008,6008,6008,3,NULL,"2026-01-19 08:57:07","2026-01-19 08:57:07",NULL
6009,6009,6009,3,NULL,"2026-01-19 08:57:07","2026-01-19 08:57:07",NULL
6010,6010,6010,3,NULL,"2026-01-19 08:57:07","2026-01-19 08:57:07",NULL
6011,6011,6011,3,NULL,"2026-01-19 08:57:07","2026-01-19 08:57:07",NULL
6012,6012,6012,3,NULL,"2026-01-19 08:57:07","2026-01-19 08:57:07",NULL
6013,6013,6013,3,NULL,"2026-01-19 08:57:07","2026-01-19 08:57:07",NULL
6014,6014,6014,3,NULL,"2026-01-19 08:57:07","2026-01-19 08:57:07",NULL
6015,6015,6015,3,NULL,"2026-01-19 08:57:07","2026-01-19 08:57:07",NULL
6016,6016,6016,3,NULL,"2026-01-19 08:57:07","2026-01-19 08:57:07",NULL
6017,6017,6017,3,NULL,"2026-01-19 08:57:07","2026-01-19 08:57:07",NULL
6018,6018,6018,3,NULL,"2026-01-19 08:57:07","2026-01-19 08:57:07",NULL
6019,6019,6019,3,NULL,"2026-01-19 08:57:07","2026-01-19 08:57:07",NULL
6020,6020,6020,3,NULL,"2026-01-19 08:57:07","2026-01-19 08:57:07",NULL
6021,6021,6021,3,NULL,"2026-01-19 08:57:07","2026-01-19 08:57:07",NULL
6022,6022,6022,3,NULL,"2026-01-19 08:57:07","2026-01-19 08:57:07",NULL
6023,6023,6023,3,NULL,"2026-01-19 08:57:07","2026-01-19 08:57:07",NULL
6024,6024,6024,3,NULL,"2026-01-19 08:57:07","2026-01-19 08:57:07",NULL
6025,6025,6025,3,NULL,"2026-01-19 08:57:07","2026-01-19 08:57:07",NULL
6026,6026,6026,3,NULL,"2026-01-19 08:57:07","2026-01-19 08:57:07",NULL
6027,6027,6027,3,NULL,"2026-01-19 08:57:07","2026-01-19 08:57:07",NULL
6028,6028,6028,3,NULL,"2026-01-19 08:57:07","2026-01-19 08:57:07",NULL
6029,6029,6029,3,NULL,"2026-01-19 08:57:07","2026-01-19 08:57:07",NULL
6030,6030,6030,3,NULL,"2026-01-19 08:57:07","2026-01-19 08:57:07",NULL
6031,6031,6031,3,NULL,"2026-01-19 08:57:07","2026-01-19 08:57:07",NULL
6032,6032,6032,3,NULL,"2026-01-19 08:57:07","2026-01-19 08:57:07",NULL
6033,6033,6033,3,NULL,"2026-01-19 08:57:07","2026-01-19 08:57:07",NULL
6034,6034,6034,3,NULL,"2026-01-19 08:57:07","2026-01-19 08:57:07",NULL
6035,6035,6035,3,NULL,"2026-01-19 08:57:07","2026-01-19 08:57:07",NULL
6036,6036,6036,3,NULL,"2026-01-19 08:57:07","2026-01-19 08:57:07",NULL
6037,6037,6037,3,NULL,"2026-01-19 08:57:07","2026-01-19 08:57:07",NULL
6038,6038,6038,3,NULL,"2026-01-19 08:57:07","2026-01-19 08:57:07",NULL
6039,6039,6039,3,NULL,"2026-01-19 08:57:07","2026-01-19 08:57:07",NULL
6040,6040,6040,3,NULL,"2026-01-19 08:57:07","2026-01-19 08:57:07",NULL
6041,6041,6041,3,NULL,"2026-01-19 08:57:07","2026-01-19 08:57:07",NULL
6042,6042,6042,3,NULL,"2026-01-19 08:57:07","2026-01-19 08:57:07",NULL
6043,6043,6043,3,NULL,"2026-01-19 08:57:07","2026-01-19 08:57:07",NULL
6044,6044,6044,3,NULL,"2026-01-19 08:57:07","2026-01-19 08:57:07",NULL
6045,6045,6045,3,NULL,"2026-01-19 08:57:07","2026-01-19 08:57:07",NULL
6046,6046,6046,3,NULL,"2026-01-19 08:57:07","2026-01-19 08:57:07",NULL
6047,6047,6047,3,NULL,"2026-01-19 08:57:07","2026-01-19 08:57:07",NULL
6048,6048,6048,3,NULL,"2026-01-19 08:57:07","2026-01-19 08:57:07",NULL
6049,6049,6049,3,NULL,"2026-01-19 08:57:07","2026-01-19 08:57:07",NULL
6050,6050,6050,3,NULL,"2026-01-19 08:57:07","2026-01-19 08:57:07",NULL
6051,6051,6051,3,NULL,"2026-01-19 08:57:07","2026-01-19 08:57:07",NULL
6052,6052,6052,3,NULL,"2026-01-19 08:57:07","2026-01-19 08:57:07",NULL
6053,6053,6053,3,NULL,"2026-01-19 08:57:07","2026-01-19 08:57:07",NULL
6054,6054,6054,3,NULL,"2026-01-19 08:57:07","2026-01-19 08:57:07",NULL
6055,6055,6055,3,NULL,"2026-01-19 08:57:07","2026-01-19 08:57:07",NULL
6056,6056,6056,3,NULL,"2026-01-19 08:57:07","2026-01-19 08:57:07",NULL
6057,6057,6057,3,NULL,"2026-01-19 08:57:07","2026-01-19 08:57:07",NULL
6058,6058,6058,3,NULL,"2026-01-19 08:57:07","2026-01-19 08:57:07",NULL
6059,6059,6059,3,NULL,"2026-01-19 08:57:07","2026-01-19 08:57:07",NULL
6060,6060,6060,3,NULL,"2026-01-19 08:57:07","2026-01-19 08:57:07",NULL
6061,6061,6061,3,NULL,"2026-01-19 08:57:07","2026-01-19 08:57:07",NULL
6062,6062,6062,3,NULL,"2026-01-19 08:57:07","2026-01-19 08:57:07",NULL
6063,6063,6063,3,NULL,"2026-01-19 08:57:07","2026-01-19 08:57:07",NULL
6064,6064,6064,3,NULL,"2026-01-19 08:57:07","2026-01-19 08:57:07",NULL
6065,6065,6065,3,NULL,"2026-01-19 08:57:07","2026-01-19 08:57:07",NULL
6066,6066,6066,3,NULL,"2026-01-19 08:57:07","2026-01-19 08:57:07",NULL
6067,6067,6067,3,NULL,"2026-01-19 08:57:07","2026-01-19 08:57:07",NULL
6068,6068,6068,3,NULL,"2026-01-19 08:57:07","2026-01-19 08:57:07",NULL
6069,6069,6069,3,NULL,"2026-01-19 08:57:07","2026-01-19 08:57:07",NULL
6070,6070,6070,3,NULL,"2026-01-19 08:57:07","2026-01-19 08:57:07",NULL
6071,6071,6071,3,NULL,"2026-01-19 08:57:07","2026-01-19 08:57:07",NULL
6072,6072,6072,3,NULL,"2026-01-19 08:57:07","2026-01-19 08:57:07",NULL
6073,6073,6073,3,NULL,"2026-01-19 08:57:07","2026-01-19 08:57:07",NULL
6074,6074,6074,3,NULL,"2026-01-19 08:57:07","2026-01-19 08:57:07",NULL
6075,6075,6075,3,NULL,"2026-01-19 08:57:07","2026-01-19 08:57:07",NULL
6076,6076,6076,3,NULL,"2026-01-19 08:57:07","2026-01-19 08:57:07",NULL
6077,6077,6077,3,NULL,"2026-01-19 08:57:07","2026-01-19 08:57:07",NULL
6078,6078,6078,3,NULL,"2026-01-19 08:57:07","2026-01-19 08:57:07",NULL
6079,6079,6079,3,NULL,"2026-01-19 08:57:07","2026-01-19 08:57:07",NULL
6080,6080,6080,3,NULL,"2026-01-19 08:57:07","2026-01-19 08:57:07",NULL
6081,6081,6081,3,NULL,"2026-01-19 08:57:07","2026-01-19 08:57:07",NULL
6082,6082,6082,3,NULL,"2026-01-19 08:57:07","2026-01-19 08:57:07",NULL
6083,6083,6083,3,NULL,"2026-01-19 08:57:07","2026-01-19 08:57:07",NULL
6084,6084,6084,3,NULL,"2026-01-19 08:57:07","2026-01-19 08:57:07",NULL
6085,6085,6085,3,NULL,"2026-01-19 08:57:07","2026-01-19 08:57:07",NULL
6086,6086,6086,3,NULL,"2026-01-19 08:57:07","2026-01-19 08:57:07",NULL
6087,6087,6087,3,NULL,"2026-01-19 08:57:07","2026-01-19 08:57:07",NULL
6088,6088,6088,3,NULL,"2026-01-19 08:57:07","2026-01-19 08:57:07",NULL
6089,6089,6089,3,NULL,"2026-01-19 08:57:07","2026-01-19 08:57:07",NULL
6090,6090,6090,3,NULL,"2026-01-19 08:57:07","2026-01-19 08:57:07",NULL
6091,6091,6091,3,NULL,"2026-01-19 08:57:07","2026-01-19 08:57:07",NULL
6092,6092,6092,3,NULL,"2026-01-19 08:57:07","2026-01-19 08:57:07",NULL
6093,6093,6093,3,NULL,"2026-01-19 08:57:07","2026-01-19 08:57:07",NULL
6094,6094,6094,3,NULL,"2026-01-19 08:57:07","2026-01-19 08:57:07",NULL
6095,6095,6095,3,NULL,"2026-01-19 08:57:07","2026-01-19 08:57:07",NULL
6096,6096,6096,3,NULL,"2026-01-19 08:57:07","2026-01-19 08:57:07",NULL
6097,6097,6097,3,NULL,"2026-01-19 08:57:07","2026-01-19 08:57:07",NULL
6098,6098,6098,3,NULL,"2026-01-19 08:57:07","2026-01-19 08:57:07",NULL
6099,6099,6099,3,NULL,"2026-01-19 08:57:07","2026-01-19 08:57:07",NULL
6100,6100,6100,3,NULL,"2026-01-19 08:57:07","2026-01-19 08:57:07",NULL
6101,6101,6101,3,NULL,"2026-01-19 08:57:07","2026-01-19 08:57:07",NULL
6102,6102,6102,3,NULL,"2026-01-19 08:57:07","2026-01-19 08:57:07",NULL
6103,6103,6103,3,NULL,"2026-01-19 08:57:07","2026-01-19 08:57:07",NULL
6104,6104,6104,3,NULL,"2026-01-19 08:57:07","2026-01-19 08:57:07",NULL
6105,6105,6105,3,NULL,"2026-01-19 08:57:07","2026-01-19 08:57:07",NULL
6106,6106,6106,3,NULL,"2026-01-19 08:57:07","2026-01-19 08:57:07",NULL
6107,6107,6107,3,NULL,"2026-01-19 08:57:07","2026-01-19 08:57:07",NULL
6108,6108,6108,3,NULL,"2026-01-19 08:57:07","2026-01-19 08:57:07",NULL
6109,6109,6109,3,NULL,"2026-01-19 08:57:07","2026-01-19 08:57:07",NULL
6110,6110,6110,3,NULL,"2026-01-19 08:57:07","2026-01-19 08:57:07",NULL
6111,6111,6111,3,NULL,"2026-01-19 08:57:07","2026-01-19 08:57:07",NULL
6112,6112,6112,3,NULL,"2026-01-19 08:57:07","2026-01-19 08:57:07",NULL
6113,6113,6113,3,NULL,"2026-01-19 08:57:07","2026-01-19 08:57:07",NULL
6114,6114,6114,3,NULL,"2026-01-19 08:57:07","2026-01-19 08:57:07",NULL
6115,6115,6115,3,NULL,"2026-01-19 08:57:07","2026-01-19 08:57:07",NULL
6116,6116,6116,3,NULL,"2026-01-19 08:57:07","2026-01-19 08:57:07",NULL
6117,6117,6117,3,NULL,"2026-01-19 08:57:07","2026-01-19 08:57:07",NULL
6118,6118,6118,3,NULL,"2026-01-19 08:57:07","2026-01-19 08:57:07",NULL
6119,6119,6119,3,NULL,"2026-01-19 08:57:07","2026-01-19 08:57:07",NULL
6120,6120,6120,3,NULL,"2026-01-19 08:57:07","2026-01-19 08:57:07",NULL
6121,6121,6121,3,NULL,"2026-01-19 08:57:07","2026-01-19 08:57:07",NULL
6122,6122,6122,3,NULL,"2026-01-19 08:57:07","2026-01-19 08:57:07",NULL
6123,6123,6123,3,NULL,"2026-01-19 08:57:07","2026-01-19 08:57:07",NULL
6124,6124,6124,3,NULL,"2026-01-19 08:57:07","2026-01-19 08:57:07",NULL
6125,6125,6125,3,NULL,"2026-01-19 08:57:07","2026-01-19 08:57:07",NULL
6126,6126,6126,3,NULL,"2026-01-19 08:57:07","2026-01-19 08:57:07",NULL
6127,6127,6127,3,NULL,"2026-01-19 08:57:07","2026-01-19 08:57:07",NULL
6128,6128,6128,3,NULL,"2026-01-19 08:57:07","2026-01-19 08:57:07",NULL
6129,6129,6129,3,NULL,"2026-01-19 08:57:07","2026-01-19 08:57:07",NULL
6130,6130,6130,3,NULL,"2026-01-19 08:57:07","2026-01-19 08:57:07",NULL
6131,6131,6131,3,NULL,"2026-01-19 08:57:07","2026-01-19 08:57:07",NULL
6132,6132,6132,3,NULL,"2026-01-19 08:57:07","2026-01-19 08:57:07",NULL
6133,6133,6133,3,NULL,"2026-01-19 08:57:07","2026-01-19 08:57:07",NULL
6134,6134,6134,3,NULL,"2026-01-19 08:57:07","2026-01-19 08:57:07",NULL
6135,6135,6135,3,NULL,"2026-01-19 08:57:07","2026-01-19 08:57:07",NULL
6136,6136,6136,3,NULL,"2026-01-19 08:57:07","2026-01-19 08:57:07",NULL
6137,6137,6137,3,NULL,"2026-01-19 08:57:07","2026-01-19 08:57:07",NULL
6138,6138,6138,3,NULL,"2026-01-19 08:57:07","2026-01-19 08:57:07",NULL
6139,6139,6139,3,NULL,"2026-01-19 08:57:07","2026-01-19 08:57:07",NULL
6140,6140,6140,3,NULL,"2026-01-19 08:57:07","2026-01-19 08:57:07",NULL
6141,6141,6141,3,NULL,"2026-01-19 08:57:07","2026-01-19 08:57:07",NULL
6142,6142,6142,3,NULL,"2026-01-19 08:57:07","2026-01-19 08:57:07",NULL
6143,6143,6143,3,NULL,"2026-01-19 08:57:07","2026-01-19 08:57:07",NULL
6144,6144,6144,3,NULL,"2026-01-19 08:57:07","2026-01-19 08:57:07",NULL
6145,6145,6145,3,NULL,"2026-01-19 08:57:07","2026-01-19 08:57:07",NULL
6146,6146,6146,3,NULL,"2026-01-19 08:57:07","2026-01-19 08:57:07",NULL
6147,6147,6147,3,NULL,"2026-01-19 08:57:07","2026-01-19 08:57:07",NULL
6148,6148,6148,3,NULL,"2026-01-19 08:57:07","2026-01-19 08:57:07",NULL
6149,6149,6149,3,NULL,"2026-01-19 08:57:07","2026-01-19 08:57:07",NULL
6150,6150,6150,3,NULL,"2026-01-19 08:57:07","2026-01-19 08:57:07",NULL
6151,6151,6151,3,NULL,"2026-01-19 08:57:07","2026-01-19 08:57:07",NULL
6152,6152,6152,3,NULL,"2026-01-19 08:57:07","2026-01-19 08:57:07",NULL
6153,6153,6153,3,NULL,"2026-01-19 08:57:07","2026-01-19 08:57:07",NULL
6154,6154,6154,3,NULL,"2026-01-19 08:57:07","2026-01-19 08:57:07",NULL
6155,6155,6155,3,NULL,"2026-01-19 08:57:07","2026-01-19 08:57:07",NULL
6156,6156,6156,3,NULL,"2026-01-19 08:57:07","2026-01-19 08:57:07",NULL
6157,6157,6157,3,NULL,"2026-01-19 08:57:07","2026-01-19 08:57:07",NULL
6158,6158,6158,3,NULL,"2026-01-19 08:57:07","2026-01-19 08:57:07",NULL
6159,6159,6159,3,NULL,"2026-01-19 08:57:07","2026-01-19 08:57:07",NULL
6160,6160,6160,3,NULL,"2026-01-19 08:57:07","2026-01-19 08:57:07",NULL
6161,6161,6161,3,NULL,"2026-01-19 08:57:07","2026-01-19 08:57:07",NULL
6162,6162,6162,3,NULL,"2026-01-19 08:57:07","2026-01-19 08:57:07",NULL
6163,6163,6163,3,NULL,"2026-01-19 08:57:07","2026-01-19 08:57:07",NULL
6164,6164,6164,3,NULL,"2026-01-19 08:57:07","2026-01-19 08:57:07",NULL
6165,6165,6165,3,NULL,"2026-01-19 08:57:07","2026-01-19 08:57:07",NULL
6166,6166,6166,3,NULL,"2026-01-19 08:57:07","2026-01-19 08:57:07",NULL
6167,6167,6167,3,NULL,"2026-01-19 08:57:07","2026-01-19 08:57:07",NULL
6168,6168,6168,3,NULL,"2026-01-19 08:57:07","2026-01-19 08:57:07",NULL
6169,6169,6169,3,NULL,"2026-01-19 08:57:07","2026-01-19 08:57:07",NULL
6170,6170,6170,3,NULL,"2026-01-19 08:57:07","2026-01-19 08:57:07",NULL
6171,6171,6171,3,NULL,"2026-01-19 08:57:07","2026-01-19 08:57:07",NULL
6172,6172,6172,3,NULL,"2026-01-19 08:57:07","2026-01-19 08:57:07",NULL
6173,6173,6173,3,NULL,"2026-01-19 08:57:07","2026-01-19 08:57:07",NULL
6174,6174,6174,3,NULL,"2026-01-19 08:57:07","2026-01-19 08:57:07",NULL
6175,6175,6175,3,NULL,"2026-01-19 08:57:07","2026-01-19 08:57:07",NULL
6176,6176,6176,3,NULL,"2026-01-19 08:57:07","2026-01-19 08:57:07",NULL
6177,6177,6177,3,NULL,"2026-01-19 08:57:07","2026-01-19 08:57:07",NULL
6178,6178,6178,3,NULL,"2026-01-19 08:57:07","2026-01-19 08:57:07",NULL
6179,6179,6179,3,NULL,"2026-01-19 08:57:07","2026-01-19 08:57:07",NULL
6180,6180,6180,3,NULL,"2026-01-19 08:57:07","2026-01-19 08:57:07",NULL
6181,6181,6181,3,NULL,"2026-01-19 08:57:07","2026-01-19 08:57:07",NULL
6182,6182,6182,3,NULL,"2026-01-19 08:57:07","2026-01-19 08:57:07",NULL
6183,6183,6183,3,NULL,"2026-01-19 08:57:07","2026-01-19 08:57:07",NULL
6184,6184,6184,3,NULL,"2026-01-19 08:57:07","2026-01-19 08:57:07",NULL
6185,6185,6185,3,NULL,"2026-01-19 08:57:07","2026-01-19 08:57:07",NULL
6186,6186,6186,3,NULL,"2026-01-19 08:57:07","2026-01-19 08:57:07",NULL
6187,6187,6187,3,NULL,"2026-01-19 08:57:07","2026-01-19 08:57:07",NULL
6188,6188,6188,3,NULL,"2026-01-19 08:57:07","2026-01-19 08:57:07",NULL
6189,6189,6189,3,NULL,"2026-01-19 08:57:07","2026-01-19 08:57:07",NULL
6190,6190,6190,3,NULL,"2026-01-19 08:57:07","2026-01-19 08:57:07",NULL
6191,6191,6191,3,NULL,"2026-01-19 08:57:07","2026-01-19 08:57:07",NULL
6192,6192,6192,3,NULL,"2026-01-19 08:57:07","2026-01-19 08:57:07",NULL
6193,6193,6193,3,NULL,"2026-01-19 08:57:07","2026-01-19 08:57:07",NULL
6194,6194,6194,3,NULL,"2026-01-19 08:57:07","2026-01-19 08:57:07",NULL
6195,6195,6195,3,NULL,"2026-01-19 08:57:07","2026-01-19 08:57:07",NULL
6196,6196,6196,3,NULL,"2026-01-19 08:57:07","2026-01-19 08:57:07",NULL
6197,6197,6197,3,NULL,"2026-01-19 08:57:07","2026-01-19 08:57:07",NULL
6198,6198,6198,3,NULL,"2026-01-19 08:57:07","2026-01-19 08:57:07",NULL
6199,6199,6199,3,NULL,"2026-01-19 08:57:07","2026-01-19 08:57:07",NULL
6200,6200,6200,3,NULL,"2026-01-19 08:57:07","2026-01-19 08:57:07",NULL
6201,6201,6201,3,NULL,"2026-01-19 08:57:07","2026-01-19 08:57:07",NULL
6202,6202,6202,3,NULL,"2026-01-19 08:57:07","2026-01-19 08:57:07",NULL
6203,6203,6203,3,NULL,"2026-01-19 08:57:07","2026-01-19 08:57:07",NULL
6204,6204,6204,3,NULL,"2026-01-19 08:57:07","2026-01-19 08:57:07",NULL
6205,6205,6205,3,NULL,"2026-01-19 08:57:07","2026-01-19 08:57:07",NULL
6206,6206,6206,3,NULL,"2026-01-19 08:57:07","2026-01-19 08:57:07",NULL
6207,6207,6207,3,NULL,"2026-01-19 08:57:07","2026-01-19 08:57:07",NULL
6208,6208,6208,3,NULL,"2026-01-19 08:57:07","2026-01-19 08:57:07",NULL
6209,6209,6209,3,NULL,"2026-01-19 08:57:07","2026-01-19 08:57:07",NULL
6210,6210,6210,3,NULL,"2026-01-19 08:57:07","2026-01-19 08:57:07",NULL
6211,6211,6211,3,NULL,"2026-01-19 08:57:07","2026-01-19 08:57:07",NULL
6212,6212,6212,3,NULL,"2026-01-19 08:57:07","2026-01-19 08:57:07",NULL
6213,6213,6213,3,NULL,"2026-01-19 08:57:07","2026-01-19 08:57:07",NULL
6214,6214,6214,3,NULL,"2026-01-19 08:57:07","2026-01-19 08:57:07",NULL
6215,6215,6215,3,NULL,"2026-01-19 08:57:07","2026-01-19 08:57:07",NULL
6216,6216,6216,3,NULL,"2026-01-19 08:57:07","2026-01-19 08:57:07",NULL
6217,6217,6217,3,NULL,"2026-01-19 08:57:07","2026-01-19 08:57:07",NULL
6218,6218,6218,3,NULL,"2026-01-19 08:57:07","2026-01-19 08:57:07",NULL
6219,6219,6219,3,NULL,"2026-01-19 08:57:07","2026-01-19 08:57:07",NULL
6220,6220,6220,3,NULL,"2026-01-19 08:57:07","2026-01-19 08:57:07",NULL
6221,6221,6221,3,NULL,"2026-01-19 08:57:07","2026-01-19 08:57:07",NULL
6222,6222,6222,3,NULL,"2026-01-19 08:57:07","2026-01-19 08:57:07",NULL
6223,6223,6223,3,NULL,"2026-01-19 08:57:07","2026-01-19 08:57:07",NULL
6224,6224,6224,3,NULL,"2026-01-19 08:57:07","2026-01-19 08:57:07",NULL
6225,6225,6225,3,NULL,"2026-01-19 08:57:07","2026-01-19 08:57:07",NULL
6226,6226,6226,3,NULL,"2026-01-19 08:57:07","2026-01-19 08:57:07",NULL
6227,6227,6227,3,NULL,"2026-01-19 08:57:07","2026-01-19 08:57:07",NULL
6228,6228,6228,3,NULL,"2026-01-19 08:57:07","2026-01-19 08:57:07",NULL
6229,6229,6229,3,NULL,"2026-01-19 08:57:07","2026-01-19 08:57:07",NULL
6230,6230,6230,3,NULL,"2026-01-19 08:57:07","2026-01-19 08:57:07",NULL
6231,6231,6231,3,NULL,"2026-01-19 08:57:07","2026-01-19 08:57:07",NULL
6232,6232,6232,3,NULL,"2026-01-19 08:57:07","2026-01-19 08:57:07",NULL
6233,6233,6233,3,NULL,"2026-01-19 08:57:07","2026-01-19 08:57:07",NULL
6234,6234,6234,3,NULL,"2026-01-19 08:57:07","2026-01-19 08:57:07",NULL
6235,6235,6235,3,NULL,"2026-01-19 08:57:07","2026-01-19 08:57:07",NULL
6236,6236,6236,3,NULL,"2026-01-19 08:57:07","2026-01-19 08:57:07",NULL
6237,6237,6237,3,NULL,"2026-01-19 08:57:07","2026-01-19 08:57:07",NULL
6238,6238,6238,3,NULL,"2026-01-19 08:57:07","2026-01-19 08:57:07",NULL
6239,6239,6239,3,NULL,"2026-01-19 08:57:07","2026-01-19 08:57:07",NULL
6240,6240,6240,3,NULL,"2026-01-19 08:57:07","2026-01-19 08:57:07",NULL
6241,6241,6241,3,NULL,"2026-01-19 08:57:07","2026-01-19 08:57:07",NULL
6242,6242,6242,3,NULL,"2026-01-19 08:57:07","2026-01-19 08:57:07",NULL
6243,6243,6243,3,NULL,"2026-01-19 08:57:07","2026-01-19 08:57:07",NULL
6244,6244,6244,3,NULL,"2026-01-19 08:57:07","2026-01-19 08:57:07",NULL
6245,6245,6245,3,NULL,"2026-01-19 08:57:07","2026-01-19 08:57:07",NULL
6246,6246,6246,3,NULL,"2026-01-19 08:57:07","2026-01-19 08:57:07",NULL
6247,6247,6247,3,NULL,"2026-01-19 08:57:07","2026-01-19 08:57:07",NULL
6248,6248,6248,3,NULL,"2026-01-19 08:57:07","2026-01-19 08:57:07",NULL
6249,6249,6249,3,NULL,"2026-01-19 08:57:07","2026-01-19 08:57:07",NULL
6250,6250,6250,3,NULL,"2026-01-19 08:57:07","2026-01-19 08:57:07",NULL
6251,6251,6251,3,NULL,"2026-01-19 08:57:07","2026-01-19 08:57:07",NULL
6252,6252,6252,3,NULL,"2026-01-19 08:57:07","2026-01-19 08:57:07",NULL
6253,6253,6253,3,NULL,"2026-01-19 08:57:07","2026-01-19 08:57:07",NULL
6254,6254,6254,3,NULL,"2026-01-19 08:57:07","2026-01-19 08:57:07",NULL
6255,6255,6255,3,NULL,"2026-01-19 08:57:07","2026-01-19 08:57:07",NULL
6256,6256,6256,3,NULL,"2026-01-19 08:57:07","2026-01-19 08:57:07",NULL
6257,6257,6257,3,NULL,"2026-01-19 08:57:07","2026-01-19 08:57:07",NULL
6258,6258,6258,3,NULL,"2026-01-19 08:57:07","2026-01-19 08:57:07",NULL
6259,6259,6259,3,NULL,"2026-01-19 08:57:07","2026-01-19 08:57:07",NULL
6260,6260,6260,3,NULL,"2026-01-19 08:57:07","2026-01-19 08:57:07",NULL
6261,6261,6261,3,NULL,"2026-01-19 08:57:07","2026-01-19 08:57:07",NULL
6262,6262,6262,3,NULL,"2026-01-19 08:57:07","2026-01-19 08:57:07",NULL
6263,6263,6263,3,NULL,"2026-01-19 08:57:07","2026-01-19 08:57:07",NULL
6264,6264,6264,3,NULL,"2026-01-19 08:57:07","2026-01-19 08:57:07",NULL
6265,6265,6265,3,NULL,"2026-01-19 08:57:07","2026-01-19 08:57:07",NULL
6266,6266,6266,3,NULL,"2026-01-19 08:57:07","2026-01-19 08:57:07",NULL
6267,6267,6267,3,NULL,"2026-01-19 08:57:07","2026-01-19 08:57:07",NULL
6268,6268,6268,3,NULL,"2026-01-19 08:57:07","2026-01-19 08:57:07",NULL
6269,6269,6269,3,NULL,"2026-01-19 08:57:07","2026-01-19 08:57:07",NULL
6270,6270,6270,3,NULL,"2026-01-19 08:57:07","2026-01-19 08:57:07",NULL
6271,6271,6271,3,NULL,"2026-01-19 08:57:07","2026-01-19 08:57:07",NULL
6272,6272,6272,3,NULL,"2026-01-19 08:57:07","2026-01-19 08:57:07",NULL
6273,6273,6273,3,NULL,"2026-01-19 08:57:07","2026-01-19 08:57:07",NULL
6274,6274,6274,3,NULL,"2026-01-19 08:57:07","2026-01-19 08:57:07",NULL
6275,6275,6275,3,NULL,"2026-01-19 08:57:07","2026-01-19 08:57:07",NULL
6276,6276,6276,3,NULL,"2026-01-19 08:57:07","2026-01-19 08:57:07",NULL
6277,6277,6277,3,NULL,"2026-01-19 08:57:07","2026-01-19 08:57:07",NULL
6278,6278,6278,3,NULL,"2026-01-19 08:57:07","2026-01-19 08:57:07",NULL
6279,6279,6279,3,NULL,"2026-01-19 08:57:07","2026-01-19 08:57:07",NULL
6280,6280,6280,3,NULL,"2026-01-19 08:57:07","2026-01-19 08:57:07",NULL
6281,6281,6281,3,NULL,"2026-01-19 08:57:07","2026-01-19 08:57:07",NULL
6282,6282,6282,3,NULL,"2026-01-19 08:57:07","2026-01-19 08:57:07",NULL
6283,6283,6283,3,NULL,"2026-01-19 08:57:08","2026-01-19 08:57:08",NULL
6284,6284,6284,3,NULL,"2026-01-19 08:57:08","2026-01-19 08:57:08",NULL
6285,6285,6285,3,NULL,"2026-01-19 08:57:08","2026-01-19 08:57:08",NULL
6286,6286,6286,3,NULL,"2026-01-19 08:57:08","2026-01-19 08:57:08",NULL
6287,6287,6287,3,NULL,"2026-01-19 08:57:08","2026-01-19 08:57:08",NULL
6288,6288,6288,3,NULL,"2026-01-19 08:57:08","2026-01-19 08:57:08",NULL
6289,6289,6289,3,NULL,"2026-01-19 08:57:08","2026-01-19 08:57:08",NULL
6290,6290,6290,3,NULL,"2026-01-19 08:57:08","2026-01-19 08:57:08",NULL
6291,6291,6291,3,NULL,"2026-01-19 08:57:08","2026-01-19 08:57:08",NULL
6292,6292,6292,3,NULL,"2026-01-19 08:57:08","2026-01-19 08:57:08",NULL
6293,6293,6293,3,NULL,"2026-01-19 08:57:08","2026-01-19 08:57:08",NULL
6294,6294,6294,3,NULL,"2026-01-19 08:57:08","2026-01-19 08:57:08",NULL
6295,6295,6295,3,NULL,"2026-01-19 08:57:08","2026-01-19 08:57:08",NULL
6296,6296,6296,3,NULL,"2026-01-19 08:57:08","2026-01-19 08:57:08",NULL
6297,6297,6297,3,NULL,"2026-01-19 08:57:08","2026-01-19 08:57:08",NULL
6298,6298,6298,3,NULL,"2026-01-19 08:57:08","2026-01-19 08:57:08",NULL
6299,6299,6299,3,NULL,"2026-01-19 08:57:08","2026-01-19 08:57:08",NULL
6300,6300,6300,3,NULL,"2026-01-19 08:57:08","2026-01-19 08:57:08",NULL
6301,6301,6301,3,NULL,"2026-01-19 08:57:08","2026-01-19 08:57:08",NULL
6302,6302,6302,3,NULL,"2026-01-19 08:57:08","2026-01-19 08:57:08",NULL
6303,6303,6303,3,NULL,"2026-01-19 08:57:08","2026-01-19 08:57:08",NULL
6304,6304,6304,3,NULL,"2026-01-19 08:57:08","2026-01-19 08:57:08",NULL
6305,6305,6305,3,NULL,"2026-01-19 08:57:08","2026-01-19 08:57:08",NULL
6306,6306,6306,3,NULL,"2026-01-19 08:57:08","2026-01-19 08:57:08",NULL
6307,6307,6307,3,NULL,"2026-01-19 08:57:08","2026-01-19 08:57:08",NULL
6308,6308,6308,3,NULL,"2026-01-19 08:57:08","2026-01-19 08:57:08",NULL
6309,6309,6309,3,NULL,"2026-01-19 08:57:08","2026-01-19 08:57:08",NULL
6310,6310,6310,3,NULL,"2026-01-19 08:57:08","2026-01-19 08:57:08",NULL
6311,6311,6311,3,NULL,"2026-01-19 08:57:08","2026-01-19 08:57:08",NULL
6312,6312,6312,3,NULL,"2026-01-19 08:57:08","2026-01-19 08:57:08",NULL
6313,6313,6313,3,NULL,"2026-01-19 08:57:08","2026-01-19 08:57:08",NULL
6314,6314,6314,3,NULL,"2026-01-19 08:57:08","2026-01-19 08:57:08",NULL
6315,6315,6315,3,NULL,"2026-01-19 08:57:08","2026-01-19 08:57:08",NULL
6316,6316,6316,3,NULL,"2026-01-19 08:57:08","2026-01-19 08:57:08",NULL
6317,6317,6317,3,NULL,"2026-01-19 08:57:08","2026-01-19 08:57:08",NULL
6318,6318,6318,3,NULL,"2026-01-19 08:57:08","2026-01-19 08:57:08",NULL
6319,6319,6319,3,NULL,"2026-01-19 08:57:08","2026-01-19 08:57:08",NULL
6320,6320,6320,3,NULL,"2026-01-19 08:57:08","2026-01-19 08:57:08",NULL
6321,6321,6321,3,NULL,"2026-01-19 08:57:08","2026-01-19 08:57:08",NULL
6322,6322,6322,3,NULL,"2026-01-19 08:57:08","2026-01-19 08:57:08",NULL
6323,6323,6323,3,NULL,"2026-01-19 08:57:08","2026-01-19 08:57:08",NULL
6324,6324,6324,3,NULL,"2026-01-19 08:57:08","2026-01-19 08:57:08",NULL
6325,6325,6325,3,NULL,"2026-01-19 08:57:08","2026-01-19 08:57:08",NULL
6326,6326,6326,3,NULL,"2026-01-19 08:57:08","2026-01-19 08:57:08",NULL
6327,6327,6327,3,NULL,"2026-01-19 08:57:08","2026-01-19 08:57:08",NULL
6328,6328,6328,3,NULL,"2026-01-19 08:57:08","2026-01-19 08:57:08",NULL
6329,6329,6329,3,NULL,"2026-01-19 08:57:08","2026-01-19 08:57:08",NULL
6330,6330,6330,3,NULL,"2026-01-19 08:57:08","2026-01-19 08:57:08",NULL
6331,6331,6331,3,NULL,"2026-01-19 08:57:08","2026-01-19 08:57:08",NULL
6332,6332,6332,3,NULL,"2026-01-19 08:57:08","2026-01-19 08:57:08",NULL
6333,6333,6333,3,NULL,"2026-01-19 08:57:08","2026-01-19 08:57:08",NULL
6334,6334,6334,3,NULL,"2026-01-19 08:57:08","2026-01-19 08:57:08",NULL
6335,6335,6335,3,NULL,"2026-01-19 08:57:08","2026-01-19 08:57:08",NULL
6336,6336,6336,3,NULL,"2026-01-19 08:57:08","2026-01-19 08:57:08",NULL
6337,6337,6337,3,NULL,"2026-01-19 08:57:08","2026-01-19 08:57:08",NULL
6338,6338,6338,3,NULL,"2026-01-19 08:57:08","2026-01-19 08:57:08",NULL
6339,6339,6339,3,NULL,"2026-01-19 08:57:08","2026-01-19 08:57:08",NULL
6340,6340,6340,3,NULL,"2026-01-19 08:57:08","2026-01-19 08:57:08",NULL
6341,6341,6341,3,NULL,"2026-01-19 08:57:08","2026-01-19 08:57:08",NULL
6342,6342,6342,3,NULL,"2026-01-19 08:57:08","2026-01-19 08:57:08",NULL
6343,6343,6343,3,NULL,"2026-01-19 08:57:08","2026-01-19 08:57:08",NULL
6344,6344,6344,3,NULL,"2026-01-19 08:57:08","2026-01-19 08:57:08",NULL
6345,6345,6345,3,NULL,"2026-01-19 08:57:08","2026-01-19 08:57:08",NULL
6346,6346,6346,3,NULL,"2026-01-19 08:57:08","2026-01-19 08:57:08",NULL
6347,6347,6347,3,NULL,"2026-01-19 08:57:08","2026-01-19 08:57:08",NULL
6348,6348,6348,3,NULL,"2026-01-19 08:57:08","2026-01-19 08:57:08",NULL
6349,6349,6349,3,NULL,"2026-01-19 08:57:08","2026-01-19 08:57:08",NULL
6350,6350,6350,3,NULL,"2026-01-19 08:57:08","2026-01-19 08:57:08",NULL
6351,6351,6351,3,NULL,"2026-01-19 08:57:08","2026-01-19 08:57:08",NULL
6352,6352,6352,3,NULL,"2026-01-19 08:57:08","2026-01-19 08:57:08",NULL
6353,6353,6353,3,NULL,"2026-01-19 08:57:08","2026-01-19 08:57:08",NULL
6354,6354,6354,3,NULL,"2026-01-19 08:57:08","2026-01-19 08:57:08",NULL
6355,6355,6355,3,NULL,"2026-01-19 08:57:08","2026-01-19 08:57:08",NULL
6356,6356,6356,3,NULL,"2026-01-19 08:57:08","2026-01-19 08:57:08",NULL
6357,6357,6357,3,NULL,"2026-01-19 08:57:08","2026-01-19 08:57:08",NULL
6358,6358,6358,3,NULL,"2026-01-19 08:57:08","2026-01-19 08:57:08",NULL
6359,6359,6359,3,NULL,"2026-01-19 08:57:08","2026-01-19 08:57:08",NULL
6360,6360,6360,3,NULL,"2026-01-19 08:57:08","2026-01-19 08:57:08",NULL
6361,6361,6361,3,NULL,"2026-01-19 08:57:08","2026-01-19 08:57:08",NULL
6362,6362,6362,3,NULL,"2026-01-19 08:57:08","2026-01-19 08:57:08",NULL
6363,6363,6363,3,NULL,"2026-01-19 08:57:08","2026-01-19 08:57:08",NULL
6364,6364,6364,3,NULL,"2026-01-19 08:57:08","2026-01-19 08:57:08",NULL
6365,6365,6365,3,NULL,"2026-01-19 08:57:08","2026-01-19 08:57:08",NULL
6366,6366,6366,3,NULL,"2026-01-19 08:57:08","2026-01-19 08:57:08",NULL
6367,6367,6367,3,NULL,"2026-01-19 08:57:08","2026-01-19 08:57:08",NULL
6368,6368,6368,3,NULL,"2026-01-19 08:57:08","2026-01-19 08:57:08",NULL
6369,6369,6369,3,NULL,"2026-01-19 08:57:08","2026-01-19 08:57:08",NULL
6370,6370,6370,3,NULL,"2026-01-19 08:57:08","2026-01-19 08:57:08",NULL
6371,6371,6371,3,NULL,"2026-01-19 08:57:08","2026-01-19 08:57:08",NULL
6372,6372,6372,3,NULL,"2026-01-19 08:57:08","2026-01-19 08:57:08",NULL
6373,6373,6373,3,NULL,"2026-01-19 08:57:08","2026-01-19 08:57:08",NULL
6374,6374,6374,3,NULL,"2026-01-19 08:57:08","2026-01-19 08:57:08",NULL
6375,6375,6375,3,NULL,"2026-01-19 08:57:08","2026-01-19 08:57:08",NULL
6376,6376,6376,3,NULL,"2026-01-19 08:57:08","2026-01-19 08:57:08",NULL
6377,6377,6377,3,NULL,"2026-01-19 08:57:08","2026-01-19 08:57:08",NULL
6378,6378,6378,3,NULL,"2026-01-19 08:57:08","2026-01-19 08:57:08",NULL
6379,6379,6379,3,NULL,"2026-01-19 08:57:08","2026-01-19 08:57:08",NULL
6380,6380,6380,3,NULL,"2026-01-19 08:57:08","2026-01-19 08:57:08",NULL
6381,6381,6381,3,NULL,"2026-01-19 08:57:08","2026-01-19 08:57:08",NULL
6382,6382,6382,3,NULL,"2026-01-19 08:57:08","2026-01-19 08:57:08",NULL
6383,6383,6383,3,NULL,"2026-01-19 08:57:08","2026-01-19 08:57:08",NULL
6384,6384,6384,3,NULL,"2026-01-19 08:57:08","2026-01-19 08:57:08",NULL
6385,6385,6385,3,NULL,"2026-01-19 08:57:08","2026-01-19 08:57:08",NULL
6386,6386,6386,3,NULL,"2026-01-19 08:57:08","2026-01-19 08:57:08",NULL
6387,6387,6387,3,NULL,"2026-01-19 08:57:08","2026-01-19 08:57:08",NULL
6388,6388,6388,3,NULL,"2026-01-19 08:57:08","2026-01-19 08:57:08",NULL
6389,6389,6389,3,NULL,"2026-01-19 08:57:08","2026-01-19 08:57:08",NULL
6390,6390,6390,3,NULL,"2026-01-19 08:57:08","2026-01-19 08:57:08",NULL
6391,6391,6391,3,NULL,"2026-01-19 08:57:08","2026-01-19 08:57:08",NULL
6392,6392,6392,3,NULL,"2026-01-19 08:57:08","2026-01-19 08:57:08",NULL
6393,6393,6393,3,NULL,"2026-01-19 08:57:08","2026-01-19 08:57:08",NULL
6394,6394,6394,3,NULL,"2026-01-19 08:57:08","2026-01-19 08:57:08",NULL
6395,6395,6395,3,NULL,"2026-01-19 08:57:08","2026-01-19 08:57:08",NULL
6396,6396,6396,3,NULL,"2026-01-19 08:57:08","2026-01-19 08:57:08",NULL
6397,6397,6397,3,NULL,"2026-01-19 08:57:08","2026-01-19 08:57:08",NULL
6398,6398,6398,3,NULL,"2026-01-19 08:57:08","2026-01-19 08:57:08",NULL
6399,6399,6399,3,NULL,"2026-01-19 08:57:08","2026-01-19 08:57:08",NULL
6400,6400,6400,3,NULL,"2026-01-19 08:57:08","2026-01-19 08:57:08",NULL
6401,6401,6401,3,NULL,"2026-01-19 08:57:08","2026-01-19 08:57:08",NULL
6402,6402,6402,3,NULL,"2026-01-19 08:57:08","2026-01-19 08:57:08",NULL
6403,6403,6403,3,NULL,"2026-01-19 08:57:08","2026-01-19 08:57:08",NULL
6404,6404,6404,3,NULL,"2026-01-19 08:57:08","2026-01-19 08:57:08",NULL
6405,6405,6405,3,NULL,"2026-01-19 08:57:08","2026-01-19 08:57:08",NULL
6406,6406,6406,3,NULL,"2026-01-19 08:57:08","2026-01-19 08:57:08",NULL
6407,6407,6407,3,NULL,"2026-01-19 08:57:08","2026-01-19 08:57:08",NULL
6408,6408,6408,3,NULL,"2026-01-19 08:57:08","2026-01-19 08:57:08",NULL
6409,6409,6409,3,NULL,"2026-01-19 08:57:08","2026-01-19 08:57:08",NULL
6410,6410,6410,3,NULL,"2026-01-19 08:57:08","2026-01-19 08:57:08",NULL
6411,6411,6411,3,NULL,"2026-01-19 08:57:08","2026-01-19 08:57:08",NULL
6412,6412,6412,3,NULL,"2026-01-19 08:57:08","2026-01-19 08:57:08",NULL
6413,6413,6413,3,NULL,"2026-01-19 08:57:08","2026-01-19 08:57:08",NULL
6414,6414,6414,3,NULL,"2026-01-19 08:57:08","2026-01-19 08:57:08",NULL
6415,6415,6415,3,NULL,"2026-01-19 08:57:08","2026-01-19 08:57:08",NULL
6416,6416,6416,3,NULL,"2026-01-19 08:57:08","2026-01-19 08:57:08",NULL
6417,6417,6417,3,NULL,"2026-01-19 08:57:08","2026-01-19 08:57:08",NULL
6418,6418,6418,3,NULL,"2026-01-19 08:57:08","2026-01-19 08:57:08",NULL
6419,6419,6419,3,NULL,"2026-01-19 08:57:08","2026-01-19 08:57:08",NULL
6420,6420,6420,3,NULL,"2026-01-19 08:57:08","2026-01-19 08:57:08",NULL
6421,6421,6421,3,NULL,"2026-01-19 08:57:08","2026-01-19 08:57:08",NULL
6422,6422,6422,3,NULL,"2026-01-19 08:57:08","2026-01-19 08:57:08",NULL
6423,6423,6423,3,NULL,"2026-01-19 08:57:08","2026-01-19 08:57:08",NULL
6424,6424,6424,3,NULL,"2026-01-19 08:57:08","2026-01-19 08:57:08",NULL
6425,6425,6425,3,NULL,"2026-01-19 08:57:08","2026-01-19 08:57:08",NULL
6426,6426,6426,3,NULL,"2026-01-19 08:57:08","2026-01-19 08:57:08",NULL
6427,6427,6427,3,NULL,"2026-01-19 08:57:08","2026-01-19 08:57:08",NULL
6428,6428,6428,3,NULL,"2026-01-19 08:57:08","2026-01-19 08:57:08",NULL
6429,6429,6429,3,NULL,"2026-01-19 08:57:08","2026-01-19 08:57:08",NULL
6430,6430,6430,3,NULL,"2026-01-19 08:57:08","2026-01-19 08:57:08",NULL
6431,6431,6431,3,NULL,"2026-01-19 08:57:08","2026-01-19 08:57:08",NULL
6432,6432,6432,3,NULL,"2026-01-19 08:57:08","2026-01-19 08:57:08",NULL
6433,6433,6433,3,NULL,"2026-01-19 08:57:08","2026-01-19 08:57:08",NULL
6434,6434,6434,3,NULL,"2026-01-19 08:57:08","2026-01-19 08:57:08",NULL
6435,6435,6435,3,NULL,"2026-01-19 08:57:08","2026-01-19 08:57:08",NULL
6436,6436,6436,3,NULL,"2026-01-19 08:57:08","2026-01-19 08:57:08",NULL
6437,6437,6437,3,NULL,"2026-01-19 08:57:08","2026-01-19 08:57:08",NULL
6438,6438,6438,3,NULL,"2026-01-19 08:57:08","2026-01-19 08:57:08",NULL
6439,6439,6439,3,NULL,"2026-01-19 08:57:08","2026-01-19 08:57:08",NULL
6440,6440,6440,3,NULL,"2026-01-19 08:57:08","2026-01-19 08:57:08",NULL
6441,6441,6441,3,NULL,"2026-01-19 08:57:08","2026-01-19 08:57:08",NULL
6442,6442,6442,3,NULL,"2026-01-19 08:57:08","2026-01-19 08:57:08",NULL
6443,6443,6443,3,NULL,"2026-01-19 08:57:08","2026-01-19 08:57:08",NULL
6444,6444,6444,3,NULL,"2026-01-19 08:57:08","2026-01-19 08:57:08",NULL
6445,6445,6445,3,NULL,"2026-01-19 08:57:08","2026-01-19 08:57:08",NULL
6446,6446,6446,3,NULL,"2026-01-19 08:57:08","2026-01-19 08:57:08",NULL
6447,6447,6447,3,NULL,"2026-01-19 08:57:08","2026-01-19 08:57:08",NULL
6448,6448,6448,3,NULL,"2026-01-19 08:57:08","2026-01-19 08:57:08",NULL
6449,6449,6449,3,NULL,"2026-01-19 08:57:08","2026-01-19 08:57:08",NULL
6450,6450,6450,3,NULL,"2026-01-19 08:57:08","2026-01-19 08:57:08",NULL
6451,6451,6451,3,NULL,"2026-01-19 08:57:08","2026-01-19 08:57:08",NULL
6452,6452,6452,3,NULL,"2026-01-19 08:57:08","2026-01-19 08:57:08",NULL
6453,6453,6453,3,NULL,"2026-01-19 08:57:08","2026-01-19 08:57:08",NULL
6454,6454,6454,3,NULL,"2026-01-19 08:57:08","2026-01-19 08:57:08",NULL
6455,6455,6455,3,NULL,"2026-01-19 08:57:08","2026-01-19 08:57:08",NULL
6456,6456,6456,3,NULL,"2026-01-19 08:57:08","2026-01-19 08:57:08",NULL
6457,6457,6457,3,NULL,"2026-01-19 08:57:08","2026-01-19 08:57:08",NULL
6458,6458,6458,3,NULL,"2026-01-19 08:57:08","2026-01-19 08:57:08",NULL
6459,6459,6459,3,NULL,"2026-01-19 08:57:08","2026-01-19 08:57:08",NULL
6460,6460,6460,3,NULL,"2026-01-19 08:57:08","2026-01-19 08:57:08",NULL
6461,6461,6461,3,NULL,"2026-01-19 08:57:08","2026-01-19 08:57:08",NULL
6462,6462,6462,3,NULL,"2026-01-19 08:57:08","2026-01-19 08:57:08",NULL
6463,6463,6463,3,NULL,"2026-01-19 08:57:08","2026-01-19 08:57:08",NULL
6464,6464,6464,3,NULL,"2026-01-19 08:57:08","2026-01-19 08:57:08",NULL
6465,6465,6465,3,NULL,"2026-01-19 08:57:08","2026-01-19 08:57:08",NULL
6466,6466,6466,3,NULL,"2026-01-19 08:57:08","2026-01-19 08:57:08",NULL
6467,6467,6467,3,NULL,"2026-01-19 08:57:08","2026-01-19 08:57:08",NULL
6468,6468,6468,3,NULL,"2026-01-19 08:57:08","2026-01-19 08:57:08",NULL
6469,6469,6469,3,NULL,"2026-01-19 08:57:08","2026-01-19 08:57:08",NULL
6470,6470,6470,3,NULL,"2026-01-19 08:57:08","2026-01-19 08:57:08",NULL
6471,6471,6471,3,NULL,"2026-01-19 08:57:08","2026-01-19 08:57:08",NULL
6472,6472,6472,3,NULL,"2026-01-19 08:57:08","2026-01-19 08:57:08",NULL
6473,6473,6473,3,NULL,"2026-01-19 08:57:08","2026-01-19 08:57:08",NULL
6474,6474,6474,3,NULL,"2026-01-19 08:57:08","2026-01-19 08:57:08",NULL
6475,6475,6475,3,NULL,"2026-01-19 08:57:08","2026-01-19 08:57:08",NULL
6476,6476,6476,3,NULL,"2026-01-19 08:57:08","2026-01-19 08:57:08",NULL
6477,6477,6477,3,NULL,"2026-01-19 08:57:08","2026-01-19 08:57:08",NULL
6478,6478,6478,3,NULL,"2026-01-19 08:57:08","2026-01-19 08:57:08",NULL
6479,6479,6479,3,NULL,"2026-01-19 08:57:08","2026-01-19 08:57:08",NULL
6480,6480,6480,3,NULL,"2026-01-19 08:57:08","2026-01-19 08:57:08",NULL
6481,6481,6481,3,NULL,"2026-01-19 08:57:08","2026-01-19 08:57:08",NULL
6482,6482,6482,3,NULL,"2026-01-19 08:57:08","2026-01-19 08:57:08",NULL
6483,6483,6483,3,NULL,"2026-01-19 08:57:08","2026-01-19 08:57:08",NULL
6484,6484,6484,3,NULL,"2026-01-19 08:57:08","2026-01-19 08:57:08",NULL
6485,6485,6485,3,NULL,"2026-01-19 08:57:08","2026-01-19 08:57:08",NULL
6486,6486,6486,3,NULL,"2026-01-19 08:57:08","2026-01-19 08:57:08",NULL
6487,6487,6487,3,NULL,"2026-01-19 08:57:08","2026-01-19 08:57:08",NULL
6488,6488,6488,3,NULL,"2026-01-19 08:57:08","2026-01-19 08:57:08",NULL
6489,6489,6489,3,NULL,"2026-01-19 08:57:08","2026-01-19 08:57:08",NULL
6490,6490,6490,3,NULL,"2026-01-19 08:57:08","2026-01-19 08:57:08",NULL
6491,6491,6491,3,NULL,"2026-01-19 08:57:08","2026-01-19 08:57:08",NULL
6492,6492,6492,3,NULL,"2026-01-19 08:57:08","2026-01-19 08:57:08",NULL
6493,6493,6493,3,NULL,"2026-01-19 08:57:08","2026-01-19 08:57:08",NULL
6494,6494,6494,3,NULL,"2026-01-19 08:57:08","2026-01-19 08:57:08",NULL
6495,6495,6495,3,NULL,"2026-01-19 08:57:08","2026-01-19 08:57:08",NULL
6496,6496,6496,3,NULL,"2026-01-19 08:57:08","2026-01-19 08:57:08",NULL
6497,6497,6497,3,NULL,"2026-01-19 08:57:08","2026-01-19 08:57:08",NULL
6498,6498,6498,3,NULL,"2026-01-19 08:57:08","2026-01-19 08:57:08",NULL
6499,6499,6499,3,NULL,"2026-01-19 08:57:08","2026-01-19 08:57:08",NULL
6500,6500,6500,3,NULL,"2026-01-19 08:57:08","2026-01-19 08:57:08",NULL
6501,6501,6501,3,NULL,"2026-01-19 08:57:08","2026-01-19 08:57:08",NULL
6502,6502,6502,3,NULL,"2026-01-19 08:57:08","2026-01-19 08:57:08",NULL
6503,6503,6503,3,NULL,"2026-01-19 08:57:08","2026-01-19 08:57:08",NULL
6504,6504,6504,3,NULL,"2026-01-19 08:57:08","2026-01-19 08:57:08",NULL
6505,6505,6505,3,NULL,"2026-01-19 08:57:08","2026-01-19 08:57:08",NULL
6506,6506,6506,3,NULL,"2026-01-19 08:57:08","2026-01-19 08:57:08",NULL
6507,6507,6507,3,NULL,"2026-01-19 08:57:08","2026-01-19 08:57:08",NULL
6508,6508,6508,3,NULL,"2026-01-19 08:57:08","2026-01-19 08:57:08",NULL
6509,6509,6509,3,NULL,"2026-01-19 08:57:08","2026-01-19 08:57:08",NULL
6510,6510,6510,3,NULL,"2026-01-19 08:57:08","2026-01-19 08:57:08",NULL
6511,6511,6511,3,NULL,"2026-01-19 08:57:08","2026-01-19 08:57:08",NULL
6512,6512,6512,3,NULL,"2026-01-19 08:57:08","2026-01-19 08:57:08",NULL
6513,6513,6513,3,NULL,"2026-01-19 08:57:08","2026-01-19 08:57:08",NULL
6514,6514,6514,3,NULL,"2026-01-19 08:57:08","2026-01-19 08:57:08",NULL
6515,6515,6515,3,NULL,"2026-01-19 08:57:08","2026-01-19 08:57:08",NULL
6516,6516,6516,3,NULL,"2026-01-19 08:57:08","2026-01-19 08:57:08",NULL
6517,6517,6517,3,NULL,"2026-01-19 08:57:08","2026-01-19 08:57:08",NULL
6518,6518,6518,3,NULL,"2026-01-19 08:57:08","2026-01-19 08:57:08",NULL
6519,6519,6519,3,NULL,"2026-01-19 08:57:08","2026-01-19 08:57:08",NULL
6520,6520,6520,3,NULL,"2026-01-19 08:57:08","2026-01-19 08:57:08",NULL
6521,6521,6521,3,NULL,"2026-01-19 08:57:08","2026-01-19 08:57:08",NULL
6522,6522,6522,3,NULL,"2026-01-19 08:57:08","2026-01-19 08:57:08",NULL
6523,6523,6523,3,NULL,"2026-01-19 08:57:08","2026-01-19 08:57:08",NULL
6524,6524,6524,3,NULL,"2026-01-19 08:57:08","2026-01-19 08:57:08",NULL
6525,6525,6525,3,NULL,"2026-01-19 08:57:08","2026-01-19 08:57:08",NULL
6526,6526,6526,3,NULL,"2026-01-19 08:57:08","2026-01-19 08:57:08",NULL
6527,6527,6527,3,NULL,"2026-01-19 08:57:08","2026-01-19 08:57:08",NULL
6528,6528,6528,3,NULL,"2026-01-19 08:57:08","2026-01-19 08:57:08",NULL
6529,6529,6529,3,NULL,"2026-01-19 08:57:08","2026-01-19 08:57:08",NULL
6530,6530,6530,3,NULL,"2026-01-19 08:57:08","2026-01-19 08:57:08",NULL
6531,6531,6531,3,NULL,"2026-01-19 08:57:08","2026-01-19 08:57:08",NULL
6532,6532,6532,3,NULL,"2026-01-19 08:57:08","2026-01-19 08:57:08",NULL
6533,6533,6533,3,NULL,"2026-01-19 08:57:08","2026-01-19 08:57:08",NULL
6534,6534,6534,3,NULL,"2026-01-19 08:57:08","2026-01-19 08:57:08",NULL
6535,6535,6535,3,NULL,"2026-01-19 08:57:08","2026-01-19 08:57:08",NULL
6536,6536,6536,3,NULL,"2026-01-19 08:57:08","2026-01-19 08:57:08",NULL
6537,6537,6537,3,NULL,"2026-01-19 08:57:08","2026-01-19 08:57:08",NULL
6538,6538,6538,3,NULL,"2026-01-19 08:57:08","2026-01-19 08:57:08",NULL
6539,6539,6539,3,NULL,"2026-01-19 08:57:08","2026-01-19 08:57:08",NULL
6540,6540,6540,3,NULL,"2026-01-19 08:57:08","2026-01-19 08:57:08",NULL
6541,6541,6541,3,NULL,"2026-01-19 08:57:08","2026-01-19 08:57:08",NULL
6542,6542,6542,3,NULL,"2026-01-19 08:57:08","2026-01-19 08:57:08",NULL
6543,6543,6543,3,NULL,"2026-01-19 08:57:08","2026-01-19 08:57:08",NULL
6544,6544,6544,3,NULL,"2026-01-19 08:57:08","2026-01-19 08:57:08",NULL
6545,6545,6545,3,NULL,"2026-01-19 08:57:08","2026-01-19 08:57:08",NULL
6546,6546,6546,3,NULL,"2026-01-19 08:57:08","2026-01-19 08:57:08",NULL
6547,6547,6547,3,NULL,"2026-01-19 08:57:08","2026-01-19 08:57:08",NULL
6548,6548,6548,3,NULL,"2026-01-19 08:57:08","2026-01-19 08:57:08",NULL
6549,6549,6549,3,NULL,"2026-01-19 08:57:08","2026-01-19 08:57:08",NULL
6550,6550,6550,3,NULL,"2026-01-19 08:57:08","2026-01-19 08:57:08",NULL
6551,6551,6551,3,NULL,"2026-01-19 08:57:08","2026-01-19 08:57:08",NULL
6552,6552,6552,3,NULL,"2026-01-19 08:57:08","2026-01-19 08:57:08",NULL
6553,6553,6553,3,NULL,"2026-01-19 08:57:08","2026-01-19 08:57:08",NULL
6554,6554,6554,3,NULL,"2026-01-19 08:57:08","2026-01-19 08:57:08",NULL
6555,6555,6555,3,NULL,"2026-01-19 08:57:08","2026-01-19 08:57:08",NULL
6556,6556,6556,3,NULL,"2026-01-19 08:57:08","2026-01-19 08:57:08",NULL
6557,6557,6557,3,NULL,"2026-01-19 08:57:08","2026-01-19 08:57:08",NULL
6558,6558,6558,3,NULL,"2026-01-19 08:57:08","2026-01-19 08:57:08",NULL
6559,6559,6559,3,NULL,"2026-01-19 08:57:08","2026-01-19 08:57:08",NULL
6560,6560,6560,3,NULL,"2026-01-19 08:57:08","2026-01-19 08:57:08",NULL
6561,6561,6561,3,NULL,"2026-01-19 08:57:08","2026-01-19 08:57:08",NULL
6562,6562,6562,3,NULL,"2026-01-19 08:57:08","2026-01-19 08:57:08",NULL
6563,6563,6563,3,NULL,"2026-01-19 08:57:08","2026-01-19 08:57:08",NULL
6564,6564,6564,3,NULL,"2026-01-19 08:57:08","2026-01-19 08:57:08",NULL
6565,6565,6565,3,NULL,"2026-01-19 08:57:08","2026-01-19 08:57:08",NULL
6566,6566,6566,3,NULL,"2026-01-19 08:57:08","2026-01-19 08:57:08",NULL
6567,6567,6567,3,NULL,"2026-01-19 08:57:08","2026-01-19 08:57:08",NULL
6568,6568,6568,3,NULL,"2026-01-19 08:57:08","2026-01-19 08:57:08",NULL
6569,6569,6569,3,NULL,"2026-01-19 08:57:08","2026-01-19 08:57:08",NULL
6570,6570,6570,3,NULL,"2026-01-19 08:57:08","2026-01-19 08:57:08",NULL
6571,6571,6571,3,NULL,"2026-01-19 08:57:08","2026-01-19 08:57:08",NULL
6572,6572,6572,3,NULL,"2026-01-19 08:57:08","2026-01-19 08:57:08",NULL
6573,6573,6573,3,NULL,"2026-01-19 08:57:08","2026-01-19 08:57:08",NULL
6574,6574,6574,3,NULL,"2026-01-19 08:57:08","2026-01-19 08:57:08",NULL
6575,6575,6575,3,NULL,"2026-01-19 08:57:08","2026-01-19 08:57:08",NULL
6576,6576,6576,3,NULL,"2026-01-19 08:57:08","2026-01-19 08:57:08",NULL
6577,6577,6577,3,NULL,"2026-01-19 08:57:08","2026-01-19 08:57:08",NULL
6578,6578,6578,3,NULL,"2026-01-19 08:57:08","2026-01-19 08:57:08",NULL
6579,6579,6579,3,NULL,"2026-01-19 08:57:08","2026-01-19 08:57:08",NULL
6580,6580,6580,3,NULL,"2026-01-19 08:57:08","2026-01-19 08:57:08",NULL
6581,6581,6581,3,NULL,"2026-01-19 08:57:08","2026-01-19 08:57:08",NULL
6582,6582,6582,3,NULL,"2026-01-19 08:57:08","2026-01-19 08:57:08",NULL
6583,6583,6583,3,NULL,"2026-01-19 08:57:08","2026-01-19 08:57:08",NULL
6584,6584,6584,3,NULL,"2026-01-19 08:57:08","2026-01-19 08:57:08",NULL
6585,6585,6585,3,NULL,"2026-01-19 08:57:08","2026-01-19 08:57:08",NULL
6586,6586,6586,3,NULL,"2026-01-19 08:57:08","2026-01-19 08:57:08",NULL
6587,6587,6587,3,NULL,"2026-01-19 08:57:08","2026-01-19 08:57:08",NULL
6588,6588,6588,3,NULL,"2026-01-19 08:57:08","2026-01-19 08:57:08",NULL
6589,6589,6589,3,NULL,"2026-01-19 08:57:08","2026-01-19 08:57:08",NULL
6590,6590,6590,3,NULL,"2026-01-19 08:57:08","2026-01-19 08:57:08",NULL
6591,6591,6591,3,NULL,"2026-01-19 08:57:08","2026-01-19 08:57:08",NULL
6592,6592,6592,3,NULL,"2026-01-19 08:57:08","2026-01-19 08:57:08",NULL
6593,6593,6593,3,NULL,"2026-01-19 08:57:08","2026-01-19 08:57:08",NULL
6594,6594,6594,3,NULL,"2026-01-19 08:57:08","2026-01-19 08:57:08",NULL
6595,6595,6595,3,NULL,"2026-01-19 08:57:08","2026-01-19 08:57:08",NULL
6596,6596,6596,3,NULL,"2026-01-19 08:57:08","2026-01-19 08:57:08",NULL
6597,6597,6597,3,NULL,"2026-01-19 08:57:08","2026-01-19 08:57:08",NULL
6598,6598,6598,3,NULL,"2026-01-19 08:57:08","2026-01-19 08:57:08",NULL
6599,6599,6599,3,NULL,"2026-01-19 08:57:08","2026-01-19 08:57:08",NULL
6600,6600,6600,3,NULL,"2026-01-19 08:57:08","2026-01-19 08:57:08",NULL
6601,6601,6601,3,NULL,"2026-01-19 08:57:08","2026-01-19 08:57:08",NULL
6602,6602,6602,3,NULL,"2026-01-19 08:57:08","2026-01-19 08:57:08",NULL
6603,6603,6603,3,NULL,"2026-01-19 08:57:08","2026-01-19 08:57:08",NULL
6604,6604,6604,3,NULL,"2026-01-19 08:57:08","2026-01-19 08:57:08",NULL
6605,6605,6605,3,NULL,"2026-01-19 08:57:08","2026-01-19 08:57:08",NULL
6606,6606,6606,3,NULL,"2026-01-19 08:57:08","2026-01-19 08:57:08",NULL
6607,6607,6607,3,NULL,"2026-01-19 08:57:08","2026-01-19 08:57:08",NULL
6608,6608,6608,3,NULL,"2026-01-19 08:57:08","2026-01-19 08:57:08",NULL
6609,6609,6609,3,NULL,"2026-01-19 08:57:08","2026-01-19 08:57:08",NULL
6610,6610,6610,3,NULL,"2026-01-19 08:57:08","2026-01-19 08:57:08",NULL
6611,6611,6611,3,NULL,"2026-01-19 08:57:08","2026-01-19 08:57:08",NULL
6612,6612,6612,3,NULL,"2026-01-19 08:57:08","2026-01-19 08:57:08",NULL
6613,6613,6613,3,NULL,"2026-01-19 08:57:08","2026-01-19 08:57:08",NULL
6614,6614,6614,3,NULL,"2026-01-19 08:57:08","2026-01-19 08:57:08",NULL
6615,6615,6615,3,NULL,"2026-01-19 08:57:08","2026-01-19 08:57:08",NULL
6616,6616,6616,3,NULL,"2026-01-19 08:57:08","2026-01-19 08:57:08",NULL
6617,6617,6617,3,NULL,"2026-01-19 08:57:08","2026-01-19 08:57:08",NULL
6618,6618,6618,3,NULL,"2026-01-19 08:57:08","2026-01-19 08:57:08",NULL
6619,6619,6619,3,NULL,"2026-01-19 08:57:08","2026-01-19 08:57:08",NULL
6620,6620,6620,3,NULL,"2026-01-19 08:57:08","2026-01-19 08:57:08",NULL
6621,6621,6621,3,NULL,"2026-01-19 08:57:08","2026-01-19 08:57:08",NULL
6622,6622,6622,3,NULL,"2026-01-19 08:57:08","2026-01-19 08:57:08",NULL
6623,6623,6623,3,NULL,"2026-01-19 08:57:08","2026-01-19 08:57:08",NULL
6624,6624,6624,3,NULL,"2026-01-19 08:57:08","2026-01-19 08:57:08",NULL
6625,6625,6625,3,NULL,"2026-01-19 08:57:08","2026-01-19 08:57:08",NULL
6626,6626,6626,3,NULL,"2026-01-19 08:57:08","2026-01-19 08:57:08",NULL
6627,6627,6627,3,NULL,"2026-01-19 08:57:08","2026-01-19 08:57:08",NULL
6628,6628,6628,3,NULL,"2026-01-19 08:57:08","2026-01-19 08:57:08",NULL
6629,6629,6629,3,NULL,"2026-01-19 08:57:08","2026-01-19 08:57:08",NULL
6630,6630,6630,3,NULL,"2026-01-19 08:57:08","2026-01-19 08:57:08",NULL
6631,6631,6631,3,NULL,"2026-01-19 08:57:08","2026-01-19 08:57:08",NULL
6632,6632,6632,3,NULL,"2026-01-19 08:57:08","2026-01-19 08:57:08",NULL
6633,6633,6633,3,NULL,"2026-01-19 08:57:08","2026-01-19 08:57:08",NULL
6634,6634,6634,3,NULL,"2026-01-19 08:57:08","2026-01-19 08:57:08",NULL
6635,6635,6635,3,NULL,"2026-01-19 08:57:08","2026-01-19 08:57:08",NULL
6636,6636,6636,3,NULL,"2026-01-19 08:57:08","2026-01-19 08:57:08",NULL
6637,6637,6637,3,NULL,"2026-01-19 08:57:08","2026-01-19 08:57:08",NULL
6638,6638,6638,3,NULL,"2026-01-19 08:57:08","2026-01-19 08:57:08",NULL
6639,6639,6639,3,NULL,"2026-01-19 08:57:08","2026-01-19 08:57:08",NULL
6640,6640,6640,3,NULL,"2026-01-19 08:57:08","2026-01-19 08:57:08",NULL
6641,6641,6641,3,NULL,"2026-01-19 08:57:08","2026-01-19 08:57:08",NULL
6642,6642,6642,3,NULL,"2026-01-19 08:57:08","2026-01-19 08:57:08",NULL
6643,6643,6643,3,NULL,"2026-01-19 08:57:08","2026-01-19 08:57:08",NULL
6644,6644,6644,3,NULL,"2026-01-19 08:57:08","2026-01-19 08:57:08",NULL
6645,6645,6645,3,NULL,"2026-01-19 08:57:08","2026-01-19 08:57:08",NULL
6646,6646,6646,3,NULL,"2026-01-19 08:57:08","2026-01-19 08:57:08",NULL
6647,6647,6647,3,NULL,"2026-01-19 08:57:08","2026-01-19 08:57:08",NULL
6648,6648,6648,3,NULL,"2026-01-19 08:57:08","2026-01-19 08:57:08",NULL
6649,6649,6649,3,NULL,"2026-01-19 08:57:08","2026-01-19 08:57:08",NULL
6650,6650,6650,3,NULL,"2026-01-19 08:57:08","2026-01-19 08:57:08",NULL
6651,6651,6651,3,NULL,"2026-01-19 08:57:08","2026-01-19 08:57:08",NULL
6652,6652,6652,3,NULL,"2026-01-19 08:57:08","2026-01-19 08:57:08",NULL
6653,6653,6653,3,NULL,"2026-01-19 08:57:08","2026-01-19 08:57:08",NULL
6654,6654,6654,3,NULL,"2026-01-19 08:57:08","2026-01-19 08:57:08",NULL
6655,6655,6655,3,NULL,"2026-01-19 08:57:08","2026-01-19 08:57:08",NULL
6656,6656,6656,3,NULL,"2026-01-19 08:57:08","2026-01-19 08:57:08",NULL
6657,6657,6657,3,NULL,"2026-01-19 08:57:08","2026-01-19 08:57:08",NULL
6658,6658,6658,3,NULL,"2026-01-19 08:57:08","2026-01-19 08:57:08",NULL
6659,6659,6659,3,NULL,"2026-01-19 08:57:08","2026-01-19 08:57:08",NULL
6660,6660,6660,3,NULL,"2026-01-19 08:57:08","2026-01-19 08:57:08",NULL
6661,6661,6661,3,NULL,"2026-01-19 08:57:09","2026-01-19 08:57:09",NULL
6662,6662,6662,3,NULL,"2026-01-19 08:57:09","2026-01-19 08:57:09",NULL
6663,6663,6663,3,NULL,"2026-01-19 08:57:09","2026-01-19 08:57:09",NULL
6664,6664,6664,3,NULL,"2026-01-19 08:57:09","2026-01-19 08:57:09",NULL
6665,6665,6665,3,NULL,"2026-01-19 08:57:09","2026-01-19 08:57:09",NULL
6666,6666,6666,3,NULL,"2026-01-19 08:57:09","2026-01-19 08:57:09",NULL
6667,6667,6667,3,NULL,"2026-01-19 08:57:09","2026-01-19 08:57:09",NULL
6668,6668,6668,3,NULL,"2026-01-19 08:57:09","2026-01-19 08:57:09",NULL
6669,6669,6669,3,NULL,"2026-01-19 08:57:09","2026-01-19 08:57:09",NULL
6670,6670,6670,3,NULL,"2026-01-19 08:57:09","2026-01-19 08:57:09",NULL
6671,6671,6671,3,NULL,"2026-01-19 08:57:09","2026-01-19 08:57:09",NULL
6672,6672,6672,3,NULL,"2026-01-19 08:57:09","2026-01-19 08:57:09",NULL
6673,6673,6673,3,NULL,"2026-01-19 08:57:09","2026-01-19 08:57:09",NULL
6674,6674,6674,3,NULL,"2026-01-19 08:57:09","2026-01-19 08:57:09",NULL
6675,6675,6675,3,NULL,"2026-01-19 08:57:09","2026-01-19 08:57:09",NULL
6676,6676,6676,3,NULL,"2026-01-19 08:57:09","2026-01-19 08:57:09",NULL
6677,6677,6677,3,NULL,"2026-01-19 08:57:09","2026-01-19 08:57:09",NULL
6678,6678,6678,3,NULL,"2026-01-19 08:57:09","2026-01-19 08:57:09",NULL
6679,6679,6679,3,NULL,"2026-01-19 08:57:09","2026-01-19 08:57:09",NULL
6680,6680,6680,3,NULL,"2026-01-19 08:57:09","2026-01-19 08:57:09",NULL
6681,6681,6681,3,NULL,"2026-01-19 08:57:09","2026-01-19 08:57:09",NULL
6682,6682,6682,3,NULL,"2026-01-19 08:57:09","2026-01-19 08:57:09",NULL
6683,6683,6683,3,NULL,"2026-01-19 08:57:09","2026-01-19 08:57:09",NULL
6684,6684,6684,3,NULL,"2026-01-19 08:57:09","2026-01-19 08:57:09",NULL
6685,6685,6685,3,NULL,"2026-01-19 08:57:09","2026-01-19 08:57:09",NULL
6686,6686,6686,3,NULL,"2026-01-19 08:57:09","2026-01-19 08:57:09",NULL
6687,6687,6687,3,NULL,"2026-01-19 08:57:09","2026-01-19 08:57:09",NULL
6688,6688,6688,3,NULL,"2026-01-19 08:57:09","2026-01-19 08:57:09",NULL
6689,6689,6689,3,NULL,"2026-01-19 08:57:09","2026-01-19 08:57:09",NULL
6690,6690,6690,3,NULL,"2026-01-19 08:57:09","2026-01-19 08:57:09",NULL
6691,6691,6691,3,NULL,"2026-01-19 08:57:09","2026-01-19 08:57:09",NULL
6692,6692,6692,3,NULL,"2026-01-19 08:57:09","2026-01-19 08:57:09",NULL
6693,6693,6693,3,NULL,"2026-01-19 08:57:09","2026-01-19 08:57:09",NULL
6694,6694,6694,3,NULL,"2026-01-19 08:57:09","2026-01-19 08:57:09",NULL
6695,6695,6695,3,NULL,"2026-01-19 08:57:09","2026-01-19 08:57:09",NULL
6696,6696,6696,3,NULL,"2026-01-19 08:57:09","2026-01-19 08:57:09",NULL
6697,6697,6697,3,NULL,"2026-01-19 08:57:09","2026-01-19 08:57:09",NULL
6698,6698,6698,3,NULL,"2026-01-19 08:57:09","2026-01-19 08:57:09",NULL
6699,6699,6699,3,NULL,"2026-01-19 08:57:09","2026-01-19 08:57:09",NULL
6700,6700,6700,3,NULL,"2026-01-19 08:57:09","2026-01-19 08:57:09",NULL
6701,6701,6701,3,NULL,"2026-01-19 08:57:09","2026-01-19 08:57:09",NULL
6702,6702,6702,3,NULL,"2026-01-19 08:57:09","2026-01-19 08:57:09",NULL
6703,6703,6703,3,NULL,"2026-01-19 08:57:09","2026-01-19 08:57:09",NULL
6704,6704,6704,3,NULL,"2026-01-19 08:57:09","2026-01-19 08:57:09",NULL
6705,6705,6705,3,NULL,"2026-01-19 08:57:09","2026-01-19 08:57:09",NULL
6706,6706,6706,3,NULL,"2026-01-19 08:57:09","2026-01-19 08:57:09",NULL
6707,6707,6707,3,NULL,"2026-01-19 08:57:09","2026-01-19 08:57:09",NULL
6708,6708,6708,3,NULL,"2026-01-19 08:57:09","2026-01-19 08:57:09",NULL
6709,6709,6709,3,NULL,"2026-01-19 08:57:09","2026-01-19 08:57:09",NULL
6710,6710,6710,3,NULL,"2026-01-19 08:57:09","2026-01-19 08:57:09",NULL
6711,6711,6711,3,NULL,"2026-01-19 08:57:09","2026-01-19 08:57:09",NULL
6712,6712,6712,3,NULL,"2026-01-19 08:57:09","2026-01-19 08:57:09",NULL
6713,6713,6713,3,NULL,"2026-01-19 08:57:09","2026-01-19 08:57:09",NULL
6714,6714,6714,3,NULL,"2026-01-19 08:57:09","2026-01-19 08:57:09",NULL
6715,6715,6715,3,NULL,"2026-01-19 08:57:09","2026-01-19 08:57:09",NULL
6716,6716,6716,3,NULL,"2026-01-19 08:57:09","2026-01-19 08:57:09",NULL
6717,6717,6717,3,NULL,"2026-01-19 08:57:09","2026-01-19 08:57:09",NULL
6718,6718,6718,3,NULL,"2026-01-19 08:57:09","2026-01-19 08:57:09",NULL
6719,6719,6719,3,NULL,"2026-01-19 08:57:09","2026-01-19 08:57:09",NULL
6720,6720,6720,3,NULL,"2026-01-19 08:57:09","2026-01-19 08:57:09",NULL
6721,6721,6721,3,NULL,"2026-01-19 08:57:09","2026-01-19 08:57:09",NULL
6722,6722,6722,3,NULL,"2026-01-19 08:57:09","2026-01-19 08:57:09",NULL
6723,6723,6723,3,NULL,"2026-01-19 08:57:09","2026-01-19 08:57:09",NULL
6724,6724,6724,3,NULL,"2026-01-19 08:57:09","2026-01-19 08:57:09",NULL
6725,6725,6725,3,NULL,"2026-01-19 08:57:09","2026-01-19 08:57:09",NULL
6726,6726,6726,3,NULL,"2026-01-19 08:57:09","2026-01-19 08:57:09",NULL
6727,6727,6727,3,NULL,"2026-01-19 08:57:09","2026-01-19 08:57:09",NULL
6728,6728,6728,3,NULL,"2026-01-19 08:57:09","2026-01-19 08:57:09",NULL
6729,6729,6729,3,NULL,"2026-01-19 08:57:09","2026-01-19 08:57:09",NULL
6730,6730,6730,3,NULL,"2026-01-19 08:57:09","2026-01-19 08:57:09",NULL
6731,6731,6731,3,NULL,"2026-01-19 08:57:09","2026-01-19 08:57:09",NULL
6732,6732,6732,3,NULL,"2026-01-19 08:57:09","2026-01-19 08:57:09",NULL
6733,6733,6733,3,NULL,"2026-01-19 08:57:09","2026-01-19 08:57:09",NULL
6734,6734,6734,3,NULL,"2026-01-19 08:57:09","2026-01-19 08:57:09",NULL
6735,6735,6735,3,NULL,"2026-01-19 08:57:09","2026-01-19 08:57:09",NULL
6736,6736,6736,3,NULL,"2026-01-19 08:57:09","2026-01-19 08:57:09",NULL
6737,6737,6737,3,NULL,"2026-01-19 08:57:09","2026-01-19 08:57:09",NULL
6738,6738,6738,3,NULL,"2026-01-19 08:57:09","2026-01-19 08:57:09",NULL
6739,6739,6739,3,NULL,"2026-01-19 08:57:09","2026-01-19 08:57:09",NULL
6740,6740,6740,3,NULL,"2026-01-19 08:57:09","2026-01-19 08:57:09",NULL
6741,6741,6741,3,NULL,"2026-01-19 08:57:09","2026-01-19 08:57:09",NULL
6742,6742,6742,3,NULL,"2026-01-19 08:57:09","2026-01-19 08:57:09",NULL
6743,6743,6743,3,NULL,"2026-01-19 08:57:09","2026-01-19 08:57:09",NULL
6744,6744,6744,3,NULL,"2026-01-19 08:57:09","2026-01-19 08:57:09",NULL
6745,6745,6745,3,NULL,"2026-01-19 08:57:09","2026-01-19 08:57:09",NULL
6746,6746,6746,3,NULL,"2026-01-19 08:57:09","2026-01-19 08:57:09",NULL
6747,6747,6747,3,NULL,"2026-01-19 08:57:09","2026-01-19 08:57:09",NULL
6748,6748,6748,3,NULL,"2026-01-19 08:57:09","2026-01-19 08:57:09",NULL
6749,6749,6749,3,NULL,"2026-01-19 08:57:09","2026-01-19 08:57:09",NULL
6750,6750,6750,3,NULL,"2026-01-19 08:57:09","2026-01-19 08:57:09",NULL
6751,6751,6751,3,NULL,"2026-01-19 08:57:09","2026-01-19 08:57:09",NULL
6752,6752,6752,3,NULL,"2026-01-19 08:57:09","2026-01-19 08:57:09",NULL
6753,6753,6753,3,NULL,"2026-01-19 08:57:09","2026-01-19 08:57:09",NULL
6754,6754,6754,3,NULL,"2026-01-19 08:57:09","2026-01-19 08:57:09",NULL
6755,6755,6755,3,NULL,"2026-01-19 08:57:09","2026-01-19 08:57:09",NULL
6756,6756,6756,3,NULL,"2026-01-19 08:57:09","2026-01-19 08:57:09",NULL
6757,6757,6757,3,NULL,"2026-01-19 08:57:09","2026-01-19 08:57:09",NULL
6758,6758,6758,3,NULL,"2026-01-19 08:57:09","2026-01-19 08:57:09",NULL
6759,6759,6759,3,NULL,"2026-01-19 08:57:09","2026-01-19 08:57:09",NULL
6760,6760,6760,3,NULL,"2026-01-19 08:57:09","2026-01-19 08:57:09",NULL
6761,6761,6761,3,NULL,"2026-01-19 08:57:09","2026-01-19 08:57:09",NULL
6762,6762,6762,3,NULL,"2026-01-19 08:57:09","2026-01-19 08:57:09",NULL
6763,6763,6763,3,NULL,"2026-01-19 08:57:09","2026-01-19 08:57:09",NULL
6764,6764,6764,3,NULL,"2026-01-19 08:57:09","2026-01-19 08:57:09",NULL
6765,6765,6765,3,NULL,"2026-01-19 08:57:09","2026-01-19 08:57:09",NULL
6766,6766,6766,3,NULL,"2026-01-19 08:57:09","2026-01-19 08:57:09",NULL
6767,6767,6767,3,NULL,"2026-01-19 08:57:09","2026-01-19 08:57:09",NULL
6768,6768,6768,3,NULL,"2026-01-19 08:57:09","2026-01-19 08:57:09",NULL
6769,6769,6769,3,NULL,"2026-01-19 08:57:09","2026-01-19 08:57:09",NULL
6770,6770,6770,3,NULL,"2026-01-19 08:57:09","2026-01-19 08:57:09",NULL
6771,6771,6771,3,NULL,"2026-01-19 08:57:09","2026-01-19 08:57:09",NULL
6772,6772,6772,3,NULL,"2026-01-19 08:57:09","2026-01-19 08:57:09",NULL
6773,6773,6773,3,NULL,"2026-01-19 08:57:09","2026-01-19 08:57:09",NULL
6774,6774,6774,3,NULL,"2026-01-19 08:57:09","2026-01-19 08:57:09",NULL
6775,6775,6775,3,NULL,"2026-01-19 08:57:09","2026-01-19 08:57:09",NULL
6776,6776,6776,3,NULL,"2026-01-19 08:57:09","2026-01-19 08:57:09",NULL
6777,6777,6777,3,NULL,"2026-01-19 08:57:09","2026-01-19 08:57:09",NULL
6778,6778,6778,3,NULL,"2026-01-19 08:57:09","2026-01-19 08:57:09",NULL
6779,6779,6779,3,NULL,"2026-01-19 08:57:09","2026-01-19 08:57:09",NULL
6780,6780,6780,3,NULL,"2026-01-19 08:57:09","2026-01-19 08:57:09",NULL
6781,6781,6781,3,NULL,"2026-01-19 08:57:09","2026-01-19 08:57:09",NULL
6782,6782,6782,3,NULL,"2026-01-19 08:57:09","2026-01-19 08:57:09",NULL
6783,6783,6783,3,NULL,"2026-01-19 08:57:09","2026-01-19 08:57:09",NULL
6784,6784,6784,3,NULL,"2026-01-19 08:57:09","2026-01-19 08:57:09",NULL
6785,6785,6785,3,NULL,"2026-01-19 08:57:09","2026-01-19 08:57:09",NULL
6786,6786,6786,3,NULL,"2026-01-19 08:57:09","2026-01-19 08:57:09",NULL
6787,6787,6787,3,NULL,"2026-01-19 08:57:09","2026-01-19 08:57:09",NULL
6788,6788,6788,3,NULL,"2026-01-19 08:57:09","2026-01-19 08:57:09",NULL
6789,6789,6789,3,NULL,"2026-01-19 08:57:09","2026-01-19 08:57:09",NULL
6790,6790,6790,3,NULL,"2026-01-19 08:57:09","2026-01-19 08:57:09",NULL
6791,6791,6791,3,NULL,"2026-01-19 08:57:09","2026-01-19 08:57:09",NULL
6792,6792,6792,3,NULL,"2026-01-19 08:57:09","2026-01-19 08:57:09",NULL
6793,6793,6793,3,NULL,"2026-01-19 08:57:09","2026-01-19 08:57:09",NULL
6794,6794,6794,3,NULL,"2026-01-19 08:57:09","2026-01-19 08:57:09",NULL
6795,6795,6795,3,NULL,"2026-01-19 08:57:09","2026-01-19 08:57:09",NULL
6796,6796,6796,3,NULL,"2026-01-19 08:57:09","2026-01-19 08:57:09",NULL
6797,6797,6797,3,NULL,"2026-01-19 08:57:09","2026-01-19 08:57:09",NULL
6798,6798,6798,3,NULL,"2026-01-19 08:57:09","2026-01-19 08:57:09",NULL
6799,6799,6799,3,NULL,"2026-01-19 08:57:09","2026-01-19 08:57:09",NULL
6800,6800,6800,3,NULL,"2026-01-19 08:57:09","2026-01-19 08:57:09",NULL
6801,6801,6801,3,NULL,"2026-01-19 08:57:09","2026-01-19 08:57:09",NULL
6802,6802,6802,3,NULL,"2026-01-19 08:57:09","2026-01-19 08:57:09",NULL
6803,6803,6803,3,NULL,"2026-01-19 08:57:09","2026-01-19 08:57:09",NULL
6804,6804,6804,3,NULL,"2026-01-19 08:57:09","2026-01-19 08:57:09",NULL
6805,6805,6805,3,NULL,"2026-01-19 08:57:09","2026-01-19 08:57:09",NULL
6806,6806,6806,3,NULL,"2026-01-19 08:57:09","2026-01-19 08:57:09",NULL
6807,6807,6807,3,NULL,"2026-01-19 08:57:09","2026-01-19 08:57:09",NULL
6808,6808,6808,3,NULL,"2026-01-19 08:57:09","2026-01-19 08:57:09",NULL
6809,6809,6809,3,NULL,"2026-01-19 08:57:09","2026-01-19 08:57:09",NULL
6810,6810,6810,3,NULL,"2026-01-19 08:57:09","2026-01-19 08:57:09",NULL
6811,6811,6811,3,NULL,"2026-01-19 08:57:09","2026-01-19 08:57:09",NULL
6812,6812,6812,3,NULL,"2026-01-19 08:57:09","2026-01-19 08:57:09",NULL
6813,6813,6813,3,NULL,"2026-01-19 08:57:09","2026-01-19 08:57:09",NULL
6814,6814,6814,3,NULL,"2026-01-19 08:57:09","2026-01-19 08:57:09",NULL
6815,6815,6815,3,NULL,"2026-01-19 08:57:09","2026-01-19 08:57:09",NULL
6816,6816,6816,3,NULL,"2026-01-19 08:57:09","2026-01-19 08:57:09",NULL
6817,6817,6817,3,NULL,"2026-01-19 08:57:09","2026-01-19 08:57:09",NULL
6818,6818,6818,3,NULL,"2026-01-19 08:57:09","2026-01-19 08:57:09",NULL
6819,6819,6819,3,NULL,"2026-01-19 08:57:09","2026-01-19 08:57:09",NULL
6820,6820,6820,3,NULL,"2026-01-19 08:57:09","2026-01-19 08:57:09",NULL
6821,6821,6821,3,NULL,"2026-01-19 08:57:09","2026-01-19 08:57:09",NULL
6822,6822,6822,3,NULL,"2026-01-19 08:57:09","2026-01-19 08:57:09",NULL
6823,6823,6823,3,NULL,"2026-01-19 08:57:09","2026-01-19 08:57:09",NULL
6824,6824,6824,3,NULL,"2026-01-19 08:57:09","2026-01-19 08:57:09",NULL
6825,6825,6825,3,NULL,"2026-01-19 08:57:09","2026-01-19 08:57:09",NULL
6826,6826,6826,3,NULL,"2026-01-19 08:57:09","2026-01-19 08:57:09",NULL
6827,6827,6827,3,NULL,"2026-01-19 08:57:09","2026-01-19 08:57:09",NULL
6828,6828,6828,3,NULL,"2026-01-19 08:57:09","2026-01-19 08:57:09",NULL
6829,6829,6829,3,NULL,"2026-01-19 08:57:09","2026-01-19 08:57:09",NULL
6830,6830,6830,3,NULL,"2026-01-19 08:57:09","2026-01-19 08:57:09",NULL
6831,6831,6831,3,NULL,"2026-01-19 08:57:09","2026-01-19 08:57:09",NULL
6832,6832,6832,3,NULL,"2026-01-19 08:57:09","2026-01-19 08:57:09",NULL
6833,6833,6833,3,NULL,"2026-01-19 08:57:09","2026-01-19 08:57:09",NULL
6834,6834,6834,3,NULL,"2026-01-19 08:57:09","2026-01-19 08:57:09",NULL
6835,6835,6835,3,NULL,"2026-01-19 08:57:09","2026-01-19 08:57:09",NULL
6836,6836,6836,3,NULL,"2026-01-19 08:57:09","2026-01-19 08:57:09",NULL
6837,6837,6837,3,NULL,"2026-01-19 08:57:09","2026-01-19 08:57:09",NULL
6838,6838,6838,3,NULL,"2026-01-19 08:57:09","2026-01-19 08:57:09",NULL
6839,6839,6839,3,NULL,"2026-01-19 08:57:09","2026-01-19 08:57:09",NULL
6840,6840,6840,3,NULL,"2026-01-19 08:57:09","2026-01-19 08:57:09",NULL
6841,6841,6841,3,NULL,"2026-01-19 08:57:09","2026-01-19 08:57:09",NULL
6842,6842,6842,3,NULL,"2026-01-19 08:57:09","2026-01-19 08:57:09",NULL
6843,6843,6843,3,NULL,"2026-01-19 08:57:09","2026-01-19 08:57:09",NULL
6844,6844,6844,3,NULL,"2026-01-19 08:57:09","2026-01-19 08:57:09",NULL
6845,6845,6845,3,NULL,"2026-01-19 08:57:09","2026-01-19 08:57:09",NULL
6846,6846,6846,3,NULL,"2026-01-19 08:57:09","2026-01-19 08:57:09",NULL
6847,6847,6847,3,NULL,"2026-01-19 08:57:09","2026-01-19 08:57:09",NULL
6848,6848,6848,3,NULL,"2026-01-19 08:57:09","2026-01-19 08:57:09",NULL
6849,6849,6849,3,NULL,"2026-01-19 08:57:09","2026-01-19 08:57:09",NULL
6850,6850,6850,3,NULL,"2026-01-19 08:57:09","2026-01-19 08:57:09",NULL
6851,6851,6851,3,NULL,"2026-01-19 08:57:09","2026-01-19 08:57:09",NULL
6852,6852,6852,3,NULL,"2026-01-19 08:57:09","2026-01-19 08:57:09",NULL
6853,6853,6853,3,NULL,"2026-01-19 08:57:09","2026-01-19 08:57:09",NULL
6854,6854,6854,3,NULL,"2026-01-19 08:57:09","2026-01-19 08:57:09",NULL
6855,6855,6855,3,NULL,"2026-01-19 08:57:09","2026-01-19 08:57:09",NULL
6856,6856,6856,3,NULL,"2026-01-19 08:57:09","2026-01-19 08:57:09",NULL
6857,6857,6857,3,NULL,"2026-01-19 08:57:09","2026-01-19 08:57:09",NULL
6858,6858,6858,3,NULL,"2026-01-19 08:57:09","2026-01-19 08:57:09",NULL
6859,6859,6859,3,NULL,"2026-01-19 08:57:09","2026-01-19 08:57:09",NULL
6860,6860,6860,3,NULL,"2026-01-19 08:57:09","2026-01-19 08:57:09",NULL
6861,6861,6861,3,NULL,"2026-01-19 08:57:09","2026-01-19 08:57:09",NULL
6862,6862,6862,3,NULL,"2026-01-19 08:57:09","2026-01-19 08:57:09",NULL
6863,6863,6863,3,NULL,"2026-01-19 08:57:09","2026-01-19 08:57:09",NULL
6864,6864,6864,3,NULL,"2026-01-19 08:57:09","2026-01-19 08:57:09",NULL
6865,6865,6865,3,NULL,"2026-01-19 08:57:09","2026-01-19 08:57:09",NULL
6866,6866,6866,3,NULL,"2026-01-19 08:57:09","2026-01-19 08:57:09",NULL
6867,6867,6867,3,NULL,"2026-01-19 08:57:09","2026-01-19 08:57:09",NULL
6868,6868,6868,3,NULL,"2026-01-19 08:57:09","2026-01-19 08:57:09",NULL
6869,6869,6869,3,NULL,"2026-01-19 08:57:09","2026-01-19 08:57:09",NULL
6870,6870,6870,3,NULL,"2026-01-19 08:57:09","2026-01-19 08:57:09",NULL
6871,6871,6871,3,NULL,"2026-01-19 08:57:09","2026-01-19 08:57:09",NULL
6872,6872,6872,3,NULL,"2026-01-19 08:57:09","2026-01-19 08:57:09",NULL
6873,6873,6873,3,NULL,"2026-01-19 08:57:09","2026-01-19 08:57:09",NULL
6874,6874,6874,3,NULL,"2026-01-19 08:57:09","2026-01-19 08:57:09",NULL
6875,6875,6875,3,NULL,"2026-01-19 08:57:09","2026-01-19 08:57:09",NULL
6876,6876,6876,3,NULL,"2026-01-19 08:57:09","2026-01-19 08:57:09",NULL
6877,6877,6877,3,NULL,"2026-01-19 08:57:09","2026-01-19 08:57:09",NULL
6878,6878,6878,3,NULL,"2026-01-19 08:57:09","2026-01-19 08:57:09",NULL
6879,6879,6879,3,NULL,"2026-01-19 08:57:09","2026-01-19 08:57:09",NULL
6880,6880,6880,3,NULL,"2026-01-19 08:57:09","2026-01-19 08:57:09",NULL
6881,6881,6881,3,NULL,"2026-01-19 08:57:09","2026-01-19 08:57:09",NULL
6882,6882,6882,3,NULL,"2026-01-19 08:57:09","2026-01-19 08:57:09",NULL
6883,6883,6883,3,NULL,"2026-01-19 08:57:09","2026-01-19 08:57:09",NULL
6884,6884,6884,3,NULL,"2026-01-19 08:57:09","2026-01-19 08:57:09",NULL
6885,6885,6885,3,NULL,"2026-01-19 08:57:09","2026-01-19 08:57:09",NULL
6886,6886,6886,3,NULL,"2026-01-19 08:57:09","2026-01-19 08:57:09",NULL
6887,6887,6887,3,NULL,"2026-01-19 08:57:09","2026-01-19 08:57:09",NULL
6888,6888,6888,3,NULL,"2026-01-19 08:57:09","2026-01-19 08:57:09",NULL
6889,6889,6889,3,NULL,"2026-01-19 08:57:09","2026-01-19 08:57:09",NULL
6890,6890,6890,3,NULL,"2026-01-19 08:57:09","2026-01-19 08:57:09",NULL
6891,6891,6891,3,NULL,"2026-01-19 08:57:09","2026-01-19 08:57:09",NULL
6892,6892,6892,3,NULL,"2026-01-19 08:57:09","2026-01-19 08:57:09",NULL
6893,6893,6893,3,NULL,"2026-01-19 08:57:09","2026-01-19 08:57:09",NULL
6894,6894,6894,3,NULL,"2026-01-19 08:57:09","2026-01-19 08:57:09",NULL
6895,6895,6895,3,NULL,"2026-01-19 08:57:09","2026-01-19 08:57:09",NULL
6896,6896,6896,3,NULL,"2026-01-19 08:57:09","2026-01-19 08:57:09",NULL
6897,6897,6897,3,NULL,"2026-01-19 08:57:09","2026-01-19 08:57:09",NULL
6898,6898,6898,3,NULL,"2026-01-19 08:57:09","2026-01-19 08:57:09",NULL
6899,6899,6899,3,NULL,"2026-01-19 08:57:09","2026-01-19 08:57:09",NULL
6900,6900,6900,3,NULL,"2026-01-19 08:57:09","2026-01-19 08:57:09",NULL
6901,6901,6901,3,NULL,"2026-01-19 08:57:09","2026-01-19 08:57:09",NULL
6902,6902,6902,3,NULL,"2026-01-19 08:57:09","2026-01-19 08:57:09",NULL
6903,6903,6903,3,NULL,"2026-01-19 08:57:09","2026-01-19 08:57:09",NULL
6904,6904,6904,3,NULL,"2026-01-19 08:57:09","2026-01-19 08:57:09",NULL
6905,6905,6905,3,NULL,"2026-01-19 08:57:09","2026-01-19 08:57:09",NULL
6906,6906,6906,3,NULL,"2026-01-19 08:57:09","2026-01-19 08:57:09",NULL
6907,6907,6907,3,NULL,"2026-01-19 08:57:09","2026-01-19 08:57:09",NULL
6908,6908,6908,3,NULL,"2026-01-19 08:57:09","2026-01-19 08:57:09",NULL
6909,6909,6909,3,NULL,"2026-01-19 08:57:09","2026-01-19 08:57:09",NULL
6910,6910,6910,3,NULL,"2026-01-19 08:57:09","2026-01-19 08:57:09",NULL
6911,6911,6911,3,NULL,"2026-01-19 08:57:09","2026-01-19 08:57:09",NULL
6912,6912,6912,3,NULL,"2026-01-19 08:57:09","2026-01-19 08:57:09",NULL
6913,6913,6913,3,NULL,"2026-01-19 08:57:09","2026-01-19 08:57:09",NULL
6914,6914,6914,3,NULL,"2026-01-19 08:57:09","2026-01-19 08:57:09",NULL
6915,6915,6915,3,NULL,"2026-01-19 08:57:09","2026-01-19 08:57:09",NULL
6916,6916,6916,3,NULL,"2026-01-19 08:57:09","2026-01-19 08:57:09",NULL
6917,6917,6917,3,NULL,"2026-01-19 08:57:09","2026-01-19 08:57:09",NULL
6918,6918,6918,3,NULL,"2026-01-19 08:57:09","2026-01-19 08:57:09",NULL
6919,6919,6919,3,NULL,"2026-01-19 08:57:09","2026-01-19 08:57:09",NULL
6920,6920,6920,3,NULL,"2026-01-19 08:57:09","2026-01-19 08:57:09",NULL
6921,6921,6921,3,NULL,"2026-01-19 08:57:09","2026-01-19 08:57:09",NULL
6922,6922,6922,3,NULL,"2026-01-19 08:57:09","2026-01-19 08:57:09",NULL
6923,6923,6923,3,NULL,"2026-01-19 08:57:09","2026-01-19 08:57:09",NULL
6924,6924,6924,3,NULL,"2026-01-19 08:57:09","2026-01-19 08:57:09",NULL
6925,6925,6925,3,NULL,"2026-01-19 08:57:09","2026-01-19 08:57:09",NULL
6926,6926,6926,3,NULL,"2026-01-19 08:57:09","2026-01-19 08:57:09",NULL
6927,6927,6927,3,NULL,"2026-01-19 08:57:09","2026-01-19 08:57:09",NULL
6928,6928,6928,3,NULL,"2026-01-19 08:57:09","2026-01-19 08:57:09",NULL
6929,6929,6929,3,NULL,"2026-01-19 08:57:09","2026-01-19 08:57:09",NULL
6930,6930,6930,3,NULL,"2026-01-19 08:57:09","2026-01-19 08:57:09",NULL
6931,6931,6931,3,NULL,"2026-01-19 08:57:09","2026-01-19 08:57:09",NULL
6932,6932,6932,3,NULL,"2026-01-19 08:57:09","2026-01-19 08:57:09",NULL
6933,6933,6933,3,NULL,"2026-01-19 08:57:09","2026-01-19 08:57:09",NULL
6934,6934,6934,3,NULL,"2026-01-19 08:57:09","2026-01-19 08:57:09",NULL
6935,6935,6935,3,NULL,"2026-01-19 08:57:09","2026-01-19 08:57:09",NULL
6936,6936,6936,3,NULL,"2026-01-19 08:57:09","2026-01-19 08:57:09",NULL
6937,6937,6937,3,NULL,"2026-01-19 08:57:09","2026-01-19 08:57:09",NULL
6938,6938,6938,3,NULL,"2026-01-19 08:57:09","2026-01-19 08:57:09",NULL
6939,6939,6939,3,NULL,"2026-01-19 08:57:09","2026-01-19 08:57:09",NULL
6940,6940,6940,3,NULL,"2026-01-19 08:57:09","2026-01-19 08:57:09",NULL
6941,6941,6941,3,NULL,"2026-01-19 08:57:09","2026-01-19 08:57:09",NULL
6942,6942,6942,3,NULL,"2026-01-19 08:57:09","2026-01-19 08:57:09",NULL
6943,6943,6943,3,NULL,"2026-01-19 08:57:09","2026-01-19 08:57:09",NULL
6944,6944,6944,3,NULL,"2026-01-19 08:57:09","2026-01-19 08:57:09",NULL
6945,6945,6945,3,NULL,"2026-01-19 08:57:09","2026-01-19 08:57:09",NULL
6946,6946,6946,3,NULL,"2026-01-19 08:57:09","2026-01-19 08:57:09",NULL
6947,6947,6947,3,NULL,"2026-01-19 08:57:09","2026-01-19 08:57:09",NULL
6948,6948,6948,3,NULL,"2026-01-19 08:57:09","2026-01-19 08:57:09",NULL
6949,6949,6949,3,NULL,"2026-01-19 08:57:09","2026-01-19 08:57:09",NULL
6950,6950,6950,3,NULL,"2026-01-19 08:57:09","2026-01-19 08:57:09",NULL
6951,6951,6951,3,NULL,"2026-01-19 08:57:09","2026-01-19 08:57:09",NULL
6952,6952,6952,3,NULL,"2026-01-19 08:57:09","2026-01-19 08:57:09",NULL
6953,6953,6953,3,NULL,"2026-01-19 08:57:09","2026-01-19 08:57:09",NULL
6954,6954,6954,3,NULL,"2026-01-19 08:57:09","2026-01-19 08:57:09",NULL
6955,6955,6955,3,NULL,"2026-01-19 08:57:09","2026-01-19 08:57:09",NULL
6956,6956,6956,3,NULL,"2026-01-19 08:57:09","2026-01-19 08:57:09",NULL
6957,6957,6957,3,NULL,"2026-01-19 08:57:09","2026-01-19 08:57:09",NULL
6958,6958,6958,3,NULL,"2026-01-19 08:57:09","2026-01-19 08:57:09",NULL
6959,6959,6959,3,NULL,"2026-01-19 08:57:09","2026-01-19 08:57:09",NULL
6960,6960,6960,3,NULL,"2026-01-19 08:57:09","2026-01-19 08:57:09",NULL
6961,6961,6961,3,NULL,"2026-01-19 08:57:09","2026-01-19 08:57:09",NULL
6962,6962,6962,3,NULL,"2026-01-19 08:57:09","2026-01-19 08:57:09",NULL
6963,6963,6963,3,NULL,"2026-01-19 08:57:09","2026-01-19 08:57:09",NULL
6964,6964,6964,3,NULL,"2026-01-19 08:57:09","2026-01-19 08:57:09",NULL
6965,6965,6965,3,NULL,"2026-01-19 08:57:09","2026-01-19 08:57:09",NULL
6966,6966,6966,3,NULL,"2026-01-19 08:57:09","2026-01-19 08:57:09",NULL
6967,6967,6967,3,NULL,"2026-01-19 08:57:09","2026-01-19 08:57:09",NULL
6968,6968,6968,3,NULL,"2026-01-19 08:57:09","2026-01-19 08:57:09",NULL
6969,6969,6969,3,NULL,"2026-01-19 08:57:09","2026-01-19 08:57:09",NULL
6970,6970,6970,3,NULL,"2026-01-19 08:57:09","2026-01-19 08:57:09",NULL
6971,6971,6971,3,NULL,"2026-01-19 08:57:09","2026-01-19 08:57:09",NULL
6972,6972,6972,3,NULL,"2026-01-19 08:57:09","2026-01-19 08:57:09",NULL
6973,6973,6973,3,NULL,"2026-01-19 08:57:09","2026-01-19 08:57:09",NULL
6974,6974,6974,3,NULL,"2026-01-19 08:57:09","2026-01-19 08:57:09",NULL
6975,6975,6975,3,NULL,"2026-01-19 08:57:09","2026-01-19 08:57:09",NULL
6976,6976,6976,3,NULL,"2026-01-19 08:57:09","2026-01-19 08:57:09",NULL
6977,6977,6977,3,NULL,"2026-01-19 08:57:09","2026-01-19 08:57:09",NULL
6978,6978,6978,3,NULL,"2026-01-19 08:57:09","2026-01-19 08:57:09",NULL
6979,6979,6979,3,NULL,"2026-01-19 08:57:09","2026-01-19 08:57:09",NULL
6980,6980,6980,3,NULL,"2026-01-19 08:57:09","2026-01-19 08:57:09",NULL
6981,6981,6981,3,NULL,"2026-01-19 08:57:09","2026-01-19 08:57:09",NULL
6982,6982,6982,3,NULL,"2026-01-19 08:57:09","2026-01-19 08:57:09",NULL
6983,6983,6983,3,NULL,"2026-01-19 08:57:09","2026-01-19 08:57:09",NULL
6984,6984,6984,3,NULL,"2026-01-19 08:57:09","2026-01-19 08:57:09",NULL
6985,6985,6985,3,NULL,"2026-01-19 08:57:09","2026-01-19 08:57:09",NULL
6986,6986,6986,3,NULL,"2026-01-19 08:57:09","2026-01-19 08:57:09",NULL
6987,6987,6987,3,NULL,"2026-01-19 08:57:09","2026-01-19 08:57:09",NULL
6988,6988,6988,3,NULL,"2026-01-19 08:57:09","2026-01-19 08:57:09",NULL
6989,6989,6989,3,NULL,"2026-01-19 08:57:09","2026-01-19 08:57:09",NULL
6990,6990,6990,3,NULL,"2026-01-19 08:57:09","2026-01-19 08:57:09",NULL
6991,6991,6991,3,NULL,"2026-01-19 08:57:09","2026-01-19 08:57:09",NULL
6992,6992,6992,3,NULL,"2026-01-19 08:57:09","2026-01-19 08:57:09",NULL
6993,6993,6993,3,NULL,"2026-01-19 08:57:09","2026-01-19 08:57:09",NULL
6994,6994,6994,2,NULL,"2026-01-19 08:57:09","2026-01-19 08:57:09",NULL
6995,6995,6995,3,NULL,"2026-01-19 08:57:09","2026-01-19 08:57:09",NULL
6996,6996,6996,3,NULL,"2026-01-19 08:57:09","2026-01-19 08:57:09",NULL
6997,6997,6997,3,NULL,"2026-01-19 08:57:09","2026-01-19 08:57:09",NULL
6998,6998,6998,3,NULL,"2026-01-19 08:57:09","2026-01-19 08:57:09",NULL
6999,6999,6999,3,NULL,"2026-01-19 08:57:09","2026-01-19 08:57:09",NULL
7000,7000,7000,3,NULL,"2026-01-19 08:57:09","2026-01-19 08:57:09",NULL
7001,7001,7001,3,NULL,"2026-01-19 08:57:09","2026-01-19 08:57:09",NULL
7002,7002,7002,3,NULL,"2026-01-19 08:57:09","2026-01-19 08:57:09",NULL
7003,7003,7003,3,NULL,"2026-01-19 08:57:09","2026-01-19 08:57:09",NULL
7004,7004,7004,3,NULL,"2026-01-19 08:57:09","2026-01-19 08:57:09",NULL
7005,7005,7005,3,NULL,"2026-01-19 08:57:09","2026-01-19 08:57:09",NULL
7006,7006,7006,3,NULL,"2026-01-19 08:57:09","2026-01-19 08:57:09",NULL
7007,7007,7007,3,NULL,"2026-01-19 08:57:09","2026-01-19 08:57:09",NULL
7008,7008,7008,3,NULL,"2026-01-19 08:57:09","2026-01-19 08:57:09",NULL
7009,7009,7009,3,NULL,"2026-01-19 08:57:09","2026-01-19 08:57:09",NULL
7010,7010,7010,3,NULL,"2026-01-19 08:57:09","2026-01-19 08:57:09",NULL
7011,7011,7011,3,NULL,"2026-01-19 08:57:09","2026-01-19 08:57:09",NULL
7012,7012,7012,4,NULL,"2026-01-19 08:57:09","2026-01-19 08:57:09",NULL
7013,7013,7013,4,NULL,"2026-01-19 08:57:09","2026-01-19 08:57:09",NULL
7014,7014,7014,4,NULL,"2026-01-19 08:57:09","2026-01-19 08:57:09",NULL
7015,7015,7015,4,NULL,"2026-01-19 08:57:09","2026-01-19 08:57:09",NULL
7016,7016,7016,4,NULL,"2026-01-19 08:57:09","2026-01-19 08:57:09",NULL
7017,7017,7017,4,NULL,"2026-01-19 08:57:09","2026-01-19 08:57:09",NULL
7018,7018,7018,4,NULL,"2026-01-19 08:57:09","2026-01-19 08:57:09",NULL
7019,7019,7019,4,NULL,"2026-01-19 08:57:09","2026-01-19 08:57:09",NULL
7020,7020,7020,4,NULL,"2026-01-19 08:57:10","2026-01-19 08:57:10",NULL
7021,7021,7021,4,NULL,"2026-01-19 08:57:10","2026-01-19 08:57:10",NULL
7022,7022,7022,4,NULL,"2026-01-19 08:57:10","2026-01-19 08:57:10",NULL
7023,7023,7023,4,NULL,"2026-01-19 08:57:10","2026-01-19 08:57:10",NULL
7024,7024,7024,4,NULL,"2026-01-19 08:57:10","2026-01-19 08:57:10",NULL
7025,7025,7025,4,NULL,"2026-01-19 08:57:10","2026-01-19 08:57:10",NULL
7026,7026,7026,4,NULL,"2026-01-19 08:57:10","2026-01-19 08:57:10",NULL
7027,7027,7027,4,NULL,"2026-01-19 08:57:10","2026-01-19 08:57:10",NULL
7028,7028,7028,4,NULL,"2026-01-19 08:57:10","2026-01-19 08:57:10",NULL
7029,7029,7029,4,NULL,"2026-01-19 08:57:10","2026-01-19 08:57:10",NULL
7030,7030,7030,3,NULL,"2026-01-19 08:57:10","2026-01-19 08:57:10",NULL
7031,7031,7031,3,NULL,"2026-01-19 08:57:10","2026-01-19 08:57:10",NULL
7032,7032,7032,3,NULL,"2026-01-19 08:57:10","2026-01-19 08:57:10",NULL
7033,7033,7033,3,NULL,"2026-01-19 08:57:10","2026-01-19 08:57:10",NULL
7034,7034,7034,3,NULL,"2026-01-19 08:57:10","2026-01-19 08:57:10",NULL
7035,7035,7035,3,NULL,"2026-01-19 08:57:10","2026-01-19 08:57:10",NULL
7036,7036,7036,3,NULL,"2026-01-19 08:57:10","2026-01-19 08:57:10",NULL
7037,7037,7037,3,NULL,"2026-01-19 08:57:10","2026-01-19 08:57:10",NULL
7038,7038,7038,3,NULL,"2026-01-19 08:57:10","2026-01-19 08:57:10",NULL
7039,7039,7039,3,NULL,"2026-01-19 08:57:10","2026-01-19 08:57:10",NULL
7040,7040,7040,3,NULL,"2026-01-19 08:57:10","2026-01-19 08:57:10",NULL
7041,7041,7041,3,NULL,"2026-01-19 08:57:10","2026-01-19 08:57:10",NULL
7042,7042,7042,3,NULL,"2026-01-19 08:57:10","2026-01-19 08:57:10",NULL
7043,7043,7043,3,NULL,"2026-01-19 08:57:10","2026-01-19 08:57:10",NULL
7044,7044,7044,3,NULL,"2026-01-19 08:57:10","2026-01-19 08:57:10",NULL
7045,7045,7045,3,NULL,"2026-01-19 08:57:10","2026-01-19 08:57:10",NULL
7046,7046,7046,3,NULL,"2026-01-19 08:57:10","2026-01-19 08:57:10",NULL
7047,7047,7047,3,NULL,"2026-01-19 08:57:10","2026-01-19 08:57:10",NULL
7048,7048,7048,3,NULL,"2026-01-19 08:57:10","2026-01-19 08:57:10",NULL
7049,7049,7049,3,NULL,"2026-01-19 08:57:10","2026-01-19 08:57:10",NULL
7050,7050,7050,3,NULL,"2026-01-19 08:57:10","2026-01-19 08:57:10",NULL
7051,7051,7051,3,NULL,"2026-01-19 08:57:10","2026-01-19 08:57:10",NULL
7052,7052,7052,2,NULL,"2026-01-19 08:57:10","2026-01-19 08:57:10",NULL
7053,7053,7053,2,NULL,"2026-01-19 08:57:10","2026-01-19 08:57:10",NULL
7054,7054,7054,2,NULL,"2026-01-19 08:57:10","2026-01-19 08:57:10",NULL
7055,7055,7055,4,NULL,"2026-01-19 08:57:10","2026-01-19 08:57:10",NULL
7056,7056,7056,4,NULL,"2026-01-19 08:57:10","2026-01-19 08:57:10",NULL
7057,7057,7057,4,NULL,"2026-01-19 08:57:10","2026-01-19 08:57:10",NULL
7058,7058,7058,4,NULL,"2026-01-19 08:57:10","2026-01-19 08:57:10",NULL
7059,7059,7059,4,NULL,"2026-01-19 08:57:10","2026-01-19 08:57:10",NULL
7060,7060,7060,4,NULL,"2026-01-19 08:57:10","2026-01-19 08:57:10",NULL
7061,7061,7061,4,NULL,"2026-01-19 08:57:10","2026-01-19 08:57:10",NULL
7062,7062,7062,4,NULL,"2026-01-19 08:57:10","2026-01-19 08:57:10",NULL
7063,7063,7063,4,NULL,"2026-01-19 08:57:10","2026-01-19 08:57:10",NULL
7064,7064,7064,4,NULL,"2026-01-19 08:57:10","2026-01-19 08:57:10",NULL
7065,7065,7065,4,NULL,"2026-01-19 08:57:10","2026-01-19 08:57:10",NULL
7066,7066,7066,4,NULL,"2026-01-19 08:57:10","2026-01-19 08:57:10",NULL
7067,7067,7067,4,NULL,"2026-01-19 08:57:10","2026-01-19 08:57:10",NULL
7068,7068,7068,4,NULL,"2026-01-19 08:57:10","2026-01-19 08:57:10",NULL
7069,7069,7069,4,NULL,"2026-01-19 08:57:10","2026-01-19 08:57:10",NULL
7070,7070,7070,4,NULL,"2026-01-19 08:57:10","2026-01-19 08:57:10",NULL
7071,7071,7071,4,NULL,"2026-01-19 08:57:10","2026-01-19 08:57:10",NULL
7072,7072,7072,4,NULL,"2026-01-19 08:57:10","2026-01-19 08:57:10",NULL
7073,7073,7073,4,NULL,"2026-01-19 08:57:10","2026-01-19 08:57:10",NULL
7074,7074,7074,4,NULL,"2026-01-19 08:57:10","2026-01-19 08:57:10",NULL
7075,7075,7075,4,NULL,"2026-01-19 08:57:10","2026-01-19 08:57:10",NULL
7076,7076,7076,4,NULL,"2026-01-19 08:57:10","2026-01-19 08:57:10",NULL
7077,7077,7077,4,NULL,"2026-01-19 08:57:10","2026-01-19 08:57:10",NULL
7078,7078,7078,4,NULL,"2026-01-19 08:57:10","2026-01-19 08:57:10",NULL
7079,7079,7079,4,NULL,"2026-01-19 08:57:10","2026-01-19 08:57:10",NULL
7080,7080,7080,4,NULL,"2026-01-19 08:57:10","2026-01-19 08:57:10",NULL
7081,7081,7081,4,NULL,"2026-01-19 08:57:10","2026-01-19 08:57:10",NULL
7082,7082,7082,3,NULL,"2026-01-19 08:57:10","2026-01-19 08:57:10",NULL
7083,7083,7083,3,NULL,"2026-01-19 08:57:10","2026-01-19 08:57:10",NULL
7084,7084,7084,3,NULL,"2026-01-19 08:57:10","2026-01-19 08:57:10",NULL
7085,7085,7085,3,NULL,"2026-01-19 08:57:10","2026-01-19 08:57:10",NULL
7086,7086,7086,3,NULL,"2026-01-19 08:57:10","2026-01-19 08:57:10",NULL
7087,7087,7087,3,NULL,"2026-01-19 08:57:10","2026-01-19 08:57:10",NULL
7088,7088,7088,3,NULL,"2026-01-19 08:57:10","2026-01-19 08:57:10",NULL
7089,7089,7089,3,NULL,"2026-01-19 08:57:10","2026-01-19 08:57:10",NULL
7090,7090,7090,3,NULL,"2026-01-19 08:57:10","2026-01-19 08:57:10",NULL
7091,7091,7091,3,NULL,"2026-01-19 08:57:10","2026-01-19 08:57:10",NULL
7092,7092,7092,3,NULL,"2026-01-19 08:57:10","2026-01-19 08:57:10",NULL
7093,7093,7093,4,NULL,"2026-01-19 08:57:10","2026-01-19 08:57:10",NULL
7094,7094,7094,4,NULL,"2026-01-19 08:57:10","2026-01-19 08:57:10",NULL
7095,7095,7095,4,NULL,"2026-01-19 08:57:10","2026-01-19 08:57:10",NULL
7096,7096,7096,4,NULL,"2026-01-19 08:57:10","2026-01-19 08:57:10",NULL
7097,7097,7097,4,NULL,"2026-01-19 08:57:10","2026-01-19 08:57:10",NULL
7098,7098,7098,4,NULL,"2026-01-19 08:57:10","2026-01-19 08:57:10",NULL
7099,7099,7099,3,NULL,"2026-01-19 08:57:10","2026-01-19 08:57:10",NULL
7100,7100,7100,3,NULL,"2026-01-19 08:57:10","2026-01-19 08:57:10",NULL
7101,7101,7101,2,NULL,"2026-01-19 08:57:10","2026-01-19 08:57:10",NULL
7102,7102,7102,2,NULL,"2026-01-19 08:57:10","2026-01-19 08:57:10",NULL
7103,7103,7103,2,NULL,"2026-01-19 08:57:10","2026-01-19 08:57:10",NULL
7104,7104,7104,2,NULL,"2026-01-19 08:57:10","2026-01-19 08:57:10",NULL
7105,7105,7105,2,NULL,"2026-01-19 08:57:10","2026-01-19 08:57:10",NULL
7106,7106,7106,2,NULL,"2026-01-19 08:57:10","2026-01-19 08:57:10",NULL
7107,7107,7107,2,NULL,"2026-01-19 08:57:10","2026-01-19 08:57:10",NULL
7108,7108,7108,2,NULL,"2026-01-19 08:57:10","2026-01-19 08:57:10",NULL
7109,7109,7109,2,NULL,"2026-01-19 08:57:10","2026-01-19 08:57:10",NULL
7110,7110,7110,2,NULL,"2026-01-19 08:57:10","2026-01-19 08:57:10",NULL
7111,7111,7111,2,NULL,"2026-01-19 08:57:10","2026-01-19 08:57:10",NULL
7112,7112,7112,2,NULL,"2026-01-19 08:57:10","2026-01-19 08:57:10",NULL
7113,7113,7113,2,NULL,"2026-01-19 08:57:10","2026-01-19 08:57:10",NULL
7114,7114,7114,2,NULL,"2026-01-19 08:57:10","2026-01-19 08:57:10",NULL
7115,7115,7115,2,NULL,"2026-01-19 08:57:10","2026-01-19 08:57:10",NULL
7116,7116,7116,2,NULL,"2026-01-19 08:57:10","2026-01-19 08:57:10",NULL
7117,7117,7117,2,NULL,"2026-01-19 08:57:10","2026-01-19 08:57:10",NULL
7118,7118,7118,2,NULL,"2026-01-19 08:57:10","2026-01-19 08:57:10",NULL
7119,7119,7119,2,NULL,"2026-01-19 08:57:10","2026-01-19 08:57:10",NULL
7120,7120,7120,2,NULL,"2026-01-19 08:57:10","2026-01-19 08:57:10",NULL
7121,7121,7121,2,NULL,"2026-01-19 08:57:10","2026-01-19 08:57:10",NULL
7122,7122,7122,2,NULL,"2026-01-19 08:57:10","2026-01-19 08:57:10",NULL
7123,7123,7123,2,NULL,"2026-01-19 08:57:10","2026-01-19 08:57:10",NULL
7124,7124,7124,2,NULL,"2026-01-19 08:57:10","2026-01-19 08:57:10",NULL
7125,7125,7125,2,NULL,"2026-01-19 08:57:10","2026-01-19 08:57:10",NULL
7126,7126,7126,2,NULL,"2026-01-19 08:57:10","2026-01-19 08:57:10",NULL
7127,7127,7127,2,NULL,"2026-01-19 08:57:10","2026-01-19 08:57:10",NULL
7128,7128,7128,2,NULL,"2026-01-19 08:57:10","2026-01-19 08:57:10",NULL
7129,7129,7129,2,NULL,"2026-01-19 08:57:10","2026-01-19 08:57:10",NULL
7130,7130,7130,2,NULL,"2026-01-19 08:57:10","2026-01-19 08:57:10",NULL
7131,7131,7131,2,NULL,"2026-01-19 08:57:10","2026-01-19 08:57:10",NULL
7132,7132,7132,2,NULL,"2026-01-19 08:57:10","2026-01-19 08:57:10",NULL
7133,7133,7133,2,NULL,"2026-01-19 08:57:10","2026-01-19 08:57:10",NULL
7134,7134,7134,2,NULL,"2026-01-19 08:57:10","2026-01-19 08:57:10",NULL
7135,7135,7135,2,NULL,"2026-01-19 08:57:10","2026-01-19 08:57:10",NULL
7136,7136,7136,2,NULL,"2026-01-19 08:57:10","2026-01-19 08:57:10",NULL
7137,7137,7137,2,NULL,"2026-01-19 08:57:10","2026-01-19 08:57:10",NULL
7138,7138,7138,2,NULL,"2026-01-19 08:57:10","2026-01-19 08:57:10",NULL
7139,7139,7139,2,NULL,"2026-01-19 08:57:10","2026-01-19 08:57:10",NULL
7140,7140,7140,2,NULL,"2026-01-19 08:57:10","2026-01-19 08:57:10",NULL
7141,7141,7141,2,NULL,"2026-01-19 08:57:10","2026-01-19 08:57:10",NULL
7142,7142,7142,2,NULL,"2026-01-19 08:57:10","2026-01-19 08:57:10",NULL
7143,7143,7143,2,NULL,"2026-01-19 08:57:10","2026-01-19 08:57:10",NULL
7144,7144,7144,2,NULL,"2026-01-19 08:57:10","2026-01-19 08:57:10",NULL
7145,7145,7145,2,NULL,"2026-01-19 08:57:10","2026-01-19 08:57:10",NULL
7146,7146,7146,2,NULL,"2026-01-19 08:57:10","2026-01-19 08:57:10",NULL
7147,7147,7147,2,NULL,"2026-01-19 08:57:10","2026-01-19 08:57:10",NULL
7148,7148,7148,2,NULL,"2026-01-19 08:57:10","2026-01-19 08:57:10",NULL
7149,7149,7149,2,NULL,"2026-01-19 08:57:10","2026-01-19 08:57:10",NULL
7150,7150,7150,2,NULL,"2026-01-19 08:57:10","2026-01-19 08:57:10",NULL
7151,7151,7151,2,NULL,"2026-01-19 08:57:10","2026-01-19 08:57:10",NULL
7152,7152,7152,2,NULL,"2026-01-19 08:57:10","2026-01-19 08:57:10",NULL
7153,7153,7153,2,NULL,"2026-01-19 08:57:10","2026-01-19 08:57:10",NULL
7154,7154,7154,2,NULL,"2026-01-19 08:57:10","2026-01-19 08:57:10",NULL
7155,7155,7155,2,NULL,"2026-01-19 08:57:10","2026-01-19 08:57:10",NULL
7156,7156,7156,2,NULL,"2026-01-19 08:57:10","2026-01-19 08:57:10",NULL
7157,7157,7157,2,NULL,"2026-01-19 08:57:10","2026-01-19 08:57:10",NULL
7158,7158,7158,2,NULL,"2026-01-19 08:57:10","2026-01-19 08:57:10",NULL
7159,7159,7159,2,NULL,"2026-01-19 08:57:10","2026-01-19 08:57:10",NULL
7160,7160,7160,2,NULL,"2026-01-19 08:57:10","2026-01-19 08:57:10",NULL
7161,7161,7161,2,NULL,"2026-01-19 08:57:10","2026-01-19 08:57:10",NULL
7162,7162,7162,2,NULL,"2026-01-19 08:57:10","2026-01-19 08:57:10",NULL
7163,7163,7163,2,NULL,"2026-01-19 08:57:10","2026-01-19 08:57:10",NULL
7164,7164,7164,2,NULL,"2026-01-19 08:57:10","2026-01-19 08:57:10",NULL
7165,7165,7165,2,NULL,"2026-01-19 08:57:10","2026-01-19 08:57:10",NULL
7166,7166,7166,2,NULL,"2026-01-19 08:57:10","2026-01-19 08:57:10",NULL
7167,7167,7167,2,NULL,"2026-01-19 08:57:10","2026-01-19 08:57:10",NULL
7168,7168,7168,2,NULL,"2026-01-19 08:57:10","2026-01-19 08:57:10",NULL
7169,7169,7169,2,NULL,"2026-01-19 08:57:10","2026-01-19 08:57:10",NULL
7170,7170,7170,2,NULL,"2026-01-19 08:57:10","2026-01-19 08:57:10",NULL
7171,7171,7171,2,NULL,"2026-01-19 08:57:10","2026-01-19 08:57:10",NULL
7172,7172,7172,2,NULL,"2026-01-19 08:57:10","2026-01-19 08:57:10",NULL
7173,7173,7173,2,NULL,"2026-01-19 08:57:10","2026-01-19 08:57:10",NULL
7174,7174,7174,2,NULL,"2026-01-19 08:57:10","2026-01-19 08:57:10",NULL
7175,7175,7175,2,NULL,"2026-01-19 08:57:10","2026-01-19 08:57:10",NULL
7176,7176,7176,2,NULL,"2026-01-19 08:57:10","2026-01-19 08:57:10",NULL
7177,7177,7177,2,NULL,"2026-01-19 08:57:10","2026-01-19 08:57:10",NULL
7178,7178,7178,2,NULL,"2026-01-19 08:57:10","2026-01-19 08:57:10",NULL
7179,7179,7179,2,NULL,"2026-01-19 08:57:10","2026-01-19 08:57:10",NULL
7180,7180,7180,2,NULL,"2026-01-19 08:57:10","2026-01-19 08:57:10",NULL
7181,7181,7181,2,NULL,"2026-01-19 08:57:10","2026-01-19 08:57:10",NULL
7182,7182,7182,2,NULL,"2026-01-19 08:57:10","2026-01-19 08:57:10",NULL
7183,7183,7183,2,NULL,"2026-01-19 08:57:10","2026-01-19 08:57:10",NULL
7184,7184,7184,2,NULL,"2026-01-19 08:57:10","2026-01-19 08:57:10",NULL
7185,7185,7185,2,NULL,"2026-01-19 08:57:10","2026-01-19 08:57:10",NULL
7186,7186,7186,2,NULL,"2026-01-19 08:57:10","2026-01-19 08:57:10",NULL
7187,7187,7187,2,NULL,"2026-01-19 08:57:10","2026-01-19 08:57:10",NULL
7188,7188,7188,2,NULL,"2026-01-19 08:57:10","2026-01-19 08:57:10",NULL
7189,7189,7189,2,NULL,"2026-01-19 08:57:10","2026-01-19 08:57:10",NULL
7190,7190,7190,2,NULL,"2026-01-19 08:57:10","2026-01-19 08:57:10",NULL
7191,7191,7191,2,NULL,"2026-01-19 08:57:10","2026-01-19 08:57:10",NULL
7192,7192,7192,2,NULL,"2026-01-19 08:57:10","2026-01-19 08:57:10",NULL
7193,7193,7193,2,NULL,"2026-01-19 08:57:10","2026-01-19 08:57:10",NULL
7194,7194,7194,2,NULL,"2026-01-19 08:57:10","2026-01-19 08:57:10",NULL
7195,7195,7195,2,NULL,"2026-01-19 08:57:10","2026-01-19 08:57:10",NULL
7196,7196,7196,2,NULL,"2026-01-19 08:57:10","2026-01-19 08:57:10",NULL
7197,7197,7197,2,NULL,"2026-01-19 08:57:10","2026-01-19 08:57:10",NULL
7198,7198,7198,2,NULL,"2026-01-19 08:57:10","2026-01-19 08:57:10",NULL
7199,7199,7199,2,NULL,"2026-01-19 08:57:10","2026-01-19 08:57:10",NULL
7200,7200,7200,2,NULL,"2026-01-19 08:57:10","2026-01-19 08:57:10",NULL
7201,7201,7201,2,NULL,"2026-01-19 08:57:10","2026-01-19 08:57:10",NULL
7202,7202,7202,2,NULL,"2026-01-19 08:57:10","2026-01-19 08:57:10",NULL
7203,7203,7203,2,NULL,"2026-01-19 08:57:10","2026-01-19 08:57:10",NULL
7204,7204,7204,2,NULL,"2026-01-19 08:57:10","2026-01-19 08:57:10",NULL
7205,7205,7205,2,NULL,"2026-01-19 08:57:10","2026-01-19 08:57:10",NULL
7206,7206,7206,2,NULL,"2026-01-19 08:57:10","2026-01-19 08:57:10",NULL
7207,7207,7207,2,NULL,"2026-01-19 08:57:10","2026-01-19 08:57:10",NULL
7208,7208,7208,2,NULL,"2026-01-19 08:57:10","2026-01-19 08:57:10",NULL
7209,7209,7209,2,NULL,"2026-01-19 08:57:10","2026-01-19 08:57:10",NULL
7210,7210,7210,2,NULL,"2026-01-19 08:57:10","2026-01-19 08:57:10",NULL
7211,7211,7211,2,NULL,"2026-01-19 08:57:10","2026-01-19 08:57:10",NULL
7212,7212,7212,2,NULL,"2026-01-19 08:57:10","2026-01-19 08:57:10",NULL
7213,7213,7213,2,NULL,"2026-01-19 08:57:10","2026-01-19 08:57:10",NULL
7214,7214,7214,2,NULL,"2026-01-19 08:57:10","2026-01-19 08:57:10",NULL
7215,7215,7215,2,NULL,"2026-01-19 08:57:10","2026-01-19 08:57:10",NULL
7216,7216,7216,2,NULL,"2026-01-19 08:57:10","2026-01-19 08:57:10",NULL
7217,7217,7217,2,NULL,"2026-01-19 08:57:10","2026-01-19 08:57:10",NULL
7218,7218,7218,2,NULL,"2026-01-19 08:57:10","2026-01-19 08:57:10",NULL
7219,7219,7219,2,NULL,"2026-01-19 08:57:10","2026-01-19 08:57:10",NULL
7220,7220,7220,2,NULL,"2026-01-19 08:57:10","2026-01-19 08:57:10",NULL
7221,7221,7221,2,NULL,"2026-01-19 08:57:10","2026-01-19 08:57:10",NULL
7222,7222,7222,2,NULL,"2026-01-19 08:57:10","2026-01-19 08:57:10",NULL
7223,7223,7223,2,NULL,"2026-01-19 08:57:10","2026-01-19 08:57:10",NULL
7224,7224,7224,2,NULL,"2026-01-19 08:57:10","2026-01-19 08:57:10",NULL
7225,7225,7225,2,NULL,"2026-01-19 08:57:10","2026-01-19 08:57:10",NULL
7226,7226,7226,2,NULL,"2026-01-19 08:57:10","2026-01-19 08:57:10",NULL
7227,7227,7227,2,NULL,"2026-01-19 08:57:10","2026-01-19 08:57:10",NULL
7228,7228,7228,2,NULL,"2026-01-19 08:57:10","2026-01-19 08:57:10",NULL
7229,7229,7229,2,NULL,"2026-01-19 08:57:10","2026-01-19 08:57:10",NULL
7230,7230,7230,2,NULL,"2026-01-19 08:57:10","2026-01-19 08:57:10",NULL
7231,7231,7231,2,NULL,"2026-01-19 08:57:10","2026-01-19 08:57:10",NULL
7232,7232,7232,2,NULL,"2026-01-19 08:57:10","2026-01-19 08:57:10",NULL
7233,7233,7233,2,NULL,"2026-01-19 08:57:10","2026-01-19 08:57:10",NULL
7234,7234,7234,2,NULL,"2026-01-19 08:57:10","2026-01-19 08:57:10",NULL
7235,7235,7235,2,NULL,"2026-01-19 08:57:10","2026-01-19 08:57:10",NULL
7236,7236,7236,2,NULL,"2026-01-19 08:57:10","2026-01-19 08:57:10",NULL
7237,7237,7237,2,NULL,"2026-01-19 08:57:10","2026-01-19 08:57:10",NULL
7238,7238,7238,2,NULL,"2026-01-19 08:57:10","2026-01-19 08:57:10",NULL
7239,7239,7239,2,NULL,"2026-01-19 08:57:10","2026-01-19 08:57:10",NULL
7240,7240,7240,2,NULL,"2026-01-19 08:57:10","2026-01-19 08:57:10",NULL
7241,7241,7241,2,NULL,"2026-01-19 08:57:10","2026-01-19 08:57:10",NULL
7242,7242,7242,2,NULL,"2026-01-19 08:57:10","2026-01-19 08:57:10",NULL
7243,7243,7243,2,NULL,"2026-01-19 08:57:10","2026-01-19 08:57:10",NULL
7244,7244,7244,2,NULL,"2026-01-19 08:57:10","2026-01-19 08:57:10",NULL
7245,7245,7245,2,NULL,"2026-01-19 08:57:10","2026-01-19 08:57:10",NULL
7246,7246,7246,2,NULL,"2026-01-19 08:57:10","2026-01-19 08:57:10",NULL
7247,7247,7247,2,NULL,"2026-01-19 08:57:10","2026-01-19 08:57:10",NULL
7248,7248,7248,2,NULL,"2026-01-19 08:57:10","2026-01-19 08:57:10",NULL
7249,7249,7249,2,NULL,"2026-01-19 08:57:10","2026-01-19 08:57:10",NULL
7250,7250,7250,2,NULL,"2026-01-19 08:57:10","2026-01-19 08:57:10",NULL
7251,7251,7251,2,NULL,"2026-01-19 08:57:10","2026-01-19 08:57:10",NULL
7252,7252,7252,2,NULL,"2026-01-19 08:57:10","2026-01-19 08:57:10",NULL
7253,7253,7253,2,NULL,"2026-01-19 08:57:10","2026-01-19 08:57:10",NULL
7254,7254,7254,2,NULL,"2026-01-19 08:57:10","2026-01-19 08:57:10",NULL
7255,7255,7255,2,NULL,"2026-01-19 08:57:10","2026-01-19 08:57:10",NULL
7256,7256,7256,2,NULL,"2026-01-19 08:57:10","2026-01-19 08:57:10",NULL
7257,7257,7257,2,NULL,"2026-01-19 08:57:10","2026-01-19 08:57:10",NULL
7258,7258,7258,2,NULL,"2026-01-19 08:57:10","2026-01-19 08:57:10",NULL
7259,7259,7259,2,NULL,"2026-01-19 08:57:10","2026-01-19 08:57:10",NULL
7260,7260,7260,2,NULL,"2026-01-19 08:57:10","2026-01-19 08:57:10",NULL
7261,7261,7261,2,NULL,"2026-01-19 08:57:10","2026-01-19 08:57:10",NULL
7262,7262,7262,2,NULL,"2026-01-19 08:57:10","2026-01-19 08:57:10",NULL
7263,7263,7263,2,NULL,"2026-01-19 08:57:10","2026-01-19 08:57:10",NULL
7264,7264,7264,2,NULL,"2026-01-19 08:57:10","2026-01-19 08:57:10",NULL
7265,7265,7265,2,NULL,"2026-01-19 08:57:10","2026-01-19 08:57:10",NULL
7266,7266,7266,2,NULL,"2026-01-19 08:57:10","2026-01-19 08:57:10",NULL
7267,7267,7267,2,NULL,"2026-01-19 08:57:10","2026-01-19 08:57:10",NULL
7268,7268,7268,2,NULL,"2026-01-19 08:57:10","2026-01-19 08:57:10",NULL
7269,7269,7269,2,NULL,"2026-01-19 08:57:10","2026-01-19 08:57:10",NULL
7270,7270,7270,2,NULL,"2026-01-19 08:57:10","2026-01-19 08:57:10",NULL
7271,7271,7271,2,NULL,"2026-01-19 08:57:10","2026-01-19 08:57:10",NULL
7272,7272,7272,2,NULL,"2026-01-19 08:57:10","2026-01-19 08:57:10",NULL
7273,7273,7273,2,NULL,"2026-01-19 08:57:10","2026-01-19 08:57:10",NULL
7274,7274,7274,2,NULL,"2026-01-19 08:57:10","2026-01-19 08:57:10",NULL
7275,7275,7275,2,NULL,"2026-01-19 08:57:10","2026-01-19 08:57:10",NULL
7276,7276,7276,2,NULL,"2026-01-19 08:57:10","2026-01-19 08:57:10",NULL
7277,7277,7277,2,NULL,"2026-01-19 08:57:10","2026-01-19 08:57:10",NULL
7278,7278,7278,2,NULL,"2026-01-19 08:57:10","2026-01-19 08:57:10",NULL
7279,7279,7279,2,NULL,"2026-01-19 08:57:10","2026-01-19 08:57:10",NULL
7280,7280,7280,2,NULL,"2026-01-19 08:57:10","2026-01-19 08:57:10",NULL
7281,7281,7281,2,NULL,"2026-01-19 08:57:10","2026-01-19 08:57:10",NULL
7282,7282,7282,2,NULL,"2026-01-19 08:57:10","2026-01-19 08:57:10",NULL
7283,7283,7283,2,NULL,"2026-01-19 08:57:10","2026-01-19 08:57:10",NULL
7284,7284,7284,2,NULL,"2026-01-19 08:57:10","2026-01-19 08:57:10",NULL
7285,7285,7285,2,NULL,"2026-01-19 08:57:10","2026-01-19 08:57:10",NULL
7286,7286,7286,2,NULL,"2026-01-19 08:57:10","2026-01-19 08:57:10",NULL
7287,7287,7287,2,NULL,"2026-01-19 08:57:10","2026-01-19 08:57:10",NULL
7288,7288,7288,2,NULL,"2026-01-19 08:57:10","2026-01-19 08:57:10",NULL
7289,7289,7289,2,NULL,"2026-01-19 08:57:10","2026-01-19 08:57:10",NULL
7290,7290,7290,2,NULL,"2026-01-19 08:57:10","2026-01-19 08:57:10",NULL
7291,7291,7291,2,NULL,"2026-01-19 08:57:10","2026-01-19 08:57:10",NULL
7292,7292,7292,2,NULL,"2026-01-19 08:57:10","2026-01-19 08:57:10",NULL
7293,7293,7293,2,NULL,"2026-01-19 08:57:10","2026-01-19 08:57:10",NULL
7294,7294,7294,2,NULL,"2026-01-19 08:57:10","2026-01-19 08:57:10",NULL
7295,7295,7295,2,NULL,"2026-01-19 08:57:10","2026-01-19 08:57:10",NULL
7296,7296,7296,2,NULL,"2026-01-19 08:57:10","2026-01-19 08:57:10",NULL
7297,7297,7297,2,NULL,"2026-01-19 08:57:10","2026-01-19 08:57:10",NULL
7298,7298,7298,2,NULL,"2026-01-19 08:57:10","2026-01-19 08:57:10",NULL
7299,7299,7299,2,NULL,"2026-01-19 08:57:10","2026-01-19 08:57:10",NULL
7300,7300,7300,2,NULL,"2026-01-19 08:57:10","2026-01-19 08:57:10",NULL
7301,7301,7301,2,NULL,"2026-01-19 08:57:10","2026-01-19 08:57:10",NULL
7302,7302,7302,2,NULL,"2026-01-19 08:57:10","2026-01-19 08:57:10",NULL
7303,7303,7303,2,NULL,"2026-01-19 08:57:10","2026-01-19 08:57:10",NULL
7304,7304,7304,2,NULL,"2026-01-19 08:57:10","2026-01-19 08:57:10",NULL
7305,7305,7305,2,NULL,"2026-01-19 08:57:10","2026-01-19 08:57:10",NULL
7306,7306,7306,2,NULL,"2026-01-19 08:57:10","2026-01-19 08:57:10",NULL
7307,7307,7307,2,NULL,"2026-01-19 08:57:10","2026-01-19 08:57:10",NULL
7308,7308,7308,2,NULL,"2026-01-19 08:57:10","2026-01-19 08:57:10",NULL
7309,7309,7309,2,NULL,"2026-01-19 08:57:10","2026-01-19 08:57:10",NULL
7310,7310,7310,2,NULL,"2026-01-19 08:57:10","2026-01-19 08:57:10",NULL
7311,7311,7311,2,NULL,"2026-01-19 08:57:10","2026-01-19 08:57:10",NULL
7312,7312,7312,2,NULL,"2026-01-19 08:57:10","2026-01-19 08:57:10",NULL
7313,7313,7313,2,NULL,"2026-01-19 08:57:10","2026-01-19 08:57:10",NULL
7314,7314,7314,2,NULL,"2026-01-19 08:57:10","2026-01-19 08:57:10",NULL
7315,7315,7315,2,NULL,"2026-01-19 08:57:10","2026-01-19 08:57:10",NULL
7316,7316,7316,2,NULL,"2026-01-19 08:57:10","2026-01-19 08:57:10",NULL
7317,7317,7317,2,NULL,"2026-01-19 08:57:10","2026-01-19 08:57:10",NULL
7318,7318,7318,2,NULL,"2026-01-19 08:57:10","2026-01-19 08:57:10",NULL
7319,7319,7319,2,NULL,"2026-01-19 08:57:10","2026-01-19 08:57:10",NULL
7320,7320,7320,2,NULL,"2026-01-19 08:57:10","2026-01-19 08:57:10",NULL
7321,7321,7321,2,NULL,"2026-01-19 08:57:10","2026-01-19 08:57:10",NULL
7322,7322,7322,2,NULL,"2026-01-19 08:57:10","2026-01-19 08:57:10",NULL
7323,7323,7323,2,NULL,"2026-01-19 08:57:10","2026-01-19 08:57:10",NULL
7324,7324,7324,2,NULL,"2026-01-19 08:57:10","2026-01-19 08:57:10",NULL
7325,7325,7325,2,NULL,"2026-01-19 08:57:10","2026-01-19 08:57:10",NULL
7326,7326,7326,2,NULL,"2026-01-19 08:57:10","2026-01-19 08:57:10",NULL
7327,7327,7327,2,NULL,"2026-01-19 08:57:10","2026-01-19 08:57:10",NULL
7328,7328,7328,2,NULL,"2026-01-19 08:57:10","2026-01-19 08:57:10",NULL
7329,7329,7329,2,NULL,"2026-01-19 08:57:10","2026-01-19 08:57:10",NULL
7330,7330,7330,2,NULL,"2026-01-19 08:57:10","2026-01-19 08:57:10",NULL
7331,7331,7331,2,NULL,"2026-01-19 08:57:10","2026-01-19 08:57:10",NULL
7332,7332,7332,2,NULL,"2026-01-19 08:57:10","2026-01-19 08:57:10",NULL
7333,7333,7333,2,NULL,"2026-01-19 08:57:10","2026-01-19 08:57:10",NULL
7334,7334,7334,2,NULL,"2026-01-19 08:57:10","2026-01-19 08:57:10",NULL
7335,7335,7335,2,NULL,"2026-01-19 08:57:10","2026-01-19 08:57:10",NULL
7336,7336,7336,2,NULL,"2026-01-19 08:57:10","2026-01-19 08:57:10",NULL
7337,7337,7337,2,NULL,"2026-01-19 08:57:10","2026-01-19 08:57:10",NULL
7338,7338,7338,2,NULL,"2026-01-19 08:57:10","2026-01-19 08:57:10",NULL
7339,7339,7339,2,NULL,"2026-01-19 08:57:10","2026-01-19 08:57:10",NULL
7340,7340,7340,2,NULL,"2026-01-19 08:57:10","2026-01-19 08:57:10",NULL
7341,7341,7341,2,NULL,"2026-01-19 08:57:10","2026-01-19 08:57:10",NULL
7342,7342,7342,2,NULL,"2026-01-19 08:57:10","2026-01-19 08:57:10",NULL
7343,7343,7343,2,NULL,"2026-01-19 08:57:10","2026-01-19 08:57:10",NULL
7344,7344,7344,2,NULL,"2026-01-19 08:57:10","2026-01-19 08:57:10",NULL
7345,7345,7345,2,NULL,"2026-01-19 08:57:10","2026-01-19 08:57:10",NULL
7346,7346,7346,2,NULL,"2026-01-19 08:57:10","2026-01-19 08:57:10",NULL
7347,7347,7347,2,NULL,"2026-01-19 08:57:10","2026-01-19 08:57:10",NULL
7348,7348,7348,2,NULL,"2026-01-19 08:57:10","2026-01-19 08:57:10",NULL
7349,7349,7349,2,NULL,"2026-01-19 08:57:10","2026-01-19 08:57:10",NULL
7350,7350,7350,2,NULL,"2026-01-19 08:57:10","2026-01-19 08:57:10",NULL
7351,7351,7351,2,NULL,"2026-01-19 08:57:10","2026-01-19 08:57:10",NULL
7352,7352,7352,2,NULL,"2026-01-19 08:57:10","2026-01-19 08:57:10",NULL
7353,7353,7353,2,NULL,"2026-01-19 08:57:10","2026-01-19 08:57:10",NULL
7354,7354,7354,2,NULL,"2026-01-19 08:57:10","2026-01-19 08:57:10",NULL
7355,7355,7355,2,NULL,"2026-01-19 08:57:10","2026-01-19 08:57:10",NULL
7356,7356,7356,2,NULL,"2026-01-19 08:57:10","2026-01-19 08:57:10",NULL
7357,7357,7357,2,NULL,"2026-01-19 08:57:10","2026-01-19 08:57:10",NULL
7358,7358,7358,2,NULL,"2026-01-19 08:57:10","2026-01-19 08:57:10",NULL
7359,7359,7359,2,NULL,"2026-01-19 08:57:10","2026-01-19 08:57:10",NULL
7360,7360,7360,2,NULL,"2026-01-19 08:57:10","2026-01-19 08:57:10",NULL
7361,7361,7361,2,NULL,"2026-01-19 08:57:10","2026-01-19 08:57:10",NULL
7362,7362,7362,2,NULL,"2026-01-19 08:57:10","2026-01-19 08:57:10",NULL
7363,7363,7363,2,NULL,"2026-01-19 08:57:10","2026-01-19 08:57:10",NULL
7364,7364,7364,2,NULL,"2026-01-19 08:57:10","2026-01-19 08:57:10",NULL
7365,7365,7365,2,NULL,"2026-01-19 08:57:10","2026-01-19 08:57:10",NULL
7366,7366,7366,2,NULL,"2026-01-19 08:57:10","2026-01-19 08:57:10",NULL
7367,7367,7367,2,NULL,"2026-01-19 08:57:10","2026-01-19 08:57:10",NULL
7368,7368,7368,2,NULL,"2026-01-19 08:57:10","2026-01-19 08:57:10",NULL
7369,7369,7369,2,NULL,"2026-01-19 08:57:10","2026-01-19 08:57:10",NULL
7370,7370,7370,2,NULL,"2026-01-19 08:57:10","2026-01-19 08:57:10",NULL
7371,7371,7371,2,NULL,"2026-01-19 08:57:10","2026-01-19 08:57:10",NULL
7372,7372,7372,2,NULL,"2026-01-19 08:57:10","2026-01-19 08:57:10",NULL
7373,7373,7373,2,NULL,"2026-01-19 08:57:10","2026-01-19 08:57:10",NULL
7374,7374,7374,2,NULL,"2026-01-19 08:57:10","2026-01-19 08:57:10",NULL
7375,7375,7375,2,NULL,"2026-01-19 08:57:10","2026-01-19 08:57:10",NULL
7376,7376,7376,2,NULL,"2026-01-19 08:57:10","2026-01-19 08:57:10",NULL
7377,7377,7377,2,NULL,"2026-01-19 08:57:10","2026-01-19 08:57:10",NULL
7378,7378,7378,2,NULL,"2026-01-19 08:57:10","2026-01-19 08:57:10",NULL
7379,7379,7379,2,NULL,"2026-01-19 08:57:10","2026-01-19 08:57:10",NULL
7380,7380,7380,2,NULL,"2026-01-19 08:57:10","2026-01-19 08:57:10",NULL
7381,7381,7381,2,NULL,"2026-01-19 08:57:11","2026-01-19 08:57:11",NULL
7382,7382,7382,2,NULL,"2026-01-19 08:57:11","2026-01-19 08:57:11",NULL
7383,7383,7383,2,NULL,"2026-01-19 08:57:11","2026-01-19 08:57:11",NULL
7384,7384,7384,2,NULL,"2026-01-19 08:57:11","2026-01-19 08:57:11",NULL
7385,7385,7385,2,NULL,"2026-01-19 08:57:11","2026-01-19 08:57:11",NULL
7386,7386,7386,2,NULL,"2026-01-19 08:57:11","2026-01-19 08:57:11",NULL
7387,7387,7387,2,NULL,"2026-01-19 08:57:11","2026-01-19 08:57:11",NULL
7388,7388,7388,2,NULL,"2026-01-19 08:57:11","2026-01-19 08:57:11",NULL
7389,7389,7389,2,NULL,"2026-01-19 08:57:11","2026-01-19 08:57:11",NULL
7390,7390,7390,2,NULL,"2026-01-19 08:57:11","2026-01-19 08:57:11",NULL
7391,7391,7391,2,NULL,"2026-01-19 08:57:11","2026-01-19 08:57:11",NULL
7392,7392,7392,2,NULL,"2026-01-19 08:57:11","2026-01-19 08:57:11",NULL
7393,7393,7393,2,NULL,"2026-01-19 08:57:11","2026-01-19 08:57:11",NULL
7394,7394,7394,2,NULL,"2026-01-19 08:57:11","2026-01-19 08:57:11",NULL
7395,7395,7395,2,NULL,"2026-01-19 08:57:11","2026-01-19 08:57:11",NULL
7396,7396,7396,2,NULL,"2026-01-19 08:57:11","2026-01-19 08:57:11",NULL
7397,7397,7397,2,NULL,"2026-01-19 08:57:11","2026-01-19 08:57:11",NULL
7398,7398,7398,2,NULL,"2026-01-19 08:57:11","2026-01-19 08:57:11",NULL
7399,7399,7399,2,NULL,"2026-01-19 08:57:11","2026-01-19 08:57:11",NULL
7400,7400,7400,2,NULL,"2026-01-19 08:57:11","2026-01-19 08:57:11",NULL
7401,7401,7401,2,NULL,"2026-01-19 08:57:11","2026-01-19 08:57:11",NULL
7402,7402,7402,2,NULL,"2026-01-19 08:57:11","2026-01-19 08:57:11",NULL
7403,7403,7403,2,NULL,"2026-01-19 08:57:11","2026-01-19 08:57:11",NULL
7404,7404,7404,2,NULL,"2026-01-19 08:57:11","2026-01-19 08:57:11",NULL
7405,7405,7405,2,NULL,"2026-01-19 08:57:11","2026-01-19 08:57:11",NULL
7406,7406,7406,2,NULL,"2026-01-19 08:57:11","2026-01-19 08:57:11",NULL
7407,7407,7407,2,NULL,"2026-01-19 08:57:11","2026-01-19 08:57:11",NULL
7408,7408,7408,2,NULL,"2026-01-19 08:57:11","2026-01-19 08:57:11",NULL
7409,7409,7409,2,NULL,"2026-01-19 08:57:11","2026-01-19 08:57:11",NULL
7410,7410,7410,2,NULL,"2026-01-19 08:57:11","2026-01-19 08:57:11",NULL
7411,7411,7411,2,NULL,"2026-01-19 08:57:11","2026-01-19 08:57:11",NULL
7412,7412,7412,2,NULL,"2026-01-19 08:57:11","2026-01-19 08:57:11",NULL
7413,7413,7413,2,NULL,"2026-01-19 08:57:11","2026-01-19 08:57:11",NULL
7414,7414,7414,2,NULL,"2026-01-19 08:57:11","2026-01-19 08:57:11",NULL
7415,7415,7415,2,NULL,"2026-01-19 08:57:11","2026-01-19 08:57:11",NULL
7416,7416,7416,2,NULL,"2026-01-19 08:57:11","2026-01-19 08:57:11",NULL
7417,7417,7417,2,NULL,"2026-01-19 08:57:11","2026-01-19 08:57:11",NULL
7418,7418,7418,2,NULL,"2026-01-19 08:57:11","2026-01-19 08:57:11",NULL
7419,7419,7419,2,NULL,"2026-01-19 08:57:11","2026-01-19 08:57:11",NULL
7420,7420,7420,2,NULL,"2026-01-19 08:57:11","2026-01-19 08:57:11",NULL
7421,7421,7421,2,NULL,"2026-01-19 08:57:11","2026-01-19 08:57:11",NULL
7422,7422,7422,2,NULL,"2026-01-19 08:57:11","2026-01-19 08:57:11",NULL
7423,7423,7423,2,NULL,"2026-01-19 08:57:11","2026-01-19 08:57:11",NULL
7424,7424,7424,2,NULL,"2026-01-19 08:57:11","2026-01-19 08:57:11",NULL
7425,7425,7425,2,NULL,"2026-01-19 08:57:11","2026-01-19 08:57:11",NULL
7426,7426,7426,2,NULL,"2026-01-19 08:57:11","2026-01-19 08:57:11",NULL
7427,7427,7427,2,NULL,"2026-01-19 08:57:11","2026-01-19 08:57:11",NULL
7428,7428,7428,2,NULL,"2026-01-19 08:57:11","2026-01-19 08:57:11",NULL
7429,7429,7429,2,NULL,"2026-01-19 08:57:11","2026-01-19 08:57:11",NULL
7430,7430,7430,2,NULL,"2026-01-19 08:57:11","2026-01-19 08:57:11",NULL
7431,7431,7431,2,NULL,"2026-01-19 08:57:11","2026-01-19 08:57:11",NULL
7432,7432,7432,2,NULL,"2026-01-19 08:57:11","2026-01-19 08:57:11",NULL
7433,7433,7433,2,NULL,"2026-01-19 08:57:11","2026-01-19 08:57:11",NULL
7434,7434,7434,2,NULL,"2026-01-19 08:57:11","2026-01-19 08:57:11",NULL
7435,7435,7435,2,NULL,"2026-01-19 08:57:11","2026-01-19 08:57:11",NULL
7436,7436,7436,2,NULL,"2026-01-19 08:57:11","2026-01-19 08:57:11",NULL
7437,7437,7437,2,NULL,"2026-01-19 08:57:11","2026-01-19 08:57:11",NULL
7438,7438,7438,2,NULL,"2026-01-19 08:57:11","2026-01-19 08:57:11",NULL
7439,7439,7439,2,NULL,"2026-01-19 08:57:11","2026-01-19 08:57:11",NULL
7440,7440,7440,2,NULL,"2026-01-19 08:57:11","2026-01-19 08:57:11",NULL
7441,7441,7441,2,NULL,"2026-01-19 08:57:11","2026-01-19 08:57:11",NULL
7442,7442,7442,2,NULL,"2026-01-19 08:57:11","2026-01-19 08:57:11",NULL
7443,7443,7443,2,NULL,"2026-01-19 08:57:11","2026-01-19 08:57:11",NULL
7444,7444,7444,2,NULL,"2026-01-19 08:57:11","2026-01-19 08:57:11",NULL
7445,7445,7445,2,NULL,"2026-01-19 08:57:11","2026-01-19 08:57:11",NULL
7446,7446,7446,2,NULL,"2026-01-19 08:57:11","2026-01-19 08:57:11",NULL
7447,7447,7447,2,NULL,"2026-01-19 08:57:11","2026-01-19 08:57:11",NULL
7448,7448,7448,2,NULL,"2026-01-19 08:57:11","2026-01-19 08:57:11",NULL
7449,7449,7449,2,NULL,"2026-01-19 08:57:11","2026-01-19 08:57:11",NULL
7450,7450,7450,2,NULL,"2026-01-19 08:57:11","2026-01-19 08:57:11",NULL
7451,7451,7451,2,NULL,"2026-01-19 08:57:11","2026-01-19 08:57:11",NULL
7452,7452,7452,2,NULL,"2026-01-19 08:57:11","2026-01-19 08:57:11",NULL
7453,7453,7453,2,NULL,"2026-01-19 08:57:11","2026-01-19 08:57:11",NULL
7454,7454,7454,2,NULL,"2026-01-19 08:57:11","2026-01-19 08:57:11",NULL
7455,7455,7455,2,NULL,"2026-01-19 08:57:11","2026-01-19 08:57:11",NULL
7456,7456,7456,2,NULL,"2026-01-19 08:57:11","2026-01-19 08:57:11",NULL
7457,7457,7457,2,NULL,"2026-01-19 08:57:11","2026-01-19 08:57:11",NULL
7458,7458,7458,2,NULL,"2026-01-19 08:57:11","2026-01-19 08:57:11",NULL
7459,7459,7459,2,NULL,"2026-01-19 08:57:11","2026-01-19 08:57:11",NULL
7460,7460,7460,2,NULL,"2026-01-19 08:57:11","2026-01-19 08:57:11",NULL
7461,7461,7461,2,NULL,"2026-01-19 08:57:11","2026-01-19 08:57:11",NULL
7462,7462,7462,2,NULL,"2026-01-19 08:57:11","2026-01-19 08:57:11",NULL
7463,7463,7463,2,NULL,"2026-01-19 08:57:11","2026-01-19 08:57:11",NULL
7464,7464,7464,2,NULL,"2026-01-19 08:57:11","2026-01-19 08:57:11",NULL
7465,7465,7465,2,NULL,"2026-01-19 08:57:11","2026-01-19 08:57:11",NULL
7466,7466,7466,2,NULL,"2026-01-19 08:57:11","2026-01-19 08:57:11",NULL
7467,7467,7467,2,NULL,"2026-01-19 08:57:11","2026-01-19 08:57:11",NULL
7468,7468,7468,2,NULL,"2026-01-19 08:57:11","2026-01-19 08:57:11",NULL
7469,7469,7469,2,NULL,"2026-01-19 08:57:11","2026-01-19 08:57:11",NULL
7470,7470,7470,2,NULL,"2026-01-19 08:57:11","2026-01-19 08:57:11",NULL
7471,7471,7471,2,NULL,"2026-01-19 08:57:11","2026-01-19 08:57:11",NULL
7472,7472,7472,2,NULL,"2026-01-19 08:57:11","2026-01-19 08:57:11",NULL
7473,7473,7473,2,NULL,"2026-01-19 08:57:11","2026-01-19 08:57:11",NULL
7474,7474,7474,2,NULL,"2026-01-19 08:57:11","2026-01-19 08:57:11",NULL
7475,7475,7475,2,NULL,"2026-01-19 08:57:11","2026-01-19 08:57:11",NULL
7476,7476,7476,2,NULL,"2026-01-19 08:57:11","2026-01-19 08:57:11",NULL
7477,7477,7477,2,NULL,"2026-01-19 08:57:11","2026-01-19 08:57:11",NULL
7478,7478,7478,2,NULL,"2026-01-19 08:57:11","2026-01-19 08:57:11",NULL
7479,7479,7479,2,NULL,"2026-01-19 08:57:11","2026-01-19 08:57:11",NULL
7480,7480,7480,2,NULL,"2026-01-19 08:57:11","2026-01-19 08:57:11",NULL
7481,7481,7481,2,NULL,"2026-01-19 08:57:11","2026-01-19 08:57:11",NULL
7482,7482,7482,2,NULL,"2026-01-19 08:57:11","2026-01-19 08:57:11",NULL
7483,7483,7483,2,NULL,"2026-01-19 08:57:11","2026-01-19 08:57:11",NULL
7484,7484,7484,2,NULL,"2026-01-19 08:57:11","2026-01-19 08:57:11",NULL
7485,7485,7485,2,NULL,"2026-01-19 08:57:11","2026-01-19 08:57:11",NULL
7486,7486,7486,2,NULL,"2026-01-19 08:57:11","2026-01-19 08:57:11",NULL
7487,7487,7487,2,NULL,"2026-01-19 08:57:11","2026-01-19 08:57:11",NULL
7488,7488,7488,2,NULL,"2026-01-19 08:57:11","2026-01-19 08:57:11",NULL
7489,7489,7489,2,NULL,"2026-01-19 08:57:11","2026-01-19 08:57:11",NULL
7490,7490,7490,2,NULL,"2026-01-19 08:57:11","2026-01-19 08:57:11",NULL
7491,7491,7491,2,NULL,"2026-01-19 08:57:11","2026-01-19 08:57:11",NULL
7492,7492,7492,2,NULL,"2026-01-19 08:57:11","2026-01-19 08:57:11",NULL
7493,7493,7493,2,NULL,"2026-01-19 08:57:11","2026-01-19 08:57:11",NULL
7494,7494,7494,2,NULL,"2026-01-19 08:57:11","2026-01-19 08:57:11",NULL
7495,7495,7495,2,NULL,"2026-01-19 08:57:11","2026-01-19 08:57:11",NULL
7496,7496,7496,2,NULL,"2026-01-19 08:57:11","2026-01-19 08:57:11",NULL
7497,7497,7497,2,NULL,"2026-01-19 08:57:11","2026-01-19 08:57:11",NULL
7498,7498,7498,2,NULL,"2026-01-19 08:57:11","2026-01-19 08:57:11",NULL
7499,7499,7499,2,NULL,"2026-01-19 08:57:11","2026-01-19 08:57:11",NULL
7500,7500,7500,2,NULL,"2026-01-19 08:57:11","2026-01-19 08:57:11",NULL
7501,7501,7501,2,NULL,"2026-01-19 08:57:11","2026-01-19 08:57:11",NULL
7502,7502,7502,2,NULL,"2026-01-19 08:57:11","2026-01-19 08:57:11",NULL
7503,7503,7503,2,NULL,"2026-01-19 08:57:11","2026-01-19 08:57:11",NULL
7504,7504,7504,2,NULL,"2026-01-19 08:57:11","2026-01-19 08:57:11",NULL
7505,7505,7505,2,NULL,"2026-01-19 08:57:11","2026-01-19 08:57:11",NULL
7506,7506,7506,2,NULL,"2026-01-19 08:57:11","2026-01-19 08:57:11",NULL
7507,7507,7507,2,NULL,"2026-01-19 08:57:11","2026-01-19 08:57:11",NULL
7508,7508,7508,2,NULL,"2026-01-19 08:57:11","2026-01-19 08:57:11",NULL
7509,7509,7509,2,NULL,"2026-01-19 08:57:11","2026-01-19 08:57:11",NULL
7510,7510,7510,2,NULL,"2026-01-19 08:57:11","2026-01-19 08:57:11",NULL
7511,7511,7511,2,NULL,"2026-01-19 08:57:11","2026-01-19 08:57:11",NULL
7512,7512,7512,2,NULL,"2026-01-19 08:57:11","2026-01-19 08:57:11",NULL
7513,7513,7513,2,NULL,"2026-01-19 08:57:11","2026-01-19 08:57:11",NULL
7514,7514,7514,2,NULL,"2026-01-19 08:57:11","2026-01-19 08:57:11",NULL
7515,7515,7515,2,NULL,"2026-01-19 08:57:11","2026-01-19 08:57:11",NULL
7516,7516,7516,2,NULL,"2026-01-19 08:57:11","2026-01-19 08:57:11",NULL
7517,7517,7517,2,NULL,"2026-01-19 08:57:11","2026-01-19 08:57:11",NULL
7518,7518,7518,2,NULL,"2026-01-19 08:57:11","2026-01-19 08:57:11",NULL
7519,7519,7519,2,NULL,"2026-01-19 08:57:11","2026-01-19 08:57:11",NULL
7520,7520,7520,2,NULL,"2026-01-19 08:57:11","2026-01-19 08:57:11",NULL
7521,7521,7521,2,NULL,"2026-01-19 08:57:11","2026-01-19 08:57:11",NULL
7522,7522,7522,2,NULL,"2026-01-19 08:57:11","2026-01-19 08:57:11",NULL
7523,7523,7523,2,NULL,"2026-01-19 08:57:11","2026-01-19 08:57:11",NULL
7524,7524,7524,2,NULL,"2026-01-19 08:57:11","2026-01-19 08:57:11",NULL
7525,7525,7525,2,NULL,"2026-01-19 08:57:11","2026-01-19 08:57:11",NULL
7526,7526,7526,2,NULL,"2026-01-19 08:57:11","2026-01-19 08:57:11",NULL
7527,7527,7527,2,NULL,"2026-01-19 08:57:11","2026-01-19 08:57:11",NULL
7528,7528,7528,2,NULL,"2026-01-19 08:57:11","2026-01-19 08:57:11",NULL
7529,7529,7529,2,NULL,"2026-01-19 08:57:11","2026-01-19 08:57:11",NULL
7530,7530,7530,2,NULL,"2026-01-19 08:57:11","2026-01-19 08:57:11",NULL
7531,7531,7531,2,NULL,"2026-01-19 08:57:11","2026-01-19 08:57:11",NULL
7532,7532,7532,2,NULL,"2026-01-19 08:57:11","2026-01-19 08:57:11",NULL
7533,7533,7533,2,NULL,"2026-01-19 08:57:11","2026-01-19 08:57:11",NULL
7534,7534,7534,2,NULL,"2026-01-19 08:57:11","2026-01-19 08:57:11",NULL
7535,7535,7535,2,NULL,"2026-01-19 08:57:11","2026-01-19 08:57:11",NULL
7536,7536,7536,2,NULL,"2026-01-19 08:57:11","2026-01-19 08:57:11",NULL
7537,7537,7537,2,NULL,"2026-01-19 08:57:11","2026-01-19 08:57:11",NULL
7538,7538,7538,2,NULL,"2026-01-19 08:57:11","2026-01-19 08:57:11",NULL
7539,7539,7539,2,NULL,"2026-01-19 08:57:11","2026-01-19 08:57:11",NULL
7540,7540,7540,2,NULL,"2026-01-19 08:57:11","2026-01-19 08:57:11",NULL
7541,7541,7541,2,NULL,"2026-01-19 08:57:11","2026-01-19 08:57:11",NULL
7542,7542,7542,2,NULL,"2026-01-19 08:57:11","2026-01-19 08:57:11",NULL
7543,7543,7543,2,NULL,"2026-01-19 08:57:11","2026-01-19 08:57:11",NULL
7544,7544,7544,2,NULL,"2026-01-19 08:57:11","2026-01-19 08:57:11",NULL
7545,7545,7545,2,NULL,"2026-01-19 08:57:11","2026-01-19 08:57:11",NULL
7546,7546,7546,2,NULL,"2026-01-19 08:57:11","2026-01-19 08:57:11",NULL
7547,7547,7547,2,NULL,"2026-01-19 08:57:11","2026-01-19 08:57:11",NULL
7548,7548,7548,2,NULL,"2026-01-19 08:57:11","2026-01-19 08:57:11",NULL
7549,7549,7549,2,NULL,"2026-01-19 08:57:11","2026-01-19 08:57:11",NULL
7550,7550,7550,2,NULL,"2026-01-19 08:57:11","2026-01-19 08:57:11",NULL
7551,7551,7551,2,NULL,"2026-01-19 08:57:11","2026-01-19 08:57:11",NULL
7552,7552,7552,2,NULL,"2026-01-19 08:57:11","2026-01-19 08:57:11",NULL
7553,7553,7553,2,NULL,"2026-01-19 08:57:11","2026-01-19 08:57:11",NULL
7554,7554,7554,2,NULL,"2026-01-19 08:57:11","2026-01-19 08:57:11",NULL
7555,7555,7555,2,NULL,"2026-01-19 08:57:11","2026-01-19 08:57:11",NULL
7556,7556,7556,2,NULL,"2026-01-19 08:57:11","2026-01-19 08:57:11",NULL
7557,7557,7557,2,NULL,"2026-01-19 08:57:11","2026-01-19 08:57:11",NULL
7558,7558,7558,2,NULL,"2026-01-19 08:57:11","2026-01-19 08:57:11",NULL
7559,7559,7559,2,NULL,"2026-01-19 08:57:11","2026-01-19 08:57:11",NULL
7560,7560,7560,2,NULL,"2026-01-19 08:57:11","2026-01-19 08:57:11",NULL
7561,7561,7561,2,NULL,"2026-01-19 08:57:11","2026-01-19 08:57:11",NULL
7562,7562,7562,2,NULL,"2026-01-19 08:57:11","2026-01-19 08:57:11",NULL
7563,7563,7563,2,NULL,"2026-01-19 08:57:11","2026-01-19 08:57:11",NULL
7564,7564,7564,2,NULL,"2026-01-19 08:57:11","2026-01-19 08:57:11",NULL
7565,7565,7565,2,NULL,"2026-01-19 08:57:11","2026-01-19 08:57:11",NULL
7566,7566,7566,2,NULL,"2026-01-19 08:57:11","2026-01-19 08:57:11",NULL
7567,7567,7567,2,NULL,"2026-01-19 08:57:11","2026-01-19 08:57:11",NULL
7568,7568,7568,2,NULL,"2026-01-19 08:57:11","2026-01-19 08:57:11",NULL
7569,7569,7569,2,NULL,"2026-01-19 08:57:11","2026-01-19 08:57:11",NULL
7570,7570,7570,2,NULL,"2026-01-19 08:57:11","2026-01-19 08:57:11",NULL
7571,7571,7571,2,NULL,"2026-01-19 08:57:11","2026-01-19 08:57:11",NULL
7572,7572,7572,2,NULL,"2026-01-19 08:57:11","2026-01-19 08:57:11",NULL
7573,7573,7573,2,NULL,"2026-01-19 08:57:11","2026-01-19 08:57:11",NULL
7574,7574,7574,2,NULL,"2026-01-19 08:57:11","2026-01-19 08:57:11",NULL
7575,7575,7575,2,NULL,"2026-01-19 08:57:11","2026-01-19 08:57:11",NULL
7576,7576,7576,2,NULL,"2026-01-19 08:57:11","2026-01-19 08:57:11",NULL
7577,7577,7577,2,NULL,"2026-01-19 08:57:11","2026-01-19 08:57:11",NULL
7578,7578,7578,2,NULL,"2026-01-19 08:57:11","2026-01-19 08:57:11",NULL
7579,7579,7579,2,NULL,"2026-01-19 08:57:11","2026-01-19 08:57:11",NULL
7580,7580,7580,2,NULL,"2026-01-19 08:57:11","2026-01-19 08:57:11",NULL
7581,7581,7581,2,NULL,"2026-01-19 08:57:11","2026-01-19 08:57:11",NULL
7582,7582,7582,2,NULL,"2026-01-19 08:57:11","2026-01-19 08:57:11",NULL
7583,7583,7583,2,NULL,"2026-01-19 08:57:11","2026-01-19 08:57:11",NULL
7584,7584,7584,2,NULL,"2026-01-19 08:57:11","2026-01-19 08:57:11",NULL
7585,7585,7585,2,NULL,"2026-01-19 08:57:11","2026-01-19 08:57:11",NULL
7586,7586,7586,2,NULL,"2026-01-19 08:57:11","2026-01-19 08:57:11",NULL
7587,7587,7587,2,NULL,"2026-01-19 08:57:11","2026-01-19 08:57:11",NULL
7588,7588,7588,2,NULL,"2026-01-19 08:57:11","2026-01-19 08:57:11",NULL
7589,7589,7589,2,NULL,"2026-01-19 08:57:11","2026-01-19 08:57:11",NULL
7590,7590,7590,2,NULL,"2026-01-19 08:57:11","2026-01-19 08:57:11",NULL
7591,7591,7591,2,NULL,"2026-01-19 08:57:11","2026-01-19 08:57:11",NULL
7592,7592,7592,2,NULL,"2026-01-19 08:57:11","2026-01-19 08:57:11",NULL
7593,7593,7593,2,NULL,"2026-01-19 08:57:11","2026-01-19 08:57:11",NULL
7594,7594,7594,2,NULL,"2026-01-19 08:57:11","2026-01-19 08:57:11",NULL
7595,7595,7595,2,NULL,"2026-01-19 08:57:11","2026-01-19 08:57:11",NULL
7596,7596,7596,2,NULL,"2026-01-19 08:57:11","2026-01-19 08:57:11",NULL
7597,7597,7597,2,NULL,"2026-01-19 08:57:11","2026-01-19 08:57:11",NULL
7598,7598,7598,2,NULL,"2026-01-19 08:57:11","2026-01-19 08:57:11",NULL
7599,7599,7599,2,NULL,"2026-01-19 08:57:11","2026-01-19 08:57:11",NULL
7600,7600,7600,2,NULL,"2026-01-19 08:57:11","2026-01-19 08:57:11",NULL
7601,7601,7601,2,NULL,"2026-01-19 08:57:11","2026-01-19 08:57:11",NULL
7602,7602,7602,2,NULL,"2026-01-19 08:57:11","2026-01-19 08:57:11",NULL
7603,7603,7603,2,NULL,"2026-01-19 08:57:11","2026-01-19 08:57:11",NULL
7604,7604,7604,2,NULL,"2026-01-19 08:57:11","2026-01-19 08:57:11",NULL
7605,7605,7605,2,NULL,"2026-01-19 08:57:11","2026-01-19 08:57:11",NULL
7606,7606,7606,2,NULL,"2026-01-19 08:57:11","2026-01-19 08:57:11",NULL
7607,7607,7607,2,NULL,"2026-01-19 08:57:11","2026-01-19 08:57:11",NULL
7608,7608,7608,2,NULL,"2026-01-19 08:57:11","2026-01-19 08:57:11",NULL
7609,7609,7609,2,NULL,"2026-01-19 08:57:11","2026-01-19 08:57:11",NULL
7610,7610,7610,2,NULL,"2026-01-19 08:57:11","2026-01-19 08:57:11",NULL
7611,7611,7611,2,NULL,"2026-01-19 08:57:11","2026-01-19 08:57:11",NULL
7612,7612,7612,2,NULL,"2026-01-19 08:57:11","2026-01-19 08:57:11",NULL
7613,7613,7613,2,NULL,"2026-01-19 08:57:11","2026-01-19 08:57:11",NULL
7614,7614,7614,2,NULL,"2026-01-19 08:57:11","2026-01-19 08:57:11",NULL
7615,7615,7615,2,NULL,"2026-01-19 08:57:11","2026-01-19 08:57:11",NULL
7616,7616,7616,2,NULL,"2026-01-19 08:57:11","2026-01-19 08:57:11",NULL
7617,7617,7617,2,NULL,"2026-01-19 08:57:11","2026-01-19 08:57:11",NULL
7618,7618,7618,2,NULL,"2026-01-19 08:57:11","2026-01-19 08:57:11",NULL
7619,7619,7619,2,NULL,"2026-01-19 08:57:11","2026-01-19 08:57:11",NULL
7620,7620,7620,2,NULL,"2026-01-19 08:57:11","2026-01-19 08:57:11",NULL
7621,7621,7621,2,NULL,"2026-01-19 08:57:11","2026-01-19 08:57:11",NULL
7622,7622,7622,2,NULL,"2026-01-19 08:57:11","2026-01-19 08:57:11",NULL
7623,7623,7623,2,NULL,"2026-01-19 08:57:11","2026-01-19 08:57:11",NULL
7624,7624,7624,2,NULL,"2026-01-19 08:57:11","2026-01-19 08:57:11",NULL
7625,7625,7625,2,NULL,"2026-01-19 08:57:11","2026-01-19 08:57:11",NULL
7626,7626,7626,2,NULL,"2026-01-19 08:57:11","2026-01-19 08:57:11",NULL
7627,7627,7627,2,NULL,"2026-01-19 08:57:11","2026-01-19 08:57:11",NULL
7628,7628,7628,2,NULL,"2026-01-19 08:57:11","2026-01-19 08:57:11",NULL
7629,7629,7629,2,NULL,"2026-01-19 08:57:11","2026-01-19 08:57:11",NULL
7630,7630,7630,2,NULL,"2026-01-19 08:57:11","2026-01-19 08:57:11",NULL
7631,7631,7631,2,NULL,"2026-01-19 08:57:11","2026-01-19 08:57:11",NULL
7632,7632,7632,2,NULL,"2026-01-19 08:57:11","2026-01-19 08:57:11",NULL
7633,7633,7633,2,NULL,"2026-01-19 08:57:11","2026-01-19 08:57:11",NULL
7634,7634,7634,2,NULL,"2026-01-19 08:57:11","2026-01-19 08:57:11",NULL
7635,7635,7635,2,NULL,"2026-01-19 08:57:11","2026-01-19 08:57:11",NULL
7636,7636,7636,2,NULL,"2026-01-19 08:57:11","2026-01-19 08:57:11",NULL
7637,7637,7637,2,NULL,"2026-01-19 08:57:11","2026-01-19 08:57:11",NULL
7638,7638,7638,2,NULL,"2026-01-19 08:57:11","2026-01-19 08:57:11",NULL
7639,7639,7639,2,NULL,"2026-01-19 08:57:11","2026-01-19 08:57:11",NULL
7640,7640,7640,2,NULL,"2026-01-19 08:57:11","2026-01-19 08:57:11",NULL
7641,7641,7641,2,NULL,"2026-01-19 08:57:11","2026-01-19 08:57:11",NULL
7642,7642,7642,2,NULL,"2026-01-19 08:57:11","2026-01-19 08:57:11",NULL
7643,7643,7643,2,NULL,"2026-01-19 08:57:11","2026-01-19 08:57:11",NULL
7644,7644,7644,2,NULL,"2026-01-19 08:57:11","2026-01-19 08:57:11",NULL
7645,7645,7645,2,NULL,"2026-01-19 08:57:11","2026-01-19 08:57:11",NULL
7646,7646,7646,2,NULL,"2026-01-19 08:57:11","2026-01-19 08:57:11",NULL
7647,7647,7647,2,NULL,"2026-01-19 08:57:11","2026-01-19 08:57:11",NULL
7648,7648,7648,2,NULL,"2026-01-19 08:57:11","2026-01-19 08:57:11",NULL
7649,7649,7649,2,NULL,"2026-01-19 08:57:11","2026-01-19 08:57:11",NULL
7650,7650,7650,2,NULL,"2026-01-19 08:57:11","2026-01-19 08:57:11",NULL
7651,7651,7651,2,NULL,"2026-01-19 08:57:11","2026-01-19 08:57:11",NULL
7652,7652,7652,2,NULL,"2026-01-19 08:57:11","2026-01-19 08:57:11",NULL
7653,7653,7653,2,NULL,"2026-01-19 08:57:11","2026-01-19 08:57:11",NULL
7654,7654,7654,2,NULL,"2026-01-19 08:57:11","2026-01-19 08:57:11",NULL
7655,7655,7655,2,NULL,"2026-01-19 08:57:11","2026-01-19 08:57:11",NULL
7656,7656,7656,2,NULL,"2026-01-19 08:57:11","2026-01-19 08:57:11",NULL
7657,7657,7657,2,NULL,"2026-01-19 08:57:11","2026-01-19 08:57:11",NULL
7658,7658,7658,2,NULL,"2026-01-19 08:57:11","2026-01-19 08:57:11",NULL
7659,7659,7659,2,NULL,"2026-01-19 08:57:11","2026-01-19 08:57:11",NULL
7660,7660,7660,2,NULL,"2026-01-19 08:57:11","2026-01-19 08:57:11",NULL
7661,7661,7661,2,NULL,"2026-01-19 08:57:11","2026-01-19 08:57:11",NULL
7662,7662,7662,2,NULL,"2026-01-19 08:57:11","2026-01-19 08:57:11",NULL
7663,7663,7663,2,NULL,"2026-01-19 08:57:11","2026-01-19 08:57:11",NULL
7664,7664,7664,2,NULL,"2026-01-19 08:57:11","2026-01-19 08:57:11",NULL
7665,7665,7665,2,NULL,"2026-01-19 08:57:11","2026-01-19 08:57:11",NULL
7666,7666,7666,2,NULL,"2026-01-19 08:57:11","2026-01-19 08:57:11",NULL
7667,7667,7667,2,NULL,"2026-01-19 08:57:11","2026-01-19 08:57:11",NULL
7668,7668,7668,2,NULL,"2026-01-19 08:57:11","2026-01-19 08:57:11",NULL
7669,7669,7669,2,NULL,"2026-01-19 08:57:11","2026-01-19 08:57:11",NULL
7670,7670,7670,2,NULL,"2026-01-19 08:57:11","2026-01-19 08:57:11",NULL
7671,7671,7671,2,NULL,"2026-01-19 08:57:11","2026-01-19 08:57:11",NULL
7672,7672,7672,2,NULL,"2026-01-19 08:57:11","2026-01-19 08:57:11",NULL
7673,7673,7673,2,NULL,"2026-01-19 08:57:11","2026-01-19 08:57:11",NULL
7674,7674,7674,2,NULL,"2026-01-19 08:57:11","2026-01-19 08:57:11",NULL
7675,7675,7675,2,NULL,"2026-01-19 08:57:11","2026-01-19 08:57:11",NULL
7676,7676,7676,2,NULL,"2026-01-19 08:57:11","2026-01-19 08:57:11",NULL
7677,7677,7677,2,NULL,"2026-01-19 08:57:11","2026-01-19 08:57:11",NULL
7678,7678,7678,2,NULL,"2026-01-19 08:57:11","2026-01-19 08:57:11",NULL
7679,7679,7679,2,NULL,"2026-01-19 08:57:11","2026-01-19 08:57:11",NULL
7680,7680,7680,2,NULL,"2026-01-19 08:57:11","2026-01-19 08:57:11",NULL
7681,7681,7681,2,NULL,"2026-01-19 08:57:11","2026-01-19 08:57:11",NULL
7682,7682,7682,2,NULL,"2026-01-19 08:57:11","2026-01-19 08:57:11",NULL
7683,7683,7683,2,NULL,"2026-01-19 08:57:11","2026-01-19 08:57:11",NULL
7684,7684,7684,2,NULL,"2026-01-19 08:57:11","2026-01-19 08:57:11",NULL
7685,7685,7685,2,NULL,"2026-01-19 08:57:11","2026-01-19 08:57:11",NULL
7686,7686,7686,2,NULL,"2026-01-19 08:57:11","2026-01-19 08:57:11",NULL
7687,7687,7687,2,NULL,"2026-01-19 08:57:11","2026-01-19 08:57:11",NULL
7688,7688,7688,2,NULL,"2026-01-19 08:57:11","2026-01-19 08:57:11",NULL
7689,7689,7689,2,NULL,"2026-01-19 08:57:11","2026-01-19 08:57:11",NULL
7690,7690,7690,2,NULL,"2026-01-19 08:57:11","2026-01-19 08:57:11",NULL
7691,7691,7691,2,NULL,"2026-01-19 08:57:11","2026-01-19 08:57:11",NULL
7692,7692,7692,2,NULL,"2026-01-19 08:57:11","2026-01-19 08:57:11",NULL
7693,7693,7693,2,NULL,"2026-01-19 08:57:11","2026-01-19 08:57:11",NULL
7694,7694,7694,2,NULL,"2026-01-19 08:57:11","2026-01-19 08:57:11",NULL
7695,7695,7695,2,NULL,"2026-01-19 08:57:11","2026-01-19 08:57:11",NULL
7696,7696,7696,2,NULL,"2026-01-19 08:57:11","2026-01-19 08:57:11",NULL
7697,7697,7697,2,NULL,"2026-01-19 08:57:11","2026-01-19 08:57:11",NULL
7698,7698,7698,2,NULL,"2026-01-19 08:57:11","2026-01-19 08:57:11",NULL
7699,7699,7699,2,NULL,"2026-01-19 08:57:11","2026-01-19 08:57:11",NULL
7700,7700,7700,2,NULL,"2026-01-19 08:57:11","2026-01-19 08:57:11",NULL
7701,7701,7701,2,NULL,"2026-01-19 08:57:11","2026-01-19 08:57:11",NULL
7702,7702,7702,2,NULL,"2026-01-19 08:57:11","2026-01-19 08:57:11",NULL
7703,7703,7703,2,NULL,"2026-01-19 08:57:11","2026-01-19 08:57:11",NULL
7704,7704,7704,2,NULL,"2026-01-19 08:57:11","2026-01-19 08:57:11",NULL
7705,7705,7705,2,NULL,"2026-01-19 08:57:11","2026-01-19 08:57:11",NULL
7706,7706,7706,2,NULL,"2026-01-19 08:57:11","2026-01-19 08:57:11",NULL
7707,7707,7707,2,NULL,"2026-01-19 08:57:11","2026-01-19 08:57:11",NULL
7708,7708,7708,2,NULL,"2026-01-19 08:57:11","2026-01-19 08:57:11",NULL
7709,7709,7709,2,NULL,"2026-01-19 08:57:11","2026-01-19 08:57:11",NULL
7710,7710,7710,2,NULL,"2026-01-19 08:57:11","2026-01-19 08:57:11",NULL
7711,7711,7711,2,NULL,"2026-01-19 08:57:11","2026-01-19 08:57:11",NULL
7712,7712,7712,2,NULL,"2026-01-19 08:57:11","2026-01-19 08:57:11",NULL
7713,7713,7713,2,NULL,"2026-01-19 08:57:11","2026-01-19 08:57:11",NULL
7714,7714,7714,2,NULL,"2026-01-19 08:57:11","2026-01-19 08:57:11",NULL
7715,7715,7715,2,NULL,"2026-01-19 08:57:11","2026-01-19 08:57:11",NULL
7716,7716,7716,2,NULL,"2026-01-19 08:57:11","2026-01-19 08:57:11",NULL
7717,7717,7717,2,NULL,"2026-01-19 08:57:11","2026-01-19 08:57:11",NULL
7718,7718,7718,2,NULL,"2026-01-19 08:57:11","2026-01-19 08:57:11",NULL
7719,7719,7719,2,NULL,"2026-01-19 08:57:11","2026-01-19 08:57:11",NULL
7720,7720,7720,2,NULL,"2026-01-19 08:57:11","2026-01-19 08:57:11",NULL
7721,7721,7721,2,NULL,"2026-01-19 08:57:11","2026-01-19 08:57:11",NULL
7722,7722,7722,2,NULL,"2026-01-19 08:57:11","2026-01-19 08:57:11",NULL
7723,7723,7723,2,NULL,"2026-01-19 08:57:11","2026-01-19 08:57:11",NULL
7724,7724,7724,2,NULL,"2026-01-19 08:57:11","2026-01-19 08:57:11",NULL
7725,7725,7725,2,NULL,"2026-01-19 08:57:11","2026-01-19 08:57:11",NULL
7726,7726,7726,2,NULL,"2026-01-19 08:57:11","2026-01-19 08:57:11",NULL
7727,7727,7727,2,NULL,"2026-01-19 08:57:11","2026-01-19 08:57:11",NULL
7728,7728,7728,2,NULL,"2026-01-19 08:57:11","2026-01-19 08:57:11",NULL
7729,7729,7729,2,NULL,"2026-01-19 08:57:11","2026-01-19 08:57:11",NULL
7730,7730,7730,2,NULL,"2026-01-19 08:57:11","2026-01-19 08:57:11",NULL
7731,7731,7731,2,NULL,"2026-01-19 08:57:11","2026-01-19 08:57:11",NULL
7732,7732,7732,2,NULL,"2026-01-19 08:57:11","2026-01-19 08:57:11",NULL
7733,7733,7733,2,NULL,"2026-01-19 08:57:11","2026-01-19 08:57:11",NULL
7734,7734,7734,2,NULL,"2026-01-19 08:57:11","2026-01-19 08:57:11",NULL
7735,7735,7735,2,NULL,"2026-01-19 08:57:11","2026-01-19 08:57:11",NULL
7736,7736,7736,2,NULL,"2026-01-19 08:57:11","2026-01-19 08:57:11",NULL
7737,7737,7737,2,NULL,"2026-01-19 08:57:11","2026-01-19 08:57:11",NULL
7738,7738,7738,2,NULL,"2026-01-19 08:57:11","2026-01-19 08:57:11",NULL
7739,7739,7739,2,NULL,"2026-01-19 08:57:11","2026-01-19 08:57:11",NULL
7740,7740,7740,2,NULL,"2026-01-19 08:57:11","2026-01-19 08:57:11",NULL
7741,7741,7741,2,NULL,"2026-01-19 08:57:11","2026-01-19 08:57:11",NULL
7742,7742,7742,2,NULL,"2026-01-19 08:57:11","2026-01-19 08:57:11",NULL
7743,7743,7743,2,NULL,"2026-01-19 08:57:11","2026-01-19 08:57:11",NULL
7744,7744,7744,2,NULL,"2026-01-19 08:57:11","2026-01-19 08:57:11",NULL
7745,7745,7745,2,NULL,"2026-01-19 08:57:11","2026-01-19 08:57:11",NULL
7746,7746,7746,2,NULL,"2026-01-19 08:57:11","2026-01-19 08:57:11",NULL
7747,7747,7747,2,NULL,"2026-01-19 08:57:11","2026-01-19 08:57:11",NULL
7748,7748,7748,2,NULL,"2026-01-19 08:57:11","2026-01-19 08:57:11",NULL
7749,7749,7749,2,NULL,"2026-01-19 08:57:11","2026-01-19 08:57:11",NULL
7750,7750,7750,2,NULL,"2026-01-19 08:57:11","2026-01-19 08:57:11",NULL
7751,7751,7751,2,NULL,"2026-01-19 08:57:11","2026-01-19 08:57:11",NULL
7752,7752,7752,2,NULL,"2026-01-19 08:57:11","2026-01-19 08:57:11",NULL
7753,7753,7753,2,NULL,"2026-01-19 08:57:11","2026-01-19 08:57:11",NULL
7754,7754,7754,2,NULL,"2026-01-19 08:57:11","2026-01-19 08:57:11",NULL
7755,7755,7755,2,NULL,"2026-01-19 08:57:11","2026-01-19 08:57:11",NULL
7756,7756,7756,2,NULL,"2026-01-19 08:57:11","2026-01-19 08:57:11",NULL
7757,7757,7757,2,NULL,"2026-01-19 08:57:11","2026-01-19 08:57:11",NULL
7758,7758,7758,2,NULL,"2026-01-19 08:57:11","2026-01-19 08:57:11",NULL
7759,7759,7759,2,NULL,"2026-01-19 08:57:12","2026-01-19 08:57:12",NULL
7760,7760,7760,2,NULL,"2026-01-19 08:57:12","2026-01-19 08:57:12",NULL
7761,7761,7761,2,NULL,"2026-01-19 08:57:12","2026-01-19 08:57:12",NULL
7762,7762,7762,2,NULL,"2026-01-19 08:57:12","2026-01-19 08:57:12",NULL
7763,7763,7763,2,NULL,"2026-01-19 08:57:12","2026-01-19 08:57:12",NULL
7764,7764,7764,2,NULL,"2026-01-19 08:57:12","2026-01-19 08:57:12",NULL
7765,7765,7765,2,NULL,"2026-01-19 08:57:12","2026-01-19 08:57:12",NULL
7766,7766,7766,2,NULL,"2026-01-19 08:57:12","2026-01-19 08:57:12",NULL
7767,7767,7767,2,NULL,"2026-01-19 08:57:12","2026-01-19 08:57:12",NULL
7768,7768,7768,2,NULL,"2026-01-19 08:57:12","2026-01-19 08:57:12",NULL
7769,7769,7769,2,NULL,"2026-01-19 08:57:12","2026-01-19 08:57:12",NULL
7770,7770,7770,2,NULL,"2026-01-19 08:57:12","2026-01-19 08:57:12",NULL
7771,7771,7771,2,NULL,"2026-01-19 08:57:12","2026-01-19 08:57:12",NULL
7772,7772,7772,2,NULL,"2026-01-19 08:57:12","2026-01-19 08:57:12",NULL
7773,7773,7773,2,NULL,"2026-01-19 08:57:12","2026-01-19 08:57:12",NULL
7774,7774,7774,2,NULL,"2026-01-19 08:57:12","2026-01-19 08:57:12",NULL
7775,7775,7775,2,NULL,"2026-01-19 08:57:12","2026-01-19 08:57:12",NULL
7776,7776,7776,2,NULL,"2026-01-19 08:57:12","2026-01-19 08:57:12",NULL
7777,7777,7777,2,NULL,"2026-01-19 08:57:12","2026-01-19 08:57:12",NULL
7778,7778,7778,2,NULL,"2026-01-19 08:57:12","2026-01-19 08:57:12",NULL
7779,7779,7779,2,NULL,"2026-01-19 08:57:12","2026-01-19 08:57:12",NULL
7780,7780,7780,2,NULL,"2026-01-19 08:57:12","2026-01-19 08:57:12",NULL
7781,7781,7781,2,NULL,"2026-01-19 08:57:12","2026-01-19 08:57:12",NULL
7782,7782,7782,2,NULL,"2026-01-19 08:57:12","2026-01-19 08:57:12",NULL
7783,7783,7783,2,NULL,"2026-01-19 08:57:12","2026-01-19 08:57:12",NULL
7784,7784,7784,2,NULL,"2026-01-19 08:57:12","2026-01-19 08:57:12",NULL
7785,7785,7785,2,NULL,"2026-01-19 08:57:12","2026-01-19 08:57:12",NULL
7786,7786,7786,2,NULL,"2026-01-19 08:57:12","2026-01-19 08:57:12",NULL
7787,7787,7787,2,NULL,"2026-01-19 08:57:12","2026-01-19 08:57:12",NULL
7788,7788,7788,2,NULL,"2026-01-19 08:57:12","2026-01-19 08:57:12",NULL
7789,7789,7789,2,NULL,"2026-01-19 08:57:12","2026-01-19 08:57:12",NULL
7790,7790,7790,2,NULL,"2026-01-19 08:57:12","2026-01-19 08:57:12",NULL
7791,7791,7791,2,NULL,"2026-01-19 08:57:12","2026-01-19 08:57:12",NULL
7792,7792,7792,2,NULL,"2026-01-19 08:57:12","2026-01-19 08:57:12",NULL
7793,7793,7793,2,NULL,"2026-01-19 08:57:12","2026-01-19 08:57:12",NULL
7794,7794,7794,2,NULL,"2026-01-19 08:57:12","2026-01-19 08:57:12",NULL
7795,7795,7795,2,NULL,"2026-01-19 08:57:12","2026-01-19 08:57:12",NULL
7796,7796,7796,2,NULL,"2026-01-19 08:57:12","2026-01-19 08:57:12",NULL
7797,7797,7797,2,NULL,"2026-01-19 08:57:12","2026-01-19 08:57:12",NULL
7798,7798,7798,2,NULL,"2026-01-19 08:57:12","2026-01-19 08:57:12",NULL
7799,7799,7799,2,NULL,"2026-01-19 08:57:12","2026-01-19 08:57:12",NULL
7800,7800,7800,2,NULL,"2026-01-19 08:57:12","2026-01-19 08:57:12",NULL
7801,7801,7801,2,NULL,"2026-01-19 08:57:12","2026-01-19 08:57:12",NULL
7802,7802,7802,2,NULL,"2026-01-19 08:57:12","2026-01-19 08:57:12",NULL
7803,7803,7803,2,NULL,"2026-01-19 08:57:12","2026-01-19 08:57:12",NULL
7804,7804,7804,2,NULL,"2026-01-19 08:57:12","2026-01-19 08:57:12",NULL
7805,7805,7805,2,NULL,"2026-01-19 08:57:12","2026-01-19 08:57:12",NULL
7806,7806,7806,2,NULL,"2026-01-19 08:57:12","2026-01-19 08:57:12",NULL
7807,7807,7807,2,NULL,"2026-01-19 08:57:12","2026-01-19 08:57:12",NULL
7808,7808,7808,2,NULL,"2026-01-19 08:57:12","2026-01-19 08:57:12",NULL
7809,7809,7809,2,NULL,"2026-01-19 08:57:12","2026-01-19 08:57:12",NULL
7810,7810,7810,2,NULL,"2026-01-19 08:57:12","2026-01-19 08:57:12",NULL
7811,7811,7811,2,NULL,"2026-01-19 08:57:12","2026-01-19 08:57:12",NULL
7812,7812,7812,2,NULL,"2026-01-19 08:57:12","2026-01-19 08:57:12",NULL
7813,7813,7813,2,NULL,"2026-01-19 08:57:12","2026-01-19 08:57:12",NULL
7814,7814,7814,2,NULL,"2026-01-19 08:57:12","2026-01-19 08:57:12",NULL
7815,7815,7815,2,NULL,"2026-01-19 08:57:12","2026-01-19 08:57:12",NULL
7816,7816,7816,2,NULL,"2026-01-19 08:57:12","2026-01-19 08:57:12",NULL
7817,7817,7817,2,NULL,"2026-01-19 08:57:12","2026-01-19 08:57:12",NULL
7818,7818,7818,2,NULL,"2026-01-19 08:57:12","2026-01-19 08:57:12",NULL
7819,7819,7819,2,NULL,"2026-01-19 08:57:12","2026-01-19 08:57:12",NULL
7820,7820,7820,2,NULL,"2026-01-19 08:57:12","2026-01-19 08:57:12",NULL
7821,7821,7821,2,NULL,"2026-01-19 08:57:12","2026-01-19 08:57:12",NULL
7822,7822,7822,2,NULL,"2026-01-19 08:57:12","2026-01-19 08:57:12",NULL
7823,7823,7823,2,NULL,"2026-01-19 08:57:12","2026-01-19 08:57:12",NULL
7824,7824,7824,2,NULL,"2026-01-19 08:57:12","2026-01-19 08:57:12",NULL
7825,7825,7825,2,NULL,"2026-01-19 08:57:12","2026-01-19 08:57:12",NULL
7826,7826,7826,2,NULL,"2026-01-19 08:57:12","2026-01-19 08:57:12",NULL
7827,7827,7827,2,NULL,"2026-01-19 08:57:12","2026-01-19 08:57:12",NULL
7828,7828,7828,2,NULL,"2026-01-19 08:57:12","2026-01-19 08:57:12",NULL
7829,7829,7829,2,NULL,"2026-01-19 08:57:12","2026-01-19 08:57:12",NULL
7830,7830,7830,2,NULL,"2026-01-19 08:57:12","2026-01-19 08:57:12",NULL
7831,7831,7831,2,NULL,"2026-01-19 08:57:12","2026-01-19 08:57:12",NULL
7832,7832,7832,2,NULL,"2026-01-19 08:57:12","2026-01-19 08:57:12",NULL
7833,7833,7833,2,NULL,"2026-01-19 08:57:12","2026-01-19 08:57:12",NULL
7834,7834,7834,2,NULL,"2026-01-19 08:57:12","2026-01-19 08:57:12",NULL
7835,7835,7835,2,NULL,"2026-01-19 08:57:12","2026-01-19 08:57:12",NULL
7836,7836,7836,2,NULL,"2026-01-19 08:57:12","2026-01-19 08:57:12",NULL
7837,7837,7837,2,NULL,"2026-01-19 08:57:12","2026-01-19 08:57:12",NULL
7838,7838,7838,2,NULL,"2026-01-19 08:57:12","2026-01-19 08:57:12",NULL
7839,7839,7839,2,NULL,"2026-01-19 08:57:12","2026-01-19 08:57:12",NULL
7840,7840,7840,2,NULL,"2026-01-19 08:57:12","2026-01-19 08:57:12",NULL
7841,7841,7841,2,NULL,"2026-01-19 08:57:12","2026-01-19 08:57:12",NULL
7842,7842,7842,2,NULL,"2026-01-19 08:57:12","2026-01-19 08:57:12",NULL
7843,7843,7843,2,NULL,"2026-01-19 08:57:12","2026-01-19 08:57:12",NULL
7844,7844,7844,2,NULL,"2026-01-19 08:57:12","2026-01-19 08:57:12",NULL
7845,7845,7845,2,NULL,"2026-01-19 08:57:12","2026-01-19 08:57:12",NULL
7846,7846,7846,2,NULL,"2026-01-19 08:57:12","2026-01-19 08:57:12",NULL
7847,7847,7847,2,NULL,"2026-01-19 08:57:12","2026-01-19 08:57:12",NULL
7848,7848,7848,2,NULL,"2026-01-19 08:57:12","2026-01-19 08:57:12",NULL
7849,7849,7849,2,NULL,"2026-01-19 08:57:12","2026-01-19 08:57:12",NULL
7850,7850,7850,2,NULL,"2026-01-19 08:57:12","2026-01-19 08:57:12",NULL
7851,7851,7851,2,NULL,"2026-01-19 08:57:12","2026-01-19 08:57:12",NULL
7852,7852,7852,2,NULL,"2026-01-19 08:57:12","2026-01-19 08:57:12",NULL
7853,7853,7853,2,NULL,"2026-01-19 08:57:12","2026-01-19 08:57:12",NULL
7854,7854,7854,2,NULL,"2026-01-19 08:57:12","2026-01-19 08:57:12",NULL
7855,7855,7855,2,NULL,"2026-01-19 08:57:12","2026-01-19 08:57:12",NULL
7856,7856,7856,2,NULL,"2026-01-19 08:57:12","2026-01-19 08:57:12",NULL
7857,7857,7857,2,NULL,"2026-01-19 08:57:12","2026-01-19 08:57:12",NULL
7858,7858,7858,2,NULL,"2026-01-19 08:57:12","2026-01-19 08:57:12",NULL
7859,7859,7859,2,NULL,"2026-01-19 08:57:12","2026-01-19 08:57:12",NULL
7860,7860,7860,2,NULL,"2026-01-19 08:57:12","2026-01-19 08:57:12",NULL
7861,7861,7861,2,NULL,"2026-01-19 08:57:12","2026-01-19 08:57:12",NULL
7862,7862,7862,2,NULL,"2026-01-19 08:57:12","2026-01-19 08:57:12",NULL
7863,7863,7863,2,NULL,"2026-01-19 08:57:12","2026-01-19 08:57:12",NULL
7864,7864,7864,2,NULL,"2026-01-19 08:57:12","2026-01-19 08:57:12",NULL
7865,7865,7865,2,NULL,"2026-01-19 08:57:12","2026-01-19 08:57:12",NULL
7866,7866,7866,2,NULL,"2026-01-19 08:57:12","2026-01-19 08:57:12",NULL
7867,7867,7867,2,NULL,"2026-01-19 08:57:12","2026-01-19 08:57:12",NULL
7868,7868,7868,2,NULL,"2026-01-19 08:57:12","2026-01-19 08:57:12",NULL
7869,7869,7869,2,NULL,"2026-01-19 08:57:12","2026-01-19 08:57:12",NULL
7870,7870,7870,2,NULL,"2026-01-19 08:57:12","2026-01-19 08:57:12",NULL
7871,7871,7871,2,NULL,"2026-01-19 08:57:12","2026-01-19 08:57:12",NULL
7872,7872,7872,2,NULL,"2026-01-19 08:57:12","2026-01-19 08:57:12",NULL
7873,7873,7873,2,NULL,"2026-01-19 08:57:12","2026-01-19 08:57:12",NULL
7874,7874,7874,2,NULL,"2026-01-19 08:57:12","2026-01-19 08:57:12",NULL
7875,7875,7875,2,NULL,"2026-01-19 08:57:12","2026-01-19 08:57:12",NULL
7876,7876,7876,2,NULL,"2026-01-19 08:57:12","2026-01-19 08:57:12",NULL
7877,7877,7877,2,NULL,"2026-01-19 08:57:12","2026-01-19 08:57:12",NULL
7878,7878,7878,2,NULL,"2026-01-19 08:57:12","2026-01-19 08:57:12",NULL
7879,7879,7879,2,NULL,"2026-01-19 08:57:12","2026-01-19 08:57:12",NULL
7880,7880,7880,2,NULL,"2026-01-19 08:57:12","2026-01-19 08:57:12",NULL
7881,7881,7881,2,NULL,"2026-01-19 08:57:12","2026-01-19 08:57:12",NULL
7882,7882,7882,2,NULL,"2026-01-19 08:57:12","2026-01-19 08:57:12",NULL
7883,7883,7883,2,NULL,"2026-01-19 08:57:12","2026-01-19 08:57:12",NULL
7884,7884,7884,2,NULL,"2026-01-19 08:57:12","2026-01-19 08:57:12",NULL
7885,7885,7885,2,NULL,"2026-01-19 08:57:12","2026-01-19 08:57:12",NULL
7886,7886,7886,2,NULL,"2026-01-19 08:57:12","2026-01-19 08:57:12",NULL
7887,7887,7887,2,NULL,"2026-01-19 08:57:12","2026-01-19 08:57:12",NULL
7888,7888,7888,2,NULL,"2026-01-19 08:57:12","2026-01-19 08:57:12",NULL
7889,7889,7889,2,NULL,"2026-01-19 08:57:12","2026-01-19 08:57:12",NULL
7890,7890,7890,2,NULL,"2026-01-19 08:57:12","2026-01-19 08:57:12",NULL
7891,7891,7891,2,NULL,"2026-01-19 08:57:12","2026-01-19 08:57:12",NULL
7892,7892,7892,2,NULL,"2026-01-19 08:57:12","2026-01-19 08:57:12",NULL
7893,7893,7893,2,NULL,"2026-01-19 08:57:12","2026-01-19 08:57:12",NULL
7894,7894,7894,2,NULL,"2026-01-19 08:57:12","2026-01-19 08:57:12",NULL
7895,7895,7895,2,NULL,"2026-01-19 08:57:12","2026-01-19 08:57:12",NULL
7896,7896,7896,2,NULL,"2026-01-19 08:57:12","2026-01-19 08:57:12",NULL
7897,7897,7897,2,NULL,"2026-01-19 08:57:12","2026-01-19 08:57:12",NULL
7898,7898,7898,2,NULL,"2026-01-19 08:57:12","2026-01-19 08:57:12",NULL
7899,7899,7899,2,NULL,"2026-01-19 08:57:12","2026-01-19 08:57:12",NULL
7900,7900,7900,2,NULL,"2026-01-19 08:57:12","2026-01-19 08:57:12",NULL
7901,7901,7901,2,NULL,"2026-01-19 08:57:12","2026-01-19 08:57:12",NULL
7902,7902,7902,2,NULL,"2026-01-19 08:57:12","2026-01-19 08:57:12",NULL
7903,7903,7903,2,NULL,"2026-01-19 08:57:12","2026-01-19 08:57:12",NULL
7904,7904,7904,2,NULL,"2026-01-19 08:57:12","2026-01-19 08:57:12",NULL
7905,7905,7905,2,NULL,"2026-01-19 08:57:12","2026-01-19 08:57:12",NULL
7906,7906,7906,2,NULL,"2026-01-19 08:57:12","2026-01-19 08:57:12",NULL
7907,7907,7907,2,NULL,"2026-01-19 08:57:12","2026-01-19 08:57:12",NULL
7908,7908,7908,2,NULL,"2026-01-19 08:57:12","2026-01-19 08:57:12",NULL
7909,7909,7909,2,NULL,"2026-01-19 08:57:12","2026-01-19 08:57:12",NULL
7910,7910,7910,2,NULL,"2026-01-19 08:57:12","2026-01-19 08:57:12",NULL
7911,7911,7911,2,NULL,"2026-01-19 08:57:12","2026-01-19 08:57:12",NULL
7912,7912,7912,2,NULL,"2026-01-19 08:57:12","2026-01-19 08:57:12",NULL
7913,7913,7913,2,NULL,"2026-01-19 08:57:12","2026-01-19 08:57:12",NULL
7914,7914,7914,2,NULL,"2026-01-19 08:57:12","2026-01-19 08:57:12",NULL
7915,7915,7915,2,NULL,"2026-01-19 08:57:12","2026-01-19 08:57:12",NULL
7916,7916,7916,2,NULL,"2026-01-19 08:57:12","2026-01-19 08:57:12",NULL
7917,7917,7917,2,NULL,"2026-01-19 08:57:12","2026-01-19 08:57:12",NULL
7918,7918,7918,2,NULL,"2026-01-19 08:57:12","2026-01-19 08:57:12",NULL
7919,7919,7919,2,NULL,"2026-01-19 08:57:12","2026-01-19 08:57:12",NULL
7920,7920,7920,2,NULL,"2026-01-19 08:57:12","2026-01-19 08:57:12",NULL
7921,7921,7921,2,NULL,"2026-01-19 08:57:12","2026-01-19 08:57:12",NULL
7922,7922,7922,2,NULL,"2026-01-19 08:57:12","2026-01-19 08:57:12",NULL
7923,7923,7923,2,NULL,"2026-01-19 08:57:12","2026-01-19 08:57:12",NULL
7924,7924,7924,2,NULL,"2026-01-19 08:57:12","2026-01-19 08:57:12",NULL
7925,7925,7925,2,NULL,"2026-01-19 08:57:12","2026-01-19 08:57:12",NULL
7926,7926,7926,2,NULL,"2026-01-19 08:57:12","2026-01-19 08:57:12",NULL
7927,7927,7927,2,NULL,"2026-01-19 08:57:12","2026-01-19 08:57:12",NULL
7928,7928,7928,2,NULL,"2026-01-19 08:57:12","2026-01-19 08:57:12",NULL
7929,7929,7929,2,NULL,"2026-01-19 08:57:12","2026-01-19 08:57:12",NULL
7930,7930,7930,2,NULL,"2026-01-19 08:57:12","2026-01-19 08:57:12",NULL
7931,7931,7931,2,NULL,"2026-01-19 08:57:12","2026-01-19 08:57:12",NULL
7932,7932,7932,2,NULL,"2026-01-19 08:57:12","2026-01-19 08:57:12",NULL
7933,7933,7933,2,NULL,"2026-01-19 08:57:12","2026-01-19 08:57:12",NULL
7934,7934,7934,2,NULL,"2026-01-19 08:57:12","2026-01-19 08:57:12",NULL
7935,7935,7935,2,NULL,"2026-01-19 08:57:12","2026-01-19 08:57:12",NULL
7936,7936,7936,2,NULL,"2026-01-19 08:57:12","2026-01-19 08:57:12",NULL
7937,7937,7937,2,NULL,"2026-01-19 08:57:12","2026-01-19 08:57:12",NULL
7938,7938,7938,2,NULL,"2026-01-19 08:57:12","2026-01-19 08:57:12",NULL
7939,7939,7939,2,NULL,"2026-01-19 08:57:12","2026-01-19 08:57:12",NULL
7940,7940,7940,2,NULL,"2026-01-19 08:57:12","2026-01-19 08:57:12",NULL
7941,7941,7941,2,NULL,"2026-01-19 08:57:12","2026-01-19 08:57:12",NULL
7942,7942,7942,2,NULL,"2026-01-19 08:57:12","2026-01-19 08:57:12",NULL
7943,7943,7943,2,NULL,"2026-01-19 08:57:12","2026-01-19 08:57:12",NULL
7944,7944,7944,2,NULL,"2026-01-19 08:57:12","2026-01-19 08:57:12",NULL
7945,7945,7945,2,NULL,"2026-01-19 08:57:12","2026-01-19 08:57:12",NULL
7946,7946,7946,2,NULL,"2026-01-19 08:57:12","2026-01-19 08:57:12",NULL
7947,7947,7947,2,NULL,"2026-01-19 08:57:12","2026-01-19 08:57:12",NULL
7948,7948,7948,2,NULL,"2026-01-19 08:57:12","2026-01-19 08:57:12",NULL
7949,7949,7949,2,NULL,"2026-01-19 08:57:12","2026-01-19 08:57:12",NULL
7950,7950,7950,2,NULL,"2026-01-19 08:57:12","2026-01-19 08:57:12",NULL
7951,7951,7951,2,NULL,"2026-01-19 08:57:12","2026-01-19 08:57:12",NULL
7952,7952,7952,2,NULL,"2026-01-19 08:57:12","2026-01-19 08:57:12",NULL
7953,7953,7953,2,NULL,"2026-01-19 08:57:12","2026-01-19 08:57:12",NULL
7954,7954,7954,2,NULL,"2026-01-19 08:57:12","2026-01-19 08:57:12",NULL
7955,7955,7955,2,NULL,"2026-01-19 08:57:12","2026-01-19 08:57:12",NULL
7956,7956,7956,2,NULL,"2026-01-19 08:57:12","2026-01-19 08:57:12",NULL
7957,7957,7957,2,NULL,"2026-01-19 08:57:12","2026-01-19 08:57:12",NULL
7958,7958,7958,2,NULL,"2026-01-19 08:57:12","2026-01-19 08:57:12",NULL
7959,7959,7959,2,NULL,"2026-01-19 08:57:12","2026-01-19 08:57:12",NULL
7960,7960,7960,2,NULL,"2026-01-19 08:57:12","2026-01-19 08:57:12",NULL
7961,7961,7961,2,NULL,"2026-01-19 08:57:12","2026-01-19 08:57:12",NULL
7962,7962,7962,2,NULL,"2026-01-19 08:57:12","2026-01-19 08:57:12",NULL
7963,7963,7963,2,NULL,"2026-01-19 08:57:12","2026-01-19 08:57:12",NULL
7964,7964,7964,2,NULL,"2026-01-19 08:57:12","2026-01-19 08:57:12",NULL
7965,7965,7965,2,NULL,"2026-01-19 08:57:12","2026-01-19 08:57:12",NULL
7966,7966,7966,2,NULL,"2026-01-19 08:57:12","2026-01-19 08:57:12",NULL
7967,7967,7967,2,NULL,"2026-01-19 08:57:12","2026-01-19 08:57:12",NULL
7968,7968,7968,2,NULL,"2026-01-19 08:57:12","2026-01-19 08:57:12",NULL
7969,7969,7969,2,NULL,"2026-01-19 08:57:12","2026-01-19 08:57:12",NULL
7970,7970,7970,2,NULL,"2026-01-19 08:57:12","2026-01-19 08:57:12",NULL
7971,7971,7971,2,NULL,"2026-01-19 08:57:12","2026-01-19 08:57:12",NULL
7972,7972,7972,2,NULL,"2026-01-19 08:57:12","2026-01-19 08:57:12",NULL
7973,7973,7973,2,NULL,"2026-01-19 08:57:12","2026-01-19 08:57:12",NULL
7974,7974,7974,2,NULL,"2026-01-19 08:57:12","2026-01-19 08:57:12",NULL
7975,7975,7975,2,NULL,"2026-01-19 08:57:12","2026-01-19 08:57:12",NULL
7976,7976,7976,2,NULL,"2026-01-19 08:57:12","2026-01-19 08:57:12",NULL
7977,7977,7977,2,NULL,"2026-01-19 08:57:12","2026-01-19 08:57:12",NULL
7978,7978,7978,2,NULL,"2026-01-19 08:57:12","2026-01-19 08:57:12",NULL
7979,7979,7979,2,NULL,"2026-01-19 08:57:12","2026-01-19 08:57:12",NULL
7980,7980,7980,2,NULL,"2026-01-19 08:57:12","2026-01-19 08:57:12",NULL
7981,7981,7981,2,NULL,"2026-01-19 08:57:12","2026-01-19 08:57:12",NULL
7982,7982,7982,2,NULL,"2026-01-19 08:57:12","2026-01-19 08:57:12",NULL
7983,7983,7983,2,NULL,"2026-01-19 08:57:12","2026-01-19 08:57:12",NULL
7984,7984,7984,2,NULL,"2026-01-19 08:57:12","2026-01-19 08:57:12",NULL
7985,7985,7985,2,NULL,"2026-01-19 08:57:12","2026-01-19 08:57:12",NULL
7986,7986,7986,2,NULL,"2026-01-19 08:57:12","2026-01-19 08:57:12",NULL
7987,7987,7987,2,NULL,"2026-01-19 08:57:12","2026-01-19 08:57:12",NULL
7988,7988,7988,2,NULL,"2026-01-19 08:57:12","2026-01-19 08:57:12",NULL
7989,7989,7989,2,NULL,"2026-01-19 08:57:12","2026-01-19 08:57:12",NULL
7990,7990,7990,2,NULL,"2026-01-19 08:57:12","2026-01-19 08:57:12",NULL
7991,7991,7991,2,NULL,"2026-01-19 08:57:12","2026-01-19 08:57:12",NULL
7992,7992,7992,2,NULL,"2026-01-19 08:57:12","2026-01-19 08:57:12",NULL
7993,7993,7993,2,NULL,"2026-01-19 08:57:12","2026-01-19 08:57:12",NULL
7994,7994,7994,2,NULL,"2026-01-19 08:57:12","2026-01-19 08:57:12",NULL
7995,7995,7995,2,NULL,"2026-01-19 08:57:12","2026-01-19 08:57:12",NULL
7996,7996,7996,2,NULL,"2026-01-19 08:57:12","2026-01-19 08:57:12",NULL
7997,7997,7997,2,NULL,"2026-01-19 08:57:12","2026-01-19 08:57:12",NULL
7998,7998,7998,2,NULL,"2026-01-19 08:57:12","2026-01-19 08:57:12",NULL
7999,7999,7999,2,NULL,"2026-01-19 08:57:12","2026-01-19 08:57:12",NULL
8000,8000,8000,2,NULL,"2026-01-19 08:57:12","2026-01-19 08:57:12",NULL
8001,8001,8001,2,NULL,"2026-01-19 08:57:12","2026-01-19 08:57:12",NULL
8002,8002,8002,2,NULL,"2026-01-19 08:57:12","2026-01-19 08:57:12",NULL
8003,8003,8003,2,NULL,"2026-01-19 08:57:12","2026-01-19 08:57:12",NULL
8004,8004,8004,2,NULL,"2026-01-19 08:57:12","2026-01-19 08:57:12",NULL
8005,8005,8005,2,NULL,"2026-01-19 08:57:12","2026-01-19 08:57:12",NULL
8006,8006,8006,2,NULL,"2026-01-19 08:57:12","2026-01-19 08:57:12",NULL
8007,8007,8007,2,NULL,"2026-01-19 08:57:12","2026-01-19 08:57:12",NULL
8008,8008,8008,2,NULL,"2026-01-19 08:57:12","2026-01-19 08:57:12",NULL
8009,8009,8009,2,NULL,"2026-01-19 08:57:12","2026-01-19 08:57:12",NULL
8010,8010,8010,2,NULL,"2026-01-19 08:57:12","2026-01-19 08:57:12",NULL
8011,8011,8011,2,NULL,"2026-01-19 08:57:12","2026-01-19 08:57:12",NULL
8012,8012,8012,2,NULL,"2026-01-19 08:57:12","2026-01-19 08:57:12",NULL
8013,8013,8013,2,NULL,"2026-01-19 08:57:12","2026-01-19 08:57:12",NULL
8014,8014,8014,2,NULL,"2026-01-19 08:57:12","2026-01-19 08:57:12",NULL
8015,8015,8015,2,NULL,"2026-01-19 08:57:12","2026-01-19 08:57:12",NULL
8016,8016,8016,2,NULL,"2026-01-19 08:57:12","2026-01-19 08:57:12",NULL
8017,8017,8017,2,NULL,"2026-01-19 08:57:12","2026-01-19 08:57:12",NULL
8018,8018,8018,2,NULL,"2026-01-19 08:57:12","2026-01-19 08:57:12",NULL
8019,8019,8019,2,NULL,"2026-01-19 08:57:12","2026-01-19 08:57:12",NULL
8020,8020,8020,2,NULL,"2026-01-19 08:57:12","2026-01-19 08:57:12",NULL
8021,8021,8021,2,NULL,"2026-01-19 08:57:12","2026-01-19 08:57:12",NULL
8022,8022,8022,2,NULL,"2026-01-19 08:57:12","2026-01-19 08:57:12",NULL
8023,8023,8023,2,NULL,"2026-01-19 08:57:12","2026-01-19 08:57:12",NULL
8024,8024,8024,2,NULL,"2026-01-19 08:57:12","2026-01-19 08:57:12",NULL
8025,8025,8025,2,NULL,"2026-01-19 08:57:12","2026-01-19 08:57:12",NULL
8026,8026,8026,2,NULL,"2026-01-19 08:57:12","2026-01-19 08:57:12",NULL
8027,8027,8027,2,NULL,"2026-01-19 08:57:12","2026-01-19 08:57:12",NULL
8028,8028,8028,2,NULL,"2026-01-19 08:57:12","2026-01-19 08:57:12",NULL
8029,8029,8029,2,NULL,"2026-01-19 08:57:12","2026-01-19 08:57:12",NULL
8030,8030,8030,2,NULL,"2026-01-19 08:57:12","2026-01-19 08:57:12",NULL
8031,8031,8031,2,NULL,"2026-01-19 08:57:12","2026-01-19 08:57:12",NULL
8032,8032,8032,2,NULL,"2026-01-19 08:57:12","2026-01-19 08:57:12",NULL
8033,8033,8033,2,NULL,"2026-01-19 08:57:12","2026-01-19 08:57:12",NULL
8034,8034,8034,2,NULL,"2026-01-19 08:57:12","2026-01-19 08:57:12",NULL
8035,8035,8035,2,NULL,"2026-01-19 08:57:12","2026-01-19 08:57:12",NULL
8036,8036,8036,2,NULL,"2026-01-19 08:57:12","2026-01-19 08:57:12",NULL
8037,8037,8037,2,NULL,"2026-01-19 08:57:12","2026-01-19 08:57:12",NULL
8038,8038,8038,2,NULL,"2026-01-19 08:57:12","2026-01-19 08:57:12",NULL
8039,8039,8039,2,NULL,"2026-01-19 08:57:12","2026-01-19 08:57:12",NULL
8040,8040,8040,2,NULL,"2026-01-19 08:57:12","2026-01-19 08:57:12",NULL
8041,8041,8041,2,NULL,"2026-01-19 08:57:12","2026-01-19 08:57:12",NULL
8042,8042,8042,2,NULL,"2026-01-19 08:57:12","2026-01-19 08:57:12",NULL
8043,8043,8043,2,NULL,"2026-01-19 08:57:12","2026-01-19 08:57:12",NULL
8044,8044,8044,2,NULL,"2026-01-19 08:57:12","2026-01-19 08:57:12",NULL
8045,8045,8045,2,NULL,"2026-01-19 08:57:12","2026-01-19 08:57:12",NULL
8046,8046,8046,2,NULL,"2026-01-19 08:57:12","2026-01-19 08:57:12",NULL
8047,8047,8047,2,NULL,"2026-01-19 08:57:12","2026-01-19 08:57:12",NULL
8048,8048,8048,2,NULL,"2026-01-19 08:57:12","2026-01-19 08:57:12",NULL
8049,8049,8049,2,NULL,"2026-01-19 08:57:12","2026-01-19 08:57:12",NULL
8050,8050,8050,2,NULL,"2026-01-19 08:57:12","2026-01-19 08:57:12",NULL
8051,8051,8051,2,NULL,"2026-01-19 08:57:12","2026-01-19 08:57:12",NULL
8052,8052,8052,2,NULL,"2026-01-19 08:57:12","2026-01-19 08:57:12",NULL
8053,8053,8053,2,NULL,"2026-01-19 08:57:12","2026-01-19 08:57:12",NULL
8054,8054,8054,2,NULL,"2026-01-19 08:57:12","2026-01-19 08:57:12",NULL
8055,8055,8055,2,NULL,"2026-01-19 08:57:12","2026-01-19 08:57:12",NULL
8056,8056,8056,2,NULL,"2026-01-19 08:57:12","2026-01-19 08:57:12",NULL
8057,8057,8057,2,NULL,"2026-01-19 08:57:12","2026-01-19 08:57:12",NULL
8058,8058,8058,2,NULL,"2026-01-19 08:57:12","2026-01-19 08:57:12",NULL
8059,8059,8059,2,NULL,"2026-01-19 08:57:12","2026-01-19 08:57:12",NULL
8060,8060,8060,2,NULL,"2026-01-19 08:57:12","2026-01-19 08:57:12",NULL
8061,8061,8061,2,NULL,"2026-01-19 08:57:12","2026-01-19 08:57:12",NULL
8062,8062,8062,2,NULL,"2026-01-19 08:57:12","2026-01-19 08:57:12",NULL
8063,8063,8063,2,NULL,"2026-01-19 08:57:12","2026-01-19 08:57:12",NULL
8064,8064,8064,2,NULL,"2026-01-19 08:57:12","2026-01-19 08:57:12",NULL
8065,8065,8065,2,NULL,"2026-01-19 08:57:12","2026-01-19 08:57:12",NULL
8066,8066,8066,2,NULL,"2026-01-19 08:57:12","2026-01-19 08:57:12",NULL
8067,8067,8067,2,NULL,"2026-01-19 08:57:12","2026-01-19 08:57:12",NULL
8068,8068,8068,2,NULL,"2026-01-19 08:57:12","2026-01-19 08:57:12",NULL
8069,8069,8069,2,NULL,"2026-01-19 08:57:12","2026-01-19 08:57:12",NULL
8070,8070,8070,2,NULL,"2026-01-19 08:57:12","2026-01-19 08:57:12",NULL
8071,8071,8071,2,NULL,"2026-01-19 08:57:12","2026-01-19 08:57:12",NULL
8072,8072,8072,2,NULL,"2026-01-19 08:57:12","2026-01-19 08:57:12",NULL
8073,8073,8073,2,NULL,"2026-01-19 08:57:12","2026-01-19 08:57:12",NULL
8074,8074,8074,2,NULL,"2026-01-19 08:57:12","2026-01-19 08:57:12",NULL
8075,8075,8075,2,NULL,"2026-01-19 08:57:12","2026-01-19 08:57:12",NULL
8076,8076,8076,2,NULL,"2026-01-19 08:57:12","2026-01-19 08:57:12",NULL
8077,8077,8077,2,NULL,"2026-01-19 08:57:12","2026-01-19 08:57:12",NULL
8078,8078,8078,2,NULL,"2026-01-19 08:57:12","2026-01-19 08:57:12",NULL
8079,8079,8079,2,NULL,"2026-01-19 08:57:12","2026-01-19 08:57:12",NULL
8080,8080,8080,2,NULL,"2026-01-19 08:57:12","2026-01-19 08:57:12",NULL
8081,8081,8081,2,NULL,"2026-01-19 08:57:12","2026-01-19 08:57:12",NULL
8082,8082,8082,2,NULL,"2026-01-19 08:57:12","2026-01-19 08:57:12",NULL
8083,8083,8083,2,NULL,"2026-01-19 08:57:12","2026-01-19 08:57:12",NULL
8084,8084,8084,2,NULL,"2026-01-19 08:57:12","2026-01-19 08:57:12",NULL
8085,8085,8085,2,NULL,"2026-01-19 08:57:12","2026-01-19 08:57:12",NULL
8086,8086,8086,2,NULL,"2026-01-19 08:57:12","2026-01-19 08:57:12",NULL
8087,8087,8087,2,NULL,"2026-01-19 08:57:12","2026-01-19 08:57:12",NULL
8088,8088,8088,2,NULL,"2026-01-19 08:57:12","2026-01-19 08:57:12",NULL
8089,8089,8089,2,NULL,"2026-01-19 08:57:12","2026-01-19 08:57:12",NULL
8090,8090,8090,2,NULL,"2026-01-19 08:57:12","2026-01-19 08:57:12",NULL
8091,8091,8091,2,NULL,"2026-01-19 08:57:12","2026-01-19 08:57:12",NULL
8092,8092,8092,2,NULL,"2026-01-19 08:57:12","2026-01-19 08:57:12",NULL
8093,8093,8093,2,NULL,"2026-01-19 08:57:12","2026-01-19 08:57:12",NULL
8094,8094,8094,2,NULL,"2026-01-19 08:57:12","2026-01-19 08:57:12",NULL
8095,8095,8095,2,NULL,"2026-01-19 08:57:12","2026-01-19 08:57:12",NULL
8096,8096,8096,2,NULL,"2026-01-19 08:57:12","2026-01-19 08:57:12",NULL
8097,8097,8097,2,NULL,"2026-01-19 08:57:12","2026-01-19 08:57:12",NULL
8098,8098,8098,2,NULL,"2026-01-19 08:57:12","2026-01-19 08:57:12",NULL
8099,8099,8099,2,NULL,"2026-01-19 08:57:12","2026-01-19 08:57:12",NULL
8100,8100,8100,2,NULL,"2026-01-19 08:57:12","2026-01-19 08:57:12",NULL
8101,8101,8101,2,NULL,"2026-01-19 08:57:12","2026-01-19 08:57:12",NULL
8102,8102,8102,2,NULL,"2026-01-19 08:57:12","2026-01-19 08:57:12",NULL
8103,8103,8103,2,NULL,"2026-01-19 08:57:12","2026-01-19 08:57:12",NULL
8104,8104,8104,2,NULL,"2026-01-19 08:57:12","2026-01-19 08:57:12",NULL
8105,8105,8105,2,NULL,"2026-01-19 08:57:12","2026-01-19 08:57:12",NULL
8106,8106,8106,2,NULL,"2026-01-19 08:57:12","2026-01-19 08:57:12",NULL
8107,8107,8107,2,NULL,"2026-01-19 08:57:12","2026-01-19 08:57:12",NULL
8108,8108,8108,2,NULL,"2026-01-19 08:57:12","2026-01-19 08:57:12",NULL
8109,8109,8109,2,NULL,"2026-01-19 08:57:12","2026-01-19 08:57:12",NULL
8110,8110,8110,2,NULL,"2026-01-19 08:57:12","2026-01-19 08:57:12",NULL
8111,8111,8111,2,NULL,"2026-01-19 08:57:12","2026-01-19 08:57:12",NULL
8112,8112,8112,2,NULL,"2026-01-19 08:57:12","2026-01-19 08:57:12",NULL
8113,8113,8113,2,NULL,"2026-01-19 08:57:12","2026-01-19 08:57:12",NULL
8114,8114,8114,2,NULL,"2026-01-19 08:57:12","2026-01-19 08:57:12",NULL
8115,8115,8115,2,NULL,"2026-01-19 08:57:12","2026-01-19 08:57:12",NULL
8116,8116,8116,2,NULL,"2026-01-19 08:57:12","2026-01-19 08:57:12",NULL
8117,8117,8117,2,NULL,"2026-01-19 08:57:12","2026-01-19 08:57:12",NULL
8118,8118,8118,2,NULL,"2026-01-19 08:57:12","2026-01-19 08:57:12",NULL
8119,8119,8119,2,NULL,"2026-01-19 08:57:12","2026-01-19 08:57:12",NULL
8120,8120,8120,2,NULL,"2026-01-19 08:57:12","2026-01-19 08:57:12",NULL
8121,8121,8121,2,NULL,"2026-01-19 08:57:12","2026-01-19 08:57:12",NULL
8122,8122,8122,2,NULL,"2026-01-19 08:57:12","2026-01-19 08:57:12",NULL
8123,8123,8123,2,NULL,"2026-01-19 08:57:12","2026-01-19 08:57:12",NULL
8124,8124,8124,2,NULL,"2026-01-19 08:57:12","2026-01-19 08:57:12",NULL
8125,8125,8125,2,NULL,"2026-01-19 08:57:12","2026-01-19 08:57:12",NULL
8126,8126,8126,2,NULL,"2026-01-19 08:57:12","2026-01-19 08:57:12",NULL
8127,8127,8127,2,NULL,"2026-01-19 08:57:12","2026-01-19 08:57:12",NULL
8128,8128,8128,2,NULL,"2026-01-19 08:57:12","2026-01-19 08:57:12",NULL
8129,8129,8129,2,NULL,"2026-01-19 08:57:12","2026-01-19 08:57:12",NULL
8130,8130,8130,2,NULL,"2026-01-19 08:57:12","2026-01-19 08:57:12",NULL
8131,8131,8131,2,NULL,"2026-01-19 08:57:12","2026-01-19 08:57:12",NULL
8132,8132,8132,2,NULL,"2026-01-19 08:57:12","2026-01-19 08:57:12",NULL
8133,8133,8133,2,NULL,"2026-01-19 08:57:12","2026-01-19 08:57:12",NULL
8134,8134,8134,2,NULL,"2026-01-19 08:57:12","2026-01-19 08:57:12",NULL
8135,8135,8135,2,NULL,"2026-01-19 08:57:12","2026-01-19 08:57:12",NULL
8136,8136,8136,2,NULL,"2026-01-19 08:57:12","2026-01-19 08:57:12",NULL
8137,8137,8137,2,NULL,"2026-01-19 08:57:12","2026-01-19 08:57:12",NULL
8138,8138,8138,2,NULL,"2026-01-19 08:57:12","2026-01-19 08:57:12",NULL
8139,8139,8139,2,NULL,"2026-01-19 08:57:12","2026-01-19 08:57:12",NULL
8140,8140,8140,2,NULL,"2026-01-19 08:57:12","2026-01-19 08:57:12",NULL
8141,8141,8141,2,NULL,"2026-01-19 08:57:12","2026-01-19 08:57:12",NULL
8142,8142,8142,2,NULL,"2026-01-19 08:57:12","2026-01-19 08:57:12",NULL
8143,8143,8143,2,NULL,"2026-01-19 08:57:12","2026-01-19 08:57:12",NULL
8144,8144,8144,2,NULL,"2026-01-19 08:57:12","2026-01-19 08:57:12",NULL
8145,8145,8145,2,NULL,"2026-01-19 08:57:12","2026-01-19 08:57:12",NULL
8146,8146,8146,2,NULL,"2026-01-19 08:57:12","2026-01-19 08:57:12",NULL
8147,8147,8147,2,NULL,"2026-01-19 08:57:13","2026-01-19 08:57:13",NULL
8148,8148,8148,2,NULL,"2026-01-19 08:57:13","2026-01-19 08:57:13",NULL
8149,8149,8149,2,NULL,"2026-01-19 08:57:13","2026-01-19 08:57:13",NULL
8150,8150,8150,2,NULL,"2026-01-19 08:57:13","2026-01-19 08:57:13",NULL
8151,8151,8151,2,NULL,"2026-01-19 08:57:13","2026-01-19 08:57:13",NULL
8152,8152,8152,2,NULL,"2026-01-19 08:57:13","2026-01-19 08:57:13",NULL
8153,8153,8153,2,NULL,"2026-01-19 08:57:13","2026-01-19 08:57:13",NULL
8154,8154,8154,2,NULL,"2026-01-19 08:57:13","2026-01-19 08:57:13",NULL
8155,8155,8155,2,NULL,"2026-01-19 08:57:13","2026-01-19 08:57:13",NULL
8156,8156,8156,2,NULL,"2026-01-19 08:57:13","2026-01-19 08:57:13",NULL
8157,8157,8157,2,NULL,"2026-01-19 08:57:13","2026-01-19 08:57:13",NULL
8158,8158,8158,2,NULL,"2026-01-19 08:57:13","2026-01-19 08:57:13",NULL
8159,8159,8159,2,NULL,"2026-01-19 08:57:13","2026-01-19 08:57:13",NULL
8160,8160,8160,2,NULL,"2026-01-19 08:57:13","2026-01-19 08:57:13",NULL
8161,8161,8161,2,NULL,"2026-01-19 08:57:13","2026-01-19 08:57:13",NULL
8162,8162,8162,2,NULL,"2026-01-19 08:57:13","2026-01-19 08:57:13",NULL
8163,8163,8163,2,NULL,"2026-01-19 08:57:13","2026-01-19 08:57:13",NULL
8164,8164,8164,2,NULL,"2026-01-19 08:57:13","2026-01-19 08:57:13",NULL
8165,8165,8165,2,NULL,"2026-01-19 08:57:13","2026-01-19 08:57:13",NULL
8166,8166,8166,2,NULL,"2026-01-19 08:57:13","2026-01-19 08:57:13",NULL
8167,8167,8167,2,NULL,"2026-01-19 08:57:13","2026-01-19 08:57:13",NULL
8168,8168,8168,2,NULL,"2026-01-19 08:57:13","2026-01-19 08:57:13",NULL
8169,8169,8169,2,NULL,"2026-01-19 08:57:13","2026-01-19 08:57:13",NULL
8170,8170,8170,2,NULL,"2026-01-19 08:57:13","2026-01-19 08:57:13",NULL
8171,8171,8171,2,NULL,"2026-01-19 08:57:13","2026-01-19 08:57:13",NULL
8172,8172,8172,2,NULL,"2026-01-19 08:57:13","2026-01-19 08:57:13",NULL
8173,8173,8173,2,NULL,"2026-01-19 08:57:13","2026-01-19 08:57:13",NULL
8174,8174,8174,2,NULL,"2026-01-19 08:57:13","2026-01-19 08:57:13",NULL
8175,8175,8175,2,NULL,"2026-01-19 08:57:13","2026-01-19 08:57:13",NULL
8176,8176,8176,2,NULL,"2026-01-19 08:57:13","2026-01-19 08:57:13",NULL
8177,8177,8177,2,NULL,"2026-01-19 08:57:13","2026-01-19 08:57:13",NULL
8178,8178,8178,2,NULL,"2026-01-19 08:57:13","2026-01-19 08:57:13",NULL
8179,8179,8179,2,NULL,"2026-01-19 08:57:13","2026-01-19 08:57:13",NULL
8180,8180,8180,2,NULL,"2026-01-19 08:57:13","2026-01-19 08:57:13",NULL
8181,8181,8181,2,NULL,"2026-01-19 08:57:13","2026-01-19 08:57:13",NULL
8182,8182,8182,2,NULL,"2026-01-19 08:57:13","2026-01-19 08:57:13",NULL
8183,8183,8183,2,NULL,"2026-01-19 08:57:13","2026-01-19 08:57:13",NULL
8184,8184,8184,2,NULL,"2026-01-19 08:57:13","2026-01-19 08:57:13",NULL
8185,8185,8185,2,NULL,"2026-01-19 08:57:13","2026-01-19 08:57:13",NULL
8186,8186,8186,2,NULL,"2026-01-19 08:57:13","2026-01-19 08:57:13",NULL
8187,8187,8187,2,NULL,"2026-01-19 08:57:13","2026-01-19 08:57:13",NULL
8188,8188,8188,2,NULL,"2026-01-19 08:57:13","2026-01-19 08:57:13",NULL
8189,8189,8189,2,NULL,"2026-01-19 08:57:13","2026-01-19 08:57:13",NULL
8190,8190,8190,2,NULL,"2026-01-19 08:57:13","2026-01-19 08:57:13",NULL
8191,8191,8191,2,NULL,"2026-01-19 08:57:13","2026-01-19 08:57:13",NULL
8192,8192,8192,2,NULL,"2026-01-19 08:57:13","2026-01-19 08:57:13",NULL
8193,8193,8193,2,NULL,"2026-01-19 08:57:13","2026-01-19 08:57:13",NULL
8194,8194,8194,2,NULL,"2026-01-19 08:57:13","2026-01-19 08:57:13",NULL
8195,8195,8195,2,NULL,"2026-01-19 08:57:13","2026-01-19 08:57:13",NULL
8196,8196,8196,2,NULL,"2026-01-19 08:57:13","2026-01-19 08:57:13",NULL
8197,8197,8197,2,NULL,"2026-01-19 08:57:13","2026-01-19 08:57:13",NULL
8198,8198,8198,2,NULL,"2026-01-19 08:57:13","2026-01-19 08:57:13",NULL
8199,8199,8199,2,NULL,"2026-01-19 08:57:13","2026-01-19 08:57:13",NULL
8200,8200,8200,2,NULL,"2026-01-19 08:57:13","2026-01-19 08:57:13",NULL
8201,8201,8201,2,NULL,"2026-01-19 08:57:13","2026-01-19 08:57:13",NULL
8202,8202,8202,2,NULL,"2026-01-19 08:57:13","2026-01-19 08:57:13",NULL
8203,8203,8203,2,NULL,"2026-01-19 08:57:13","2026-01-19 08:57:13",NULL
8204,8204,8204,2,NULL,"2026-01-19 08:57:13","2026-01-19 08:57:13",NULL
8205,8205,8205,2,NULL,"2026-01-19 08:57:13","2026-01-19 08:57:13",NULL
8206,8206,8206,2,NULL,"2026-01-19 08:57:13","2026-01-19 08:57:13",NULL
8207,8207,8207,2,NULL,"2026-01-19 08:57:13","2026-01-19 08:57:13",NULL
8208,8208,8208,2,NULL,"2026-01-19 08:57:13","2026-01-19 08:57:13",NULL
8209,8209,8209,2,NULL,"2026-01-19 08:57:13","2026-01-19 08:57:13",NULL
8210,8210,8210,2,NULL,"2026-01-19 08:57:13","2026-01-19 08:57:13",NULL
8211,8211,8211,2,NULL,"2026-01-19 08:57:13","2026-01-19 08:57:13",NULL
8212,8212,8212,2,NULL,"2026-01-19 08:57:13","2026-01-19 08:57:13",NULL
8213,8213,8213,2,NULL,"2026-01-19 08:57:13","2026-01-19 08:57:13",NULL
8214,8214,8214,2,NULL,"2026-01-19 08:57:13","2026-01-19 08:57:13",NULL
8215,8215,8215,2,NULL,"2026-01-19 08:57:13","2026-01-19 08:57:13",NULL
8216,8216,8216,2,NULL,"2026-01-19 08:57:13","2026-01-19 08:57:13",NULL
8217,8217,8217,2,NULL,"2026-01-19 08:57:13","2026-01-19 08:57:13",NULL
8218,8218,8218,2,NULL,"2026-01-19 08:57:13","2026-01-19 08:57:13",NULL
8219,8219,8219,2,NULL,"2026-01-19 08:57:13","2026-01-19 08:57:13",NULL
8220,8220,8220,2,NULL,"2026-01-19 08:57:13","2026-01-19 08:57:13",NULL
8221,8221,8221,2,NULL,"2026-01-19 08:57:13","2026-01-19 08:57:13",NULL
8222,8222,8222,2,NULL,"2026-01-19 08:57:13","2026-01-19 08:57:13",NULL
8223,8223,8223,2,NULL,"2026-01-19 08:57:13","2026-01-19 08:57:13",NULL
8224,8224,8224,2,NULL,"2026-01-19 08:57:13","2026-01-19 08:57:13",NULL
8225,8225,8225,2,NULL,"2026-01-19 08:57:13","2026-01-19 08:57:13",NULL
8226,8226,8226,2,NULL,"2026-01-19 08:57:13","2026-01-19 08:57:13",NULL
8227,8227,8227,2,NULL,"2026-01-19 08:57:13","2026-01-19 08:57:13",NULL
8228,8228,8228,2,NULL,"2026-01-19 08:57:13","2026-01-19 08:57:13",NULL
8229,8229,8229,2,NULL,"2026-01-19 08:57:13","2026-01-19 08:57:13",NULL
8230,8230,8230,2,NULL,"2026-01-19 08:57:13","2026-01-19 08:57:13",NULL
8231,8231,8231,2,NULL,"2026-01-19 08:57:13","2026-01-19 08:57:13",NULL
8232,8232,8232,2,NULL,"2026-01-19 08:57:13","2026-01-19 08:57:13",NULL
8233,8233,8233,2,NULL,"2026-01-19 08:57:13","2026-01-19 08:57:13",NULL
8234,8234,8234,2,NULL,"2026-01-19 08:57:13","2026-01-19 08:57:13",NULL
8235,8235,8235,2,NULL,"2026-01-19 08:57:13","2026-01-19 08:57:13",NULL
8236,8236,8236,2,NULL,"2026-01-19 08:57:13","2026-01-19 08:57:13",NULL
8237,8237,8237,2,NULL,"2026-01-19 08:57:13","2026-01-19 08:57:13",NULL
8238,8238,8238,2,NULL,"2026-01-19 08:57:13","2026-01-19 08:57:13",NULL
8239,8239,8239,2,NULL,"2026-01-19 08:57:13","2026-01-19 08:57:13",NULL
8240,8240,8240,2,NULL,"2026-01-19 08:57:13","2026-01-19 08:57:13",NULL
8241,8241,8241,2,NULL,"2026-01-19 08:57:13","2026-01-19 08:57:13",NULL
8242,8242,8242,2,NULL,"2026-01-19 08:57:13","2026-01-19 08:57:13",NULL
8243,8243,8243,2,NULL,"2026-01-19 08:57:13","2026-01-19 08:57:13",NULL
8244,8244,8244,2,NULL,"2026-01-19 08:57:13","2026-01-19 08:57:13",NULL
8245,8245,8245,2,NULL,"2026-01-19 08:57:13","2026-01-19 08:57:13",NULL
8246,8246,8246,2,NULL,"2026-01-19 08:57:13","2026-01-19 08:57:13",NULL
8247,8247,8247,2,NULL,"2026-01-19 08:57:13","2026-01-19 08:57:13",NULL
8248,8248,8248,2,NULL,"2026-01-19 08:57:13","2026-01-19 08:57:13",NULL
8249,8249,8249,2,NULL,"2026-01-19 08:57:13","2026-01-19 08:57:13",NULL
8250,8250,8250,2,NULL,"2026-01-19 08:57:13","2026-01-19 08:57:13",NULL
8251,8251,8251,2,NULL,"2026-01-19 08:57:13","2026-01-19 08:57:13",NULL
8252,8252,8252,2,NULL,"2026-01-19 08:57:13","2026-01-19 08:57:13",NULL
8253,8253,8253,2,NULL,"2026-01-19 08:57:13","2026-01-19 08:57:13",NULL
8254,8254,8254,2,NULL,"2026-01-19 08:57:13","2026-01-19 08:57:13",NULL
8255,8255,8255,2,NULL,"2026-01-19 08:57:13","2026-01-19 08:57:13",NULL
8256,8256,8256,2,NULL,"2026-01-19 08:57:13","2026-01-19 08:57:13",NULL
8257,8257,8257,2,NULL,"2026-01-19 08:57:13","2026-01-19 08:57:13",NULL
8258,8258,8258,2,NULL,"2026-01-19 08:57:13","2026-01-19 08:57:13",NULL
8259,8259,8259,2,NULL,"2026-01-19 08:57:13","2026-01-19 08:57:13",NULL
8260,8260,8260,2,NULL,"2026-01-19 08:57:13","2026-01-19 08:57:13",NULL
8261,8261,8261,2,NULL,"2026-01-19 08:57:13","2026-01-19 08:57:13",NULL
8262,8262,8262,2,NULL,"2026-01-19 08:57:13","2026-01-19 08:57:13",NULL
8263,8263,8263,2,NULL,"2026-01-19 08:57:13","2026-01-19 08:57:13",NULL
8264,8264,8264,2,NULL,"2026-01-19 08:57:13","2026-01-19 08:57:13",NULL
8265,8265,8265,2,NULL,"2026-01-19 08:57:13","2026-01-19 08:57:13",NULL
8266,8266,8266,2,NULL,"2026-01-19 08:57:13","2026-01-19 08:57:13",NULL
8267,8267,8267,2,NULL,"2026-01-19 08:57:13","2026-01-19 08:57:13",NULL
8268,8268,8268,2,NULL,"2026-01-19 08:57:13","2026-01-19 08:57:13",NULL
8269,8269,8269,2,NULL,"2026-01-19 08:57:13","2026-01-19 08:57:13",NULL
8270,8270,8270,2,NULL,"2026-01-19 08:57:13","2026-01-19 08:57:13",NULL
8271,8271,8271,2,NULL,"2026-01-19 08:57:13","2026-01-19 08:57:13",NULL
8272,8272,8272,2,NULL,"2026-01-19 08:57:13","2026-01-19 08:57:13",NULL
8273,8273,8273,2,NULL,"2026-01-19 08:57:13","2026-01-19 08:57:13",NULL
8274,8274,8274,2,NULL,"2026-01-19 08:57:13","2026-01-19 08:57:13",NULL
8275,8275,8275,2,NULL,"2026-01-19 08:57:13","2026-01-19 08:57:13",NULL
8276,8276,8276,2,NULL,"2026-01-19 08:57:13","2026-01-19 08:57:13",NULL
8277,8277,8277,2,NULL,"2026-01-19 08:57:13","2026-01-19 08:57:13",NULL
8278,8278,8278,2,NULL,"2026-01-19 08:57:13","2026-01-19 08:57:13",NULL
8279,8279,8279,2,NULL,"2026-01-19 08:57:13","2026-01-19 08:57:13",NULL
8280,8280,8280,2,NULL,"2026-01-19 08:57:13","2026-01-19 08:57:13",NULL
8281,8281,8281,2,NULL,"2026-01-19 08:57:13","2026-01-19 08:57:13",NULL
8282,8282,8282,2,NULL,"2026-01-19 08:57:13","2026-01-19 08:57:13",NULL
8283,8283,8283,2,NULL,"2026-01-19 08:57:13","2026-01-19 08:57:13",NULL
8284,8284,8284,2,NULL,"2026-01-19 08:57:13","2026-01-19 08:57:13",NULL
8285,8285,8285,2,NULL,"2026-01-19 08:57:13","2026-01-19 08:57:13",NULL
8286,8286,8286,2,NULL,"2026-01-19 08:57:13","2026-01-19 08:57:13",NULL
8287,8287,8287,2,NULL,"2026-01-19 08:57:13","2026-01-19 08:57:13",NULL
8288,8288,8288,2,NULL,"2026-01-19 08:57:13","2026-01-19 08:57:13",NULL
8289,8289,8289,2,NULL,"2026-01-19 08:57:13","2026-01-19 08:57:13",NULL
8290,8290,8290,2,NULL,"2026-01-19 08:57:13","2026-01-19 08:57:13",NULL
8291,8291,8291,2,NULL,"2026-01-19 08:57:13","2026-01-19 08:57:13",NULL
8292,8292,8292,2,NULL,"2026-01-19 08:57:13","2026-01-19 08:57:13",NULL
8293,8293,8293,2,NULL,"2026-01-19 08:57:13","2026-01-19 08:57:13",NULL
8294,8294,8294,2,NULL,"2026-01-19 08:57:13","2026-01-19 08:57:13",NULL
8295,8295,8295,2,NULL,"2026-01-19 08:57:13","2026-01-19 08:57:13",NULL
8296,8296,8296,2,NULL,"2026-01-19 08:57:13","2026-01-19 08:57:13",NULL
8297,8297,8297,2,NULL,"2026-01-19 08:57:13","2026-01-19 08:57:13",NULL
8298,8298,8298,2,NULL,"2026-01-19 08:57:13","2026-01-19 08:57:13",NULL
8299,8299,8299,2,NULL,"2026-01-19 08:57:13","2026-01-19 08:57:13",NULL
8300,8300,8300,2,NULL,"2026-01-19 08:57:13","2026-01-19 08:57:13",NULL
8301,8301,8301,2,NULL,"2026-01-19 08:57:13","2026-01-19 08:57:13",NULL
8302,8302,8302,2,NULL,"2026-01-19 08:57:13","2026-01-19 08:57:13",NULL
8303,8303,8303,2,NULL,"2026-01-19 08:57:13","2026-01-19 08:57:13",NULL
8304,8304,8304,2,NULL,"2026-01-19 08:57:13","2026-01-19 08:57:13",NULL
8305,8305,8305,2,NULL,"2026-01-19 08:57:13","2026-01-19 08:57:13",NULL
8306,8306,8306,2,NULL,"2026-01-19 08:57:13","2026-01-19 08:57:13",NULL
8307,8307,8307,2,NULL,"2026-01-19 08:57:13","2026-01-19 08:57:13",NULL
8308,8308,8308,2,NULL,"2026-01-19 08:57:13","2026-01-19 08:57:13",NULL
8309,8309,8309,2,NULL,"2026-01-19 08:57:13","2026-01-19 08:57:13",NULL
8310,8310,8310,2,NULL,"2026-01-19 08:57:13","2026-01-19 08:57:13",NULL
8311,8311,8311,2,NULL,"2026-01-19 08:57:13","2026-01-19 08:57:13",NULL
8312,8312,8312,2,NULL,"2026-01-19 08:57:13","2026-01-19 08:57:13",NULL
8313,8313,8313,2,NULL,"2026-01-19 08:57:13","2026-01-19 08:57:13",NULL
8314,8314,8314,2,NULL,"2026-01-19 08:57:13","2026-01-19 08:57:13",NULL
8315,8315,8315,2,NULL,"2026-01-19 08:57:13","2026-01-19 08:57:13",NULL
8316,8316,8316,2,NULL,"2026-01-19 08:57:13","2026-01-19 08:57:13",NULL
8317,8317,8317,2,NULL,"2026-01-19 08:57:13","2026-01-19 08:57:13",NULL
8318,8318,8318,2,NULL,"2026-01-19 08:57:13","2026-01-19 08:57:13",NULL
8319,8319,8319,2,NULL,"2026-01-19 08:57:13","2026-01-19 08:57:13",NULL
8320,8320,8320,2,NULL,"2026-01-19 08:57:13","2026-01-19 08:57:13",NULL
8321,8321,8321,2,NULL,"2026-01-19 08:57:13","2026-01-19 08:57:13",NULL
8322,8322,8322,2,NULL,"2026-01-19 08:57:13","2026-01-19 08:57:13",NULL
8323,8323,8323,2,NULL,"2026-01-19 08:57:13","2026-01-19 08:57:13",NULL
8324,8324,8324,2,NULL,"2026-01-19 08:57:13","2026-01-19 08:57:13",NULL
8325,8325,8325,2,NULL,"2026-01-19 08:57:13","2026-01-19 08:57:13",NULL
8326,8326,8326,2,NULL,"2026-01-19 08:57:13","2026-01-19 08:57:13",NULL
8327,8327,8327,2,NULL,"2026-01-19 08:57:13","2026-01-19 08:57:13",NULL
8328,8328,8328,2,NULL,"2026-01-19 08:57:13","2026-01-19 08:57:13",NULL
8329,8329,8329,2,NULL,"2026-01-19 08:57:13","2026-01-19 08:57:13",NULL
8330,8330,8330,2,NULL,"2026-01-19 08:57:13","2026-01-19 08:57:13",NULL
8331,8331,8331,2,NULL,"2026-01-19 08:57:13","2026-01-19 08:57:13",NULL
8332,8332,8332,2,NULL,"2026-01-19 08:57:13","2026-01-19 08:57:13",NULL
8333,8333,8333,2,NULL,"2026-01-19 08:57:13","2026-01-19 08:57:13",NULL
8334,8334,8334,2,NULL,"2026-01-19 08:57:13","2026-01-19 08:57:13",NULL
8335,8335,8335,2,NULL,"2026-01-19 08:57:13","2026-01-19 08:57:13",NULL
8336,8336,8336,2,NULL,"2026-01-19 08:57:13","2026-01-19 08:57:13",NULL
8337,8337,8337,2,NULL,"2026-01-19 08:57:13","2026-01-19 08:57:13",NULL
8338,8338,8338,2,NULL,"2026-01-19 08:57:13","2026-01-19 08:57:13",NULL
8339,8339,8339,2,NULL,"2026-01-19 08:57:13","2026-01-19 08:57:13",NULL
8340,8340,8340,2,NULL,"2026-01-19 08:57:13","2026-01-19 08:57:13",NULL
8341,8341,8341,2,NULL,"2026-01-19 08:57:13","2026-01-19 08:57:13",NULL
8342,8342,8342,2,NULL,"2026-01-19 08:57:13","2026-01-19 08:57:13",NULL
8343,8343,8343,2,NULL,"2026-01-19 08:57:13","2026-01-19 08:57:13",NULL
8344,8344,8344,2,NULL,"2026-01-19 08:57:13","2026-01-19 08:57:13",NULL
8345,8345,8345,2,NULL,"2026-01-19 08:57:13","2026-01-19 08:57:13",NULL
8346,8346,8346,2,NULL,"2026-01-19 08:57:13","2026-01-19 08:57:13",NULL
8347,8347,8347,2,NULL,"2026-01-19 08:57:13","2026-01-19 08:57:13",NULL
8348,8348,8348,2,NULL,"2026-01-19 08:57:13","2026-01-19 08:57:13",NULL
8349,8349,8349,2,NULL,"2026-01-19 08:57:13","2026-01-19 08:57:13",NULL
8350,8350,8350,2,NULL,"2026-01-19 08:57:13","2026-01-19 08:57:13",NULL
8351,8351,8351,2,NULL,"2026-01-19 08:57:13","2026-01-19 08:57:13",NULL
8352,8352,8352,2,NULL,"2026-01-19 08:57:13","2026-01-19 08:57:13",NULL
8353,8353,8353,2,NULL,"2026-01-19 08:57:13","2026-01-19 08:57:13",NULL
8354,8354,8354,2,NULL,"2026-01-19 08:57:13","2026-01-19 08:57:13",NULL
8355,8355,8355,2,NULL,"2026-01-19 08:57:13","2026-01-19 08:57:13",NULL
8356,8356,8356,2,NULL,"2026-01-19 08:57:13","2026-01-19 08:57:13",NULL
8357,8357,8357,2,NULL,"2026-01-19 08:57:13","2026-01-19 08:57:13",NULL
8358,8358,8358,2,NULL,"2026-01-19 08:57:13","2026-01-19 08:57:13",NULL
8359,8359,8359,2,NULL,"2026-01-19 08:57:13","2026-01-19 08:57:13",NULL
8360,8360,8360,2,NULL,"2026-01-19 08:57:13","2026-01-19 08:57:13",NULL
8361,8361,8361,2,NULL,"2026-01-19 08:57:13","2026-01-19 08:57:13",NULL
8362,8362,8362,2,NULL,"2026-01-19 08:57:13","2026-01-19 08:57:13",NULL
8363,8363,8363,2,NULL,"2026-01-19 08:57:13","2026-01-19 08:57:13",NULL
8364,8364,8364,2,NULL,"2026-01-19 08:57:13","2026-01-19 08:57:13",NULL
8365,8365,8365,2,NULL,"2026-01-19 08:57:13","2026-01-19 08:57:13",NULL
8366,8366,8366,2,NULL,"2026-01-19 08:57:13","2026-01-19 08:57:13",NULL
8367,8367,8367,2,NULL,"2026-01-19 08:57:13","2026-01-19 08:57:13",NULL
8368,8368,8368,2,NULL,"2026-01-19 08:57:13","2026-01-19 08:57:13",NULL
8369,8369,8369,2,NULL,"2026-01-19 08:57:13","2026-01-19 08:57:13",NULL
8370,8370,8370,2,NULL,"2026-01-19 08:57:13","2026-01-19 08:57:13",NULL
8371,8371,8371,2,NULL,"2026-01-19 08:57:13","2026-01-19 08:57:13",NULL
8372,8372,8372,2,NULL,"2026-01-19 08:57:13","2026-01-19 08:57:13",NULL
8373,8373,8373,2,NULL,"2026-01-19 08:57:13","2026-01-19 08:57:13",NULL
8374,8374,8374,2,NULL,"2026-01-19 08:57:13","2026-01-19 08:57:13",NULL
8375,8375,8375,2,NULL,"2026-01-19 08:57:13","2026-01-19 08:57:13",NULL
8376,8376,8376,2,NULL,"2026-01-19 08:57:13","2026-01-19 08:57:13",NULL
8377,8377,8377,2,NULL,"2026-01-19 08:57:13","2026-01-19 08:57:13",NULL
8378,8378,8378,2,NULL,"2026-01-19 08:57:13","2026-01-19 08:57:13",NULL
8379,8379,8379,2,NULL,"2026-01-19 08:57:13","2026-01-19 08:57:13",NULL
8380,8380,8380,2,NULL,"2026-01-19 08:57:13","2026-01-19 08:57:13",NULL
8381,8381,8381,2,NULL,"2026-01-19 08:57:13","2026-01-19 08:57:13",NULL
8382,8382,8382,2,NULL,"2026-01-19 08:57:13","2026-01-19 08:57:13",NULL
8383,8383,8383,2,NULL,"2026-01-19 08:57:13","2026-01-19 08:57:13",NULL
8384,8384,8384,2,NULL,"2026-01-19 08:57:13","2026-01-19 08:57:13",NULL
8385,8385,8385,2,NULL,"2026-01-19 08:57:13","2026-01-19 08:57:13",NULL
8386,8386,8386,2,NULL,"2026-01-19 08:57:13","2026-01-19 08:57:13",NULL
8387,8387,8387,2,NULL,"2026-01-19 08:57:13","2026-01-19 08:57:13",NULL
8388,8388,8388,2,NULL,"2026-01-19 08:57:13","2026-01-19 08:57:13",NULL
8389,8389,8389,2,NULL,"2026-01-19 08:57:13","2026-01-19 08:57:13",NULL
8390,8390,8390,2,NULL,"2026-01-19 08:57:13","2026-01-19 08:57:13",NULL
8391,8391,8391,2,NULL,"2026-01-19 08:57:13","2026-01-19 08:57:13",NULL
8392,8392,8392,2,NULL,"2026-01-19 08:57:13","2026-01-19 08:57:13",NULL
8393,8393,8393,2,NULL,"2026-01-19 08:57:13","2026-01-19 08:57:13",NULL
8394,8394,8394,2,NULL,"2026-01-19 08:57:13","2026-01-19 08:57:13",NULL
8395,8395,8395,2,NULL,"2026-01-19 08:57:13","2026-01-19 08:57:13",NULL
8396,8396,8396,2,NULL,"2026-01-19 08:57:13","2026-01-19 08:57:13",NULL
8397,8397,8397,2,NULL,"2026-01-19 08:57:13","2026-01-19 08:57:13",NULL
8398,8398,8398,2,NULL,"2026-01-19 08:57:13","2026-01-19 08:57:13",NULL
8399,8399,8399,2,NULL,"2026-01-19 08:57:13","2026-01-19 08:57:13",NULL
8400,8400,8400,2,NULL,"2026-01-19 08:57:13","2026-01-19 08:57:13",NULL
8401,8401,8401,2,NULL,"2026-01-19 08:57:13","2026-01-19 08:57:13",NULL
8402,8402,8402,2,NULL,"2026-01-19 08:57:13","2026-01-19 08:57:13",NULL
8403,8403,8403,2,NULL,"2026-01-19 08:57:13","2026-01-19 08:57:13",NULL
8404,8404,8404,2,NULL,"2026-01-19 08:57:13","2026-01-19 08:57:13",NULL
8405,8405,8405,2,NULL,"2026-01-19 08:57:13","2026-01-19 08:57:13",NULL
8406,8406,8406,2,NULL,"2026-01-19 08:57:13","2026-01-19 08:57:13",NULL
8407,8407,8407,2,NULL,"2026-01-19 08:57:13","2026-01-19 08:57:13",NULL
8408,8408,8408,2,NULL,"2026-01-19 08:57:13","2026-01-19 08:57:13",NULL
8409,8409,8409,2,NULL,"2026-01-19 08:57:13","2026-01-19 08:57:13",NULL
8410,8410,8410,2,NULL,"2026-01-19 08:57:13","2026-01-19 08:57:13",NULL
8411,8411,8411,2,NULL,"2026-01-19 08:57:13","2026-01-19 08:57:13",NULL
8412,8412,8412,2,NULL,"2026-01-19 08:57:13","2026-01-19 08:57:13",NULL
8413,8413,8413,2,NULL,"2026-01-19 08:57:13","2026-01-19 08:57:13",NULL
8414,8414,8414,2,NULL,"2026-01-19 08:57:13","2026-01-19 08:57:13",NULL
8415,8415,8415,2,NULL,"2026-01-19 08:57:13","2026-01-19 08:57:13",NULL
8416,8416,8416,2,NULL,"2026-01-19 08:57:13","2026-01-19 08:57:13",NULL
8417,8417,8417,2,NULL,"2026-01-19 08:57:13","2026-01-19 08:57:13",NULL
8418,8418,8418,2,NULL,"2026-01-19 08:57:13","2026-01-19 08:57:13",NULL
8419,8419,8419,2,NULL,"2026-01-19 08:57:13","2026-01-19 08:57:13",NULL
8420,8420,8420,2,NULL,"2026-01-19 08:57:13","2026-01-19 08:57:13",NULL
8421,8421,8421,2,NULL,"2026-01-19 08:57:13","2026-01-19 08:57:13",NULL
8422,8422,8422,2,NULL,"2026-01-19 08:57:13","2026-01-19 08:57:13",NULL
8423,8423,8423,2,NULL,"2026-01-19 08:57:13","2026-01-19 08:57:13",NULL
8424,8424,8424,2,NULL,"2026-01-19 08:57:13","2026-01-19 08:57:13",NULL
8425,8425,8425,2,NULL,"2026-01-19 08:57:13","2026-01-19 08:57:13",NULL
8426,8426,8426,2,NULL,"2026-01-19 08:57:13","2026-01-19 08:57:13",NULL
8427,8427,8427,2,NULL,"2026-01-19 08:57:13","2026-01-19 08:57:13",NULL
8428,8428,8428,2,NULL,"2026-01-19 08:57:13","2026-01-19 08:57:13",NULL
8429,8429,8429,2,NULL,"2026-01-19 08:57:13","2026-01-19 08:57:13",NULL
8430,8430,8430,2,NULL,"2026-01-19 08:57:13","2026-01-19 08:57:13",NULL
8431,8431,8431,2,NULL,"2026-01-19 08:57:13","2026-01-19 08:57:13",NULL
8432,8432,8432,2,NULL,"2026-01-19 08:57:13","2026-01-19 08:57:13",NULL
8433,8433,8433,2,NULL,"2026-01-19 08:57:13","2026-01-19 08:57:13",NULL
8434,8434,8434,2,NULL,"2026-01-19 08:57:13","2026-01-19 08:57:13",NULL
8435,8435,8435,2,NULL,"2026-01-19 08:57:13","2026-01-19 08:57:13",NULL
8436,8436,8436,2,NULL,"2026-01-19 08:57:13","2026-01-19 08:57:13",NULL
8437,8437,8437,2,NULL,"2026-01-19 08:57:13","2026-01-19 08:57:13",NULL
8438,8438,8438,2,NULL,"2026-01-19 08:57:13","2026-01-19 08:57:13",NULL
8439,8439,8439,2,NULL,"2026-01-19 08:57:13","2026-01-19 08:57:13",NULL
8440,8440,8440,2,NULL,"2026-01-19 08:57:13","2026-01-19 08:57:13",NULL
8441,8441,8441,2,NULL,"2026-01-19 08:57:13","2026-01-19 08:57:13",NULL
8442,8442,8442,2,NULL,"2026-01-19 08:57:13","2026-01-19 08:57:13",NULL
8443,8443,8443,2,NULL,"2026-01-19 08:57:13","2026-01-19 08:57:13",NULL
8444,8444,8444,2,NULL,"2026-01-19 08:57:13","2026-01-19 08:57:13",NULL
8445,8445,8445,2,NULL,"2026-01-19 08:57:13","2026-01-19 08:57:13",NULL
8446,8446,8446,2,NULL,"2026-01-19 08:57:13","2026-01-19 08:57:13",NULL
8447,8447,8447,2,NULL,"2026-01-19 08:57:13","2026-01-19 08:57:13",NULL
8448,8448,8448,2,NULL,"2026-01-19 08:57:13","2026-01-19 08:57:13",NULL
8449,8449,8449,2,NULL,"2026-01-19 08:57:13","2026-01-19 08:57:13",NULL
8450,8450,8450,2,NULL,"2026-01-19 08:57:13","2026-01-19 08:57:13",NULL
8451,8451,8451,2,NULL,"2026-01-19 08:57:13","2026-01-19 08:57:13",NULL
8452,8452,8452,2,NULL,"2026-01-19 08:57:13","2026-01-19 08:57:13",NULL
8453,8453,8453,2,NULL,"2026-01-19 08:57:13","2026-01-19 08:57:13",NULL
8454,8454,8454,2,NULL,"2026-01-19 08:57:13","2026-01-19 08:57:13",NULL
8455,8455,8455,2,NULL,"2026-01-19 08:57:13","2026-01-19 08:57:13",NULL
8456,8456,8456,2,NULL,"2026-01-19 08:57:13","2026-01-19 08:57:13",NULL
8457,8457,8457,2,NULL,"2026-01-19 08:57:13","2026-01-19 08:57:13",NULL
8458,8458,8458,2,NULL,"2026-01-19 08:57:13","2026-01-19 08:57:13",NULL
8459,8459,8459,2,NULL,"2026-01-19 08:57:13","2026-01-19 08:57:13",NULL
8460,8460,8460,2,NULL,"2026-01-19 08:57:13","2026-01-19 08:57:13",NULL
8461,8461,8461,2,NULL,"2026-01-19 08:57:13","2026-01-19 08:57:13",NULL
8462,8462,8462,2,NULL,"2026-01-19 08:57:13","2026-01-19 08:57:13",NULL
8463,8463,8463,2,NULL,"2026-01-19 08:57:13","2026-01-19 08:57:13",NULL
8464,8464,8464,2,NULL,"2026-01-19 08:57:13","2026-01-19 08:57:13",NULL
8465,8465,8465,2,NULL,"2026-01-19 08:57:13","2026-01-19 08:57:13",NULL
8466,8466,8466,2,NULL,"2026-01-19 08:57:13","2026-01-19 08:57:13",NULL
8467,8467,8467,2,NULL,"2026-01-19 08:57:13","2026-01-19 08:57:13",NULL
8468,8468,8468,2,NULL,"2026-01-19 08:57:13","2026-01-19 08:57:13",NULL
8469,8469,8469,2,NULL,"2026-01-19 08:57:13","2026-01-19 08:57:13",NULL
8470,8470,8470,2,NULL,"2026-01-19 08:57:13","2026-01-19 08:57:13",NULL
8471,8471,8471,2,NULL,"2026-01-19 08:57:13","2026-01-19 08:57:13",NULL
8472,8472,8472,2,NULL,"2026-01-19 08:57:13","2026-01-19 08:57:13",NULL
8473,8473,8473,2,NULL,"2026-01-19 08:57:13","2026-01-19 08:57:13",NULL
8474,8474,8474,2,NULL,"2026-01-19 08:57:13","2026-01-19 08:57:13",NULL
8475,8475,8475,2,NULL,"2026-01-19 08:57:13","2026-01-19 08:57:13",NULL
8476,8476,8476,2,NULL,"2026-01-19 08:57:13","2026-01-19 08:57:13",NULL
8477,8477,8477,2,NULL,"2026-01-19 08:57:13","2026-01-19 08:57:13",NULL
8478,8478,8478,2,NULL,"2026-01-19 08:57:13","2026-01-19 08:57:13",NULL
8479,8479,8479,2,NULL,"2026-01-19 08:57:13","2026-01-19 08:57:13",NULL
8480,8480,8480,2,NULL,"2026-01-19 08:57:13","2026-01-19 08:57:13",NULL
8481,8481,8481,2,NULL,"2026-01-19 08:57:13","2026-01-19 08:57:13",NULL
8482,8482,8482,2,NULL,"2026-01-19 08:57:13","2026-01-19 08:57:13",NULL
8483,8483,8483,2,NULL,"2026-01-19 08:57:13","2026-01-19 08:57:13",NULL
8484,8484,8484,2,NULL,"2026-01-19 08:57:13","2026-01-19 08:57:13",NULL
8485,8485,8485,2,NULL,"2026-01-19 08:57:13","2026-01-19 08:57:13",NULL
8486,8486,8486,2,NULL,"2026-01-19 08:57:13","2026-01-19 08:57:13",NULL
8487,8487,8487,2,NULL,"2026-01-19 08:57:13","2026-01-19 08:57:13",NULL
8488,8488,8488,2,NULL,"2026-01-19 08:57:13","2026-01-19 08:57:13",NULL
8489,8489,8489,2,NULL,"2026-01-19 08:57:13","2026-01-19 08:57:13",NULL
8490,8490,8490,2,NULL,"2026-01-19 08:57:13","2026-01-19 08:57:13",NULL
8491,8491,8491,2,NULL,"2026-01-19 08:57:13","2026-01-19 08:57:13",NULL
8492,8492,8492,2,NULL,"2026-01-19 08:57:13","2026-01-19 08:57:13",NULL
8493,8493,8493,2,NULL,"2026-01-19 08:57:13","2026-01-19 08:57:13",NULL
8494,8494,8494,2,NULL,"2026-01-19 08:57:13","2026-01-19 08:57:13",NULL
8495,8495,8495,2,NULL,"2026-01-19 08:57:13","2026-01-19 08:57:13",NULL
8496,8496,8496,2,NULL,"2026-01-19 08:57:13","2026-01-19 08:57:13",NULL
8497,8497,8497,2,NULL,"2026-01-19 08:57:13","2026-01-19 08:57:13",NULL
8498,8498,8498,2,NULL,"2026-01-19 08:57:13","2026-01-19 08:57:13",NULL
8499,8499,8499,2,NULL,"2026-01-19 08:57:13","2026-01-19 08:57:13",NULL
8500,8500,8500,2,NULL,"2026-01-19 08:57:13","2026-01-19 08:57:13",NULL
8501,8501,8501,2,NULL,"2026-01-19 08:57:13","2026-01-19 08:57:13",NULL
8502,8502,8502,2,NULL,"2026-01-19 08:57:13","2026-01-19 08:57:13",NULL
8503,8503,8503,2,NULL,"2026-01-19 08:57:13","2026-01-19 08:57:13",NULL
8504,8504,8504,2,NULL,"2026-01-19 08:57:13","2026-01-19 08:57:13",NULL
8505,8505,8505,2,NULL,"2026-01-19 08:57:13","2026-01-19 08:57:13",NULL
8506,8506,8506,2,NULL,"2026-01-19 08:57:13","2026-01-19 08:57:13",NULL
8507,8507,8507,2,NULL,"2026-01-19 08:57:13","2026-01-19 08:57:13",NULL
8508,8508,8508,2,NULL,"2026-01-19 08:57:13","2026-01-19 08:57:13",NULL
8509,8509,8509,2,NULL,"2026-01-19 08:57:13","2026-01-19 08:57:13",NULL
8510,8510,8510,2,NULL,"2026-01-19 08:57:13","2026-01-19 08:57:13",NULL
8511,8511,8511,2,NULL,"2026-01-19 08:57:13","2026-01-19 08:57:13",NULL
8512,8512,8512,2,NULL,"2026-01-19 08:57:13","2026-01-19 08:57:13",NULL
8513,8513,8513,2,NULL,"2026-01-19 08:57:13","2026-01-19 08:57:13",NULL
8514,8514,8514,2,NULL,"2026-01-19 08:57:13","2026-01-19 08:57:13",NULL
8515,8515,8515,2,NULL,"2026-01-19 08:57:13","2026-01-19 08:57:13",NULL
8516,8516,8516,2,NULL,"2026-01-19 08:57:13","2026-01-19 08:57:13",NULL
8517,8517,8517,2,NULL,"2026-01-19 08:57:13","2026-01-19 08:57:13",NULL
8518,8518,8518,2,NULL,"2026-01-19 08:57:13","2026-01-19 08:57:13",NULL
8519,8519,8519,2,NULL,"2026-01-19 08:57:13","2026-01-19 08:57:13",NULL
8520,8520,8520,2,NULL,"2026-01-19 08:57:13","2026-01-19 08:57:13",NULL
8521,8521,8521,2,NULL,"2026-01-19 08:57:13","2026-01-19 08:57:13",NULL
8522,8522,8522,2,NULL,"2026-01-19 08:57:13","2026-01-19 08:57:13",NULL
8523,8523,8523,2,NULL,"2026-01-19 08:57:13","2026-01-19 08:57:13",NULL
8524,8524,8524,2,NULL,"2026-01-19 08:57:13","2026-01-19 08:57:13",NULL
8525,8525,8525,2,NULL,"2026-01-19 08:57:13","2026-01-19 08:57:13",NULL
8526,8526,8526,2,NULL,"2026-01-19 08:57:13","2026-01-19 08:57:13",NULL
8527,8527,8527,2,NULL,"2026-01-19 08:57:13","2026-01-19 08:57:13",NULL
8528,8528,8528,2,NULL,"2026-01-19 08:57:13","2026-01-19 08:57:13",NULL
8529,8529,8529,2,NULL,"2026-01-19 08:57:13","2026-01-19 08:57:13",NULL
8530,8530,8530,2,NULL,"2026-01-19 08:57:13","2026-01-19 08:57:13",NULL
8531,8531,8531,2,NULL,"2026-01-19 08:57:13","2026-01-19 08:57:13",NULL
8532,8532,8532,2,NULL,"2026-01-19 08:57:13","2026-01-19 08:57:13",NULL
8533,8533,8533,2,NULL,"2026-01-19 08:57:13","2026-01-19 08:57:13",NULL
8534,8534,8534,2,NULL,"2026-01-19 08:57:13","2026-01-19 08:57:13",NULL
8535,8535,8535,2,NULL,"2026-01-19 08:57:13","2026-01-19 08:57:13",NULL
8536,8536,8536,2,NULL,"2026-01-19 08:57:13","2026-01-19 08:57:13",NULL
8537,8537,8537,2,NULL,"2026-01-19 08:57:13","2026-01-19 08:57:13",NULL
8538,8538,8538,2,NULL,"2026-01-19 08:57:13","2026-01-19 08:57:13",NULL
8539,8539,8539,2,NULL,"2026-01-19 08:57:13","2026-01-19 08:57:13",NULL
8540,8540,8540,2,NULL,"2026-01-19 08:57:13","2026-01-19 08:57:13",NULL
8541,8541,8541,2,NULL,"2026-01-19 08:57:13","2026-01-19 08:57:13",NULL
8542,8542,8542,2,NULL,"2026-01-19 08:57:13","2026-01-19 08:57:13",NULL
8543,8543,8543,2,NULL,"2026-01-19 08:57:13","2026-01-19 08:57:13",NULL
8544,8544,8544,2,NULL,"2026-01-19 08:57:13","2026-01-19 08:57:13",NULL
8545,8545,8545,2,NULL,"2026-01-19 08:57:13","2026-01-19 08:57:13",NULL
8546,8546,8546,2,NULL,"2026-01-19 08:57:13","2026-01-19 08:57:13",NULL
8547,8547,8547,2,NULL,"2026-01-19 08:57:13","2026-01-19 08:57:13",NULL
8548,8548,8548,2,NULL,"2026-01-19 08:57:13","2026-01-19 08:57:13",NULL
8549,8549,8549,2,NULL,"2026-01-19 08:57:13","2026-01-19 08:57:13",NULL
8550,8550,8550,2,NULL,"2026-01-19 08:57:13","2026-01-19 08:57:13",NULL
8551,8551,8551,2,NULL,"2026-01-19 08:57:13","2026-01-19 08:57:13",NULL
8552,8552,8552,2,NULL,"2026-01-19 08:57:13","2026-01-19 08:57:13",NULL
8553,8553,8553,2,NULL,"2026-01-19 08:57:13","2026-01-19 08:57:13",NULL
8554,8554,8554,2,NULL,"2026-01-19 08:57:14","2026-01-19 08:57:14",NULL
8555,8555,8555,2,NULL,"2026-01-19 08:57:14","2026-01-19 08:57:14",NULL
8556,8556,8556,2,NULL,"2026-01-19 08:57:14","2026-01-19 08:57:14",NULL
8557,8557,8557,2,NULL,"2026-01-19 08:57:14","2026-01-19 08:57:14",NULL
8558,8558,8558,2,NULL,"2026-01-19 08:57:14","2026-01-19 08:57:14",NULL
8559,8559,8559,2,NULL,"2026-01-19 08:57:14","2026-01-19 08:57:14",NULL
8560,8560,8560,2,NULL,"2026-01-19 08:57:14","2026-01-19 08:57:14",NULL
8561,8561,8561,2,NULL,"2026-01-19 08:57:14","2026-01-19 08:57:14",NULL
8562,8562,8562,2,NULL,"2026-01-19 08:57:14","2026-01-19 08:57:14",NULL
8563,8563,8563,2,NULL,"2026-01-19 08:57:14","2026-01-19 08:57:14",NULL
8564,8564,8564,2,NULL,"2026-01-19 08:57:14","2026-01-19 08:57:14",NULL
8565,8565,8565,2,NULL,"2026-01-19 08:57:14","2026-01-19 08:57:14",NULL
8566,8566,8566,2,NULL,"2026-01-19 08:57:14","2026-01-19 08:57:14",NULL
8567,8567,8567,2,NULL,"2026-01-19 08:57:14","2026-01-19 08:57:14",NULL
8568,8568,8568,2,NULL,"2026-01-19 08:57:14","2026-01-19 08:57:14",NULL
8569,8569,8569,2,NULL,"2026-01-19 08:57:14","2026-01-19 08:57:14",NULL
8570,8570,8570,2,NULL,"2026-01-19 08:57:14","2026-01-19 08:57:14",NULL
8571,8571,8571,2,NULL,"2026-01-19 08:57:14","2026-01-19 08:57:14",NULL
8572,8572,8572,2,NULL,"2026-01-19 08:57:14","2026-01-19 08:57:14",NULL
8573,8573,8573,2,NULL,"2026-01-19 08:57:14","2026-01-19 08:57:14",NULL
8574,8574,8574,2,NULL,"2026-01-19 08:57:14","2026-01-19 08:57:14",NULL
8575,8575,8575,2,NULL,"2026-01-19 08:57:14","2026-01-19 08:57:14",NULL
8576,8576,8576,2,NULL,"2026-01-19 08:57:14","2026-01-19 08:57:14",NULL
8577,8577,8577,2,NULL,"2026-01-19 08:57:14","2026-01-19 08:57:14",NULL
8578,8578,8578,2,NULL,"2026-01-19 08:57:14","2026-01-19 08:57:14",NULL
8579,8579,8579,2,NULL,"2026-01-19 08:57:14","2026-01-19 08:57:14",NULL
8580,8580,8580,2,NULL,"2026-01-19 08:57:14","2026-01-19 08:57:14",NULL
8581,8581,8581,2,NULL,"2026-01-19 08:57:14","2026-01-19 08:57:14",NULL
8582,8582,8582,2,NULL,"2026-01-19 08:57:14","2026-01-19 08:57:14",NULL
8583,8583,8583,2,NULL,"2026-01-19 08:57:14","2026-01-19 08:57:14",NULL
8584,8584,8584,2,NULL,"2026-01-19 08:57:14","2026-01-19 08:57:14",NULL
8585,8585,8585,2,NULL,"2026-01-19 08:57:14","2026-01-19 08:57:14",NULL
8586,8586,8586,2,NULL,"2026-01-19 08:57:14","2026-01-19 08:57:14",NULL
8587,8587,8587,2,NULL,"2026-01-19 08:57:14","2026-01-19 08:57:14",NULL
8588,8588,8588,2,NULL,"2026-01-19 08:57:14","2026-01-19 08:57:14",NULL
8589,8589,8589,2,NULL,"2026-01-19 08:57:14","2026-01-19 08:57:14",NULL
8590,8590,8590,2,NULL,"2026-01-19 08:57:14","2026-01-19 08:57:14",NULL
8591,8591,8591,2,NULL,"2026-01-19 08:57:14","2026-01-19 08:57:14",NULL
8592,8592,8592,2,NULL,"2026-01-19 08:57:14","2026-01-19 08:57:14",NULL
8593,8593,8593,2,NULL,"2026-01-19 08:57:14","2026-01-19 08:57:14",NULL
8594,8594,8594,2,NULL,"2026-01-19 08:57:14","2026-01-19 08:57:14",NULL
8595,8595,8595,2,NULL,"2026-01-19 08:57:14","2026-01-19 08:57:14",NULL
8596,8596,8596,2,NULL,"2026-01-19 08:57:14","2026-01-19 08:57:14",NULL
8597,8597,8597,2,NULL,"2026-01-19 08:57:14","2026-01-19 08:57:14",NULL
8598,8598,8598,2,NULL,"2026-01-19 08:57:14","2026-01-19 08:57:14",NULL
8599,8599,8599,2,NULL,"2026-01-19 08:57:14","2026-01-19 08:57:14",NULL
8600,8600,8600,2,NULL,"2026-01-19 08:57:14","2026-01-19 08:57:14",NULL
8601,8601,8601,2,NULL,"2026-01-19 08:57:14","2026-01-19 08:57:14",NULL
8602,8602,8602,2,NULL,"2026-01-19 08:57:14","2026-01-19 08:57:14",NULL
8603,8603,8603,2,NULL,"2026-01-19 08:57:14","2026-01-19 08:57:14",NULL
8604,8604,8604,2,NULL,"2026-01-19 08:57:14","2026-01-19 08:57:14",NULL
8605,8605,8605,2,NULL,"2026-01-19 08:57:14","2026-01-19 08:57:14",NULL
8606,8606,8606,2,NULL,"2026-01-19 08:57:14","2026-01-19 08:57:14",NULL
8607,8607,8607,2,NULL,"2026-01-19 08:57:14","2026-01-19 08:57:14",NULL
8608,8608,8608,2,NULL,"2026-01-19 08:57:14","2026-01-19 08:57:14",NULL
8609,8609,8609,2,NULL,"2026-01-19 08:57:14","2026-01-19 08:57:14",NULL
8610,8610,8610,2,NULL,"2026-01-19 08:57:14","2026-01-19 08:57:14",NULL
8611,8611,8611,2,NULL,"2026-01-19 08:57:14","2026-01-19 08:57:14",NULL
8612,8612,8612,2,NULL,"2026-01-19 08:57:14","2026-01-19 08:57:14",NULL
8613,8613,8613,2,NULL,"2026-01-19 08:57:14","2026-01-19 08:57:14",NULL
8614,8614,8614,2,NULL,"2026-01-19 08:57:14","2026-01-19 08:57:14",NULL
8615,8615,8615,2,NULL,"2026-01-19 08:57:14","2026-01-19 08:57:14",NULL
8616,8616,8616,2,NULL,"2026-01-19 08:57:14","2026-01-19 08:57:14",NULL
8617,8617,8617,2,NULL,"2026-01-19 08:57:14","2026-01-19 08:57:14",NULL
8618,8618,8618,2,NULL,"2026-01-19 08:57:14","2026-01-19 08:57:14",NULL
8619,8619,8619,2,NULL,"2026-01-19 08:57:14","2026-01-19 08:57:14",NULL
8620,8620,8620,2,NULL,"2026-01-19 08:57:14","2026-01-19 08:57:14",NULL
8621,8621,8621,2,NULL,"2026-01-19 08:57:14","2026-01-19 08:57:14",NULL
8622,8622,8622,2,NULL,"2026-01-19 08:57:14","2026-01-19 08:57:14",NULL
8623,8623,8623,2,NULL,"2026-01-19 08:57:14","2026-01-19 08:57:14",NULL
8624,8624,8624,2,NULL,"2026-01-19 08:57:14","2026-01-19 08:57:14",NULL
8625,8625,8625,2,NULL,"2026-01-19 08:57:14","2026-01-19 08:57:14",NULL
8626,8626,8626,2,NULL,"2026-01-19 08:57:14","2026-01-19 08:57:14",NULL
8627,8627,8627,2,NULL,"2026-01-19 08:57:14","2026-01-19 08:57:14",NULL
8628,8628,8628,2,NULL,"2026-01-19 08:57:14","2026-01-19 08:57:14",NULL
8629,8629,8629,2,NULL,"2026-01-19 08:57:14","2026-01-19 08:57:14",NULL
8630,8630,8630,2,NULL,"2026-01-19 08:57:14","2026-01-19 08:57:14",NULL
8631,8631,8631,2,NULL,"2026-01-19 08:57:14","2026-01-19 08:57:14",NULL
8632,8632,8632,2,NULL,"2026-01-19 08:57:14","2026-01-19 08:57:14",NULL
8633,8633,8633,2,NULL,"2026-01-19 08:57:14","2026-01-19 08:57:14",NULL
8634,8634,8634,2,NULL,"2026-01-19 08:57:14","2026-01-19 08:57:14",NULL
8635,8635,8635,2,NULL,"2026-01-19 08:57:14","2026-01-19 08:57:14",NULL
8636,8636,8636,2,NULL,"2026-01-19 08:57:14","2026-01-19 08:57:14",NULL
8637,8637,8637,2,NULL,"2026-01-19 08:57:14","2026-01-19 08:57:14",NULL
8638,8638,8638,2,NULL,"2026-01-19 08:57:14","2026-01-19 08:57:14",NULL
8639,8639,8639,2,NULL,"2026-01-19 08:57:14","2026-01-19 08:57:14",NULL
8640,8640,8640,2,NULL,"2026-01-19 08:57:14","2026-01-19 08:57:14",NULL
8641,8641,8641,2,NULL,"2026-01-19 08:57:14","2026-01-19 08:57:14",NULL
8642,8642,8642,2,NULL,"2026-01-19 08:57:14","2026-01-19 08:57:14",NULL
8643,8643,8643,2,NULL,"2026-01-19 08:57:14","2026-01-19 08:57:14",NULL
8644,8644,8644,2,NULL,"2026-01-19 08:57:14","2026-01-19 08:57:14",NULL
8645,8645,8645,2,NULL,"2026-01-19 08:57:14","2026-01-19 08:57:14",NULL
8646,8646,8646,2,NULL,"2026-01-19 08:57:14","2026-01-19 08:57:14",NULL
8647,8647,8647,2,NULL,"2026-01-19 08:57:14","2026-01-19 08:57:14",NULL
8648,8648,8648,2,NULL,"2026-01-19 08:57:14","2026-01-19 08:57:14",NULL
8649,8649,8649,2,NULL,"2026-01-19 08:57:14","2026-01-19 08:57:14",NULL
8650,8650,8650,2,NULL,"2026-01-19 08:57:14","2026-01-19 08:57:14",NULL
8651,8651,8651,2,NULL,"2026-01-19 08:57:14","2026-01-19 08:57:14",NULL
8652,8652,8652,2,NULL,"2026-01-19 08:57:14","2026-01-19 08:57:14",NULL
8653,8653,8653,2,NULL,"2026-01-19 08:57:14","2026-01-19 08:57:14",NULL
8654,8654,8654,2,NULL,"2026-01-19 08:57:14","2026-01-19 08:57:14",NULL
8655,8655,8655,2,NULL,"2026-01-19 08:57:14","2026-01-19 08:57:14",NULL
8656,8656,8656,2,NULL,"2026-01-19 08:57:14","2026-01-19 08:57:14",NULL
8657,8657,8657,2,NULL,"2026-01-19 08:57:14","2026-01-19 08:57:14",NULL
8658,8658,8658,2,NULL,"2026-01-19 08:57:14","2026-01-19 08:57:14",NULL
8659,8659,8659,2,NULL,"2026-01-19 08:57:14","2026-01-19 08:57:14",NULL
8660,8660,8660,2,NULL,"2026-01-19 08:57:14","2026-01-19 08:57:14",NULL
8661,8661,8661,2,NULL,"2026-01-19 08:57:14","2026-01-19 08:57:14",NULL
8662,8662,8662,2,NULL,"2026-01-19 08:57:14","2026-01-19 08:57:14",NULL
8663,8663,8663,2,NULL,"2026-01-19 08:57:14","2026-01-19 08:57:14",NULL
8664,8664,8664,2,NULL,"2026-01-19 08:57:14","2026-01-19 08:57:14",NULL
8665,8665,8665,2,NULL,"2026-01-19 08:57:14","2026-01-19 08:57:14",NULL
8666,8666,8666,2,NULL,"2026-01-19 08:57:14","2026-01-19 08:57:14",NULL
8667,8667,8667,2,NULL,"2026-01-19 08:57:14","2026-01-19 08:57:14",NULL
8668,8668,8668,2,NULL,"2026-01-19 08:57:14","2026-01-19 08:57:14",NULL
8669,8669,8669,2,NULL,"2026-01-19 08:57:14","2026-01-19 08:57:14",NULL
8670,8670,8670,2,NULL,"2026-01-19 08:57:14","2026-01-19 08:57:14",NULL
8671,8671,8671,2,NULL,"2026-01-19 08:57:14","2026-01-19 08:57:14",NULL
8672,8672,8672,2,NULL,"2026-01-19 08:57:14","2026-01-19 08:57:14",NULL
8673,8673,8673,2,NULL,"2026-01-19 08:57:14","2026-01-19 08:57:14",NULL
8674,8674,8674,2,NULL,"2026-01-19 08:57:14","2026-01-19 08:57:14",NULL
8675,8675,8675,2,NULL,"2026-01-19 08:57:14","2026-01-19 08:57:14",NULL
8676,8676,8676,2,NULL,"2026-01-19 08:57:14","2026-01-19 08:57:14",NULL
8677,8677,8677,2,NULL,"2026-01-19 08:57:14","2026-01-19 08:57:14",NULL
8678,8678,8678,2,NULL,"2026-01-19 08:57:14","2026-01-19 08:57:14",NULL
8679,8679,8679,2,NULL,"2026-01-19 08:57:14","2026-01-19 08:57:14",NULL
8680,8680,8680,2,NULL,"2026-01-19 08:57:14","2026-01-19 08:57:14",NULL
8681,8681,8681,2,NULL,"2026-01-19 08:57:14","2026-01-19 08:57:14",NULL
8682,8682,8682,2,NULL,"2026-01-19 08:57:14","2026-01-19 08:57:14",NULL
8683,8683,8683,2,NULL,"2026-01-19 08:57:14","2026-01-19 08:57:14",NULL
8684,8684,8684,2,NULL,"2026-01-19 08:57:14","2026-01-19 08:57:14",NULL
8685,8685,8685,2,NULL,"2026-01-19 08:57:14","2026-01-19 08:57:14",NULL
8686,8686,8686,2,NULL,"2026-01-19 08:57:14","2026-01-19 08:57:14",NULL
8687,8687,8687,2,NULL,"2026-01-19 08:57:14","2026-01-19 08:57:14",NULL
8688,8688,8688,2,NULL,"2026-01-19 08:57:14","2026-01-19 08:57:14",NULL
8689,8689,8689,2,NULL,"2026-01-19 08:57:14","2026-01-19 08:57:14",NULL
8690,8690,8690,2,NULL,"2026-01-19 08:57:14","2026-01-19 08:57:14",NULL
8691,8691,8691,2,NULL,"2026-01-19 08:57:14","2026-01-19 08:57:14",NULL
8692,8692,8692,2,NULL,"2026-01-19 08:57:14","2026-01-19 08:57:14",NULL
8693,8693,8693,2,NULL,"2026-01-19 08:57:14","2026-01-19 08:57:14",NULL
8694,8694,8694,2,NULL,"2026-01-19 08:57:14","2026-01-19 08:57:14",NULL
8695,8695,8695,2,NULL,"2026-01-19 08:57:14","2026-01-19 08:57:14",NULL
8696,8696,8696,2,NULL,"2026-01-19 08:57:14","2026-01-19 08:57:14",NULL
8697,8697,8697,2,NULL,"2026-01-19 08:57:14","2026-01-19 08:57:14",NULL
8698,8698,8698,2,NULL,"2026-01-19 08:57:14","2026-01-19 08:57:14",NULL
8699,8699,8699,2,NULL,"2026-01-19 08:57:14","2026-01-19 08:57:14",NULL
8700,8700,8700,2,NULL,"2026-01-19 08:57:14","2026-01-19 08:57:14",NULL
8701,8701,8701,2,NULL,"2026-01-19 08:57:14","2026-01-19 08:57:14",NULL
8702,8702,8702,2,NULL,"2026-01-19 08:57:14","2026-01-19 08:57:14",NULL
8703,8703,8703,2,NULL,"2026-01-19 08:57:14","2026-01-19 08:57:14",NULL
8704,8704,8704,2,NULL,"2026-01-19 08:57:14","2026-01-19 08:57:14",NULL
8705,8705,8705,2,NULL,"2026-01-19 08:57:14","2026-01-19 08:57:14",NULL
8706,8706,8706,2,NULL,"2026-01-19 08:57:14","2026-01-19 08:57:14",NULL
8707,8707,8707,2,NULL,"2026-01-19 08:57:14","2026-01-19 08:57:14",NULL
8708,8708,8708,2,NULL,"2026-01-19 08:57:14","2026-01-19 08:57:14",NULL
8709,8709,8709,2,NULL,"2026-01-19 08:57:14","2026-01-19 08:57:14",NULL
8710,8710,8710,2,NULL,"2026-01-19 08:57:14","2026-01-19 08:57:14",NULL
8711,8711,8711,2,NULL,"2026-01-19 08:57:14","2026-01-19 08:57:14",NULL
8712,8712,8712,2,NULL,"2026-01-19 08:57:14","2026-01-19 08:57:14",NULL
8713,8713,8713,2,NULL,"2026-01-19 08:57:14","2026-01-19 08:57:14",NULL
8714,8714,8714,2,NULL,"2026-01-19 08:57:14","2026-01-19 08:57:14",NULL
8715,8715,8715,2,NULL,"2026-01-19 08:57:14","2026-01-19 08:57:14",NULL
8716,8716,8716,2,NULL,"2026-01-19 08:57:14","2026-01-19 08:57:14",NULL
8717,8717,8717,2,NULL,"2026-01-19 08:57:14","2026-01-19 08:57:14",NULL
8718,8718,8718,2,NULL,"2026-01-19 08:57:14","2026-01-19 08:57:14",NULL
8719,8719,8719,2,NULL,"2026-01-19 08:57:14","2026-01-19 08:57:14",NULL
8720,8720,8720,2,NULL,"2026-01-19 08:57:14","2026-01-19 08:57:14",NULL
8721,8721,8721,2,NULL,"2026-01-19 08:57:14","2026-01-19 08:57:14",NULL
8722,8722,8722,2,NULL,"2026-01-19 08:57:14","2026-01-19 08:57:14",NULL
8723,8723,8723,2,NULL,"2026-01-19 08:57:14","2026-01-19 08:57:14",NULL
8724,8724,8724,2,NULL,"2026-01-19 08:57:14","2026-01-19 08:57:14",NULL
8725,8725,8725,2,NULL,"2026-01-19 08:57:14","2026-01-19 08:57:14",NULL
8726,8726,8726,2,NULL,"2026-01-19 08:57:14","2026-01-19 08:57:14",NULL
8727,8727,8727,2,NULL,"2026-01-19 08:57:14","2026-01-19 08:57:14",NULL
8728,8728,8728,2,NULL,"2026-01-19 08:57:14","2026-01-19 08:57:14",NULL
8729,8729,8729,2,NULL,"2026-01-19 08:57:14","2026-01-19 08:57:14",NULL
8730,8730,8730,2,NULL,"2026-01-19 08:57:14","2026-01-19 08:57:14",NULL
8731,8731,8731,2,NULL,"2026-01-19 08:57:14","2026-01-19 08:57:14",NULL
8732,8732,8732,2,NULL,"2026-01-19 08:57:14","2026-01-19 08:57:14",NULL
8733,8733,8733,2,NULL,"2026-01-19 08:57:14","2026-01-19 08:57:14",NULL
8734,8734,8734,2,NULL,"2026-01-19 08:57:14","2026-01-19 08:57:14",NULL
8735,8735,8735,2,NULL,"2026-01-19 08:57:14","2026-01-19 08:57:14",NULL
8736,8736,8736,2,NULL,"2026-01-19 08:57:14","2026-01-19 08:57:14",NULL
8737,8737,8737,2,NULL,"2026-01-19 08:57:14","2026-01-19 08:57:14",NULL
8738,8738,8738,2,NULL,"2026-01-19 08:57:14","2026-01-19 08:57:14",NULL
8739,8739,8739,2,NULL,"2026-01-19 08:57:14","2026-01-19 08:57:14",NULL
8740,8740,8740,2,NULL,"2026-01-19 08:57:14","2026-01-19 08:57:14",NULL
8741,8741,8741,2,NULL,"2026-01-19 08:57:14","2026-01-19 08:57:14",NULL
8742,8742,8742,2,NULL,"2026-01-19 08:57:14","2026-01-19 08:57:14",NULL
8743,8743,8743,2,NULL,"2026-01-19 08:57:14","2026-01-19 08:57:14",NULL
8744,8744,8744,2,NULL,"2026-01-19 08:57:14","2026-01-19 08:57:14",NULL
8745,8745,8745,2,NULL,"2026-01-19 08:57:14","2026-01-19 08:57:14",NULL
8746,8746,8746,2,NULL,"2026-01-19 08:57:14","2026-01-19 08:57:14",NULL
8747,8747,8747,2,NULL,"2026-01-19 08:57:14","2026-01-19 08:57:14",NULL
8748,8748,8748,2,NULL,"2026-01-19 08:57:14","2026-01-19 08:57:14",NULL
8749,8749,8749,2,NULL,"2026-01-19 08:57:14","2026-01-19 08:57:14",NULL
8750,8750,8750,2,NULL,"2026-01-19 08:57:14","2026-01-19 08:57:14",NULL
8751,8751,8751,2,NULL,"2026-01-19 08:57:14","2026-01-19 08:57:14",NULL
8752,8752,8752,2,NULL,"2026-01-19 08:57:14","2026-01-19 08:57:14",NULL
8753,8753,8753,2,NULL,"2026-01-19 08:57:14","2026-01-19 08:57:14",NULL
8754,8754,8754,2,NULL,"2026-01-19 08:57:14","2026-01-19 08:57:14",NULL
8755,8755,8755,2,NULL,"2026-01-19 08:57:14","2026-01-19 08:57:14",NULL
8756,8756,8756,2,NULL,"2026-01-19 08:57:14","2026-01-19 08:57:14",NULL
8757,8757,8757,2,NULL,"2026-01-19 08:57:14","2026-01-19 08:57:14",NULL
8758,8758,8758,2,NULL,"2026-01-19 08:57:14","2026-01-19 08:57:14",NULL
8759,8759,8759,2,NULL,"2026-01-19 08:57:14","2026-01-19 08:57:14",NULL
8760,8760,8760,2,NULL,"2026-01-19 08:57:14","2026-01-19 08:57:14",NULL
8761,8761,8761,2,NULL,"2026-01-19 08:57:14","2026-01-19 08:57:14",NULL
8762,8762,8762,2,NULL,"2026-01-19 08:57:14","2026-01-19 08:57:14",NULL
8763,8763,8763,2,NULL,"2026-01-19 08:57:14","2026-01-19 08:57:14",NULL
8764,8764,8764,2,NULL,"2026-01-19 08:57:14","2026-01-19 08:57:14",NULL
8765,8765,8765,2,NULL,"2026-01-19 08:57:14","2026-01-19 08:57:14",NULL
8766,8766,8766,2,NULL,"2026-01-19 08:57:14","2026-01-19 08:57:14",NULL
8767,8767,8767,2,NULL,"2026-01-19 08:57:14","2026-01-19 08:57:14",NULL
8768,8768,8768,2,NULL,"2026-01-19 08:57:14","2026-01-19 08:57:14",NULL
8769,8769,8769,2,NULL,"2026-01-19 08:57:14","2026-01-19 08:57:14",NULL
8770,8770,8770,2,NULL,"2026-01-19 08:57:14","2026-01-19 08:57:14",NULL
8771,8771,8771,2,NULL,"2026-01-19 08:57:14","2026-01-19 08:57:14",NULL
8772,8772,8772,2,NULL,"2026-01-19 08:57:14","2026-01-19 08:57:14",NULL
8773,8773,8773,2,NULL,"2026-01-19 08:57:14","2026-01-19 08:57:14",NULL
8774,8774,8774,2,NULL,"2026-01-19 08:57:14","2026-01-19 08:57:14",NULL
8775,8775,8775,2,NULL,"2026-01-19 08:57:14","2026-01-19 08:57:14",NULL
8776,8776,8776,2,NULL,"2026-01-19 08:57:14","2026-01-19 08:57:14",NULL
8777,8777,8777,2,NULL,"2026-01-19 08:57:14","2026-01-19 08:57:14",NULL
8778,8778,8778,2,NULL,"2026-01-19 08:57:14","2026-01-19 08:57:14",NULL
8779,8779,8779,2,NULL,"2026-01-19 08:57:14","2026-01-19 08:57:14",NULL
8780,8780,8780,2,NULL,"2026-01-19 08:57:14","2026-01-19 08:57:14",NULL
8781,8781,8781,2,NULL,"2026-01-19 08:57:14","2026-01-19 08:57:14",NULL
8782,8782,8782,2,NULL,"2026-01-19 08:57:14","2026-01-19 08:57:14",NULL
8783,8783,8783,2,NULL,"2026-01-19 08:57:14","2026-01-19 08:57:14",NULL
8784,8784,8784,2,NULL,"2026-01-19 08:57:14","2026-01-19 08:57:14",NULL
8785,8785,8785,2,NULL,"2026-01-19 08:57:14","2026-01-19 08:57:14",NULL
8786,8786,8786,2,NULL,"2026-01-19 08:57:14","2026-01-19 08:57:14",NULL
8787,8787,8787,2,NULL,"2026-01-19 08:57:14","2026-01-19 08:57:14",NULL
8788,8788,8788,2,NULL,"2026-01-19 08:57:14","2026-01-19 08:57:14",NULL
8789,8789,8789,2,NULL,"2026-01-19 08:57:14","2026-01-19 08:57:14",NULL
8790,8790,8790,2,NULL,"2026-01-19 08:57:14","2026-01-19 08:57:14",NULL
8791,8791,8791,2,NULL,"2026-01-19 08:57:14","2026-01-19 08:57:14",NULL
8792,8792,8792,2,NULL,"2026-01-19 08:57:14","2026-01-19 08:57:14",NULL
8793,8793,8793,2,NULL,"2026-01-19 08:57:14","2026-01-19 08:57:14",NULL
8794,8794,8794,2,NULL,"2026-01-19 08:57:14","2026-01-19 08:57:14",NULL
8795,8795,8795,2,NULL,"2026-01-19 08:57:14","2026-01-19 08:57:14",NULL
8796,8796,8796,2,NULL,"2026-01-19 08:57:14","2026-01-19 08:57:14",NULL
8797,8797,8797,2,NULL,"2026-01-19 08:57:14","2026-01-19 08:57:14",NULL
8798,8798,8798,2,NULL,"2026-01-19 08:57:14","2026-01-19 08:57:14",NULL
8799,8799,8799,2,NULL,"2026-01-19 08:57:14","2026-01-19 08:57:14",NULL
8800,8800,8800,2,NULL,"2026-01-19 08:57:14","2026-01-19 08:57:14",NULL
8801,8801,8801,2,NULL,"2026-01-19 08:57:14","2026-01-19 08:57:14",NULL
8802,8802,8802,2,NULL,"2026-01-19 08:57:14","2026-01-19 08:57:14",NULL
8803,8803,8803,2,NULL,"2026-01-19 08:57:14","2026-01-19 08:57:14",NULL
8804,8804,8804,2,NULL,"2026-01-19 08:57:14","2026-01-19 08:57:14",NULL
8805,8805,8805,2,NULL,"2026-01-19 08:57:14","2026-01-19 08:57:14",NULL
8806,8806,8806,2,NULL,"2026-01-19 08:57:14","2026-01-19 08:57:14",NULL
8807,8807,8807,2,NULL,"2026-01-19 08:57:14","2026-01-19 08:57:14",NULL
8808,8808,8808,2,NULL,"2026-01-19 08:57:14","2026-01-19 08:57:14",NULL
8809,8809,8809,2,NULL,"2026-01-19 08:57:14","2026-01-19 08:57:14",NULL
8810,8810,8810,2,NULL,"2026-01-19 08:57:14","2026-01-19 08:57:14",NULL
8811,8811,8811,2,NULL,"2026-01-19 08:57:14","2026-01-19 08:57:14",NULL
8812,8812,8812,2,NULL,"2026-01-19 08:57:14","2026-01-19 08:57:14",NULL
8813,8813,8813,2,NULL,"2026-01-19 08:57:14","2026-01-19 08:57:14",NULL
8814,8814,8814,2,NULL,"2026-01-19 08:57:14","2026-01-19 08:57:14",NULL
8815,8815,8815,2,NULL,"2026-01-19 08:57:14","2026-01-19 08:57:14",NULL
8816,8816,8816,2,NULL,"2026-01-19 08:57:14","2026-01-19 08:57:14",NULL
8817,8817,8817,2,NULL,"2026-01-19 08:57:14","2026-01-19 08:57:14",NULL
8818,8818,8818,2,NULL,"2026-01-19 08:57:14","2026-01-19 08:57:14",NULL
8819,8819,8819,2,NULL,"2026-01-19 08:57:14","2026-01-19 08:57:14",NULL
8820,8820,8820,2,NULL,"2026-01-19 08:57:14","2026-01-19 08:57:14",NULL
8821,8821,8821,2,NULL,"2026-01-19 08:57:14","2026-01-19 08:57:14",NULL
8822,8822,8822,2,NULL,"2026-01-19 08:57:14","2026-01-19 08:57:14",NULL
8823,8823,8823,2,NULL,"2026-01-19 08:57:14","2026-01-19 08:57:14",NULL
8824,8824,8824,2,NULL,"2026-01-19 08:57:14","2026-01-19 08:57:14",NULL
8825,8825,8825,2,NULL,"2026-01-19 08:57:14","2026-01-19 08:57:14",NULL
8826,8826,8826,2,NULL,"2026-01-19 08:57:14","2026-01-19 08:57:14",NULL
8827,8827,8827,2,NULL,"2026-01-19 08:57:14","2026-01-19 08:57:14",NULL
8828,8828,8828,2,NULL,"2026-01-19 08:57:14","2026-01-19 08:57:14",NULL
8829,8829,8829,2,NULL,"2026-01-19 08:57:14","2026-01-19 08:57:14",NULL
8830,8830,8830,2,NULL,"2026-01-19 08:57:14","2026-01-19 08:57:14",NULL
8831,8831,8831,2,NULL,"2026-01-19 08:57:14","2026-01-19 08:57:14",NULL
8832,8832,8832,2,NULL,"2026-01-19 08:57:14","2026-01-19 08:57:14",NULL
8833,8833,8833,2,NULL,"2026-01-19 08:57:14","2026-01-19 08:57:14",NULL
8834,8834,8834,2,NULL,"2026-01-19 08:57:14","2026-01-19 08:57:14",NULL
8835,8835,8835,2,NULL,"2026-01-19 08:57:14","2026-01-19 08:57:14",NULL
8836,8836,8836,2,NULL,"2026-01-19 08:57:14","2026-01-19 08:57:14",NULL
8837,8837,8837,2,NULL,"2026-01-19 08:57:14","2026-01-19 08:57:14",NULL
8838,8838,8838,2,NULL,"2026-01-19 08:57:14","2026-01-19 08:57:14",NULL
8839,8839,8839,2,NULL,"2026-01-19 08:57:14","2026-01-19 08:57:14",NULL
8840,8840,8840,2,NULL,"2026-01-19 08:57:14","2026-01-19 08:57:14",NULL
8841,8841,8841,2,NULL,"2026-01-19 08:57:14","2026-01-19 08:57:14",NULL
8842,8842,8842,2,NULL,"2026-01-19 08:57:14","2026-01-19 08:57:14",NULL
8843,8843,8843,2,NULL,"2026-01-19 08:57:14","2026-01-19 08:57:14",NULL
8844,8844,8844,2,NULL,"2026-01-19 08:57:14","2026-01-19 08:57:14",NULL
8845,8845,8845,2,NULL,"2026-01-19 08:57:14","2026-01-19 08:57:14",NULL
8846,8846,8846,2,NULL,"2026-01-19 08:57:14","2026-01-19 08:57:14",NULL
8847,8847,8847,2,NULL,"2026-01-19 08:57:14","2026-01-19 08:57:14",NULL
8848,8848,8848,2,NULL,"2026-01-19 08:57:14","2026-01-19 08:57:14",NULL
8849,8849,8849,2,NULL,"2026-01-19 08:57:14","2026-01-19 08:57:14",NULL
8850,8850,8850,2,NULL,"2026-01-19 08:57:14","2026-01-19 08:57:14",NULL
8851,8851,8851,2,NULL,"2026-01-19 08:57:14","2026-01-19 08:57:14",NULL
8852,8852,8852,2,NULL,"2026-01-19 08:57:14","2026-01-19 08:57:14",NULL
8853,8853,8853,2,NULL,"2026-01-19 08:57:14","2026-01-19 08:57:14",NULL
8854,8854,8854,2,NULL,"2026-01-19 08:57:14","2026-01-19 08:57:14",NULL
8855,8855,8855,2,NULL,"2026-01-19 08:57:14","2026-01-19 08:57:14",NULL
8856,8856,8856,2,NULL,"2026-01-19 08:57:14","2026-01-19 08:57:14",NULL
8857,8857,8857,2,NULL,"2026-01-19 08:57:14","2026-01-19 08:57:14",NULL
8858,8858,8858,2,NULL,"2026-01-19 08:57:14","2026-01-19 08:57:14",NULL
8859,8859,8859,2,NULL,"2026-01-19 08:57:14","2026-01-19 08:57:14",NULL
8860,8860,8860,2,NULL,"2026-01-19 08:57:14","2026-01-19 08:57:14",NULL
8861,8861,8861,2,NULL,"2026-01-19 08:57:14","2026-01-19 08:57:14",NULL
8862,8862,8862,2,NULL,"2026-01-19 08:57:14","2026-01-19 08:57:14",NULL
8863,8863,8863,2,NULL,"2026-01-19 08:57:14","2026-01-19 08:57:14",NULL
8864,8864,8864,2,NULL,"2026-01-19 08:57:14","2026-01-19 08:57:14",NULL
8865,8865,8865,2,NULL,"2026-01-19 08:57:14","2026-01-19 08:57:14",NULL
8866,8866,8866,2,NULL,"2026-01-19 08:57:14","2026-01-19 08:57:14",NULL
8867,8867,8867,2,NULL,"2026-01-19 08:57:14","2026-01-19 08:57:14",NULL
8868,8868,8868,2,NULL,"2026-01-19 08:57:14","2026-01-19 08:57:14",NULL
8869,8869,8869,2,NULL,"2026-01-19 08:57:14","2026-01-19 08:57:14",NULL
8870,8870,8870,2,NULL,"2026-01-19 08:57:14","2026-01-19 08:57:14",NULL
8871,8871,8871,2,NULL,"2026-01-19 08:57:14","2026-01-19 08:57:14",NULL
8872,8872,8872,2,NULL,"2026-01-19 08:57:14","2026-01-19 08:57:14",NULL
8873,8873,8873,2,NULL,"2026-01-19 08:57:14","2026-01-19 08:57:14",NULL
8874,8874,8874,2,NULL,"2026-01-19 08:57:14","2026-01-19 08:57:14",NULL
8875,8875,8875,2,NULL,"2026-01-19 08:57:14","2026-01-19 08:57:14",NULL
8876,8876,8876,2,NULL,"2026-01-19 08:57:14","2026-01-19 08:57:14",NULL
8877,8877,8877,2,NULL,"2026-01-19 08:57:14","2026-01-19 08:57:14",NULL
8878,8878,8878,2,NULL,"2026-01-19 08:57:14","2026-01-19 08:57:14",NULL
8879,8879,8879,2,NULL,"2026-01-19 08:57:14","2026-01-19 08:57:14",NULL
8880,8880,8880,2,NULL,"2026-01-19 08:57:14","2026-01-19 08:57:14",NULL
8881,8881,8881,2,NULL,"2026-01-19 08:57:14","2026-01-19 08:57:14",NULL
8882,8882,8882,2,NULL,"2026-01-19 08:57:14","2026-01-19 08:57:14",NULL
8883,8883,8883,2,NULL,"2026-01-19 08:57:14","2026-01-19 08:57:14",NULL
8884,8884,8884,2,NULL,"2026-01-19 08:57:14","2026-01-19 08:57:14",NULL
8885,8885,8885,2,NULL,"2026-01-19 08:57:14","2026-01-19 08:57:14",NULL
8886,8886,8886,2,NULL,"2026-01-19 08:57:14","2026-01-19 08:57:14",NULL
8887,8887,8887,2,NULL,"2026-01-19 08:57:14","2026-01-19 08:57:14",NULL
8888,8888,8888,2,NULL,"2026-01-19 08:57:14","2026-01-19 08:57:14",NULL
8889,8889,8889,2,NULL,"2026-01-19 08:57:14","2026-01-19 08:57:14",NULL
8890,8890,8890,2,NULL,"2026-01-19 08:57:14","2026-01-19 08:57:14",NULL
8891,8891,8891,2,NULL,"2026-01-19 08:57:14","2026-01-19 08:57:14",NULL
8892,8892,8892,2,NULL,"2026-01-19 08:57:14","2026-01-19 08:57:14",NULL
8893,8893,8893,2,NULL,"2026-01-19 08:57:14","2026-01-19 08:57:14",NULL
8894,8894,8894,2,NULL,"2026-01-19 08:57:14","2026-01-19 08:57:14",NULL
8895,8895,8895,2,NULL,"2026-01-19 08:57:14","2026-01-19 08:57:14",NULL
8896,8896,8896,2,NULL,"2026-01-19 08:57:14","2026-01-19 08:57:14",NULL
8897,8897,8897,2,NULL,"2026-01-19 08:57:14","2026-01-19 08:57:14",NULL
8898,8898,8898,2,NULL,"2026-01-19 08:57:14","2026-01-19 08:57:14",NULL
8899,8899,8899,2,NULL,"2026-01-19 08:57:14","2026-01-19 08:57:14",NULL
8900,8900,8900,2,NULL,"2026-01-19 08:57:14","2026-01-19 08:57:14",NULL
8901,8901,8901,2,NULL,"2026-01-19 08:57:14","2026-01-19 08:57:14",NULL
8902,8902,8902,2,NULL,"2026-01-19 08:57:14","2026-01-19 08:57:14",NULL
8903,8903,8903,2,NULL,"2026-01-19 08:57:14","2026-01-19 08:57:14",NULL
8904,8904,8904,2,NULL,"2026-01-19 08:57:14","2026-01-19 08:57:14",NULL
8905,8905,8905,2,NULL,"2026-01-19 08:57:14","2026-01-19 08:57:14",NULL
8906,8906,8906,2,NULL,"2026-01-19 08:57:14","2026-01-19 08:57:14",NULL
8907,8907,8907,2,NULL,"2026-01-19 08:57:14","2026-01-19 08:57:14",NULL
8908,8908,8908,2,NULL,"2026-01-19 08:57:14","2026-01-19 08:57:14",NULL
8909,8909,8909,2,NULL,"2026-01-19 08:57:14","2026-01-19 08:57:14",NULL
8910,8910,8910,2,NULL,"2026-01-19 08:57:14","2026-01-19 08:57:14",NULL
8911,8911,8911,2,NULL,"2026-01-19 08:57:14","2026-01-19 08:57:14",NULL
8912,8912,8912,2,NULL,"2026-01-19 08:57:14","2026-01-19 08:57:14",NULL
8913,8913,8913,2,NULL,"2026-01-19 08:57:14","2026-01-19 08:57:14",NULL
8914,8914,8914,2,NULL,"2026-01-19 08:57:14","2026-01-19 08:57:14",NULL
8915,8915,8915,2,NULL,"2026-01-19 08:57:14","2026-01-19 08:57:14",NULL
8916,8916,8916,2,NULL,"2026-01-19 08:57:14","2026-01-19 08:57:14",NULL
8917,8917,8917,2,NULL,"2026-01-19 08:57:14","2026-01-19 08:57:14",NULL
8918,8918,8918,2,NULL,"2026-01-19 08:57:14","2026-01-19 08:57:14",NULL
8919,8919,8919,2,NULL,"2026-01-19 08:57:14","2026-01-19 08:57:14",NULL
8920,8920,8920,2,NULL,"2026-01-19 08:57:14","2026-01-19 08:57:14",NULL
8921,8921,8921,2,NULL,"2026-01-19 08:57:14","2026-01-19 08:57:14",NULL
8922,8922,8922,2,NULL,"2026-01-19 08:57:14","2026-01-19 08:57:14",NULL
8923,8923,8923,2,NULL,"2026-01-19 08:57:14","2026-01-19 08:57:14",NULL
8924,8924,8924,2,NULL,"2026-01-19 08:57:14","2026-01-19 08:57:14",NULL
8925,8925,8925,2,NULL,"2026-01-19 08:57:14","2026-01-19 08:57:14",NULL
8926,8926,8926,2,NULL,"2026-01-19 08:57:14","2026-01-19 08:57:14",NULL
8927,8927,8927,2,NULL,"2026-01-19 08:57:14","2026-01-19 08:57:14",NULL
8928,8928,8928,2,NULL,"2026-01-19 08:57:14","2026-01-19 08:57:14",NULL
8929,8929,8929,2,NULL,"2026-01-19 08:57:14","2026-01-19 08:57:14",NULL
8930,8930,8930,2,NULL,"2026-01-19 08:57:14","2026-01-19 08:57:14",NULL
8931,8931,8931,2,NULL,"2026-01-19 08:57:14","2026-01-19 08:57:14",NULL
8932,8932,8932,2,NULL,"2026-01-19 08:57:14","2026-01-19 08:57:14",NULL
8933,8933,8933,2,NULL,"2026-01-19 08:57:14","2026-01-19 08:57:14",NULL
8934,8934,8934,2,NULL,"2026-01-19 08:57:14","2026-01-19 08:57:14",NULL
8935,8935,8935,2,NULL,"2026-01-19 08:57:14","2026-01-19 08:57:14",NULL
8936,8936,8936,2,NULL,"2026-01-19 08:57:14","2026-01-19 08:57:14",NULL
8937,8937,8937,2,NULL,"2026-01-19 08:57:14","2026-01-19 08:57:14",NULL
8938,8938,8938,2,NULL,"2026-01-19 08:57:14","2026-01-19 08:57:14",NULL
8939,8939,8939,2,NULL,"2026-01-19 08:57:14","2026-01-19 08:57:14",NULL
8940,8940,8940,2,NULL,"2026-01-19 08:57:14","2026-01-19 08:57:14",NULL
8941,8941,8941,2,NULL,"2026-01-19 08:57:14","2026-01-19 08:57:14",NULL
8942,8942,8942,2,NULL,"2026-01-19 08:57:14","2026-01-19 08:57:14",NULL
8943,8943,8943,2,NULL,"2026-01-19 08:57:14","2026-01-19 08:57:14",NULL
8944,8944,8944,2,NULL,"2026-01-19 08:57:14","2026-01-19 08:57:14",NULL
8945,8945,8945,2,NULL,"2026-01-19 08:57:14","2026-01-19 08:57:14",NULL
8946,8946,8946,2,NULL,"2026-01-19 08:57:15","2026-01-19 08:57:15",NULL
8947,8947,8947,2,NULL,"2026-01-19 08:57:15","2026-01-19 08:57:15",NULL
8948,8948,8948,2,NULL,"2026-01-19 08:57:15","2026-01-19 08:57:15",NULL
8949,8949,8949,2,NULL,"2026-01-19 08:57:15","2026-01-19 08:57:15",NULL
8950,8950,8950,2,NULL,"2026-01-19 08:57:15","2026-01-19 08:57:15",NULL
8951,8951,8951,2,NULL,"2026-01-19 08:57:15","2026-01-19 08:57:15",NULL
8952,8952,8952,2,NULL,"2026-01-19 08:57:15","2026-01-19 08:57:15",NULL
8953,8953,8953,2,NULL,"2026-01-19 08:57:15","2026-01-19 08:57:15",NULL
8954,8954,8954,2,NULL,"2026-01-19 08:57:15","2026-01-19 08:57:15",NULL
8955,8955,8955,2,NULL,"2026-01-19 08:57:15","2026-01-19 08:57:15",NULL
8956,8956,8956,2,NULL,"2026-01-19 08:57:15","2026-01-19 08:57:15",NULL
8957,8957,8957,2,NULL,"2026-01-19 08:57:15","2026-01-19 08:57:15",NULL
8958,8958,8958,2,NULL,"2026-01-19 08:57:15","2026-01-19 08:57:15",NULL
8959,8959,8959,2,NULL,"2026-01-19 08:57:15","2026-01-19 08:57:15",NULL
8960,8960,8960,2,NULL,"2026-01-19 08:57:15","2026-01-19 08:57:15",NULL
8961,8961,8961,2,NULL,"2026-01-19 08:57:15","2026-01-19 08:57:15",NULL
8962,8962,8962,2,NULL,"2026-01-19 08:57:15","2026-01-19 08:57:15",NULL
8963,8963,8963,2,NULL,"2026-01-19 08:57:15","2026-01-19 08:57:15",NULL
8964,8964,8964,2,NULL,"2026-01-19 08:57:15","2026-01-19 08:57:15",NULL
8965,8965,8965,2,NULL,"2026-01-19 08:57:15","2026-01-19 08:57:15",NULL
8966,8966,8966,2,NULL,"2026-01-19 08:57:15","2026-01-19 08:57:15",NULL
8967,8967,8967,2,NULL,"2026-01-19 08:57:15","2026-01-19 08:57:15",NULL
8968,8968,8968,2,NULL,"2026-01-19 08:57:15","2026-01-19 08:57:15",NULL
8969,8969,8969,2,NULL,"2026-01-19 08:57:15","2026-01-19 08:57:15",NULL
8970,8970,8970,2,NULL,"2026-01-19 08:57:15","2026-01-19 08:57:15",NULL
8971,8971,8971,2,NULL,"2026-01-19 08:57:15","2026-01-19 08:57:15",NULL
8972,8972,8972,2,NULL,"2026-01-19 08:57:15","2026-01-19 08:57:15",NULL
8973,8973,8973,2,NULL,"2026-01-19 08:57:15","2026-01-19 08:57:15",NULL
8974,8974,8974,2,NULL,"2026-01-19 08:57:15","2026-01-19 08:57:15",NULL
8975,8975,8975,2,NULL,"2026-01-19 08:57:15","2026-01-19 08:57:15",NULL
8976,8976,8976,2,NULL,"2026-01-19 08:57:15","2026-01-19 08:57:15",NULL
8977,8977,8977,2,NULL,"2026-01-19 08:57:15","2026-01-19 08:57:15",NULL
8978,8978,8978,2,NULL,"2026-01-19 08:57:15","2026-01-19 08:57:15",NULL
8979,8979,8979,2,NULL,"2026-01-19 08:57:15","2026-01-19 08:57:15",NULL
8980,8980,8980,2,NULL,"2026-01-19 08:57:15","2026-01-19 08:57:15",NULL
8981,8981,8981,2,NULL,"2026-01-19 08:57:15","2026-01-19 08:57:15",NULL
8982,8982,8982,2,NULL,"2026-01-19 08:57:15","2026-01-19 08:57:15",NULL
8983,8983,8983,2,NULL,"2026-01-19 08:57:15","2026-01-19 08:57:15",NULL
8984,8984,8984,2,NULL,"2026-01-19 08:57:15","2026-01-19 08:57:15",NULL
8985,8985,8985,2,NULL,"2026-01-19 08:57:15","2026-01-19 08:57:15",NULL
8986,8986,8986,2,NULL,"2026-01-19 08:57:15","2026-01-19 08:57:15",NULL
8987,8987,8987,2,NULL,"2026-01-19 08:57:15","2026-01-19 08:57:15",NULL
8988,8988,8988,2,NULL,"2026-01-19 08:57:15","2026-01-19 08:57:15",NULL
8989,8989,8989,2,NULL,"2026-01-19 08:57:15","2026-01-19 08:57:15",NULL
8990,8990,8990,2,NULL,"2026-01-19 08:57:15","2026-01-19 08:57:15",NULL
8991,8991,8991,2,NULL,"2026-01-19 08:57:15","2026-01-19 08:57:15",NULL
8992,8992,8992,2,NULL,"2026-01-19 08:57:15","2026-01-19 08:57:15",NULL
8993,8993,8993,2,NULL,"2026-01-19 08:57:15","2026-01-19 08:57:15",NULL
8994,8994,8994,2,NULL,"2026-01-19 08:57:15","2026-01-19 08:57:15",NULL
8995,8995,8995,2,NULL,"2026-01-19 08:57:15","2026-01-19 08:57:15",NULL
8996,8996,8996,2,NULL,"2026-01-19 08:57:15","2026-01-19 08:57:15",NULL
8997,8997,8997,2,NULL,"2026-01-19 08:57:15","2026-01-19 08:57:15",NULL
8998,8998,8998,2,NULL,"2026-01-19 08:57:15","2026-01-19 08:57:15",NULL
8999,8999,8999,2,NULL,"2026-01-19 08:57:15","2026-01-19 08:57:15",NULL
9000,9000,9000,2,NULL,"2026-01-19 08:57:15","2026-01-19 08:57:15",NULL
9001,9001,9001,2,NULL,"2026-01-19 08:57:15","2026-01-19 08:57:15",NULL
9002,9002,9002,2,NULL,"2026-01-19 08:57:15","2026-01-19 08:57:15",NULL
9003,9003,9003,2,NULL,"2026-01-19 08:57:15","2026-01-19 08:57:15",NULL
9004,9004,9004,2,NULL,"2026-01-19 08:57:15","2026-01-19 08:57:15",NULL
9005,9005,9005,2,NULL,"2026-01-19 08:57:15","2026-01-19 08:57:15",NULL
9006,9006,9006,2,NULL,"2026-01-19 08:57:15","2026-01-19 08:57:15",NULL
9007,9007,9007,2,NULL,"2026-01-19 08:57:15","2026-01-19 08:57:15",NULL
9008,9008,9008,2,NULL,"2026-01-19 08:57:15","2026-01-19 08:57:15",NULL
9009,9009,9009,2,NULL,"2026-01-19 08:57:15","2026-01-19 08:57:15",NULL
9010,9010,9010,2,NULL,"2026-01-19 08:57:15","2026-01-19 08:57:15",NULL
9011,9011,9011,2,NULL,"2026-01-19 08:57:15","2026-01-19 08:57:15",NULL
9012,9012,9012,2,NULL,"2026-01-19 08:57:15","2026-01-19 08:57:15",NULL
9013,9013,9013,2,NULL,"2026-01-19 08:57:15","2026-01-19 08:57:15",NULL
9014,9014,9014,2,NULL,"2026-01-19 08:57:15","2026-01-19 08:57:15",NULL
9015,9015,9015,2,NULL,"2026-01-19 08:57:15","2026-01-19 08:57:15",NULL
9016,9016,9016,2,NULL,"2026-01-19 08:57:15","2026-01-19 08:57:15",NULL
9017,9017,9017,2,NULL,"2026-01-19 08:57:15","2026-01-19 08:57:15",NULL
9018,9018,9018,2,NULL,"2026-01-19 08:57:15","2026-01-19 08:57:15",NULL
9019,9019,9019,2,NULL,"2026-01-19 08:57:15","2026-01-19 08:57:15",NULL
9020,9020,9020,2,NULL,"2026-01-19 08:57:15","2026-01-19 08:57:15",NULL
9021,9021,9021,2,NULL,"2026-01-19 08:57:15","2026-01-19 08:57:15",NULL
9022,9022,9022,2,NULL,"2026-01-19 08:57:15","2026-01-19 08:57:15",NULL
9023,9023,9023,2,NULL,"2026-01-19 08:57:15","2026-01-19 08:57:15",NULL
9024,9024,9024,2,NULL,"2026-01-19 08:57:15","2026-01-19 08:57:15",NULL
9025,9025,9025,2,NULL,"2026-01-19 08:57:15","2026-01-19 08:57:15",NULL
9026,9026,9026,2,NULL,"2026-01-19 08:57:15","2026-01-19 08:57:15",NULL
9027,9027,9027,2,NULL,"2026-01-19 08:57:15","2026-01-19 08:57:15",NULL
9028,9028,9028,2,NULL,"2026-01-19 08:57:15","2026-01-19 08:57:15",NULL
9029,9029,9029,2,NULL,"2026-01-19 08:57:15","2026-01-19 08:57:15",NULL
9030,9030,9030,2,NULL,"2026-01-19 08:57:15","2026-01-19 08:57:15",NULL
9031,9031,9031,2,NULL,"2026-01-19 08:57:15","2026-01-19 08:57:15",NULL
9032,9032,9032,2,NULL,"2026-01-19 08:57:15","2026-01-19 08:57:15",NULL
9033,9033,9033,2,NULL,"2026-01-19 08:57:15","2026-01-19 08:57:15",NULL
9034,9034,9034,2,NULL,"2026-01-19 08:57:15","2026-01-19 08:57:15",NULL
9035,9035,9035,2,NULL,"2026-01-19 08:57:15","2026-01-19 08:57:15",NULL
9036,9036,9036,2,NULL,"2026-01-19 08:57:15","2026-01-19 08:57:15",NULL
9037,9037,9037,2,NULL,"2026-01-19 08:57:15","2026-01-19 08:57:15",NULL
9038,9038,9038,2,NULL,"2026-01-19 08:57:15","2026-01-19 08:57:15",NULL
9039,9039,9039,2,NULL,"2026-01-19 08:57:15","2026-01-19 08:57:15",NULL
9040,9040,9040,2,NULL,"2026-01-19 08:57:15","2026-01-19 08:57:15",NULL
9041,9041,9041,2,NULL,"2026-01-19 08:57:15","2026-01-19 08:57:15",NULL
9042,9042,9042,2,NULL,"2026-01-19 08:57:15","2026-01-19 08:57:15",NULL
9043,9043,9043,2,NULL,"2026-01-19 08:57:15","2026-01-19 08:57:15",NULL
9044,9044,9044,2,NULL,"2026-01-19 08:57:15","2026-01-19 08:57:15",NULL
9045,9045,9045,2,NULL,"2026-01-19 08:57:15","2026-01-19 08:57:15",NULL
9046,9046,9046,2,NULL,"2026-01-19 08:57:15","2026-01-19 08:57:15",NULL
9047,9047,9047,2,NULL,"2026-01-19 08:57:15","2026-01-19 08:57:15",NULL
9048,9048,9048,2,NULL,"2026-01-19 08:57:15","2026-01-19 08:57:15",NULL
9049,9049,9049,2,NULL,"2026-01-19 08:57:15","2026-01-19 08:57:15",NULL
9050,9050,9050,2,NULL,"2026-01-19 08:57:15","2026-01-19 08:57:15",NULL
9051,9051,9051,2,NULL,"2026-01-19 08:57:15","2026-01-19 08:57:15",NULL
9052,9052,9052,2,NULL,"2026-01-19 08:57:15","2026-01-19 08:57:15",NULL
9053,9053,9053,2,NULL,"2026-01-19 08:57:15","2026-01-19 08:57:15",NULL
9054,9054,9054,2,NULL,"2026-01-19 08:57:15","2026-01-19 08:57:15",NULL
9055,9055,9055,2,NULL,"2026-01-19 08:57:15","2026-01-19 08:57:15",NULL
9056,9056,9056,2,NULL,"2026-01-19 08:57:15","2026-01-19 08:57:15",NULL
9057,9057,9057,2,NULL,"2026-01-19 08:57:15","2026-01-19 08:57:15",NULL
9058,9058,9058,2,NULL,"2026-01-19 08:57:15","2026-01-19 08:57:15",NULL
9059,9059,9059,2,NULL,"2026-01-19 08:57:15","2026-01-19 08:57:15",NULL
9060,9060,9060,2,NULL,"2026-01-19 08:57:15","2026-01-19 08:57:15",NULL
9061,9061,9061,2,NULL,"2026-01-19 08:57:15","2026-01-19 08:57:15",NULL
9062,9062,9062,2,NULL,"2026-01-19 08:57:15","2026-01-19 08:57:15",NULL
9063,9063,9063,2,NULL,"2026-01-19 08:57:15","2026-01-19 08:57:15",NULL
9064,9064,9064,2,NULL,"2026-01-19 08:57:15","2026-01-19 08:57:15",NULL
9065,9065,9065,2,NULL,"2026-01-19 08:57:15","2026-01-19 08:57:15",NULL
9066,9066,9066,2,NULL,"2026-01-19 08:57:15","2026-01-19 08:57:15",NULL
9067,9067,9067,2,NULL,"2026-01-19 08:57:15","2026-01-19 08:57:15",NULL
9068,9068,9068,2,NULL,"2026-01-19 08:57:15","2026-01-19 08:57:15",NULL
9069,9069,9069,2,NULL,"2026-01-19 08:57:15","2026-01-19 08:57:15",NULL
9070,9070,9070,2,NULL,"2026-01-19 08:57:15","2026-01-19 08:57:15",NULL
9071,9071,9071,2,NULL,"2026-01-19 08:57:15","2026-01-19 08:57:15",NULL
9072,9072,9072,2,NULL,"2026-01-19 08:57:15","2026-01-19 08:57:15",NULL
9073,9073,9073,2,NULL,"2026-01-19 08:57:15","2026-01-19 08:57:15",NULL
9074,9074,9074,2,NULL,"2026-01-19 08:57:15","2026-01-19 08:57:15",NULL
9075,9075,9075,2,NULL,"2026-01-19 08:57:15","2026-01-19 08:57:15",NULL
9076,9076,9076,2,NULL,"2026-01-19 08:57:15","2026-01-19 08:57:15",NULL
9077,9077,9077,2,NULL,"2026-01-19 08:57:15","2026-01-19 08:57:15",NULL
9078,9078,9078,2,NULL,"2026-01-19 08:57:15","2026-01-19 08:57:15",NULL
9079,9079,9079,2,NULL,"2026-01-19 08:57:15","2026-01-19 08:57:15",NULL
9080,9080,9080,2,NULL,"2026-01-19 08:57:15","2026-01-19 08:57:15",NULL
9081,9081,9081,2,NULL,"2026-01-19 08:57:15","2026-01-19 08:57:15",NULL
9082,9082,9082,2,NULL,"2026-01-19 08:57:15","2026-01-19 08:57:15",NULL
9083,9083,9083,2,NULL,"2026-01-19 08:57:15","2026-01-19 08:57:15",NULL
9084,9084,9084,2,NULL,"2026-01-19 08:57:15","2026-01-19 08:57:15",NULL
9085,9085,9085,2,NULL,"2026-01-19 08:57:15","2026-01-19 08:57:15",NULL
9086,9086,9086,2,NULL,"2026-01-19 08:57:15","2026-01-19 08:57:15",NULL
9087,9087,9087,2,NULL,"2026-01-19 08:57:15","2026-01-19 08:57:15",NULL
9088,9088,9088,2,NULL,"2026-01-19 08:57:15","2026-01-19 08:57:15",NULL
9089,9089,9089,2,NULL,"2026-01-19 08:57:15","2026-01-19 08:57:15",NULL
9090,9090,9090,2,NULL,"2026-01-19 08:57:15","2026-01-19 08:57:15",NULL
9091,9091,9091,2,NULL,"2026-01-19 08:57:15","2026-01-19 08:57:15",NULL
9092,9092,9092,2,NULL,"2026-01-19 08:57:15","2026-01-19 08:57:15",NULL
9093,9093,9093,2,NULL,"2026-01-19 08:57:15","2026-01-19 08:57:15",NULL
9094,9094,9094,2,NULL,"2026-01-19 08:57:15","2026-01-19 08:57:15",NULL
9095,9095,9095,2,NULL,"2026-01-19 08:57:15","2026-01-19 08:57:15",NULL
9096,9096,9096,2,NULL,"2026-01-19 08:57:15","2026-01-19 08:57:15",NULL
9097,9097,9097,2,NULL,"2026-01-19 08:57:15","2026-01-19 08:57:15",NULL
9098,9098,9098,2,NULL,"2026-01-19 08:57:15","2026-01-19 08:57:15",NULL
9099,9099,9099,2,NULL,"2026-01-19 08:57:15","2026-01-19 08:57:15",NULL
9100,9100,9100,2,NULL,"2026-01-19 08:57:15","2026-01-19 08:57:15",NULL
9101,9101,9101,2,NULL,"2026-01-19 08:57:15","2026-01-19 08:57:15",NULL
9102,9102,9102,2,NULL,"2026-01-19 08:57:15","2026-01-19 08:57:15",NULL
9103,9103,9103,2,NULL,"2026-01-19 08:57:15","2026-01-19 08:57:15",NULL
9104,9104,9104,2,NULL,"2026-01-19 08:57:15","2026-01-19 08:57:15",NULL
9105,9105,9105,2,NULL,"2026-01-19 08:57:15","2026-01-19 08:57:15",NULL
9106,9106,9106,2,NULL,"2026-01-19 08:57:15","2026-01-19 08:57:15",NULL
9107,9107,9107,2,NULL,"2026-01-19 08:57:15","2026-01-19 08:57:15",NULL
9108,9108,9108,2,NULL,"2026-01-19 08:57:15","2026-01-19 08:57:15",NULL
9109,9109,9109,2,NULL,"2026-01-19 08:57:15","2026-01-19 08:57:15",NULL
9110,9110,9110,2,NULL,"2026-01-19 08:57:15","2026-01-19 08:57:15",NULL
9111,9111,9111,2,NULL,"2026-01-19 08:57:15","2026-01-19 08:57:15",NULL
9112,9112,9112,2,NULL,"2026-01-19 08:57:15","2026-01-19 08:57:15",NULL
9113,9113,9113,2,NULL,"2026-01-19 08:57:15","2026-01-19 08:57:15",NULL
9114,9114,9114,2,NULL,"2026-01-19 08:57:15","2026-01-19 08:57:15",NULL
9115,9115,9115,2,NULL,"2026-01-19 08:57:15","2026-01-19 08:57:15",NULL
9116,9116,9116,2,NULL,"2026-01-19 08:57:15","2026-01-19 08:57:15",NULL
9117,9117,9117,2,NULL,"2026-01-19 08:57:15","2026-01-19 08:57:15",NULL
9118,9118,9118,2,NULL,"2026-01-19 08:57:15","2026-01-19 08:57:15",NULL
9119,9119,9119,2,NULL,"2026-01-19 08:57:15","2026-01-19 08:57:15",NULL
9120,9120,9120,2,NULL,"2026-01-19 08:57:15","2026-01-19 08:57:15",NULL
9121,9121,9121,2,NULL,"2026-01-19 08:57:15","2026-01-19 08:57:15",NULL
9122,9122,9122,2,NULL,"2026-01-19 08:57:15","2026-01-19 08:57:15",NULL
9123,9123,9123,2,NULL,"2026-01-19 08:57:15","2026-01-19 08:57:15",NULL
9124,9124,9124,2,NULL,"2026-01-19 08:57:15","2026-01-19 08:57:15",NULL
9125,9125,9125,2,NULL,"2026-01-19 08:57:15","2026-01-19 08:57:15",NULL
9126,9126,9126,2,NULL,"2026-01-19 08:57:15","2026-01-19 08:57:15",NULL
9127,9127,9127,2,NULL,"2026-01-19 08:57:15","2026-01-19 08:57:15",NULL
9128,9128,9128,2,NULL,"2026-01-19 08:57:15","2026-01-19 08:57:15",NULL
9129,9129,9129,2,NULL,"2026-01-19 08:57:15","2026-01-19 08:57:15",NULL
9130,9130,9130,2,NULL,"2026-01-19 08:57:15","2026-01-19 08:57:15",NULL
9131,9131,9131,2,NULL,"2026-01-19 08:57:15","2026-01-19 08:57:15",NULL
9132,9132,9132,2,NULL,"2026-01-19 08:57:15","2026-01-19 08:57:15",NULL
9133,9133,9133,2,NULL,"2026-01-19 08:57:15","2026-01-19 08:57:15",NULL
9134,9134,9134,2,NULL,"2026-01-19 08:57:15","2026-01-19 08:57:15",NULL
9135,9135,9135,2,NULL,"2026-01-19 08:57:15","2026-01-19 08:57:15",NULL
9136,9136,9136,2,NULL,"2026-01-19 08:57:15","2026-01-19 08:57:15",NULL
9137,9137,9137,2,NULL,"2026-01-19 08:57:15","2026-01-19 08:57:15",NULL
9138,9138,9138,2,NULL,"2026-01-19 08:57:15","2026-01-19 08:57:15",NULL
9139,9139,9139,2,NULL,"2026-01-19 08:57:15","2026-01-19 08:57:15",NULL
9140,9140,9140,2,NULL,"2026-01-19 08:57:15","2026-01-19 08:57:15",NULL
9141,9141,9141,2,NULL,"2026-01-19 08:57:15","2026-01-19 08:57:15",NULL
9142,9142,9142,2,NULL,"2026-01-19 08:57:15","2026-01-19 08:57:15",NULL
9143,9143,9143,2,NULL,"2026-01-19 08:57:15","2026-01-19 08:57:15",NULL
9144,9144,9144,2,NULL,"2026-01-19 08:57:15","2026-01-19 08:57:15",NULL
9145,9145,9145,2,NULL,"2026-01-19 08:57:15","2026-01-19 08:57:15",NULL
9146,9146,9146,2,NULL,"2026-01-19 08:57:15","2026-01-19 08:57:15",NULL
9147,9147,9147,2,NULL,"2026-01-19 08:57:15","2026-01-19 08:57:15",NULL
9148,9148,9148,2,NULL,"2026-01-19 08:57:15","2026-01-19 08:57:15",NULL
9149,9149,9149,2,NULL,"2026-01-19 08:57:15","2026-01-19 08:57:15",NULL
9150,9150,9150,2,NULL,"2026-01-19 08:57:15","2026-01-19 08:57:15",NULL
9151,9151,9151,2,NULL,"2026-01-19 08:57:15","2026-01-19 08:57:15",NULL
9152,9152,9152,2,NULL,"2026-01-19 08:57:15","2026-01-19 08:57:15",NULL
9153,9153,9153,2,NULL,"2026-01-19 08:57:15","2026-01-19 08:57:15",NULL
9154,9154,9154,2,NULL,"2026-01-19 08:57:15","2026-01-19 08:57:15",NULL
9155,9155,9155,2,NULL,"2026-01-19 08:57:15","2026-01-19 08:57:15",NULL
9156,9156,9156,2,NULL,"2026-01-19 08:57:15","2026-01-19 08:57:15",NULL
9157,9157,9157,2,NULL,"2026-01-19 08:57:15","2026-01-19 08:57:15",NULL
9158,9158,9158,2,NULL,"2026-01-19 08:57:15","2026-01-19 08:57:15",NULL
9159,9159,9159,2,NULL,"2026-01-19 08:57:15","2026-01-19 08:57:15",NULL
9160,9160,9160,2,NULL,"2026-01-19 08:57:15","2026-01-19 08:57:15",NULL
9161,9161,9161,2,NULL,"2026-01-19 08:57:15","2026-01-19 08:57:15",NULL
9162,9162,9162,2,NULL,"2026-01-19 08:57:15","2026-01-19 08:57:15",NULL
9163,9163,9163,2,NULL,"2026-01-19 08:57:15","2026-01-19 08:57:15",NULL
9164,9164,9164,2,NULL,"2026-01-19 08:57:15","2026-01-19 08:57:15",NULL
9165,9165,9165,2,NULL,"2026-01-19 08:57:15","2026-01-19 08:57:15",NULL
9166,9166,9166,2,NULL,"2026-01-19 08:57:15","2026-01-19 08:57:15",NULL
9167,9167,9167,2,NULL,"2026-01-19 08:57:15","2026-01-19 08:57:15",NULL
9168,9168,9168,2,NULL,"2026-01-19 08:57:15","2026-01-19 08:57:15",NULL
9169,9169,9169,2,NULL,"2026-01-19 08:57:15","2026-01-19 08:57:15",NULL
9170,9170,9170,2,NULL,"2026-01-19 08:57:15","2026-01-19 08:57:15",NULL
9171,9171,9171,2,NULL,"2026-01-19 08:57:15","2026-01-19 08:57:15",NULL
9172,9172,9172,2,NULL,"2026-01-19 08:57:15","2026-01-19 08:57:15",NULL
9173,9173,9173,2,NULL,"2026-01-19 08:57:15","2026-01-19 08:57:15",NULL
9174,9174,9174,2,NULL,"2026-01-19 08:57:15","2026-01-19 08:57:15",NULL
9175,9175,9175,2,NULL,"2026-01-19 08:57:15","2026-01-19 08:57:15",NULL
9176,9176,9176,2,NULL,"2026-01-19 08:57:15","2026-01-19 08:57:15",NULL
9177,9177,9177,2,NULL,"2026-01-19 08:57:15","2026-01-19 08:57:15",NULL
9178,9178,9178,2,NULL,"2026-01-19 08:57:15","2026-01-19 08:57:15",NULL
9179,9179,9179,2,NULL,"2026-01-19 08:57:15","2026-01-19 08:57:15",NULL
9180,9180,9180,2,NULL,"2026-01-19 08:57:15","2026-01-19 08:57:15",NULL
9181,9181,9181,2,NULL,"2026-01-19 08:57:15","2026-01-19 08:57:15",NULL
9182,9182,9182,2,NULL,"2026-01-19 08:57:15","2026-01-19 08:57:15",NULL
9183,9183,9183,2,NULL,"2026-01-19 08:57:15","2026-01-19 08:57:15",NULL
9184,9184,9184,2,NULL,"2026-01-19 08:57:15","2026-01-19 08:57:15",NULL
9185,9185,9185,2,NULL,"2026-01-19 08:57:15","2026-01-19 08:57:15",NULL
9186,9186,9186,2,NULL,"2026-01-19 08:57:15","2026-01-19 08:57:15",NULL
9187,9187,9187,2,NULL,"2026-01-19 08:57:15","2026-01-19 08:57:15",NULL
9188,9188,9188,2,NULL,"2026-01-19 08:57:15","2026-01-19 08:57:15",NULL
9189,9189,9189,2,NULL,"2026-01-19 08:57:15","2026-01-19 08:57:15",NULL
9190,9190,9190,2,NULL,"2026-01-19 08:57:15","2026-01-19 08:57:15",NULL
9191,9191,9191,2,NULL,"2026-01-19 08:57:15","2026-01-19 08:57:15",NULL
9192,9192,9192,2,NULL,"2026-01-19 08:57:15","2026-01-19 08:57:15",NULL
9193,9193,9193,2,NULL,"2026-01-19 08:57:15","2026-01-19 08:57:15",NULL
9194,9194,9194,2,NULL,"2026-01-19 08:57:15","2026-01-19 08:57:15",NULL
9195,9195,9195,2,NULL,"2026-01-19 08:57:15","2026-01-19 08:57:15",NULL
9196,9196,9196,2,NULL,"2026-01-19 08:57:15","2026-01-19 08:57:15",NULL
9197,9197,9197,2,NULL,"2026-01-19 08:57:15","2026-01-19 08:57:15",NULL
9198,9198,9198,2,NULL,"2026-01-19 08:57:15","2026-01-19 08:57:15",NULL
9199,9199,9199,2,NULL,"2026-01-19 08:57:15","2026-01-19 08:57:15",NULL
9200,9200,9200,2,NULL,"2026-01-19 08:57:15","2026-01-19 08:57:15",NULL
9201,9201,9201,2,NULL,"2026-01-19 08:57:15","2026-01-19 08:57:15",NULL
9202,9202,9202,2,NULL,"2026-01-19 08:57:15","2026-01-19 08:57:15",NULL
9203,9203,9203,2,NULL,"2026-01-19 08:57:15","2026-01-19 08:57:15",NULL
9204,9204,9204,2,NULL,"2026-01-19 08:57:15","2026-01-19 08:57:15",NULL
9205,9205,9205,2,NULL,"2026-01-19 08:57:15","2026-01-19 08:57:15",NULL
9206,9206,9206,2,NULL,"2026-01-19 08:57:15","2026-01-19 08:57:15",NULL
9207,9207,9207,2,NULL,"2026-01-19 08:57:15","2026-01-19 08:57:15",NULL
9208,9208,9208,2,NULL,"2026-01-19 08:57:15","2026-01-19 08:57:15",NULL
9209,9209,9209,2,NULL,"2026-01-19 08:57:15","2026-01-19 08:57:15",NULL
9210,9210,9210,2,NULL,"2026-01-19 08:57:15","2026-01-19 08:57:15",NULL
9211,9211,9211,2,NULL,"2026-01-19 08:57:15","2026-01-19 08:57:15",NULL
9212,9212,9212,2,NULL,"2026-01-19 08:57:15","2026-01-19 08:57:15",NULL
9213,9213,9213,2,NULL,"2026-01-19 08:57:15","2026-01-19 08:57:15",NULL
9214,9214,9214,2,NULL,"2026-01-19 08:57:15","2026-01-19 08:57:15",NULL
9215,9215,9215,2,NULL,"2026-01-19 08:57:15","2026-01-19 08:57:15",NULL
9216,9216,9216,2,NULL,"2026-01-19 08:57:15","2026-01-19 08:57:15",NULL
9217,9217,9217,2,NULL,"2026-01-19 08:57:15","2026-01-19 08:57:15",NULL
9218,9218,9218,2,NULL,"2026-01-19 08:57:15","2026-01-19 08:57:15",NULL
9219,9219,9219,2,NULL,"2026-01-19 08:57:15","2026-01-19 08:57:15",NULL
9220,9220,9220,2,NULL,"2026-01-19 08:57:15","2026-01-19 08:57:15",NULL
9221,9221,9221,2,NULL,"2026-01-19 08:57:15","2026-01-19 08:57:15",NULL
9222,9222,9222,2,NULL,"2026-01-19 08:57:15","2026-01-19 08:57:15",NULL
9223,9223,9223,2,NULL,"2026-01-19 08:57:15","2026-01-19 08:57:15",NULL
9224,9224,9224,2,NULL,"2026-01-19 08:57:15","2026-01-19 08:57:15",NULL
9225,9225,9225,2,NULL,"2026-01-19 08:57:15","2026-01-19 08:57:15",NULL
9226,9226,9226,2,NULL,"2026-01-19 08:57:15","2026-01-19 08:57:15",NULL
9227,9227,9227,2,NULL,"2026-01-19 08:57:15","2026-01-19 08:57:15",NULL
9228,9228,9228,2,NULL,"2026-01-19 08:57:15","2026-01-19 08:57:15",NULL
9229,9229,9229,2,NULL,"2026-01-19 08:57:15","2026-01-19 08:57:15",NULL
9230,9230,9230,2,NULL,"2026-01-19 08:57:15","2026-01-19 08:57:15",NULL
9231,9231,9231,2,NULL,"2026-01-19 08:57:15","2026-01-19 08:57:15",NULL
9232,9232,9232,2,NULL,"2026-01-19 08:57:15","2026-01-19 08:57:15",NULL
9233,9233,9233,2,NULL,"2026-01-19 08:57:15","2026-01-19 08:57:15",NULL
9234,9234,9234,2,NULL,"2026-01-19 08:57:15","2026-01-19 08:57:15",NULL
9235,9235,9235,2,NULL,"2026-01-19 08:57:15","2026-01-19 08:57:15",NULL
9236,9236,9236,2,NULL,"2026-01-19 08:57:15","2026-01-19 08:57:15",NULL
9237,9237,9237,2,NULL,"2026-01-19 08:57:15","2026-01-19 08:57:15",NULL
9238,9238,9238,2,NULL,"2026-01-19 08:57:15","2026-01-19 08:57:15",NULL
9239,9239,9239,2,NULL,"2026-01-19 08:57:15","2026-01-19 08:57:15",NULL
9240,9240,9240,2,NULL,"2026-01-19 08:57:15","2026-01-19 08:57:15",NULL
9241,9241,9241,2,NULL,"2026-01-19 08:57:15","2026-01-19 08:57:15",NULL
9242,9242,9242,2,NULL,"2026-01-19 08:57:15","2026-01-19 08:57:15",NULL
9243,9243,9243,2,NULL,"2026-01-19 08:57:15","2026-01-19 08:57:15",NULL
9244,9244,9244,2,NULL,"2026-01-19 08:57:15","2026-01-19 08:57:15",NULL
9245,9245,9245,2,NULL,"2026-01-19 08:57:15","2026-01-19 08:57:15",NULL
9246,9246,9246,2,NULL,"2026-01-19 08:57:15","2026-01-19 08:57:15",NULL
9247,9247,9247,2,NULL,"2026-01-19 08:57:15","2026-01-19 08:57:15",NULL
9248,9248,9248,2,NULL,"2026-01-19 08:57:15","2026-01-19 08:57:15",NULL
9249,9249,9249,2,NULL,"2026-01-19 08:57:15","2026-01-19 08:57:15",NULL
9250,9250,9250,2,NULL,"2026-01-19 08:57:15","2026-01-19 08:57:15",NULL
9251,9251,9251,2,NULL,"2026-01-19 08:57:15","2026-01-19 08:57:15",NULL
9252,9252,9252,2,NULL,"2026-01-19 08:57:15","2026-01-19 08:57:15",NULL
9253,9253,9253,2,NULL,"2026-01-19 08:57:15","2026-01-19 08:57:15",NULL
9254,9254,9254,2,NULL,"2026-01-19 08:57:15","2026-01-19 08:57:15",NULL
9255,9255,9255,2,NULL,"2026-01-19 08:57:15","2026-01-19 08:57:15",NULL
9256,9256,9256,2,NULL,"2026-01-19 08:57:15","2026-01-19 08:57:15",NULL
9257,9257,9257,2,NULL,"2026-01-19 08:57:15","2026-01-19 08:57:15",NULL
9258,9258,9258,2,NULL,"2026-01-19 08:57:15","2026-01-19 08:57:15",NULL
9259,9259,9259,2,NULL,"2026-01-19 08:57:15","2026-01-19 08:57:15",NULL
9260,9260,9260,2,NULL,"2026-01-19 08:57:15","2026-01-19 08:57:15",NULL
9261,9261,9261,2,NULL,"2026-01-19 08:57:15","2026-01-19 08:57:15",NULL
9262,9262,9262,2,NULL,"2026-01-19 08:57:15","2026-01-19 08:57:15",NULL
9263,9263,9263,2,NULL,"2026-01-19 08:57:15","2026-01-19 08:57:15",NULL
9264,9264,9264,2,NULL,"2026-01-19 08:57:15","2026-01-19 08:57:15",NULL
9265,9265,9265,2,NULL,"2026-01-19 08:57:15","2026-01-19 08:57:15",NULL
9266,9266,9266,2,NULL,"2026-01-19 08:57:15","2026-01-19 08:57:15",NULL
9267,9267,9267,2,NULL,"2026-01-19 08:57:15","2026-01-19 08:57:15",NULL
9268,9268,9268,2,NULL,"2026-01-19 08:57:15","2026-01-19 08:57:15",NULL
9269,9269,9269,2,NULL,"2026-01-19 08:57:15","2026-01-19 08:57:15",NULL
9270,9270,9270,2,NULL,"2026-01-19 08:57:15","2026-01-19 08:57:15",NULL
9271,9271,9271,2,NULL,"2026-01-19 08:57:15","2026-01-19 08:57:15",NULL
9272,9272,9272,2,NULL,"2026-01-19 08:57:15","2026-01-19 08:57:15",NULL
9273,9273,9273,2,NULL,"2026-01-19 08:57:15","2026-01-19 08:57:15",NULL
9274,9274,9274,2,NULL,"2026-01-19 08:57:15","2026-01-19 08:57:15",NULL
9275,9275,9275,2,NULL,"2026-01-19 08:57:15","2026-01-19 08:57:15",NULL
9276,9276,9276,2,NULL,"2026-01-19 08:57:15","2026-01-19 08:57:15",NULL
9277,9277,9277,2,NULL,"2026-01-19 08:57:15","2026-01-19 08:57:15",NULL
9278,9278,9278,2,NULL,"2026-01-19 08:57:15","2026-01-19 08:57:15",NULL
9279,9279,9279,2,NULL,"2026-01-19 08:57:15","2026-01-19 08:57:15",NULL
9280,9280,9280,2,NULL,"2026-01-19 08:57:15","2026-01-19 08:57:15",NULL
9281,9281,9281,2,NULL,"2026-01-19 08:57:15","2026-01-19 08:57:15",NULL
9282,9282,9282,2,NULL,"2026-01-19 08:57:15","2026-01-19 08:57:15",NULL
9283,9283,9283,2,NULL,"2026-01-19 08:57:15","2026-01-19 08:57:15",NULL
9284,9284,9284,2,NULL,"2026-01-19 08:57:15","2026-01-19 08:57:15",NULL
9285,9285,9285,2,NULL,"2026-01-19 08:57:15","2026-01-19 08:57:15",NULL
9286,9286,9286,2,NULL,"2026-01-19 08:57:15","2026-01-19 08:57:15",NULL
9287,9287,9287,2,NULL,"2026-01-19 08:57:15","2026-01-19 08:57:15",NULL
9288,9288,9288,2,NULL,"2026-01-19 08:57:15","2026-01-19 08:57:15",NULL
9289,9289,9289,2,NULL,"2026-01-19 08:57:15","2026-01-19 08:57:15",NULL
9290,9290,9290,2,NULL,"2026-01-19 08:57:15","2026-01-19 08:57:15",NULL
9291,9291,9291,2,NULL,"2026-01-19 08:57:15","2026-01-19 08:57:15",NULL
9292,9292,9292,2,NULL,"2026-01-19 08:57:15","2026-01-19 08:57:15",NULL
9293,9293,9293,2,NULL,"2026-01-19 08:57:15","2026-01-19 08:57:15",NULL
9294,9294,9294,2,NULL,"2026-01-19 08:57:15","2026-01-19 08:57:15",NULL
9295,9295,9295,2,NULL,"2026-01-19 08:57:15","2026-01-19 08:57:15",NULL
9296,9296,9296,2,NULL,"2026-01-19 08:57:15","2026-01-19 08:57:15",NULL
9297,9297,9297,2,NULL,"2026-01-19 08:57:15","2026-01-19 08:57:15",NULL
9298,9298,9298,2,NULL,"2026-01-19 08:57:15","2026-01-19 08:57:15",NULL
9299,9299,9299,2,NULL,"2026-01-19 08:57:15","2026-01-19 08:57:15",NULL
9300,9300,9300,2,NULL,"2026-01-19 08:57:15","2026-01-19 08:57:15",NULL
9301,9301,9301,2,NULL,"2026-01-19 08:57:15","2026-01-19 08:57:15",NULL
9302,9302,9302,2,NULL,"2026-01-19 08:57:15","2026-01-19 08:57:15",NULL
9303,9303,9303,2,NULL,"2026-01-19 08:57:15","2026-01-19 08:57:15",NULL
9304,9304,9304,2,NULL,"2026-01-19 08:57:15","2026-01-19 08:57:15",NULL
9305,9305,9305,2,NULL,"2026-01-19 08:57:15","2026-01-19 08:57:15",NULL
9306,9306,9306,2,NULL,"2026-01-19 08:57:15","2026-01-19 08:57:15",NULL
9307,9307,9307,2,NULL,"2026-01-19 08:57:15","2026-01-19 08:57:15",NULL
9308,9308,9308,2,NULL,"2026-01-19 08:57:15","2026-01-19 08:57:15",NULL
9309,9309,9309,2,NULL,"2026-01-19 08:57:15","2026-01-19 08:57:15",NULL
9310,9310,9310,2,NULL,"2026-01-19 08:57:15","2026-01-19 08:57:15",NULL
9311,9311,9311,2,NULL,"2026-01-19 08:57:15","2026-01-19 08:57:15",NULL
9312,9312,9312,2,NULL,"2026-01-19 08:57:15","2026-01-19 08:57:15",NULL
9313,9313,9313,2,NULL,"2026-01-19 08:57:15","2026-01-19 08:57:15",NULL
9314,9314,9314,2,NULL,"2026-01-19 08:57:15","2026-01-19 08:57:15",NULL
9315,9315,9315,2,NULL,"2026-01-19 08:57:15","2026-01-19 08:57:15",NULL
9316,9316,9316,2,NULL,"2026-01-19 08:57:15","2026-01-19 08:57:15",NULL
9317,9317,9317,2,NULL,"2026-01-19 08:57:15","2026-01-19 08:57:15",NULL
9318,9318,9318,2,NULL,"2026-01-19 08:57:15","2026-01-19 08:57:15",NULL
9319,9319,9319,2,NULL,"2026-01-19 08:57:15","2026-01-19 08:57:15",NULL
9320,9320,9320,2,NULL,"2026-01-19 08:57:15","2026-01-19 08:57:15",NULL
9321,9321,9321,2,NULL,"2026-01-19 08:57:15","2026-01-19 08:57:15",NULL
9322,9322,9322,2,NULL,"2026-01-19 08:57:15","2026-01-19 08:57:15",NULL
9323,9323,9323,2,NULL,"2026-01-19 08:57:15","2026-01-19 08:57:15",NULL
9324,9324,9324,2,NULL,"2026-01-19 08:57:15","2026-01-19 08:57:15",NULL
9325,9325,9325,2,NULL,"2026-01-19 08:57:15","2026-01-19 08:57:15",NULL
9326,9326,9326,2,NULL,"2026-01-19 08:57:15","2026-01-19 08:57:15",NULL
9327,9327,9327,2,NULL,"2026-01-19 08:57:15","2026-01-19 08:57:15",NULL
9328,9328,9328,2,NULL,"2026-01-19 08:57:15","2026-01-19 08:57:15",NULL
9329,9329,9329,2,NULL,"2026-01-19 08:57:15","2026-01-19 08:57:15",NULL
9330,9330,9330,2,NULL,"2026-01-19 08:57:15","2026-01-19 08:57:15",NULL
9331,9331,9331,2,NULL,"2026-01-19 08:57:15","2026-01-19 08:57:15",NULL
9332,9332,9332,2,NULL,"2026-01-19 08:57:15","2026-01-19 08:57:15",NULL
9333,9333,9333,2,NULL,"2026-01-19 08:57:15","2026-01-19 08:57:15",NULL
9334,9334,9334,2,NULL,"2026-01-19 08:57:15","2026-01-19 08:57:15",NULL
9335,9335,9335,2,NULL,"2026-01-19 08:57:15","2026-01-19 08:57:15",NULL
9336,9336,9336,2,NULL,"2026-01-19 08:57:15","2026-01-19 08:57:15",NULL
9337,9337,9337,2,NULL,"2026-01-19 08:57:15","2026-01-19 08:57:15",NULL
9338,9338,9338,2,NULL,"2026-01-19 08:57:15","2026-01-19 08:57:15",NULL
9339,9339,9339,2,NULL,"2026-01-19 08:57:15","2026-01-19 08:57:15",NULL
9340,9340,9340,2,NULL,"2026-01-19 08:57:15","2026-01-19 08:57:15",NULL
9341,9341,9341,2,NULL,"2026-01-19 08:57:15","2026-01-19 08:57:15",NULL
9342,9342,9342,2,NULL,"2026-01-19 08:57:15","2026-01-19 08:57:15",NULL
9343,9343,9343,2,NULL,"2026-01-19 08:57:15","2026-01-19 08:57:15",NULL
9344,9344,9344,2,NULL,"2026-01-19 08:57:15","2026-01-19 08:57:15",NULL
9345,9345,9345,2,NULL,"2026-01-19 08:57:16","2026-01-19 08:57:16",NULL
9346,9346,9346,2,NULL,"2026-01-19 08:57:16","2026-01-19 08:57:16",NULL
9347,9347,9347,2,NULL,"2026-01-19 08:57:16","2026-01-19 08:57:16",NULL
9348,9348,9348,2,NULL,"2026-01-19 08:57:16","2026-01-19 08:57:16",NULL
9349,9349,9349,2,NULL,"2026-01-19 08:57:16","2026-01-19 08:57:16",NULL
9350,9350,9350,2,NULL,"2026-01-19 08:57:16","2026-01-19 08:57:16",NULL
9351,9351,9351,2,NULL,"2026-01-19 08:57:16","2026-01-19 08:57:16",NULL
9352,9352,9352,2,NULL,"2026-01-19 08:57:16","2026-01-19 08:57:16",NULL
9353,9353,9353,2,NULL,"2026-01-19 08:57:16","2026-01-19 08:57:16",NULL
9354,9354,9354,2,NULL,"2026-01-19 08:57:16","2026-01-19 08:57:16",NULL
9355,9355,9355,2,NULL,"2026-01-19 08:57:16","2026-01-19 08:57:16",NULL
9356,9356,9356,2,NULL,"2026-01-19 08:57:16","2026-01-19 08:57:16",NULL
9357,9357,9357,2,NULL,"2026-01-19 08:57:16","2026-01-19 08:57:16",NULL
9358,9358,9358,2,NULL,"2026-01-19 08:57:16","2026-01-19 08:57:16",NULL
9359,9359,9359,2,NULL,"2026-01-19 08:57:16","2026-01-19 08:57:16",NULL
9360,9360,9360,2,NULL,"2026-01-19 08:57:16","2026-01-19 08:57:16",NULL
9361,9361,9361,2,NULL,"2026-01-19 08:57:16","2026-01-19 08:57:16",NULL
9362,9362,9362,2,NULL,"2026-01-19 08:57:16","2026-01-19 08:57:16",NULL
9363,9363,9363,2,NULL,"2026-01-19 08:57:16","2026-01-19 08:57:16",NULL
9364,9364,9364,2,NULL,"2026-01-19 08:57:16","2026-01-19 08:57:16",NULL
9365,9365,9365,2,NULL,"2026-01-19 08:57:16","2026-01-19 08:57:16",NULL
9366,9366,9366,2,NULL,"2026-01-19 08:57:16","2026-01-19 08:57:16",NULL
9367,9367,9367,2,NULL,"2026-01-19 08:57:16","2026-01-19 08:57:16",NULL
9368,9368,9368,2,NULL,"2026-01-19 08:57:16","2026-01-19 08:57:16",NULL
9369,9369,9369,2,NULL,"2026-01-19 08:57:16","2026-01-19 08:57:16",NULL
9370,9370,9370,2,NULL,"2026-01-19 08:57:16","2026-01-19 08:57:16",NULL
9371,9371,9371,2,NULL,"2026-01-19 08:57:16","2026-01-19 08:57:16",NULL
9372,9372,9372,2,NULL,"2026-01-19 08:57:16","2026-01-19 08:57:16",NULL
9373,9373,9373,2,NULL,"2026-01-19 08:57:16","2026-01-19 08:57:16",NULL
9374,9374,9374,2,NULL,"2026-01-19 08:57:16","2026-01-19 08:57:16",NULL
9375,9375,9375,2,NULL,"2026-01-19 08:57:16","2026-01-19 08:57:16",NULL
9376,9376,9376,2,NULL,"2026-01-19 08:57:16","2026-01-19 08:57:16",NULL
9377,9377,9377,2,NULL,"2026-01-19 08:57:16","2026-01-19 08:57:16",NULL
9378,9378,9378,2,NULL,"2026-01-19 08:57:16","2026-01-19 08:57:16",NULL
9379,9379,9379,2,NULL,"2026-01-19 08:57:16","2026-01-19 08:57:16",NULL
9380,9380,9380,2,NULL,"2026-01-19 08:57:16","2026-01-19 08:57:16",NULL
9381,9381,9381,2,NULL,"2026-01-19 08:57:16","2026-01-19 08:57:16",NULL
9382,9382,9382,2,NULL,"2026-01-19 08:57:16","2026-01-19 08:57:16",NULL
9383,9383,9383,2,NULL,"2026-01-19 08:57:16","2026-01-19 08:57:16",NULL
9384,9384,9384,2,NULL,"2026-01-19 08:57:16","2026-01-19 08:57:16",NULL
9385,9385,9385,2,NULL,"2026-01-19 08:57:16","2026-01-19 08:57:16",NULL
9386,9386,9386,2,NULL,"2026-01-19 08:57:16","2026-01-19 08:57:16",NULL
9387,9387,9387,2,NULL,"2026-01-19 08:57:16","2026-01-19 08:57:16",NULL
9388,9388,9388,2,NULL,"2026-01-19 08:57:16","2026-01-19 08:57:16",NULL
9389,9389,9389,2,NULL,"2026-01-19 08:57:16","2026-01-19 08:57:16",NULL
9390,9390,9390,2,NULL,"2026-01-19 08:57:16","2026-01-19 08:57:16",NULL
9391,9391,9391,2,NULL,"2026-01-19 08:57:16","2026-01-19 08:57:16",NULL
9392,9392,9392,2,NULL,"2026-01-19 08:57:16","2026-01-19 08:57:16",NULL
9393,9393,9393,2,NULL,"2026-01-19 08:57:16","2026-01-19 08:57:16",NULL
9394,9394,9394,2,NULL,"2026-01-19 08:57:16","2026-01-19 08:57:16",NULL
9395,9395,9395,2,NULL,"2026-01-19 08:57:16","2026-01-19 08:57:16",NULL
9396,9396,9396,2,NULL,"2026-01-19 08:57:16","2026-01-19 08:57:16",NULL
9397,9397,9397,2,NULL,"2026-01-19 08:57:16","2026-01-19 08:57:16",NULL
9398,9398,9398,2,NULL,"2026-01-19 08:57:16","2026-01-19 08:57:16",NULL
9399,9399,9399,2,NULL,"2026-01-19 08:57:16","2026-01-19 08:57:16",NULL
9400,9400,9400,2,NULL,"2026-01-19 08:57:16","2026-01-19 08:57:16",NULL
9401,9401,9401,2,NULL,"2026-01-19 08:57:16","2026-01-19 08:57:16",NULL
9402,9402,9402,2,NULL,"2026-01-19 08:57:16","2026-01-19 08:57:16",NULL
9403,9403,9403,2,NULL,"2026-01-19 08:57:16","2026-01-19 08:57:16",NULL
9404,9404,9404,2,NULL,"2026-01-19 08:57:16","2026-01-19 08:57:16",NULL
9405,9405,9405,2,NULL,"2026-01-19 08:57:16","2026-01-19 08:57:16",NULL
9406,9406,9406,2,NULL,"2026-01-19 08:57:16","2026-01-19 08:57:16",NULL
9407,9407,9407,2,NULL,"2026-01-19 08:57:16","2026-01-19 08:57:16",NULL
9408,9408,9408,2,NULL,"2026-01-19 08:57:16","2026-01-19 08:57:16",NULL
9409,9409,9409,2,NULL,"2026-01-19 08:57:16","2026-01-19 08:57:16",NULL
9410,9410,9410,2,NULL,"2026-01-19 08:57:16","2026-01-19 08:57:16",NULL
9411,9411,9411,2,NULL,"2026-01-19 08:57:16","2026-01-19 08:57:16",NULL
9412,9412,9412,2,NULL,"2026-01-19 08:57:16","2026-01-19 08:57:16",NULL
9413,9413,9413,2,NULL,"2026-01-19 08:57:16","2026-01-19 08:57:16",NULL
9414,9414,9414,2,NULL,"2026-01-19 08:57:16","2026-01-19 08:57:16",NULL
9415,9415,9415,2,NULL,"2026-01-19 08:57:16","2026-01-19 08:57:16",NULL
9416,9416,9416,2,NULL,"2026-01-19 08:57:16","2026-01-19 08:57:16",NULL
9417,9417,9417,2,NULL,"2026-01-19 08:57:16","2026-01-19 08:57:16",NULL
9418,9418,9418,2,NULL,"2026-01-19 08:57:16","2026-01-19 08:57:16",NULL
9419,9419,9419,2,NULL,"2026-01-19 08:57:16","2026-01-19 08:57:16",NULL
9420,9420,9420,2,NULL,"2026-01-19 08:57:16","2026-01-19 08:57:16",NULL
9421,9421,9421,2,NULL,"2026-01-19 08:57:16","2026-01-19 08:57:16",NULL
9422,9422,9422,2,NULL,"2026-01-19 08:57:16","2026-01-19 08:57:16",NULL
9423,9423,9423,2,NULL,"2026-01-19 08:57:16","2026-01-19 08:57:16",NULL
9424,9424,9424,2,NULL,"2026-01-19 08:57:16","2026-01-19 08:57:16",NULL
9425,9425,9425,2,NULL,"2026-01-19 08:57:16","2026-01-19 08:57:16",NULL
9426,9426,9426,2,NULL,"2026-01-19 08:57:16","2026-01-19 08:57:16",NULL
9427,9427,9427,2,NULL,"2026-01-19 08:57:16","2026-01-19 08:57:16",NULL
9428,9428,9428,2,NULL,"2026-01-19 08:57:16","2026-01-19 08:57:16",NULL
9429,9429,9429,2,NULL,"2026-01-19 08:57:16","2026-01-19 08:57:16",NULL
9430,9430,9430,2,NULL,"2026-01-19 08:57:16","2026-01-19 08:57:16",NULL
9431,9431,9431,2,NULL,"2026-01-19 08:57:16","2026-01-19 08:57:16",NULL
9432,9432,9432,2,NULL,"2026-01-19 08:57:16","2026-01-19 08:57:16",NULL
9433,9433,9433,2,NULL,"2026-01-19 08:57:16","2026-01-19 08:57:16",NULL
9434,9434,9434,2,NULL,"2026-01-19 08:57:16","2026-01-19 08:57:16",NULL
9435,9435,9435,2,NULL,"2026-01-19 08:57:16","2026-01-19 08:57:16",NULL
9436,9436,9436,2,NULL,"2026-01-19 08:57:16","2026-01-19 08:57:16",NULL
9437,9437,9437,2,NULL,"2026-01-19 08:57:16","2026-01-19 08:57:16",NULL
9438,9438,9438,2,NULL,"2026-01-19 08:57:16","2026-01-19 08:57:16",NULL
9439,9439,9439,2,NULL,"2026-01-19 08:57:16","2026-01-19 08:57:16",NULL
9440,9440,9440,2,NULL,"2026-01-19 08:57:16","2026-01-19 08:57:16",NULL
9441,9441,9441,2,NULL,"2026-01-19 08:57:16","2026-01-19 08:57:16",NULL
9442,9442,9442,2,NULL,"2026-01-19 08:57:16","2026-01-19 08:57:16",NULL
9443,9443,9443,2,NULL,"2026-01-19 08:57:16","2026-01-19 08:57:16",NULL
9444,9444,9444,2,NULL,"2026-01-19 08:57:16","2026-01-19 08:57:16",NULL
9445,9445,9445,2,NULL,"2026-01-19 08:57:16","2026-01-19 08:57:16",NULL
9446,9446,9446,2,NULL,"2026-01-19 08:57:16","2026-01-19 08:57:16",NULL
9447,9447,9447,2,NULL,"2026-01-19 08:57:16","2026-01-19 08:57:16",NULL
9448,9448,9448,2,NULL,"2026-01-19 08:57:16","2026-01-19 08:57:16",NULL
9449,9449,9449,2,NULL,"2026-01-19 08:57:16","2026-01-19 08:57:16",NULL
9450,9450,9450,2,NULL,"2026-01-19 08:57:16","2026-01-19 08:57:16",NULL
9451,9451,9451,2,NULL,"2026-01-19 08:57:16","2026-01-19 08:57:16",NULL
9452,9452,9452,2,NULL,"2026-01-19 08:57:16","2026-01-19 08:57:16",NULL
9453,9453,9453,2,NULL,"2026-01-19 08:57:16","2026-01-19 08:57:16",NULL
9454,9454,9454,2,NULL,"2026-01-19 08:57:16","2026-01-19 08:57:16",NULL
9455,9455,9455,2,NULL,"2026-01-19 08:57:16","2026-01-19 08:57:16",NULL
9456,9456,9456,2,NULL,"2026-01-19 08:57:16","2026-01-19 08:57:16",NULL
9457,9457,9457,2,NULL,"2026-01-19 08:57:16","2026-01-19 08:57:16",NULL
9458,9458,9458,2,NULL,"2026-01-19 08:57:16","2026-01-19 08:57:16",NULL
9459,9459,9459,2,NULL,"2026-01-19 08:57:16","2026-01-19 08:57:16",NULL
9460,9460,9460,2,NULL,"2026-01-19 08:57:16","2026-01-19 08:57:16",NULL
9461,9461,9461,2,NULL,"2026-01-19 08:57:16","2026-01-19 08:57:16",NULL
9462,9462,9462,2,NULL,"2026-01-19 08:57:16","2026-01-19 08:57:16",NULL
9463,9463,9463,2,NULL,"2026-01-19 08:57:16","2026-01-19 08:57:16",NULL
9464,9464,9464,2,NULL,"2026-01-19 08:57:16","2026-01-19 08:57:16",NULL
9465,9465,9465,2,NULL,"2026-01-19 08:57:16","2026-01-19 08:57:16",NULL
9466,9466,9466,2,NULL,"2026-01-19 08:57:16","2026-01-19 08:57:16",NULL
9467,9467,9467,2,NULL,"2026-01-19 08:57:16","2026-01-19 08:57:16",NULL
9468,9468,9468,2,NULL,"2026-01-19 08:57:16","2026-01-19 08:57:16",NULL
9469,9469,9469,2,NULL,"2026-01-19 08:57:16","2026-01-19 08:57:16",NULL
9470,9470,9470,2,NULL,"2026-01-19 08:57:16","2026-01-19 08:57:16",NULL
9471,9471,9471,2,NULL,"2026-01-19 08:57:16","2026-01-19 08:57:16",NULL
9472,9472,9472,2,NULL,"2026-01-19 08:57:16","2026-01-19 08:57:16",NULL
9473,9473,9473,2,NULL,"2026-01-19 08:57:16","2026-01-19 08:57:16",NULL
9474,9474,9474,2,NULL,"2026-01-19 08:57:16","2026-01-19 08:57:16",NULL
9475,9475,9475,2,NULL,"2026-01-19 08:57:16","2026-01-19 08:57:16",NULL
9476,9476,9476,2,NULL,"2026-01-19 08:57:16","2026-01-19 08:57:16",NULL
9477,9477,9477,2,NULL,"2026-01-19 08:57:16","2026-01-19 08:57:16",NULL
9478,9478,9478,2,NULL,"2026-01-19 08:57:16","2026-01-19 08:57:16",NULL
9479,9479,9479,2,NULL,"2026-01-19 08:57:16","2026-01-19 08:57:16",NULL
9480,9480,9480,2,NULL,"2026-01-19 08:57:16","2026-01-19 08:57:16",NULL
9481,9481,9481,2,NULL,"2026-01-19 08:57:16","2026-01-19 08:57:16",NULL
9482,9482,9482,2,NULL,"2026-01-19 08:57:16","2026-01-19 08:57:16",NULL
9483,9483,9483,2,NULL,"2026-01-19 08:57:16","2026-01-19 08:57:16",NULL
9484,9484,9484,2,NULL,"2026-01-19 08:57:16","2026-01-19 08:57:16",NULL
9485,9485,9485,2,NULL,"2026-01-19 08:57:16","2026-01-19 08:57:16",NULL
9486,9486,9486,2,NULL,"2026-01-19 08:57:16","2026-01-19 08:57:16",NULL
9487,9487,9487,2,NULL,"2026-01-19 08:57:16","2026-01-19 08:57:16",NULL
9488,9488,9488,2,NULL,"2026-01-19 08:57:16","2026-01-19 08:57:16",NULL
9489,9489,9489,2,NULL,"2026-01-19 08:57:16","2026-01-19 08:57:16",NULL
9490,9490,9490,2,NULL,"2026-01-19 08:57:16","2026-01-19 08:57:16",NULL
9491,9491,9491,2,NULL,"2026-01-19 08:57:16","2026-01-19 08:57:16",NULL
9492,9492,9492,2,NULL,"2026-01-19 08:57:16","2026-01-19 08:57:16",NULL
9493,9493,9493,2,NULL,"2026-01-19 08:57:16","2026-01-19 08:57:16",NULL
9494,9494,9494,2,NULL,"2026-01-19 08:57:16","2026-01-19 08:57:16",NULL
9495,9495,9495,2,NULL,"2026-01-19 08:57:16","2026-01-19 08:57:16",NULL
9496,9496,9496,2,NULL,"2026-01-19 08:57:16","2026-01-19 08:57:16",NULL
9497,9497,9497,2,NULL,"2026-01-19 08:57:16","2026-01-19 08:57:16",NULL
9498,9498,9498,2,NULL,"2026-01-19 08:57:16","2026-01-19 08:57:16",NULL
9499,9499,9499,2,NULL,"2026-01-19 08:57:16","2026-01-19 08:57:16",NULL
9500,9500,9500,2,NULL,"2026-01-19 08:57:16","2026-01-19 08:57:16",NULL
9501,9501,9501,2,NULL,"2026-01-19 08:57:16","2026-01-19 08:57:16",NULL
9502,9502,9502,2,NULL,"2026-01-19 08:57:16","2026-01-19 08:57:16",NULL
9503,9503,9503,2,NULL,"2026-01-19 08:57:16","2026-01-19 08:57:16",NULL
9504,9504,9504,2,NULL,"2026-01-19 08:57:16","2026-01-19 08:57:16",NULL
9505,9505,9505,2,NULL,"2026-01-19 08:57:16","2026-01-19 08:57:16",NULL
9506,9506,9506,2,NULL,"2026-01-19 08:57:16","2026-01-19 08:57:16",NULL
9507,9507,9507,2,NULL,"2026-01-19 08:57:16","2026-01-19 08:57:16",NULL
9508,9508,9508,2,NULL,"2026-01-19 08:57:16","2026-01-19 08:57:16",NULL
9509,9509,9509,2,NULL,"2026-01-19 08:57:16","2026-01-19 08:57:16",NULL
9510,9510,9510,2,NULL,"2026-01-19 08:57:16","2026-01-19 08:57:16",NULL
9511,9511,9511,2,NULL,"2026-01-19 08:57:16","2026-01-19 08:57:16",NULL
9512,9512,9512,2,NULL,"2026-01-19 08:57:16","2026-01-19 08:57:16",NULL
9513,9513,9513,2,NULL,"2026-01-19 08:57:16","2026-01-19 08:57:16",NULL
9514,9514,9514,2,NULL,"2026-01-19 08:57:16","2026-01-19 08:57:16",NULL
9515,9515,9515,2,NULL,"2026-01-19 08:57:16","2026-01-19 08:57:16",NULL
9516,9516,9516,2,NULL,"2026-01-19 08:57:16","2026-01-19 08:57:16",NULL
9517,9517,9517,2,NULL,"2026-01-19 08:57:16","2026-01-19 08:57:16",NULL
9518,9518,9518,2,NULL,"2026-01-19 08:57:16","2026-01-19 08:57:16",NULL
9519,9519,9519,2,NULL,"2026-01-19 08:57:16","2026-01-19 08:57:16",NULL
9520,9520,9520,2,NULL,"2026-01-19 08:57:16","2026-01-19 08:57:16",NULL
9521,9521,9521,2,NULL,"2026-01-19 08:57:16","2026-01-19 08:57:16",NULL
9522,9522,9522,2,NULL,"2026-01-19 08:57:16","2026-01-19 08:57:16",NULL
9523,9523,9523,2,NULL,"2026-01-19 08:57:16","2026-01-19 08:57:16",NULL
9524,9524,9524,2,NULL,"2026-01-19 08:57:16","2026-01-19 08:57:16",NULL
9525,9525,9525,2,NULL,"2026-01-19 08:57:16","2026-01-19 08:57:16",NULL
9526,9526,9526,2,NULL,"2026-01-19 08:57:16","2026-01-19 08:57:16",NULL
9527,9527,9527,2,NULL,"2026-01-19 08:57:16","2026-01-19 08:57:16",NULL
9528,9528,9528,2,NULL,"2026-01-19 08:57:16","2026-01-19 08:57:16",NULL
9529,9529,9529,2,NULL,"2026-01-19 08:57:16","2026-01-19 08:57:16",NULL
9530,9530,9530,2,NULL,"2026-01-19 08:57:16","2026-01-19 08:57:16",NULL
9531,9531,9531,2,NULL,"2026-01-19 08:57:16","2026-01-19 08:57:16",NULL
9532,9532,9532,2,NULL,"2026-01-19 08:57:16","2026-01-19 08:57:16",NULL
9533,9533,9533,2,NULL,"2026-01-19 08:57:16","2026-01-19 08:57:16",NULL
9534,9534,9534,2,NULL,"2026-01-19 08:57:16","2026-01-19 08:57:16",NULL
9535,9535,9535,2,NULL,"2026-01-19 08:57:16","2026-01-19 08:57:16",NULL
9536,9536,9536,2,NULL,"2026-01-19 08:57:16","2026-01-19 08:57:16",NULL
9537,9537,9537,2,NULL,"2026-01-19 08:57:16","2026-01-19 08:57:16",NULL
9538,9538,9538,2,NULL,"2026-01-19 08:57:16","2026-01-19 08:57:16",NULL
9539,9539,9539,2,NULL,"2026-01-19 08:57:16","2026-01-19 08:57:16",NULL
9540,9540,9540,2,NULL,"2026-01-19 08:57:16","2026-01-19 08:57:16",NULL
9541,9541,9541,2,NULL,"2026-01-19 08:57:16","2026-01-19 08:57:16",NULL
9542,9542,9542,2,NULL,"2026-01-19 08:57:16","2026-01-19 08:57:16",NULL
9543,9543,9543,2,NULL,"2026-01-19 08:57:16","2026-01-19 08:57:16",NULL
9544,9544,9544,2,NULL,"2026-01-19 08:57:16","2026-01-19 08:57:16",NULL
9545,9545,9545,2,NULL,"2026-01-19 08:57:16","2026-01-19 08:57:16",NULL
9546,9546,9546,2,NULL,"2026-01-19 08:57:16","2026-01-19 08:57:16",NULL
9547,9547,9547,2,NULL,"2026-01-19 08:57:16","2026-01-19 08:57:16",NULL
9548,9548,9548,2,NULL,"2026-01-19 08:57:16","2026-01-19 08:57:16",NULL
9549,9549,9549,2,NULL,"2026-01-19 08:57:16","2026-01-19 08:57:16",NULL
9550,9550,9550,2,NULL,"2026-01-19 08:57:16","2026-01-19 08:57:16",NULL
9551,9551,9551,2,NULL,"2026-01-19 08:57:16","2026-01-19 08:57:16",NULL
9552,9552,9552,2,NULL,"2026-01-19 08:57:16","2026-01-19 08:57:16",NULL
9553,9553,9553,2,NULL,"2026-01-19 08:57:16","2026-01-19 08:57:16",NULL
9554,9554,9554,2,NULL,"2026-01-19 08:57:16","2026-01-19 08:57:16",NULL
9555,9555,9555,2,NULL,"2026-01-19 08:57:16","2026-01-19 08:57:16",NULL
9556,9556,9556,2,NULL,"2026-01-19 08:57:16","2026-01-19 08:57:16",NULL
9557,9557,9557,2,NULL,"2026-01-19 08:57:16","2026-01-19 08:57:16",NULL
9558,9558,9558,2,NULL,"2026-01-19 08:57:16","2026-01-19 08:57:16",NULL
9559,9559,9559,2,NULL,"2026-01-19 08:57:16","2026-01-19 08:57:16",NULL
9560,9560,9560,2,NULL,"2026-01-19 08:57:16","2026-01-19 08:57:16",NULL
9561,9561,9561,2,NULL,"2026-01-19 08:57:16","2026-01-19 08:57:16",NULL
9562,9562,9562,2,NULL,"2026-01-19 08:57:16","2026-01-19 08:57:16",NULL
9563,9563,9563,2,NULL,"2026-01-19 08:57:16","2026-01-19 08:57:16",NULL
9564,9564,9564,2,NULL,"2026-01-19 08:57:16","2026-01-19 08:57:16",NULL
9565,9565,9565,2,NULL,"2026-01-19 08:57:16","2026-01-19 08:57:16",NULL
9566,9566,9566,2,NULL,"2026-01-19 08:57:16","2026-01-19 08:57:16",NULL
9567,9567,9567,2,NULL,"2026-01-19 08:57:16","2026-01-19 08:57:16",NULL
9568,9568,9568,2,NULL,"2026-01-19 08:57:16","2026-01-19 08:57:16",NULL
9569,9569,9569,2,NULL,"2026-01-19 08:57:16","2026-01-19 08:57:16",NULL
9570,9570,9570,2,NULL,"2026-01-19 08:57:16","2026-01-19 08:57:16",NULL
9571,9571,9571,2,NULL,"2026-01-19 08:57:16","2026-01-19 08:57:16",NULL
9572,9572,9572,2,NULL,"2026-01-19 08:57:16","2026-01-19 08:57:16",NULL
9573,9573,9573,2,NULL,"2026-01-19 08:57:16","2026-01-19 08:57:16",NULL
9574,9574,9574,2,NULL,"2026-01-19 08:57:16","2026-01-19 08:57:16",NULL
9575,9575,9575,2,NULL,"2026-01-19 08:57:16","2026-01-19 08:57:16",NULL
9576,9576,9576,2,NULL,"2026-01-19 08:57:16","2026-01-19 08:57:16",NULL
9577,9577,9577,2,NULL,"2026-01-19 08:57:16","2026-01-19 08:57:16",NULL
9578,9578,9578,2,NULL,"2026-01-19 08:57:16","2026-01-19 08:57:16",NULL
9579,9579,9579,2,NULL,"2026-01-19 08:57:16","2026-01-19 08:57:16",NULL
9580,9580,9580,2,NULL,"2026-01-19 08:57:16","2026-01-19 08:57:16",NULL
9581,9581,9581,2,NULL,"2026-01-19 08:57:16","2026-01-19 08:57:16",NULL
9582,9582,9582,2,NULL,"2026-01-19 08:57:16","2026-01-19 08:57:16",NULL
9583,9583,9583,2,NULL,"2026-01-19 08:57:16","2026-01-19 08:57:16",NULL
9584,9584,9584,2,NULL,"2026-01-19 08:57:16","2026-01-19 08:57:16",NULL
9585,9585,9585,2,NULL,"2026-01-19 08:57:16","2026-01-19 08:57:16",NULL
9586,9586,9586,2,NULL,"2026-01-19 08:57:16","2026-01-19 08:57:16",NULL
9587,9587,9587,2,NULL,"2026-01-19 08:57:16","2026-01-19 08:57:16",NULL
9588,9588,9588,2,NULL,"2026-01-19 08:57:16","2026-01-19 08:57:16",NULL
9589,9589,9589,2,NULL,"2026-01-19 08:57:16","2026-01-19 08:57:16",NULL
9590,9590,9590,2,NULL,"2026-01-19 08:57:16","2026-01-19 08:57:16",NULL
9591,9591,9591,2,NULL,"2026-01-19 08:57:16","2026-01-19 08:57:16",NULL
9592,9592,9592,2,NULL,"2026-01-19 08:57:16","2026-01-19 08:57:16",NULL
9593,9593,9593,2,NULL,"2026-01-19 08:57:16","2026-01-19 08:57:16",NULL
9594,9594,9594,2,NULL,"2026-01-19 08:57:16","2026-01-19 08:57:16",NULL
9595,9595,9595,2,NULL,"2026-01-19 08:57:16","2026-01-19 08:57:16",NULL
9596,9596,9596,2,NULL,"2026-01-19 08:57:16","2026-01-19 08:57:16",NULL
9597,9597,9597,2,NULL,"2026-01-19 08:57:16","2026-01-19 08:57:16",NULL
9598,9598,9598,2,NULL,"2026-01-19 08:57:16","2026-01-19 08:57:16",NULL
9599,9599,9599,2,NULL,"2026-01-19 08:57:16","2026-01-19 08:57:16",NULL
9600,9600,9600,2,NULL,"2026-01-19 08:57:16","2026-01-19 08:57:16",NULL
9601,9601,9601,2,NULL,"2026-01-19 08:57:16","2026-01-19 08:57:16",NULL
9602,9602,9602,2,NULL,"2026-01-19 08:57:16","2026-01-19 08:57:16",NULL
9603,9603,9603,2,NULL,"2026-01-19 08:57:16","2026-01-19 08:57:16",NULL
9604,9604,9604,2,NULL,"2026-01-19 08:57:16","2026-01-19 08:57:16",NULL
9605,9605,9605,2,NULL,"2026-01-19 08:57:16","2026-01-19 08:57:16",NULL
9606,9606,9606,2,NULL,"2026-01-19 08:57:16","2026-01-19 08:57:16",NULL
9607,9607,9607,2,NULL,"2026-01-19 08:57:16","2026-01-19 08:57:16",NULL
9608,9608,9608,2,NULL,"2026-01-19 08:57:16","2026-01-19 08:57:16",NULL
9609,9609,9609,2,NULL,"2026-01-19 08:57:16","2026-01-19 08:57:16",NULL
9610,9610,9610,2,NULL,"2026-01-19 08:57:16","2026-01-19 08:57:16",NULL
9611,9611,9611,2,NULL,"2026-01-19 08:57:16","2026-01-19 08:57:16",NULL
9612,9612,9612,2,NULL,"2026-01-19 08:57:16","2026-01-19 08:57:16",NULL
9613,9613,9613,2,NULL,"2026-01-19 08:57:16","2026-01-19 08:57:16",NULL
9614,9614,9614,2,NULL,"2026-01-19 08:57:16","2026-01-19 08:57:16",NULL
9615,9615,9615,2,NULL,"2026-01-19 08:57:16","2026-01-19 08:57:16",NULL
9616,9616,9616,2,NULL,"2026-01-19 08:57:16","2026-01-19 08:57:16",NULL
9617,9617,9617,2,NULL,"2026-01-19 08:57:16","2026-01-19 08:57:16",NULL
9618,9618,9618,2,NULL,"2026-01-19 08:57:16","2026-01-19 08:57:16",NULL
9619,9619,9619,2,NULL,"2026-01-19 08:57:16","2026-01-19 08:57:16",NULL
9620,9620,9620,2,NULL,"2026-01-19 08:57:16","2026-01-19 08:57:16",NULL
9621,9621,9621,2,NULL,"2026-01-19 08:57:16","2026-01-19 08:57:16",NULL
9622,9622,9622,2,NULL,"2026-01-19 08:57:16","2026-01-19 08:57:16",NULL
9623,9623,9623,2,NULL,"2026-01-19 08:57:16","2026-01-19 08:57:16",NULL
9624,9624,9624,2,NULL,"2026-01-19 08:57:16","2026-01-19 08:57:16",NULL
9625,9625,9625,2,NULL,"2026-01-19 08:57:16","2026-01-19 08:57:16",NULL
9626,9626,9626,2,NULL,"2026-01-19 08:57:16","2026-01-19 08:57:16",NULL
9627,9627,9627,2,NULL,"2026-01-19 08:57:16","2026-01-19 08:57:16",NULL
9628,9628,9628,2,NULL,"2026-01-19 08:57:16","2026-01-19 08:57:16",NULL
9629,9629,9629,2,NULL,"2026-01-19 08:57:16","2026-01-19 08:57:16",NULL
9630,9630,9630,2,NULL,"2026-01-19 08:57:16","2026-01-19 08:57:16",NULL
9631,9631,9631,2,NULL,"2026-01-19 08:57:16","2026-01-19 08:57:16",NULL
9632,9632,9632,2,NULL,"2026-01-19 08:57:16","2026-01-19 08:57:16",NULL
9633,9633,9633,2,NULL,"2026-01-19 08:57:16","2026-01-19 08:57:16",NULL
9634,9634,9634,2,NULL,"2026-01-19 08:57:16","2026-01-19 08:57:16",NULL
9635,9635,9635,2,NULL,"2026-01-19 08:57:16","2026-01-19 08:57:16",NULL
9636,9636,9636,2,NULL,"2026-01-19 08:57:16","2026-01-19 08:57:16",NULL
9637,9637,9637,2,NULL,"2026-01-19 08:57:16","2026-01-19 08:57:16",NULL
9638,9638,9638,2,NULL,"2026-01-19 08:57:16","2026-01-19 08:57:16",NULL
9639,9639,9639,2,NULL,"2026-01-19 08:57:16","2026-01-19 08:57:16",NULL
9640,9640,9640,2,NULL,"2026-01-19 08:57:16","2026-01-19 08:57:16",NULL
9641,9641,9641,2,NULL,"2026-01-19 08:57:16","2026-01-19 08:57:16",NULL
9642,9642,9642,2,NULL,"2026-01-19 08:57:16","2026-01-19 08:57:16",NULL
9643,9643,9643,2,NULL,"2026-01-19 08:57:16","2026-01-19 08:57:16",NULL
9644,9644,9644,2,NULL,"2026-01-19 08:57:16","2026-01-19 08:57:16",NULL
9645,9645,9645,2,NULL,"2026-01-19 08:57:16","2026-01-19 08:57:16",NULL
9646,9646,9646,2,NULL,"2026-01-19 08:57:16","2026-01-19 08:57:16",NULL
9647,9647,9647,2,NULL,"2026-01-19 08:57:16","2026-01-19 08:57:16",NULL
9648,9648,9648,2,NULL,"2026-01-19 08:57:16","2026-01-19 08:57:16",NULL
9649,9649,9649,2,NULL,"2026-01-19 08:57:16","2026-01-19 08:57:16",NULL
9650,9650,9650,2,NULL,"2026-01-19 08:57:16","2026-01-19 08:57:16",NULL
9651,9651,9651,2,NULL,"2026-01-19 08:57:16","2026-01-19 08:57:16",NULL
9652,9652,9652,2,NULL,"2026-01-19 08:57:16","2026-01-19 08:57:16",NULL
9653,9653,9653,2,NULL,"2026-01-19 08:57:16","2026-01-19 08:57:16",NULL
9654,9654,9654,2,NULL,"2026-01-19 08:57:16","2026-01-19 08:57:16",NULL
9655,9655,9655,2,NULL,"2026-01-19 08:57:16","2026-01-19 08:57:16",NULL
9656,9656,9656,2,NULL,"2026-01-19 08:57:16","2026-01-19 08:57:16",NULL
9657,9657,9657,2,NULL,"2026-01-19 08:57:16","2026-01-19 08:57:16",NULL
9658,9658,9658,2,NULL,"2026-01-19 08:57:16","2026-01-19 08:57:16",NULL
9659,9659,9659,2,NULL,"2026-01-19 08:57:16","2026-01-19 08:57:16",NULL
9660,9660,9660,2,NULL,"2026-01-19 08:57:16","2026-01-19 08:57:16",NULL
9661,9661,9661,2,NULL,"2026-01-19 08:57:16","2026-01-19 08:57:16",NULL
9662,9662,9662,2,NULL,"2026-01-19 08:57:16","2026-01-19 08:57:16",NULL
9663,9663,9663,2,NULL,"2026-01-19 08:57:16","2026-01-19 08:57:16",NULL
9664,9664,9664,2,NULL,"2026-01-19 08:57:16","2026-01-19 08:57:16",NULL
9665,9665,9665,2,NULL,"2026-01-19 08:57:16","2026-01-19 08:57:16",NULL
9666,9666,9666,2,NULL,"2026-01-19 08:57:16","2026-01-19 08:57:16",NULL
9667,9667,9667,2,NULL,"2026-01-19 08:57:16","2026-01-19 08:57:16",NULL
9668,9668,9668,2,NULL,"2026-01-19 08:57:16","2026-01-19 08:57:16",NULL
9669,9669,9669,2,NULL,"2026-01-19 08:57:16","2026-01-19 08:57:16",NULL
9670,9670,9670,2,NULL,"2026-01-19 08:57:16","2026-01-19 08:57:16",NULL
9671,9671,9671,2,NULL,"2026-01-19 08:57:16","2026-01-19 08:57:16",NULL
9672,9672,9672,2,NULL,"2026-01-19 08:57:16","2026-01-19 08:57:16",NULL
9673,9673,9673,2,NULL,"2026-01-19 08:57:16","2026-01-19 08:57:16",NULL
9674,9674,9674,2,NULL,"2026-01-19 08:57:16","2026-01-19 08:57:16",NULL
9675,9675,9675,2,NULL,"2026-01-19 08:57:16","2026-01-19 08:57:16",NULL
9676,9676,9676,2,NULL,"2026-01-19 08:57:16","2026-01-19 08:57:16",NULL
9677,9677,9677,2,NULL,"2026-01-19 08:57:16","2026-01-19 08:57:16",NULL
9678,9678,9678,2,NULL,"2026-01-19 08:57:16","2026-01-19 08:57:16",NULL
9679,9679,9679,2,NULL,"2026-01-19 08:57:16","2026-01-19 08:57:16",NULL
9680,9680,9680,2,NULL,"2026-01-19 08:57:16","2026-01-19 08:57:16",NULL
9681,9681,9681,2,NULL,"2026-01-19 08:57:16","2026-01-19 08:57:16",NULL
9682,9682,9682,2,NULL,"2026-01-19 08:57:16","2026-01-19 08:57:16",NULL
9683,9683,9683,2,NULL,"2026-01-19 08:57:16","2026-01-19 08:57:16",NULL
9684,9684,9684,2,NULL,"2026-01-19 08:57:16","2026-01-19 08:57:16",NULL
9685,9685,9685,2,NULL,"2026-01-19 08:57:16","2026-01-19 08:57:16",NULL
9686,9686,9686,2,NULL,"2026-01-19 08:57:16","2026-01-19 08:57:16",NULL
9687,9687,9687,2,NULL,"2026-01-19 08:57:16","2026-01-19 08:57:16",NULL
9688,9688,9688,2,NULL,"2026-01-19 08:57:16","2026-01-19 08:57:16",NULL
9689,9689,9689,2,NULL,"2026-01-19 08:57:16","2026-01-19 08:57:16",NULL
9690,9690,9690,2,NULL,"2026-01-19 08:57:16","2026-01-19 08:57:16",NULL
9691,9691,9691,2,NULL,"2026-01-19 08:57:16","2026-01-19 08:57:16",NULL
9692,9692,9692,2,NULL,"2026-01-19 08:57:16","2026-01-19 08:57:16",NULL
9693,9693,9693,2,NULL,"2026-01-19 08:57:16","2026-01-19 08:57:16",NULL
9694,9694,9694,2,NULL,"2026-01-19 08:57:16","2026-01-19 08:57:16",NULL
9695,9695,9695,2,NULL,"2026-01-19 08:57:16","2026-01-19 08:57:16",NULL
9696,9696,9696,2,NULL,"2026-01-19 08:57:16","2026-01-19 08:57:16",NULL
9697,9697,9697,2,NULL,"2026-01-19 08:57:16","2026-01-19 08:57:16",NULL
9698,9698,9698,2,NULL,"2026-01-19 08:57:16","2026-01-19 08:57:16",NULL
9699,9699,9699,2,NULL,"2026-01-19 08:57:16","2026-01-19 08:57:16",NULL
9700,9700,9700,2,NULL,"2026-01-19 08:57:16","2026-01-19 08:57:16",NULL
9701,9701,9701,2,NULL,"2026-01-19 08:57:16","2026-01-19 08:57:16",NULL
9702,9702,9702,2,NULL,"2026-01-19 08:57:16","2026-01-19 08:57:16",NULL
9703,9703,9703,2,NULL,"2026-01-19 08:57:16","2026-01-19 08:57:16",NULL
9704,9704,9704,2,NULL,"2026-01-19 08:57:16","2026-01-19 08:57:16",NULL
9705,9705,9705,2,NULL,"2026-01-19 08:57:16","2026-01-19 08:57:16",NULL
9706,9706,9706,2,NULL,"2026-01-19 08:57:16","2026-01-19 08:57:16",NULL
9707,9707,9707,2,NULL,"2026-01-19 08:57:16","2026-01-19 08:57:16",NULL
9708,9708,9708,2,NULL,"2026-01-19 08:57:16","2026-01-19 08:57:16",NULL
9709,9709,9709,2,NULL,"2026-01-19 08:57:16","2026-01-19 08:57:16",NULL
9710,9710,9710,2,NULL,"2026-01-19 08:57:16","2026-01-19 08:57:16",NULL
9711,9711,9711,2,NULL,"2026-01-19 08:57:16","2026-01-19 08:57:16",NULL
9712,9712,9712,2,NULL,"2026-01-19 08:57:16","2026-01-19 08:57:16",NULL
9713,9713,9713,2,NULL,"2026-01-19 08:57:16","2026-01-19 08:57:16",NULL
9714,9714,9714,2,NULL,"2026-01-19 08:57:16","2026-01-19 08:57:16",NULL
9715,9715,9715,2,NULL,"2026-01-19 08:57:16","2026-01-19 08:57:16",NULL
9716,9716,9716,2,NULL,"2026-01-19 08:57:16","2026-01-19 08:57:16",NULL
9717,9717,9717,2,NULL,"2026-01-19 08:57:16","2026-01-19 08:57:16",NULL
9718,9718,9718,2,NULL,"2026-01-19 08:57:16","2026-01-19 08:57:16",NULL
9719,9719,9719,2,NULL,"2026-01-19 08:57:16","2026-01-19 08:57:16",NULL
9720,9720,9720,2,NULL,"2026-01-19 08:57:16","2026-01-19 08:57:16",NULL
9721,9721,9721,2,NULL,"2026-01-19 08:57:16","2026-01-19 08:57:16",NULL
9722,9722,9722,2,NULL,"2026-01-19 08:57:16","2026-01-19 08:57:16",NULL
9723,9723,9723,2,NULL,"2026-01-19 08:57:16","2026-01-19 08:57:16",NULL
9724,9724,9724,2,NULL,"2026-01-19 08:57:16","2026-01-19 08:57:16",NULL
9725,9725,9725,2,NULL,"2026-01-19 08:57:16","2026-01-19 08:57:16",NULL
9726,9726,9726,2,NULL,"2026-01-19 08:57:16","2026-01-19 08:57:16",NULL
9727,9727,9727,2,NULL,"2026-01-19 08:57:16","2026-01-19 08:57:16",NULL
9728,9728,9728,2,NULL,"2026-01-19 08:57:16","2026-01-19 08:57:16",NULL
9729,9729,9729,2,NULL,"2026-01-19 08:57:16","2026-01-19 08:57:16",NULL
9730,9730,9730,2,NULL,"2026-01-19 08:57:16","2026-01-19 08:57:16",NULL
9731,9731,9731,2,NULL,"2026-01-19 08:57:16","2026-01-19 08:57:16",NULL
9732,9732,9732,2,NULL,"2026-01-19 08:57:16","2026-01-19 08:57:16",NULL
9733,9733,9733,2,NULL,"2026-01-19 08:57:16","2026-01-19 08:57:16",NULL
9734,9734,9734,2,NULL,"2026-01-19 08:57:16","2026-01-19 08:57:16",NULL
9735,9735,9735,2,NULL,"2026-01-19 08:57:16","2026-01-19 08:57:16",NULL
9736,9736,9736,2,NULL,"2026-01-19 08:57:16","2026-01-19 08:57:16",NULL
9737,9737,9737,2,NULL,"2026-01-19 08:57:16","2026-01-19 08:57:16",NULL
9738,9738,9738,2,NULL,"2026-01-19 08:57:16","2026-01-19 08:57:16",NULL
9739,9739,9739,2,NULL,"2026-01-19 08:57:16","2026-01-19 08:57:16",NULL
9740,9740,9740,2,NULL,"2026-01-19 08:57:16","2026-01-19 08:57:16",NULL
9741,9741,9741,2,NULL,"2026-01-19 08:57:16","2026-01-19 08:57:16",NULL
9742,9742,9742,2,NULL,"2026-01-19 08:57:16","2026-01-19 08:57:16",NULL
9743,9743,9743,2,NULL,"2026-01-19 08:57:16","2026-01-19 08:57:16",NULL
9744,9744,9744,2,NULL,"2026-01-19 08:57:16","2026-01-19 08:57:16",NULL
9745,9745,9745,2,NULL,"2026-01-19 08:57:16","2026-01-19 08:57:16",NULL
9746,9746,9746,2,NULL,"2026-01-19 08:57:16","2026-01-19 08:57:16",NULL
9747,9747,9747,2,NULL,"2026-01-19 08:57:16","2026-01-19 08:57:16",NULL
9748,9748,9748,2,NULL,"2026-01-19 08:57:16","2026-01-19 08:57:16",NULL
9749,9749,9749,2,NULL,"2026-01-19 08:57:17","2026-01-19 08:57:17",NULL
9750,9750,9750,2,NULL,"2026-01-19 08:57:17","2026-01-19 08:57:17",NULL
9751,9751,9751,2,NULL,"2026-01-19 08:57:17","2026-01-19 08:57:17",NULL
9752,9752,9752,2,NULL,"2026-01-19 08:57:17","2026-01-19 08:57:17",NULL
9753,9753,9753,2,NULL,"2026-01-19 08:57:17","2026-01-19 08:57:17",NULL
9754,9754,9754,2,NULL,"2026-01-19 08:57:17","2026-01-19 08:57:17",NULL
9755,9755,9755,2,NULL,"2026-01-19 08:57:17","2026-01-19 08:57:17",NULL
9756,9756,9756,2,NULL,"2026-01-19 08:57:17","2026-01-19 08:57:17",NULL
9757,9757,9757,2,NULL,"2026-01-19 08:57:17","2026-01-19 08:57:17",NULL
9758,9758,9758,2,NULL,"2026-01-19 08:57:17","2026-01-19 08:57:17",NULL
9759,9759,9759,2,NULL,"2026-01-19 08:57:17","2026-01-19 08:57:17",NULL
9760,9760,9760,2,NULL,"2026-01-19 08:57:17","2026-01-19 08:57:17",NULL
9761,9761,9761,2,NULL,"2026-01-19 08:57:17","2026-01-19 08:57:17",NULL
9762,9762,9762,2,NULL,"2026-01-19 08:57:17","2026-01-19 08:57:17",NULL
9763,9763,9763,2,NULL,"2026-01-19 08:57:17","2026-01-19 08:57:17",NULL
9764,9764,9764,2,NULL,"2026-01-19 08:57:17","2026-01-19 08:57:17",NULL
9765,9765,9765,2,NULL,"2026-01-19 08:57:17","2026-01-19 08:57:17",NULL
9766,9766,9766,2,NULL,"2026-01-19 08:57:17","2026-01-19 08:57:17",NULL
9767,9767,9767,2,NULL,"2026-01-19 08:57:17","2026-01-19 08:57:17",NULL
9768,9768,9768,2,NULL,"2026-01-19 08:57:17","2026-01-19 08:57:17",NULL
9769,9769,9769,1,NULL,"2026-01-19 08:57:17","2026-01-19 08:57:17",NULL
9770,9770,9770,2,NULL,"2026-01-19 08:57:17","2026-01-19 08:57:17",NULL
9771,9771,9771,2,NULL,"2026-01-19 08:57:17","2026-01-19 08:57:17",NULL
9772,9772,9772,2,NULL,"2026-01-19 08:57:17","2026-01-19 08:57:17",NULL
9773,9773,9773,2,NULL,"2026-01-19 08:57:17","2026-01-19 08:57:17",NULL
9774,9774,9774,2,NULL,"2026-01-19 08:57:17","2026-01-19 08:57:17",NULL
9775,9775,9775,2,NULL,"2026-01-19 08:57:17","2026-01-19 08:57:17",NULL
9776,9776,9776,2,NULL,"2026-01-19 08:57:17","2026-01-19 08:57:17",NULL
9777,9777,9777,2,NULL,"2026-01-19 08:57:17","2026-01-19 08:57:17",NULL
9778,9778,9778,2,NULL,"2026-01-19 08:57:17","2026-01-19 08:57:17",NULL
9779,9779,9779,2,NULL,"2026-01-19 08:57:17","2026-01-19 08:57:17",NULL
9780,9780,9780,2,NULL,"2026-01-19 08:57:17","2026-01-19 08:57:17",NULL
9781,9781,9781,2,NULL,"2026-01-19 08:57:17","2026-01-19 08:57:17",NULL
9782,9782,9782,2,NULL,"2026-01-19 08:57:17","2026-01-19 08:57:17",NULL
9783,9783,9783,2,NULL,"2026-01-19 08:57:17","2026-01-19 08:57:17",NULL
9784,9784,9784,2,NULL,"2026-01-19 08:57:17","2026-01-19 08:57:17",NULL
9785,9785,9785,2,NULL,"2026-01-19 08:57:17","2026-01-19 08:57:17",NULL
9786,9786,9786,2,NULL,"2026-01-19 08:57:17","2026-01-19 08:57:17",NULL
9787,9787,9787,2,NULL,"2026-01-19 08:57:17","2026-01-19 08:57:17",NULL
9788,9788,9788,2,NULL,"2026-01-19 08:57:17","2026-01-19 08:57:17",NULL
9789,9789,9789,2,NULL,"2026-01-19 08:57:17","2026-01-19 08:57:17",NULL
9790,9790,9790,2,NULL,"2026-01-19 08:57:17","2026-01-19 08:57:17",NULL
9791,9791,9791,2,NULL,"2026-01-19 08:57:17","2026-01-19 08:57:17",NULL
9792,9792,9792,2,NULL,"2026-01-19 08:57:17","2026-01-19 08:57:17",NULL
9793,9793,9793,2,NULL,"2026-01-19 08:57:17","2026-01-19 08:57:17",NULL
9794,9794,9794,2,NULL,"2026-01-19 08:57:17","2026-01-19 08:57:17",NULL
9795,9795,9795,2,NULL,"2026-01-19 08:57:17","2026-01-19 08:57:17",NULL
9796,9796,9796,2,NULL,"2026-01-19 08:57:17","2026-01-19 08:57:17",NULL
9797,9797,9797,2,NULL,"2026-01-19 08:57:17","2026-01-19 08:57:17",NULL
9798,9798,9798,2,NULL,"2026-01-19 08:57:17","2026-01-19 08:57:17",NULL
9799,9799,9799,2,NULL,"2026-01-19 08:57:17","2026-01-19 08:57:17",NULL
9800,9800,9800,2,NULL,"2026-01-19 08:57:17","2026-01-19 08:57:17",NULL
9801,9801,9801,2,NULL,"2026-01-19 08:57:17","2026-01-19 08:57:17",NULL
9802,9802,9802,2,NULL,"2026-01-19 08:57:17","2026-01-19 08:57:17",NULL
9803,9803,9803,2,NULL,"2026-01-19 08:57:17","2026-01-19 08:57:17",NULL
9804,9804,9804,2,NULL,"2026-01-19 08:57:17","2026-01-19 08:57:17",NULL
9805,9805,9805,2,NULL,"2026-01-19 08:57:17","2026-01-19 08:57:17",NULL
9806,9806,9806,2,NULL,"2026-01-19 08:57:17","2026-01-19 08:57:17",NULL
9807,9807,9807,2,NULL,"2026-01-19 08:57:17","2026-01-19 08:57:17",NULL
9808,9808,9808,2,NULL,"2026-01-19 08:57:17","2026-01-19 08:57:17",NULL
9809,9809,9809,2,NULL,"2026-01-19 08:57:17","2026-01-19 08:57:17",NULL
9810,9810,9810,2,NULL,"2026-01-19 08:57:17","2026-01-19 08:57:17",NULL
9811,9811,9811,2,NULL,"2026-01-19 08:57:17","2026-01-19 08:57:17",NULL
9812,9812,9812,2,NULL,"2026-01-19 08:57:17","2026-01-19 08:57:17",NULL
9813,9813,9813,2,NULL,"2026-01-19 08:57:17","2026-01-19 08:57:17",NULL
9814,9814,9814,2,NULL,"2026-01-19 08:57:17","2026-01-19 08:57:17",NULL
9815,9815,9815,2,NULL,"2026-01-19 08:57:17","2026-01-19 08:57:17",NULL
9816,9816,9816,2,NULL,"2026-01-19 08:57:17","2026-01-19 08:57:17",NULL
9817,9817,9817,2,NULL,"2026-01-19 08:57:17","2026-01-19 08:57:17",NULL
9818,9818,9818,2,NULL,"2026-01-19 08:57:17","2026-01-19 08:57:17",NULL
9819,9819,9819,2,NULL,"2026-01-19 08:57:17","2026-01-19 08:57:17",NULL
9820,9820,9820,2,NULL,"2026-01-19 08:57:17","2026-01-19 08:57:17",NULL
9821,9821,9821,2,NULL,"2026-01-19 08:57:17","2026-01-19 08:57:17",NULL
9822,9822,9822,2,NULL,"2026-01-19 08:57:17","2026-01-19 08:57:17",NULL
9823,9823,9823,2,NULL,"2026-01-19 08:57:17","2026-01-19 08:57:17",NULL
9824,9824,9824,2,NULL,"2026-01-19 08:57:17","2026-01-19 08:57:17",NULL
9825,9825,9825,2,NULL,"2026-01-19 08:57:17","2026-01-19 08:57:17",NULL
9826,9826,9826,2,NULL,"2026-01-19 08:57:17","2026-01-19 08:57:17",NULL
9827,9827,9827,2,NULL,"2026-01-19 08:57:17","2026-01-19 08:57:17",NULL
9828,9828,9828,2,NULL,"2026-01-19 08:57:17","2026-01-19 08:57:17",NULL
9829,9829,9829,2,NULL,"2026-01-19 08:57:17","2026-01-19 08:57:17",NULL
9830,9830,9830,2,NULL,"2026-01-19 08:57:17","2026-01-19 08:57:17",NULL
9831,9831,9831,2,NULL,"2026-01-19 08:57:17","2026-01-19 08:57:17",NULL
9832,9832,9832,2,NULL,"2026-01-19 08:57:17","2026-01-19 08:57:17",NULL
9833,9833,9833,2,NULL,"2026-01-19 08:57:17","2026-01-19 08:57:17",NULL
9834,9834,9834,2,NULL,"2026-01-19 08:57:17","2026-01-19 08:57:17",NULL
9835,9835,9835,2,NULL,"2026-01-19 08:57:17","2026-01-19 08:57:17",NULL
9836,9836,9836,2,NULL,"2026-01-19 08:57:17","2026-01-19 08:57:17",NULL
9837,9837,9837,2,NULL,"2026-01-19 08:57:17","2026-01-19 08:57:17",NULL
9838,9838,9838,2,NULL,"2026-01-19 08:57:17","2026-01-19 08:57:17",NULL
9839,9839,9839,2,NULL,"2026-01-19 08:57:17","2026-01-19 08:57:17",NULL
9840,9840,9840,2,NULL,"2026-01-19 08:57:17","2026-01-19 08:57:17",NULL
9841,9841,9841,2,NULL,"2026-01-19 08:57:17","2026-01-19 08:57:17",NULL
9842,9842,9842,2,NULL,"2026-01-19 08:57:17","2026-01-19 08:57:17",NULL
9843,9843,9843,2,NULL,"2026-01-19 08:57:17","2026-01-19 08:57:17",NULL
9844,9844,9844,2,NULL,"2026-01-19 08:57:17","2026-01-19 08:57:17",NULL
9845,9845,9845,2,NULL,"2026-01-19 08:57:17","2026-01-19 08:57:17",NULL
9846,9846,9846,2,NULL,"2026-01-19 08:57:17","2026-01-19 08:57:17",NULL
9847,9847,9847,2,NULL,"2026-01-19 08:57:17","2026-01-19 08:57:17",NULL
9848,9848,9848,2,NULL,"2026-01-19 08:57:17","2026-01-19 08:57:17",NULL
9849,9849,9849,2,NULL,"2026-01-19 08:57:17","2026-01-19 08:57:17",NULL
9850,9850,9850,2,NULL,"2026-01-19 08:57:17","2026-01-19 08:57:17",NULL
9851,9851,9851,2,NULL,"2026-01-19 08:57:17","2026-01-19 08:57:17",NULL
9852,9852,9852,2,NULL,"2026-01-19 08:57:17","2026-01-19 08:57:17",NULL
9853,9853,9853,2,NULL,"2026-01-19 08:57:17","2026-01-19 08:57:17",NULL
9854,9854,9854,2,NULL,"2026-01-19 08:57:17","2026-01-19 08:57:17",NULL
9855,9855,9855,2,NULL,"2026-01-19 08:57:17","2026-01-19 08:57:17",NULL
9856,9856,9856,2,NULL,"2026-01-19 08:57:17","2026-01-19 08:57:17",NULL
9857,9857,9857,2,NULL,"2026-01-19 08:57:17","2026-01-19 08:57:17",NULL
9858,9858,9858,2,NULL,"2026-01-19 08:57:17","2026-01-19 08:57:17",NULL
9859,9859,9859,2,NULL,"2026-01-19 08:57:17","2026-01-19 08:57:17",NULL
9860,9860,9860,2,NULL,"2026-01-19 08:57:17","2026-01-19 08:57:17",NULL
9861,9861,9861,2,NULL,"2026-01-19 08:57:17","2026-01-19 08:57:17",NULL
9862,9862,9862,2,NULL,"2026-01-19 08:57:17","2026-01-19 08:57:17",NULL
9863,9863,9863,1,NULL,"2026-01-19 08:57:17","2026-01-19 08:57:17",NULL
9864,9864,9864,1,NULL,"2026-01-19 08:57:17","2026-01-19 08:57:17",NULL
9865,9865,9865,1,NULL,"2026-01-19 08:57:17","2026-01-19 08:57:17",NULL
9866,9866,9866,1,NULL,"2026-01-19 08:57:17","2026-01-19 08:57:17",NULL
9867,9867,9867,1,NULL,"2026-01-19 08:57:17","2026-01-19 08:57:17",NULL
9868,9868,9868,1,NULL,"2026-01-19 08:57:17","2026-01-19 08:57:17",NULL
9869,9869,9869,1,NULL,"2026-01-19 08:57:17","2026-01-19 08:57:17",NULL
9870,9870,9870,1,NULL,"2026-01-19 08:57:17","2026-01-19 08:57:17",NULL
9871,9871,9871,1,NULL,"2026-01-19 08:57:17","2026-01-19 08:57:17",NULL
9872,9872,9872,1,NULL,"2026-01-19 08:57:17","2026-01-19 08:57:17",NULL
9873,9873,9873,1,NULL,"2026-01-19 08:57:17","2026-01-19 08:57:17",NULL
9874,9874,9874,1,NULL,"2026-01-19 08:57:17","2026-01-19 08:57:17",NULL
9875,9875,9875,1,NULL,"2026-01-19 08:57:17","2026-01-19 08:57:17",NULL
9876,9876,9876,1,NULL,"2026-01-19 08:57:17","2026-01-19 08:57:17",NULL
9877,9877,9877,1,NULL,"2026-01-19 08:57:17","2026-01-19 08:57:17",NULL
9878,9878,9878,1,NULL,"2026-01-19 08:57:17","2026-01-19 08:57:17",NULL
9879,9879,9879,1,NULL,"2026-01-19 08:57:17","2026-01-19 08:57:17",NULL
9880,9880,9880,1,NULL,"2026-01-19 08:57:17","2026-01-19 08:57:17",NULL
9881,9881,9881,1,NULL,"2026-01-19 08:57:17","2026-01-19 08:57:17",NULL
9882,9882,9882,1,NULL,"2026-01-19 08:57:17","2026-01-19 08:57:17",NULL
9883,9883,9883,1,NULL,"2026-01-19 08:57:17","2026-01-19 08:57:17",NULL
9884,9884,9884,1,NULL,"2026-01-19 08:57:17","2026-01-19 08:57:17",NULL
9885,9885,9885,1,NULL,"2026-01-19 08:57:17","2026-01-19 08:57:17",NULL
9886,9886,9886,1,NULL,"2026-01-19 08:57:17","2026-01-19 08:57:17",NULL
9887,9887,9887,1,NULL,"2026-01-19 08:57:17","2026-01-19 08:57:17",NULL
9888,9888,9888,1,NULL,"2026-01-19 08:57:17","2026-01-19 08:57:17",NULL
9889,9889,9889,1,NULL,"2026-01-19 08:57:17","2026-01-19 08:57:17",NULL
9890,9890,9890,1,NULL,"2026-01-19 08:57:17","2026-01-19 08:57:17",NULL
9891,9891,9891,1,NULL,"2026-01-19 08:57:17","2026-01-19 08:57:17",NULL
9892,9892,9892,1,NULL,"2026-01-19 08:57:17","2026-01-19 08:57:17",NULL
9893,9893,9893,1,NULL,"2026-01-19 08:57:17","2026-01-19 08:57:17",NULL
9894,9894,9894,1,NULL,"2026-01-19 08:57:17","2026-01-19 08:57:17",NULL
9895,9895,9895,1,NULL,"2026-01-19 08:57:17","2026-01-19 08:57:17",NULL
9896,9896,9896,1,NULL,"2026-01-19 08:57:17","2026-01-19 08:57:17",NULL
9897,9897,9897,1,NULL,"2026-01-19 08:57:17","2026-01-19 08:57:17",NULL
9898,9898,9898,1,NULL,"2026-01-19 08:57:17","2026-01-19 08:57:17",NULL
9899,9899,9899,1,NULL,"2026-01-19 08:57:17","2026-01-19 08:57:17",NULL
9900,9900,9900,1,NULL,"2026-01-19 08:57:17","2026-01-19 08:57:17",NULL
9901,9901,9901,1,NULL,"2026-01-19 08:57:17","2026-01-19 08:57:17",NULL
9902,9902,9902,1,NULL,"2026-01-19 08:57:17","2026-01-19 08:57:17",NULL
9903,9903,9903,1,NULL,"2026-01-19 08:57:17","2026-01-19 08:57:17",NULL
9904,9904,9904,1,NULL,"2026-01-19 08:57:17","2026-01-19 08:57:17",NULL
9905,9905,9905,1,NULL,"2026-01-19 08:57:17","2026-01-19 08:57:17",NULL
9906,9906,9906,1,NULL,"2026-01-19 08:57:17","2026-01-19 08:57:17",NULL
9907,9907,9907,2,NULL,"2026-01-19 08:57:17","2026-01-19 08:57:17",NULL
9908,9908,9908,2,NULL,"2026-01-19 08:57:17","2026-01-19 08:57:17",NULL
9909,9909,9909,2,NULL,"2026-01-19 08:57:17","2026-01-19 08:57:17",NULL
9910,9910,9910,2,NULL,"2026-01-19 08:57:17","2026-01-19 08:57:17",NULL
9911,9911,9911,2,NULL,"2026-01-19 08:57:17","2026-01-19 08:57:17",NULL
9912,9912,9912,2,NULL,"2026-01-19 08:57:17","2026-01-19 08:57:17",NULL
9913,9913,9913,2,NULL,"2026-01-19 08:57:17","2026-01-19 08:57:17",NULL
9914,9914,9914,2,NULL,"2026-01-19 08:57:17","2026-01-19 08:57:17",NULL
9915,9915,9915,2,NULL,"2026-01-19 08:57:17","2026-01-19 08:57:17",NULL
9916,9916,9916,2,NULL,"2026-01-19 08:57:17","2026-01-19 08:57:17",NULL
9917,9917,9917,2,NULL,"2026-01-19 08:57:17","2026-01-19 08:57:17",NULL
9918,9918,9918,2,NULL,"2026-01-19 08:57:17","2026-01-19 08:57:17",NULL
9919,9919,9919,2,NULL,"2026-01-19 08:57:17","2026-01-19 08:57:17",NULL
9920,9920,9920,2,NULL,"2026-01-19 08:57:17","2026-01-19 08:57:17",NULL
9921,9921,9921,2,NULL,"2026-01-19 08:57:17","2026-01-19 08:57:17",NULL
9922,9922,9922,2,NULL,"2026-01-19 08:57:17","2026-01-19 08:57:17",NULL
9923,9923,9923,1,NULL,"2026-01-19 08:57:17","2026-01-19 08:57:17",NULL
9924,9924,9924,1,NULL,"2026-01-19 08:57:17","2026-01-19 08:57:17",NULL
9925,9925,9925,1,NULL,"2026-01-19 08:57:17","2026-01-19 08:57:17",NULL
9926,9926,9926,1,NULL,"2026-01-19 08:57:17","2026-01-19 08:57:17",NULL
9927,9927,9927,1,NULL,"2026-01-19 08:57:17","2026-01-19 08:57:17",NULL
9928,9928,9928,1,NULL,"2026-01-19 08:57:17","2026-01-19 08:57:17",NULL
9929,9929,9929,1,NULL,"2026-01-19 08:57:17","2026-01-19 08:57:17",NULL
9930,9930,9930,1,NULL,"2026-01-19 08:57:17","2026-01-19 08:57:17",NULL
9931,9931,9931,1,NULL,"2026-01-19 08:57:17","2026-01-19 08:57:17",NULL
9932,9932,9932,1,NULL,"2026-01-19 08:57:17","2026-01-19 08:57:17",NULL
9933,9933,9933,1,NULL,"2026-01-19 08:57:17","2026-01-19 08:57:17",NULL
9934,9934,9934,1,NULL,"2026-01-19 08:57:17","2026-01-19 08:57:17",NULL
9935,9935,9935,1,NULL,"2026-01-19 08:57:17","2026-01-19 08:57:17",NULL
9936,9936,9936,1,NULL,"2026-01-19 08:57:17","2026-01-19 08:57:17",NULL
9937,9937,9937,1,NULL,"2026-01-19 08:57:17","2026-01-19 08:57:17",NULL
9938,9938,9938,1,NULL,"2026-01-19 08:57:17","2026-01-19 08:57:17",NULL
9939,9939,9939,1,NULL,"2026-01-19 08:57:17","2026-01-19 08:57:17",NULL
9940,9940,9940,1,NULL,"2026-01-19 08:57:17","2026-01-19 08:57:17",NULL
9941,9941,9941,1,NULL,"2026-01-19 08:57:17","2026-01-19 08:57:17",NULL
9942,9942,9942,1,NULL,"2026-01-19 08:57:17","2026-01-19 08:57:17",NULL
9943,9943,9943,1,NULL,"2026-01-19 08:57:17","2026-01-19 08:57:17",NULL
9944,9944,9944,1,NULL,"2026-01-19 08:57:17","2026-01-19 08:57:17",NULL
9945,9945,9945,1,NULL,"2026-01-19 08:57:17","2026-01-19 08:57:17",NULL
9946,9946,9946,1,NULL,"2026-01-19 08:57:17","2026-01-19 08:57:17",NULL
9947,9947,9947,1,NULL,"2026-01-19 08:57:17","2026-01-19 08:57:17",NULL
9948,9948,9948,1,NULL,"2026-01-19 08:57:17","2026-01-19 08:57:17",NULL
9949,9949,9949,1,NULL,"2026-01-19 08:57:17","2026-01-19 08:57:17",NULL
9950,9950,9950,1,NULL,"2026-01-19 08:57:17","2026-01-19 08:57:17",NULL
9951,9951,9951,1,NULL,"2026-01-19 08:57:17","2026-01-19 08:57:17",NULL
9952,9952,9952,1,NULL,"2026-01-19 08:57:17","2026-01-19 08:57:17",NULL
9953,9953,9953,1,NULL,"2026-01-19 08:57:17","2026-01-19 08:57:17",NULL
9954,9954,9954,1,NULL,"2026-01-19 08:57:17","2026-01-19 08:57:17",NULL
9955,9955,9955,1,NULL,"2026-01-19 08:57:17","2026-01-19 08:57:17",NULL
9956,9956,9956,1,NULL,"2026-01-19 08:57:17","2026-01-19 08:57:17",NULL
9957,9957,9957,1,NULL,"2026-01-19 08:57:17","2026-01-19 08:57:17",NULL
9958,9958,9958,1,NULL,"2026-01-19 08:57:17","2026-01-19 08:57:17",NULL
9959,9959,9959,1,NULL,"2026-01-19 08:57:17","2026-01-19 08:57:17",NULL
9960,9960,9960,1,NULL,"2026-01-19 08:57:17","2026-01-19 08:57:17",NULL
9961,9961,9961,1,NULL,"2026-01-19 08:57:17","2026-01-19 08:57:17",NULL
9962,9962,9962,1,NULL,"2026-01-19 08:57:17","2026-01-19 08:57:17",NULL
9963,9963,9963,1,NULL,"2026-01-19 08:57:17","2026-01-19 08:57:17",NULL
9964,9964,9964,1,NULL,"2026-01-19 08:57:17","2026-01-19 08:57:17",NULL
9965,9965,9965,1,NULL,"2026-01-19 08:57:17","2026-01-19 08:57:17",NULL
9966,9966,9966,1,NULL,"2026-01-19 08:57:17","2026-01-19 08:57:17",NULL
9967,9967,9967,1,NULL,"2026-01-19 08:57:17","2026-01-19 08:57:17",NULL
9968,9968,9968,1,NULL,"2026-01-19 08:57:17","2026-01-19 08:57:17",NULL
9969,9969,9969,1,NULL,"2026-01-19 08:57:17","2026-01-19 08:57:17",NULL
9970,9970,9970,1,NULL,"2026-01-19 08:57:17","2026-01-19 08:57:17",NULL
9971,9971,9971,1,NULL,"2026-01-19 08:57:17","2026-01-19 08:57:17",NULL
9972,9972,9972,1,NULL,"2026-01-19 08:57:17","2026-01-19 08:57:17",NULL
9973,9973,9973,1,NULL,"2026-01-19 08:57:17","2026-01-19 08:57:17",NULL
9974,9974,9974,1,NULL,"2026-01-19 08:57:17","2026-01-19 08:57:17",NULL
9975,9975,9975,1,NULL,"2026-01-19 08:57:17","2026-01-19 08:57:17",NULL
9976,9976,9976,1,NULL,"2026-01-19 08:57:17","2026-01-19 08:57:17",NULL
9977,9977,9977,1,NULL,"2026-01-19 08:57:17","2026-01-19 08:57:17",NULL
9978,9978,9978,1,NULL,"2026-01-19 08:57:17","2026-01-19 08:57:17",NULL
9979,9979,9979,1,NULL,"2026-01-19 08:57:17","2026-01-19 08:57:17",NULL
9980,9980,9980,1,NULL,"2026-01-19 08:57:17","2026-01-19 08:57:17",NULL
9981,9981,9981,1,NULL,"2026-01-19 08:57:17","2026-01-19 08:57:17",NULL
9982,9982,9982,1,NULL,"2026-01-19 08:57:17","2026-01-19 08:57:17",NULL
9983,9983,9983,1,NULL,"2026-01-19 08:57:17","2026-01-19 08:57:17",NULL
9984,9984,9984,1,NULL,"2026-01-19 08:57:17","2026-01-19 08:57:17",NULL
9985,9985,9985,1,NULL,"2026-01-19 08:57:17","2026-01-19 08:57:17",NULL
9986,9986,9986,1,NULL,"2026-01-19 08:57:17","2026-01-19 08:57:17",NULL
9987,9987,9987,1,NULL,"2026-01-19 08:57:17","2026-01-19 08:57:17",NULL
9988,9988,9988,1,NULL,"2026-01-19 08:57:17","2026-01-19 08:57:17",NULL
9989,9989,9989,1,NULL,"2026-01-19 08:57:17","2026-01-19 08:57:17",NULL
9990,9990,9990,1,NULL,"2026-01-19 08:57:17","2026-01-19 08:57:17",NULL
9991,9991,9991,1,NULL,"2026-01-19 08:57:17","2026-01-19 08:57:17",NULL
9992,9992,9992,1,NULL,"2026-01-19 08:57:17","2026-01-19 08:57:17",NULL
9993,9993,9993,1,NULL,"2026-01-19 08:57:17","2026-01-19 08:57:17",NULL
9994,9994,9994,1,NULL,"2026-01-19 08:57:17","2026-01-19 08:57:17",NULL
9995,9995,9995,1,NULL,"2026-01-19 08:57:17","2026-01-19 08:57:17",NULL
9996,9996,9996,1,NULL,"2026-01-19 08:57:17","2026-01-19 08:57:17",NULL
9997,9997,9997,1,NULL,"2026-01-19 08:57:17","2026-01-19 08:57:17",NULL
9998,9998,9998,1,NULL,"2026-01-19 08:57:17","2026-01-19 08:57:17",NULL
9999,9999,9999,1,NULL,"2026-01-19 08:57:17","2026-01-19 08:57:17",NULL
10000,10000,10000,1,NULL,"2026-01-19 08:57:17","2026-01-19 08:57:17",NULL
