pincode_id,pincode,status,created_at,updated_at,deleted_at
1,110001,0,"2026-01-13 22:15:25","2026-01-13 22:15:25",NULL
2,110001,0,"2026-01-13 22:15:25","2026-01-13 22:15:25",NULL
3,110001,0,"2026-01-13 22:15:25","2026-01-13 22:15:25",NULL
4,110001,0,"2026-01-13 22:15:25","2026-01-13 22:15:25",NULL
5,110001,0,"2026-01-13 22:15:25","2026-01-13 22:15:25",NULL
6,110001,0,"2026-01-13 22:15:25","2026-01-13 22:15:25",NULL
7,110001,0,"2026-01-13 22:15:25","2026-01-13 22:15:25",NULL
8,110001,0,"2026-01-13 22:15:25","2026-01-13 22:15:25",NULL
9,110001,0,"2026-01-13 22:15:25","2026-01-13 22:15:25",NULL
10,110001,0,"2026-01-13 22:15:25","2026-01-13 22:15:25",NULL
11,110001,0,"2026-01-13 22:15:25","2026-01-13 22:15:25",NULL
12,110001,0,"2026-01-13 22:15:25","2026-01-13 22:15:25",NULL
13,110001,0,"2026-01-13 22:15:25","2026-01-13 22:15:25",NULL
14,110001,0,"2026-01-13 22:15:25","2026-01-13 22:15:25",NULL
15,110001,0,"2026-01-13 22:15:25","2026-01-13 22:15:25",NULL
16,110001,0,"2026-01-13 22:15:25","2026-01-13 22:15:25",NULL
17,110001,0,"2026-01-13 22:15:25","2026-01-13 22:15:25",NULL
18,110001,0,"2026-01-13 22:15:25","2026-01-13 22:15:25",NULL
19,110001,0,"2026-01-13 22:15:25","2026-01-13 22:15:25",NULL
20,110001,0,"2026-01-13 22:15:25","2026-01-13 22:15:25",NULL
21,110002,0,"2026-01-13 22:15:25","2026-01-13 22:15:25",NULL
22,110002,0,"2026-01-13 22:15:25","2026-01-13 22:15:25",NULL
23,110002,0,"2026-01-13 22:15:25","2026-01-13 22:15:25",NULL
24,110002,0,"2026-01-13 22:15:25","2026-01-13 22:15:25",NULL
25,110002,0,"2026-01-13 22:15:25","2026-01-13 22:15:25",NULL
26,110002,0,"2026-01-13 22:15:25","2026-01-13 22:15:25",NULL
27,110002,0,"2026-01-13 22:15:25","2026-01-13 22:15:25",NULL
28,110002,0,"2026-01-13 22:15:25","2026-01-13 22:15:25",NULL
29,110003,0,"2026-01-13 22:15:25","2026-01-13 22:15:25",NULL
30,110003,0,"2026-01-13 22:15:25","2026-01-13 22:15:25",NULL
31,110003,0,"2026-01-13 22:15:25","2026-01-13 22:15:25",NULL
32,110003,0,"2026-01-13 22:15:25","2026-01-13 22:15:25",NULL
33,110003,0,"2026-01-13 22:15:25","2026-01-13 22:15:25",NULL
34,110003,0,"2026-01-13 22:15:25","2026-01-13 22:15:25",NULL
35,110003,0,"2026-01-13 22:15:25","2026-01-13 22:15:25",NULL
36,110003,0,"2026-01-13 22:15:25","2026-01-13 22:15:25",NULL
37,110003,0,"2026-01-13 22:15:25","2026-01-13 22:15:25",NULL
38,110008,0,"2026-01-13 22:15:25","2026-01-13 22:15:25",NULL
39,110008,0,"2026-01-13 22:15:25","2026-01-13 22:15:25",NULL
40,110008,0,"2026-01-13 22:15:25","2026-01-13 22:15:25",NULL
41,110008,0,"2026-01-13 22:15:25","2026-01-13 22:15:25",NULL
42,110008,0,"2026-01-13 22:15:25","2026-01-13 22:15:25",NULL
43,110009,0,"2026-01-13 22:15:25","2026-01-13 22:15:25",NULL
44,110009,0,"2026-01-13 22:15:25","2026-01-13 22:15:25",NULL
45,110009,0,"2026-01-13 22:15:25","2026-01-13 22:15:25",NULL
46,110009,0,"2026-01-13 22:15:25","2026-01-13 22:15:25",NULL
47,110009,0,"2026-01-13 22:15:25","2026-01-13 22:15:25",NULL
48,110009,0,"2026-01-13 22:15:25","2026-01-13 22:15:25",NULL
49,110009,0,"2026-01-13 22:15:25","2026-01-13 22:15:25",NULL
50,110010,0,"2026-01-13 22:15:25","2026-01-13 22:15:25",NULL
51,110010,0,"2026-01-13 22:15:25","2026-01-13 22:15:25",NULL
52,110010,0,"2026-01-13 22:15:25","2026-01-13 22:15:25",NULL
53,110010,0,"2026-01-13 22:15:25","2026-01-13 22:15:25",NULL
54,110010,0,"2026-01-13 22:15:25","2026-01-13 22:15:25",NULL
55,110010,0,"2026-01-13 22:15:25","2026-01-13 22:15:25",NULL
56,110010,0,"2026-01-13 22:15:25","2026-01-13 22:15:25",NULL
57,110010,0,"2026-01-13 22:15:25","2026-01-13 22:15:25",NULL
58,110010,0,"2026-01-13 22:15:25","2026-01-13 22:15:25",NULL
59,110010,0,"2026-01-13 22:15:25","2026-01-13 22:15:25",NULL
60,110003,0,"2026-01-13 22:15:25","2026-01-13 22:15:25",NULL
61,110004,0,"2026-01-13 22:15:25","2026-01-13 22:15:25",NULL
62,110005,0,"2026-01-13 22:15:25","2026-01-13 22:15:25",NULL
63,110005,0,"2026-01-13 22:15:25","2026-01-13 22:15:25",NULL
64,110005,0,"2026-01-13 22:15:25","2026-01-13 22:15:25",NULL
65,110005,0,"2026-01-13 22:15:25","2026-01-13 22:15:25",NULL
66,110005,0,"2026-01-13 22:15:25","2026-01-13 22:15:25",NULL
67,110005,0,"2026-01-13 22:15:25","2026-01-13 22:15:25",NULL
68,110005,0,"2026-01-13 22:15:25","2026-01-13 22:15:25",NULL
69,110005,0,"2026-01-13 22:15:25","2026-01-13 22:15:25",NULL
70,110006,0,"2026-01-13 22:15:25","2026-01-13 22:15:25",NULL
71,110006,0,"2026-01-13 22:15:25","2026-01-13 22:15:25",NULL
72,110006,0,"2026-01-13 22:15:25","2026-01-13 22:15:25",NULL
73,110006,0,"2026-01-13 22:15:25","2026-01-13 22:15:25",NULL
74,110006,0,"2026-01-13 22:15:25","2026-01-13 22:15:25",NULL
75,110006,0,"2026-01-13 22:15:25","2026-01-13 22:15:25",NULL
76,110006,0,"2026-01-13 22:15:25","2026-01-13 22:15:25",NULL
77,110006,0,"2026-01-13 22:15:25","2026-01-13 22:15:25",NULL
78,110006,0,"2026-01-13 22:15:25","2026-01-13 22:15:25",NULL
79,110007,0,"2026-01-13 22:15:25","2026-01-13 22:15:25",NULL
80,110007,0,"2026-01-13 22:15:25","2026-01-13 22:15:25",NULL
81,110007,0,"2026-01-13 22:15:25","2026-01-13 22:15:25",NULL
82,110007,0,"2026-01-13 22:15:25","2026-01-13 22:15:25",NULL
83,110007,0,"2026-01-13 22:15:25","2026-01-13 22:15:25",NULL
84,110007,0,"2026-01-13 22:15:25","2026-01-13 22:15:25",NULL
85,110007,0,"2026-01-13 22:15:25","2026-01-13 22:15:25",NULL
86,110007,0,"2026-01-13 22:15:25","2026-01-13 22:15:25",NULL
87,110007,0,"2026-01-13 22:15:25","2026-01-13 22:15:25",NULL
88,110007,0,"2026-01-13 22:15:25","2026-01-13 22:15:25",NULL
89,110007,0,"2026-01-13 22:15:25","2026-01-13 22:15:25",NULL
90,110007,0,"2026-01-13 22:15:25","2026-01-13 22:15:25",NULL
91,110007,0,"2026-01-13 22:15:25","2026-01-13 22:15:25",NULL
92,110010,0,"2026-01-13 22:15:25","2026-01-13 22:15:25",NULL
93,110010,0,"2026-01-13 22:15:25","2026-01-13 22:15:25",NULL
94,110010,0,"2026-01-13 22:15:25","2026-01-13 22:15:25",NULL
95,110010,0,"2026-01-13 22:15:25","2026-01-13 22:15:25",NULL
96,110011,0,"2026-01-13 22:15:25","2026-01-13 22:15:25",NULL
97,110011,0,"2026-01-13 22:15:25","2026-01-13 22:15:25",NULL
98,110011,0,"2026-01-13 22:15:25","2026-01-13 22:15:25",NULL
99,110012,0,"2026-01-13 22:15:25","2026-01-13 22:15:25",NULL
100,110012,0,"2026-01-13 22:15:25","2026-01-13 22:15:25",NULL
101,110012,0,"2026-01-13 22:15:25","2026-01-13 22:15:25",NULL
102,110013,0,"2026-01-13 22:15:26","2026-01-13 22:15:26",NULL
103,110013,0,"2026-01-13 22:15:26","2026-01-13 22:15:26",NULL
104,110014,0,"2026-01-13 22:15:26","2026-01-13 22:15:26",NULL
105,110014,0,"2026-01-13 22:15:26","2026-01-13 22:15:26",NULL
106,110014,0,"2026-01-13 22:15:26","2026-01-13 22:15:26",NULL
107,110014,0,"2026-01-13 22:15:26","2026-01-13 22:15:26",NULL
108,110015,0,"2026-01-13 22:15:26","2026-01-13 22:15:26",NULL
109,110015,0,"2026-01-13 22:15:26","2026-01-13 22:15:26",NULL
110,110015,0,"2026-01-13 22:15:26","2026-01-13 22:15:26",NULL
111,110015,0,"2026-01-13 22:15:26","2026-01-13 22:15:26",NULL
112,110015,0,"2026-01-13 22:15:26","2026-01-13 22:15:26",NULL
113,110015,0,"2026-01-13 22:15:26","2026-01-13 22:15:26",NULL
114,110015,0,"2026-01-13 22:15:26","2026-01-13 22:15:26",NULL
115,110015,0,"2026-01-13 22:15:26","2026-01-13 22:15:26",NULL
116,110016,0,"2026-01-13 22:15:26","2026-01-13 22:15:26",NULL
117,110016,0,"2026-01-13 22:15:26","2026-01-13 22:15:26",NULL
118,110016,0,"2026-01-13 22:15:26","2026-01-13 22:15:26",NULL
119,110016,0,"2026-01-13 22:15:26","2026-01-13 22:15:26",NULL
120,110016,0,"2026-01-13 22:15:26","2026-01-13 22:15:26",NULL
121,110016,0,"2026-01-13 22:15:26","2026-01-13 22:15:26",NULL
122,110017,0,"2026-01-13 22:15:26","2026-01-13 22:15:26",NULL
123,110017,0,"2026-01-13 22:15:26","2026-01-13 22:15:26",NULL
124,110017,0,"2026-01-13 22:15:26","2026-01-13 22:15:26",NULL
125,110017,0,"2026-01-13 22:15:26","2026-01-13 22:15:26",NULL
126,110017,0,"2026-01-13 22:15:26","2026-01-13 22:15:26",NULL
127,110017,0,"2026-01-13 22:15:26","2026-01-13 22:15:26",NULL
128,110017,0,"2026-01-13 22:15:26","2026-01-13 22:15:26",NULL
129,110017,0,"2026-01-13 22:15:26","2026-01-13 22:15:26",NULL
130,110018,0,"2026-01-13 22:15:26","2026-01-13 22:15:26",NULL
131,110018,0,"2026-01-13 22:15:26","2026-01-13 22:15:26",NULL
132,110018,0,"2026-01-13 22:15:26","2026-01-13 22:15:26",NULL
133,110018,0,"2026-01-13 22:15:26","2026-01-13 22:15:26",NULL
134,110018,0,"2026-01-13 22:15:26","2026-01-13 22:15:26",NULL
135,110018,0,"2026-01-13 22:15:26","2026-01-13 22:15:26",NULL
136,110018,0,"2026-01-13 22:15:26","2026-01-13 22:15:26",NULL
137,110018,0,"2026-01-13 22:15:26","2026-01-13 22:15:26",NULL
138,110018,0,"2026-01-13 22:15:26","2026-01-13 22:15:26",NULL
139,110018,0,"2026-01-13 22:15:26","2026-01-13 22:15:26",NULL
140,110018,0,"2026-01-13 22:15:26","2026-01-13 22:15:26",NULL
141,110018,0,"2026-01-13 22:15:26","2026-01-13 22:15:26",NULL
142,110019,0,"2026-01-13 22:15:26","2026-01-13 22:15:26",NULL
143,110019,0,"2026-01-13 22:15:26","2026-01-13 22:15:26",NULL
144,110019,0,"2026-01-13 22:15:26","2026-01-13 22:15:26",NULL
145,110019,0,"2026-01-13 22:15:26","2026-01-13 22:15:26",NULL
146,110019,0,"2026-01-13 22:15:26","2026-01-13 22:15:26",NULL
147,110019,0,"2026-01-13 22:15:26","2026-01-13 22:15:26",NULL
148,110019,0,"2026-01-13 22:15:26","2026-01-13 22:15:26",NULL
149,110019,0,"2026-01-13 22:15:26","2026-01-13 22:15:26",NULL
150,110020,0,"2026-01-13 22:15:26","2026-01-13 22:15:26",NULL
151,110020,0,"2026-01-13 22:15:26","2026-01-13 22:15:26",NULL
152,110020,0,"2026-01-13 22:15:26","2026-01-13 22:15:26",NULL
153,110022,0,"2026-01-13 22:15:26","2026-01-13 22:15:26",NULL
154,110022,0,"2026-01-13 22:15:26","2026-01-13 22:15:26",NULL
155,110022,0,"2026-01-13 22:15:26","2026-01-13 22:15:26",NULL
156,110022,0,"2026-01-13 22:15:26","2026-01-13 22:15:26",NULL
157,110022,0,"2026-01-13 22:15:26","2026-01-13 22:15:26",NULL
158,110023,0,"2026-01-13 22:15:26","2026-01-13 22:15:26",NULL
159,110023,0,"2026-01-13 22:15:26","2026-01-13 22:15:26",NULL
160,110023,0,"2026-01-13 22:15:26","2026-01-13 22:15:26",NULL
161,110023,0,"2026-01-13 22:15:26","2026-01-13 22:15:26",NULL
162,110023,0,"2026-01-13 22:15:26","2026-01-13 22:15:26",NULL
163,110048,0,"2026-01-13 22:15:26","2026-01-13 22:15:26",NULL
164,110023,0,"2026-01-13 22:15:26","2026-01-13 22:15:26",NULL
165,110024,0,"2026-01-13 22:15:26","2026-01-13 22:15:26",NULL
166,110024,0,"2026-01-13 22:15:26","2026-01-13 22:15:26",NULL
167,110024,0,"2026-01-13 22:15:26","2026-01-13 22:15:26",NULL
168,110024,0,"2026-01-13 22:15:26","2026-01-13 22:15:26",NULL
169,110025,0,"2026-01-13 22:15:26","2026-01-13 22:15:26",NULL
170,110025,0,"2026-01-13 22:15:26","2026-01-13 22:15:26",NULL
171,110025,0,"2026-01-13 22:15:26","2026-01-13 22:15:26",NULL
172,110025,0,"2026-01-13 22:15:26","2026-01-13 22:15:26",NULL
173,110025,0,"2026-01-13 22:15:26","2026-01-13 22:15:26",NULL
174,110026,0,"2026-01-13 22:15:26","2026-01-13 22:15:26",NULL
175,110026,0,"2026-01-13 22:15:26","2026-01-13 22:15:26",NULL
176,110026,0,"2026-01-13 22:15:26","2026-01-13 22:15:26",NULL
177,110026,0,"2026-01-13 22:15:26","2026-01-13 22:15:26",NULL
178,110027,0,"2026-01-13 22:15:26","2026-01-13 22:15:26",NULL
179,110027,0,"2026-01-13 22:15:26","2026-01-13 22:15:26",NULL
180,110027,0,"2026-01-13 22:15:26","2026-01-13 22:15:26",NULL
181,110027,0,"2026-01-13 22:15:26","2026-01-13 22:15:26",NULL
182,110027,0,"2026-01-13 22:15:26","2026-01-13 22:15:26",NULL
183,110027,0,"2026-01-13 22:15:26","2026-01-13 22:15:26",NULL
184,110028,0,"2026-01-13 22:15:26","2026-01-13 22:15:26",NULL
185,110028,0,"2026-01-13 22:15:26","2026-01-13 22:15:26",NULL
186,110028,0,"2026-01-13 22:15:26","2026-01-13 22:15:26",NULL
187,110028,0,"2026-01-13 22:15:26","2026-01-13 22:15:26",NULL
188,110029,0,"2026-01-13 22:15:26","2026-01-13 22:15:26",NULL
189,110029,0,"2026-01-13 22:15:26","2026-01-13 22:15:26",NULL
190,110029,0,"2026-01-13 22:15:26","2026-01-13 22:15:26",NULL
191,110030,0,"2026-01-13 22:15:26","2026-01-13 22:15:26",NULL
192,110030,0,"2026-01-13 22:15:26","2026-01-13 22:15:26",NULL
193,110030,0,"2026-01-13 22:15:26","2026-01-13 22:15:26",NULL
194,110030,0,"2026-01-13 22:15:26","2026-01-13 22:15:26",NULL
195,110030,0,"2026-01-13 22:15:26","2026-01-13 22:15:26",NULL
196,110030,0,"2026-01-13 22:15:26","2026-01-13 22:15:26",NULL
197,110030,0,"2026-01-13 22:15:26","2026-01-13 22:15:26",NULL
198,110031,0,"2026-01-13 22:15:26","2026-01-13 22:15:26",NULL
199,110031,0,"2026-01-13 22:15:26","2026-01-13 22:15:26",NULL
200,110031,0,"2026-01-13 22:15:26","2026-01-13 22:15:26",NULL
201,110020,0,"2026-01-13 22:15:26","2026-01-13 22:15:26",NULL
202,110021,0,"2026-01-13 22:15:26","2026-01-13 22:15:26",NULL
203,110021,0,"2026-01-13 22:15:26","2026-01-13 22:15:26",NULL
204,110021,0,"2026-01-13 22:15:26","2026-01-13 22:15:26",NULL
205,110021,0,"2026-01-13 22:15:26","2026-01-13 22:15:26",NULL
206,110021,0,"2026-01-13 22:15:26","2026-01-13 22:15:26",NULL
207,110021,0,"2026-01-13 22:15:26","2026-01-13 22:15:26",NULL
208,110022,0,"2026-01-13 22:15:26","2026-01-13 22:15:26",NULL
209,110022,0,"2026-01-13 22:15:26","2026-01-13 22:15:26",NULL
210,110022,0,"2026-01-13 22:15:26","2026-01-13 22:15:26",NULL
211,110036,0,"2026-01-13 22:15:26","2026-01-13 22:15:26",NULL
212,110036,0,"2026-01-13 22:15:26","2026-01-13 22:15:26",NULL
213,110037,0,"2026-01-13 22:15:26","2026-01-13 22:15:26",NULL
214,110037,0,"2026-01-13 22:15:26","2026-01-13 22:15:26",NULL
215,110037,0,"2026-01-13 22:15:26","2026-01-13 22:15:26",NULL
216,110037,0,"2026-01-13 22:15:26","2026-01-13 22:15:26",NULL
217,110037,0,"2026-01-13 22:15:26","2026-01-13 22:15:26",NULL
218,110037,0,"2026-01-13 22:15:26","2026-01-13 22:15:26",NULL
219,110037,0,"2026-01-13 22:15:26","2026-01-13 22:15:26",NULL
220,110038,0,"2026-01-13 22:15:26","2026-01-13 22:15:26",NULL
221,110038,0,"2026-01-13 22:15:26","2026-01-13 22:15:26",NULL
222,110039,0,"2026-01-13 22:15:26","2026-01-13 22:15:26",NULL
223,110039,0,"2026-01-13 22:15:26","2026-01-13 22:15:26",NULL
224,110039,0,"2026-01-13 22:15:26","2026-01-13 22:15:26",NULL
225,110039,0,"2026-01-13 22:15:26","2026-01-13 22:15:26",NULL
226,110039,0,"2026-01-13 22:15:26","2026-01-13 22:15:26",NULL
227,110039,0,"2026-01-13 22:15:26","2026-01-13 22:15:26",NULL
228,110039,0,"2026-01-13 22:15:26","2026-01-13 22:15:26",NULL
229,110039,0,"2026-01-13 22:15:26","2026-01-13 22:15:26",NULL
230,110031,0,"2026-01-13 22:15:26","2026-01-13 22:15:26",NULL
231,110031,0,"2026-01-13 22:15:26","2026-01-13 22:15:26",NULL
232,110031,0,"2026-01-13 22:15:26","2026-01-13 22:15:26",NULL
233,110031,0,"2026-01-13 22:15:26","2026-01-13 22:15:26",NULL
234,110032,0,"2026-01-13 22:15:26","2026-01-13 22:15:26",NULL
235,110032,0,"2026-01-13 22:15:26","2026-01-13 22:15:26",NULL
236,110032,0,"2026-01-13 22:15:26","2026-01-13 22:15:26",NULL
237,110032,0,"2026-01-13 22:15:26","2026-01-13 22:15:26",NULL
238,110032,0,"2026-01-13 22:15:26","2026-01-13 22:15:26",NULL
239,110032,0,"2026-01-13 22:15:26","2026-01-13 22:15:26",NULL
240,110032,0,"2026-01-13 22:15:26","2026-01-13 22:15:26",NULL
241,110032,0,"2026-01-13 22:15:26","2026-01-13 22:15:26",NULL
242,110032,0,"2026-01-13 22:15:26","2026-01-13 22:15:26",NULL
243,110032,0,"2026-01-13 22:15:26","2026-01-13 22:15:26",NULL
244,110032,0,"2026-01-13 22:15:26","2026-01-13 22:15:26",NULL
245,110032,0,"2026-01-13 22:15:26","2026-01-13 22:15:26",NULL
246,110032,0,"2026-01-13 22:15:26","2026-01-13 22:15:26",NULL
247,110033,0,"2026-01-13 22:15:26","2026-01-13 22:15:26",NULL
248,110033,0,"2026-01-13 22:15:26","2026-01-13 22:15:26",NULL
249,110033,0,"2026-01-13 22:15:26","2026-01-13 22:15:26",NULL
250,110033,0,"2026-01-13 22:15:26","2026-01-13 22:15:26",NULL
251,110033,0,"2026-01-13 22:15:26","2026-01-13 22:15:26",NULL
252,110033,0,"2026-01-13 22:15:26","2026-01-13 22:15:26",NULL
253,110034,0,"2026-01-13 22:15:26","2026-01-13 22:15:26",NULL
254,110034,0,"2026-01-13 22:15:26","2026-01-13 22:15:26",NULL
255,110034,0,"2026-01-13 22:15:26","2026-01-13 22:15:26",NULL
256,110034,0,"2026-01-13 22:15:26","2026-01-13 22:15:26",NULL
257,110034,0,"2026-01-13 22:15:26","2026-01-13 22:15:26",NULL
258,110034,0,"2026-01-13 22:15:26","2026-01-13 22:15:26",NULL
259,110034,0,"2026-01-13 22:15:26","2026-01-13 22:15:26",NULL
260,110035,0,"2026-01-13 22:15:26","2026-01-13 22:15:26",NULL
261,110035,0,"2026-01-13 22:15:26","2026-01-13 22:15:26",NULL
262,110035,0,"2026-01-13 22:15:26","2026-01-13 22:15:26",NULL
263,110035,0,"2026-01-13 22:15:26","2026-01-13 22:15:26",NULL
264,110035,0,"2026-01-13 22:15:26","2026-01-13 22:15:26",NULL
265,110035,0,"2026-01-13 22:15:26","2026-01-13 22:15:26",NULL
266,110035,0,"2026-01-13 22:15:26","2026-01-13 22:15:26",NULL
267,110036,0,"2026-01-13 22:15:26","2026-01-13 22:15:26",NULL
268,110036,0,"2026-01-13 22:15:26","2026-01-13 22:15:26",NULL
269,110036,0,"2026-01-13 22:15:26","2026-01-13 22:15:26",NULL
270,110036,0,"2026-01-13 22:15:26","2026-01-13 22:15:26",NULL
271,110036,0,"2026-01-13 22:15:26","2026-01-13 22:15:26",NULL
272,110036,0,"2026-01-13 22:15:26","2026-01-13 22:15:26",NULL
273,110036,0,"2026-01-13 22:15:26","2026-01-13 22:15:26",NULL
274,110036,0,"2026-01-13 22:15:26","2026-01-13 22:15:26",NULL
275,110039,0,"2026-01-13 22:15:26","2026-01-13 22:15:26",NULL
276,110039,0,"2026-01-13 22:15:26","2026-01-13 22:15:26",NULL
277,110040,0,"2026-01-13 22:15:26","2026-01-13 22:15:26",NULL
278,110040,0,"2026-01-13 22:15:26","2026-01-13 22:15:26",NULL
279,110040,0,"2026-01-13 22:15:26","2026-01-13 22:15:26",NULL
280,110040,0,"2026-01-13 22:15:26","2026-01-13 22:15:26",NULL
281,110040,0,"2026-01-13 22:15:26","2026-01-13 22:15:26",NULL
282,110040,0,"2026-01-13 22:15:26","2026-01-13 22:15:26",NULL
283,110041,0,"2026-01-13 22:15:26","2026-01-13 22:15:26",NULL
284,110041,0,"2026-01-13 22:15:26","2026-01-13 22:15:26",NULL
285,110041,0,"2026-01-13 22:15:26","2026-01-13 22:15:26",NULL
286,110041,0,"2026-01-13 22:15:26","2026-01-13 22:15:26",NULL
287,110041,0,"2026-01-13 22:15:26","2026-01-13 22:15:26",NULL
288,110041,0,"2026-01-13 22:15:26","2026-01-13 22:15:26",NULL
289,110041,0,"2026-01-13 22:15:26","2026-01-13 22:15:26",NULL
290,110041,0,"2026-01-13 22:15:26","2026-01-13 22:15:26",NULL
291,110041,0,"2026-01-13 22:15:26","2026-01-13 22:15:26",NULL
292,110042,0,"2026-01-13 22:15:26","2026-01-13 22:15:26",NULL
293,110042,0,"2026-01-13 22:15:26","2026-01-13 22:15:26",NULL
294,110042,0,"2026-01-13 22:15:26","2026-01-13 22:15:26",NULL
295,110042,0,"2026-01-13 22:15:26","2026-01-13 22:15:26",NULL
296,110042,0,"2026-01-13 22:15:26","2026-01-13 22:15:26",NULL
297,110043,0,"2026-01-13 22:15:26","2026-01-13 22:15:26",NULL
298,110043,0,"2026-01-13 22:15:26","2026-01-13 22:15:26",NULL
299,110043,0,"2026-01-13 22:15:26","2026-01-13 22:15:26",NULL
300,110043,0,"2026-01-13 22:15:26","2026-01-13 22:15:26",NULL
301,110043,0,"2026-01-13 22:15:26","2026-01-13 22:15:26",NULL
302,110043,0,"2026-01-13 22:15:26","2026-01-13 22:15:26",NULL
303,110043,0,"2026-01-13 22:15:26","2026-01-13 22:15:26",NULL
304,110043,0,"2026-01-13 22:15:26","2026-01-13 22:15:26",NULL
305,110043,0,"2026-01-13 22:15:26","2026-01-13 22:15:26",NULL
306,110043,0,"2026-01-13 22:15:26","2026-01-13 22:15:26",NULL
307,110043,0,"2026-01-13 22:15:26","2026-01-13 22:15:26",NULL
308,110043,0,"2026-01-13 22:15:26","2026-01-13 22:15:26",NULL
309,110043,0,"2026-01-13 22:15:26","2026-01-13 22:15:26",NULL
310,110044,0,"2026-01-13 22:15:26","2026-01-13 22:15:26",NULL
311,110044,0,"2026-01-13 22:15:26","2026-01-13 22:15:26",NULL
312,110044,0,"2026-01-13 22:15:26","2026-01-13 22:15:26",NULL
313,110044,0,"2026-01-13 22:15:26","2026-01-13 22:15:26",NULL
314,110044,0,"2026-01-13 22:15:26","2026-01-13 22:15:26",NULL
315,110044,0,"2026-01-13 22:15:26","2026-01-13 22:15:26",NULL
316,110044,0,"2026-01-13 22:15:26","2026-01-13 22:15:26",NULL
317,110045,0,"2026-01-13 22:15:26","2026-01-13 22:15:26",NULL
318,110045,0,"2026-01-13 22:15:26","2026-01-13 22:15:26",NULL
319,110045,0,"2026-01-13 22:15:26","2026-01-13 22:15:26",NULL
320,110045,0,"2026-01-13 22:15:26","2026-01-13 22:15:26",NULL
321,110046,0,"2026-01-13 22:15:26","2026-01-13 22:15:26",NULL
322,110046,0,"2026-01-13 22:15:26","2026-01-13 22:15:26",NULL
323,110047,0,"2026-01-13 22:15:26","2026-01-13 22:15:26",NULL
324,110047,0,"2026-01-13 22:15:26","2026-01-13 22:15:26",NULL
325,110047,0,"2026-01-13 22:15:26","2026-01-13 22:15:26",NULL
326,110047,0,"2026-01-13 22:15:26","2026-01-13 22:15:26",NULL
327,110048,0,"2026-01-13 22:15:26","2026-01-13 22:15:26",NULL
328,110048,0,"2026-01-13 22:15:26","2026-01-13 22:15:26",NULL
329,110086,0,"2026-01-13 22:15:26","2026-01-13 22:15:26",NULL
330,110049,0,"2026-01-13 22:15:26","2026-01-13 22:15:26",NULL
331,110049,0,"2026-01-13 22:15:26","2026-01-13 22:15:26",NULL
332,110049,0,"2026-01-13 22:15:26","2026-01-13 22:15:26",NULL
333,110049,0,"2026-01-13 22:15:26","2026-01-13 22:15:26",NULL
334,110049,0,"2026-01-13 22:15:26","2026-01-13 22:15:26",NULL
335,110049,0,"2026-01-13 22:15:26","2026-01-13 22:15:26",NULL
336,110053,0,"2026-01-13 22:15:26","2026-01-13 22:15:26",NULL
337,110054,0,"2026-01-13 22:15:26","2026-01-13 22:15:26",NULL
338,110054,0,"2026-01-13 22:15:26","2026-01-13 22:15:26",NULL
339,110054,0,"2026-01-13 22:15:26","2026-01-13 22:15:26",NULL
340,110054,0,"2026-01-13 22:15:26","2026-01-13 22:15:26",NULL
341,110054,0,"2026-01-13 22:15:26","2026-01-13 22:15:26",NULL
342,110055,0,"2026-01-13 22:15:26","2026-01-13 22:15:26",NULL
343,110055,0,"2026-01-13 22:15:26","2026-01-13 22:15:26",NULL
344,110055,0,"2026-01-13 22:15:26","2026-01-13 22:15:26",NULL
345,110055,0,"2026-01-13 22:15:26","2026-01-13 22:15:26",NULL
346,110056,0,"2026-01-13 22:15:26","2026-01-13 22:15:26",NULL
347,110057,0,"2026-01-13 22:15:26","2026-01-13 22:15:26",NULL
348,110057,0,"2026-01-13 22:15:26","2026-01-13 22:15:26",NULL
349,110058,0,"2026-01-13 22:15:26","2026-01-13 22:15:26",NULL
350,110058,0,"2026-01-13 22:15:26","2026-01-13 22:15:26",NULL
351,110058,0,"2026-01-13 22:15:26","2026-01-13 22:15:26",NULL
352,110058,0,"2026-01-13 22:15:26","2026-01-13 22:15:26",NULL
353,110058,0,"2026-01-13 22:15:26","2026-01-13 22:15:26",NULL
354,110059,0,"2026-01-13 22:15:26","2026-01-13 22:15:26",NULL
355,110059,0,"2026-01-13 22:15:26","2026-01-13 22:15:26",NULL
356,110059,0,"2026-01-13 22:15:26","2026-01-13 22:15:26",NULL
357,110059,0,"2026-01-13 22:15:26","2026-01-13 22:15:26",NULL
358,110059,0,"2026-01-13 22:15:26","2026-01-13 22:15:26",NULL
359,110060,0,"2026-01-13 22:15:26","2026-01-13 22:15:26",NULL
360,110061,0,"2026-01-13 22:15:26","2026-01-13 22:15:26",NULL
361,110061,0,"2026-01-13 22:15:26","2026-01-13 22:15:26",NULL
362,110062,0,"2026-01-13 22:15:26","2026-01-13 22:15:26",NULL
363,110062,0,"2026-01-13 22:15:26","2026-01-13 22:15:26",NULL
364,110062,0,"2026-01-13 22:15:26","2026-01-13 22:15:26",NULL
365,110062,0,"2026-01-13 22:15:26","2026-01-13 22:15:26",NULL
366,110062,0,"2026-01-13 22:15:26","2026-01-13 22:15:26",NULL
367,110062,0,"2026-01-13 22:15:26","2026-01-13 22:15:26",NULL
368,110062,0,"2026-01-13 22:15:26","2026-01-13 22:15:26",NULL
369,110062,0,"2026-01-13 22:15:26","2026-01-13 22:15:26",NULL
370,110062,0,"2026-01-13 22:15:26","2026-01-13 22:15:26",NULL
371,110062,0,"2026-01-13 22:15:26","2026-01-13 22:15:26",NULL
372,110062,0,"2026-01-13 22:15:26","2026-01-13 22:15:26",NULL
373,110063,0,"2026-01-13 22:15:26","2026-01-13 22:15:26",NULL
374,110063,0,"2026-01-13 22:15:26","2026-01-13 22:15:26",NULL
375,110063,0,"2026-01-13 22:15:26","2026-01-13 22:15:26",NULL
376,110063,0,"2026-01-13 22:15:26","2026-01-13 22:15:26",NULL
377,110063,0,"2026-01-13 22:15:26","2026-01-13 22:15:26",NULL
378,110051,0,"2026-01-13 22:15:26","2026-01-13 22:15:26",NULL
379,110051,0,"2026-01-13 22:15:26","2026-01-13 22:15:26",NULL
380,110051,0,"2026-01-13 22:15:26","2026-01-13 22:15:26",NULL
381,110051,0,"2026-01-13 22:15:26","2026-01-13 22:15:26",NULL
382,110052,0,"2026-01-13 22:15:26","2026-01-13 22:15:26",NULL
383,110052,0,"2026-01-13 22:15:26","2026-01-13 22:15:26",NULL
384,110052,0,"2026-01-13 22:15:26","2026-01-13 22:15:26",NULL
385,110052,0,"2026-01-13 22:15:26","2026-01-13 22:15:26",NULL
386,110052,0,"2026-01-13 22:15:26","2026-01-13 22:15:26",NULL
387,110053,0,"2026-01-13 22:15:26","2026-01-13 22:15:26",NULL
388,110053,0,"2026-01-13 22:15:26","2026-01-13 22:15:26",NULL
389,110053,0,"2026-01-13 22:15:26","2026-01-13 22:15:26",NULL
390,110053,0,"2026-01-13 22:15:26","2026-01-13 22:15:26",NULL
391,110053,0,"2026-01-13 22:15:26","2026-01-13 22:15:26",NULL
392,110053,0,"2026-01-13 22:15:26","2026-01-13 22:15:26",NULL
393,110053,0,"2026-01-13 22:15:26","2026-01-13 22:15:26",NULL
394,110053,0,"2026-01-13 22:15:26","2026-01-13 22:15:26",NULL
395,110074,0,"2026-01-13 22:15:26","2026-01-13 22:15:26",NULL
396,110074,0,"2026-01-13 22:15:26","2026-01-13 22:15:26",NULL
397,110074,0,"2026-01-13 22:15:26","2026-01-13 22:15:26",NULL
398,110074,0,"2026-01-13 22:15:26","2026-01-13 22:15:26",NULL
399,110074,0,"2026-01-13 22:15:26","2026-01-13 22:15:26",NULL
400,110075,0,"2026-01-13 22:15:26","2026-01-13 22:15:26",NULL
401,110075,0,"2026-01-13 22:15:26","2026-01-13 22:15:26",NULL
402,110075,0,"2026-01-13 22:15:26","2026-01-13 22:15:26",NULL
403,110076,0,"2026-01-13 22:15:26","2026-01-13 22:15:26",NULL
404,110076,0,"2026-01-13 22:15:26","2026-01-13 22:15:26",NULL
405,110077,0,"2026-01-13 22:15:26","2026-01-13 22:15:26",NULL
406,110077,0,"2026-01-13 22:15:26","2026-01-13 22:15:26",NULL
407,110077,0,"2026-01-13 22:15:26","2026-01-13 22:15:26",NULL
408,110077,0,"2026-01-13 22:15:26","2026-01-13 22:15:26",NULL
409,110077,0,"2026-01-13 22:15:26","2026-01-13 22:15:26",NULL
410,110078,0,"2026-01-13 22:15:26","2026-01-13 22:15:26",NULL
411,110078,0,"2026-01-13 22:15:26","2026-01-13 22:15:26",NULL
412,110063,0,"2026-01-13 22:15:26","2026-01-13 22:15:26",NULL
413,110064,0,"2026-01-13 22:15:26","2026-01-13 22:15:26",NULL
414,110064,0,"2026-01-13 22:15:26","2026-01-13 22:15:26",NULL
415,110064,0,"2026-01-13 22:15:26","2026-01-13 22:15:26",NULL
416,110064,0,"2026-01-13 22:15:26","2026-01-13 22:15:26",NULL
417,110064,0,"2026-01-13 22:15:26","2026-01-13 22:15:26",NULL
418,110065,0,"2026-01-13 22:15:26","2026-01-13 22:15:26",NULL
419,110065,0,"2026-01-13 22:15:26","2026-01-13 22:15:26",NULL
420,110065,0,"2026-01-13 22:15:26","2026-01-13 22:15:26",NULL
421,110065,0,"2026-01-13 22:15:26","2026-01-13 22:15:26",NULL
422,110065,0,"2026-01-13 22:15:26","2026-01-13 22:15:26",NULL
423,110066,0,"2026-01-13 22:15:26","2026-01-13 22:15:26",NULL
424,110066,0,"2026-01-13 22:15:26","2026-01-13 22:15:26",NULL
425,110067,0,"2026-01-13 22:15:26","2026-01-13 22:15:26",NULL
426,110067,0,"2026-01-13 22:15:26","2026-01-13 22:15:26",NULL
427,110067,0,"2026-01-13 22:15:26","2026-01-13 22:15:26",NULL
428,110068,0,"2026-01-13 22:15:26","2026-01-13 22:15:26",NULL
429,110068,0,"2026-01-13 22:15:26","2026-01-13 22:15:26",NULL
430,110068,0,"2026-01-13 22:15:26","2026-01-13 22:15:26",NULL
431,110069,0,"2026-01-13 22:15:26","2026-01-13 22:15:26",NULL
432,110070,0,"2026-01-13 22:15:26","2026-01-13 22:15:26",NULL
433,110070,0,"2026-01-13 22:15:26","2026-01-13 22:15:26",NULL
434,110070,0,"2026-01-13 22:15:26","2026-01-13 22:15:26",NULL
435,110071,0,"2026-01-13 22:15:26","2026-01-13 22:15:26",NULL
436,110071,0,"2026-01-13 22:15:26","2026-01-13 22:15:26",NULL
437,110071,0,"2026-01-13 22:15:26","2026-01-13 22:15:26",NULL
438,110071,0,"2026-01-13 22:15:26","2026-01-13 22:15:26",NULL
439,110072,0,"2026-01-13 22:15:26","2026-01-13 22:15:26",NULL
440,110072,0,"2026-01-13 22:15:26","2026-01-13 22:15:26",NULL
441,110073,0,"2026-01-13 22:15:26","2026-01-13 22:15:26",NULL
442,110073,0,"2026-01-13 22:15:26","2026-01-13 22:15:26",NULL
443,110073,0,"2026-01-13 22:15:26","2026-01-13 22:15:26",NULL
444,110073,0,"2026-01-13 22:15:26","2026-01-13 22:15:26",NULL
445,110073,0,"2026-01-13 22:15:26","2026-01-13 22:15:26",NULL
446,110073,0,"2026-01-13 22:15:26","2026-01-13 22:15:26",NULL
447,110073,0,"2026-01-13 22:15:26","2026-01-13 22:15:26",NULL
448,110073,0,"2026-01-13 22:15:26","2026-01-13 22:15:26",NULL
449,110073,0,"2026-01-13 22:15:26","2026-01-13 22:15:26",NULL
450,110073,0,"2026-01-13 22:15:26","2026-01-13 22:15:26",NULL
451,110073,0,"2026-01-13 22:15:26","2026-01-13 22:15:26",NULL
452,110074,0,"2026-01-13 22:15:26","2026-01-13 22:15:26",NULL
453,110074,0,"2026-01-13 22:15:26","2026-01-13 22:15:26",NULL
454,110078,0,"2026-01-13 22:15:26","2026-01-13 22:15:26",NULL
455,110078,0,"2026-01-13 22:15:26","2026-01-13 22:15:26",NULL
456,110080,0,"2026-01-13 22:15:26","2026-01-13 22:15:26",NULL
457,110081,0,"2026-01-13 22:15:26","2026-01-13 22:15:26",NULL
458,110081,0,"2026-01-13 22:15:26","2026-01-13 22:15:26",NULL
459,110081,0,"2026-01-13 22:15:26","2026-01-13 22:15:26",NULL
460,110081,0,"2026-01-13 22:15:26","2026-01-13 22:15:26",NULL
461,110081,0,"2026-01-13 22:15:26","2026-01-13 22:15:26",NULL
462,110081,0,"2026-01-13 22:15:26","2026-01-13 22:15:26",NULL
463,110081,0,"2026-01-13 22:15:26","2026-01-13 22:15:26",NULL
464,110081,0,"2026-01-13 22:15:26","2026-01-13 22:15:26",NULL
465,110081,0,"2026-01-13 22:15:26","2026-01-13 22:15:26",NULL
466,110081,0,"2026-01-13 22:15:26","2026-01-13 22:15:26",NULL
467,110081,0,"2026-01-13 22:15:26","2026-01-13 22:15:26",NULL
468,110082,0,"2026-01-13 22:15:26","2026-01-13 22:15:26",NULL
469,110082,0,"2026-01-13 22:15:26","2026-01-13 22:15:26",NULL
470,110082,0,"2026-01-13 22:15:26","2026-01-13 22:15:26",NULL
471,110082,0,"2026-01-13 22:15:26","2026-01-13 22:15:26",NULL
472,110083,0,"2026-01-13 22:15:26","2026-01-13 22:15:26",NULL
473,110083,0,"2026-01-13 22:15:26","2026-01-13 22:15:26",NULL
474,110083,0,"2026-01-13 22:15:26","2026-01-13 22:15:26",NULL
475,110083,0,"2026-01-13 22:15:26","2026-01-13 22:15:26",NULL
476,110084,0,"2026-01-13 22:15:26","2026-01-13 22:15:26",NULL
477,110084,0,"2026-01-13 22:15:26","2026-01-13 22:15:26",NULL
478,110084,0,"2026-01-13 22:15:26","2026-01-13 22:15:26",NULL
479,110084,0,"2026-01-13 22:15:26","2026-01-13 22:15:26",NULL
480,110085,0,"2026-01-13 22:15:26","2026-01-13 22:15:26",NULL
481,110085,0,"2026-01-13 22:15:26","2026-01-13 22:15:26",NULL
482,110085,0,"2026-01-13 22:15:26","2026-01-13 22:15:26",NULL
483,110085,0,"2026-01-13 22:15:26","2026-01-13 22:15:26",NULL
484,110085,0,"2026-01-13 22:15:26","2026-01-13 22:15:26",NULL
485,110085,0,"2026-01-13 22:15:26","2026-01-13 22:15:26",NULL
486,110085,0,"2026-01-13 22:15:26","2026-01-13 22:15:26",NULL
487,110086,0,"2026-01-13 22:15:26","2026-01-13 22:15:26",NULL
488,110086,0,"2026-01-13 22:15:26","2026-01-13 22:15:26",NULL
489,110086,0,"2026-01-13 22:15:26","2026-01-13 22:15:26",NULL
490,110086,0,"2026-01-13 22:15:26","2026-01-13 22:15:26",NULL
491,110086,0,"2026-01-13 22:15:26","2026-01-13 22:15:26",NULL
492,121106,0,"2026-01-13 22:15:26","2026-01-13 22:15:26",NULL
493,110086,0,"2026-01-13 22:15:26","2026-01-13 22:15:26",NULL
494,110087,0,"2026-01-13 22:15:26","2026-01-13 22:15:26",NULL
495,110087,0,"2026-01-13 22:15:26","2026-01-13 22:15:26",NULL
496,110088,0,"2026-01-13 22:15:26","2026-01-13 22:15:26",NULL
497,110088,0,"2026-01-13 22:15:26","2026-01-13 22:15:26",NULL
498,110088,0,"2026-01-13 22:15:26","2026-01-13 22:15:26",NULL
499,110089,0,"2026-01-13 22:15:26","2026-01-13 22:15:26",NULL
500,110090,0,"2026-01-13 22:15:26","2026-01-13 22:15:26",NULL
501,110090,0,"2026-01-13 22:15:26","2026-01-13 22:15:26",NULL
502,110090,0,"2026-01-13 22:15:26","2026-01-13 22:15:26",NULL
503,110090,0,"2026-01-13 22:15:26","2026-01-13 22:15:26",NULL
504,110091,0,"2026-01-13 22:15:26","2026-01-13 22:15:26",NULL
505,110091,0,"2026-01-13 22:15:26","2026-01-13 22:15:26",NULL
506,110091,0,"2026-01-13 22:15:26","2026-01-13 22:15:26",NULL
507,110091,0,"2026-01-13 22:15:26","2026-01-13 22:15:26",NULL
508,110091,0,"2026-01-13 22:15:26","2026-01-13 22:15:26",NULL
509,110091,0,"2026-01-13 22:15:26","2026-01-13 22:15:26",NULL
510,110091,0,"2026-01-13 22:15:26","2026-01-13 22:15:26",NULL
511,110092,0,"2026-01-13 22:15:26","2026-01-13 22:15:26",NULL
512,110094,0,"2026-01-13 22:15:26","2026-01-13 22:15:26",NULL
513,110094,0,"2026-01-13 22:15:26","2026-01-13 22:15:26",NULL
514,110094,0,"2026-01-13 22:15:26","2026-01-13 22:15:26",NULL
515,110094,0,"2026-01-13 22:15:26","2026-01-13 22:15:26",NULL
516,110094,0,"2026-01-13 22:15:26","2026-01-13 22:15:26",NULL
517,110095,0,"2026-01-13 22:15:26","2026-01-13 22:15:26",NULL
518,110095,0,"2026-01-13 22:15:26","2026-01-13 22:15:26",NULL
519,110095,0,"2026-01-13 22:15:26","2026-01-13 22:15:26",NULL
520,110095,0,"2026-01-13 22:15:26","2026-01-13 22:15:26",NULL
521,110095,0,"2026-01-13 22:15:26","2026-01-13 22:15:26",NULL
522,110095,0,"2026-01-13 22:15:26","2026-01-13 22:15:26",NULL
523,110095,0,"2026-01-13 22:15:26","2026-01-13 22:15:26",NULL
524,110095,0,"2026-01-13 22:15:26","2026-01-13 22:15:26",NULL
525,110096,0,"2026-01-13 22:15:26","2026-01-13 22:15:26",NULL
526,110096,0,"2026-01-13 22:15:26","2026-01-13 22:15:26",NULL
527,110096,0,"2026-01-13 22:15:26","2026-01-13 22:15:26",NULL
528,110097,0,"2026-01-13 22:15:26","2026-01-13 22:15:26",NULL
529,121001,0,"2026-01-13 22:15:26","2026-01-13 22:15:26",NULL
530,121001,0,"2026-01-13 22:15:26","2026-01-13 22:15:26",NULL
531,121001,0,"2026-01-13 22:15:26","2026-01-13 22:15:26",NULL
532,121001,0,"2026-01-13 22:15:26","2026-01-13 22:15:26",NULL
533,121001,0,"2026-01-13 22:15:26","2026-01-13 22:15:26",NULL
534,121001,0,"2026-01-13 22:15:26","2026-01-13 22:15:26",NULL
535,121001,0,"2026-01-13 22:15:26","2026-01-13 22:15:26",NULL
536,121001,0,"2026-01-13 22:15:26","2026-01-13 22:15:26",NULL
537,121002,0,"2026-01-13 22:15:26","2026-01-13 22:15:26",NULL
538,121002,0,"2026-01-13 22:15:26","2026-01-13 22:15:26",NULL
539,121002,0,"2026-01-13 22:15:26","2026-01-13 22:15:26",NULL
540,121002,0,"2026-01-13 22:15:26","2026-01-13 22:15:26",NULL
541,121002,0,"2026-01-13 22:15:26","2026-01-13 22:15:26",NULL
542,121002,0,"2026-01-13 22:15:26","2026-01-13 22:15:26",NULL
543,121003,0,"2026-01-13 22:15:26","2026-01-13 22:15:26",NULL
544,121003,0,"2026-01-13 22:15:26","2026-01-13 22:15:26",NULL
545,121003,0,"2026-01-13 22:15:26","2026-01-13 22:15:26",NULL
546,121003,0,"2026-01-13 22:15:26","2026-01-13 22:15:26",NULL
547,121003,0,"2026-01-13 22:15:26","2026-01-13 22:15:26",NULL
548,121004,0,"2026-01-13 22:15:26","2026-01-13 22:15:26",NULL
549,121004,0,"2026-01-13 22:15:26","2026-01-13 22:15:26",NULL
550,121004,0,"2026-01-13 22:15:26","2026-01-13 22:15:26",NULL
551,121004,0,"2026-01-13 22:15:26","2026-01-13 22:15:26",NULL
552,121004,0,"2026-01-13 22:15:26","2026-01-13 22:15:26",NULL
553,121004,0,"2026-01-13 22:15:26","2026-01-13 22:15:26",NULL
554,121004,0,"2026-01-13 22:15:26","2026-01-13 22:15:26",NULL
555,121004,0,"2026-01-13 22:15:26","2026-01-13 22:15:26",NULL
556,121004,0,"2026-01-13 22:15:26","2026-01-13 22:15:26",NULL
557,110092,0,"2026-01-13 22:15:26","2026-01-13 22:15:26",NULL
558,110092,0,"2026-01-13 22:15:26","2026-01-13 22:15:26",NULL
559,110092,0,"2026-01-13 22:15:26","2026-01-13 22:15:26",NULL
560,110092,0,"2026-01-13 22:15:26","2026-01-13 22:15:26",NULL
561,110092,0,"2026-01-13 22:15:26","2026-01-13 22:15:26",NULL
562,110092,0,"2026-01-13 22:15:26","2026-01-13 22:15:26",NULL
563,110092,0,"2026-01-13 22:15:26","2026-01-13 22:15:26",NULL
564,110093,0,"2026-01-13 22:15:26","2026-01-13 22:15:26",NULL
565,110093,0,"2026-01-13 22:15:26","2026-01-13 22:15:26",NULL
566,110093,0,"2026-01-13 22:15:26","2026-01-13 22:15:26",NULL
567,110093,0,"2026-01-13 22:15:26","2026-01-13 22:15:26",NULL
568,110093,0,"2026-01-13 22:15:26","2026-01-13 22:15:26",NULL
569,110093,0,"2026-01-13 22:15:26","2026-01-13 22:15:26",NULL
570,121102,0,"2026-01-13 22:15:26","2026-01-13 22:15:26",NULL
571,121102,0,"2026-01-13 22:15:26","2026-01-13 22:15:26",NULL
572,121102,0,"2026-01-13 22:15:26","2026-01-13 22:15:26",NULL
573,121102,0,"2026-01-13 22:15:26","2026-01-13 22:15:26",NULL
574,121102,0,"2026-01-13 22:15:26","2026-01-13 22:15:26",NULL
575,121102,0,"2026-01-13 22:15:26","2026-01-13 22:15:26",NULL
576,121102,0,"2026-01-13 22:15:26","2026-01-13 22:15:26",NULL
577,121102,0,"2026-01-13 22:15:26","2026-01-13 22:15:26",NULL
578,121102,0,"2026-01-13 22:15:26","2026-01-13 22:15:26",NULL
579,121102,0,"2026-01-13 22:15:26","2026-01-13 22:15:26",NULL
580,121102,0,"2026-01-13 22:15:26","2026-01-13 22:15:26",NULL
581,121102,0,"2026-01-13 22:15:26","2026-01-13 22:15:26",NULL
582,121102,0,"2026-01-13 22:15:26","2026-01-13 22:15:26",NULL
583,121102,0,"2026-01-13 22:15:26","2026-01-13 22:15:26",NULL
584,121102,0,"2026-01-13 22:15:26","2026-01-13 22:15:26",NULL
585,121102,0,"2026-01-13 22:15:26","2026-01-13 22:15:26",NULL
586,121103,0,"2026-01-13 22:15:26","2026-01-13 22:15:26",NULL
587,121004,0,"2026-01-13 22:15:26","2026-01-13 22:15:26",NULL
588,121004,0,"2026-01-13 22:15:26","2026-01-13 22:15:26",NULL
589,121004,0,"2026-01-13 22:15:26","2026-01-13 22:15:26",NULL
590,121004,0,"2026-01-13 22:15:26","2026-01-13 22:15:26",NULL
591,121004,0,"2026-01-13 22:15:26","2026-01-13 22:15:26",NULL
592,121004,0,"2026-01-13 22:15:26","2026-01-13 22:15:26",NULL
593,121004,0,"2026-01-13 22:15:26","2026-01-13 22:15:26",NULL
594,121004,0,"2026-01-13 22:15:26","2026-01-13 22:15:26",NULL
595,121004,0,"2026-01-13 22:15:26","2026-01-13 22:15:26",NULL
596,121004,0,"2026-01-13 22:15:27","2026-01-13 22:15:27",NULL
597,121004,0,"2026-01-13 22:15:27","2026-01-13 22:15:27",NULL
598,121004,0,"2026-01-13 22:15:27","2026-01-13 22:15:27",NULL
599,121004,0,"2026-01-13 22:15:27","2026-01-13 22:15:27",NULL
600,121004,0,"2026-01-13 22:15:27","2026-01-13 22:15:27",NULL
601,121004,0,"2026-01-13 22:15:27","2026-01-13 22:15:27",NULL
602,121005,0,"2026-01-13 22:15:27","2026-01-13 22:15:27",NULL
603,121005,0,"2026-01-13 22:15:27","2026-01-13 22:15:27",NULL
604,121005,0,"2026-01-13 22:15:27","2026-01-13 22:15:27",NULL
605,121006,0,"2026-01-13 22:15:27","2026-01-13 22:15:27",NULL
606,121006,0,"2026-01-13 22:15:27","2026-01-13 22:15:27",NULL
607,121006,0,"2026-01-13 22:15:27","2026-01-13 22:15:27",NULL
608,121006,0,"2026-01-13 22:15:27","2026-01-13 22:15:27",NULL
609,121007,0,"2026-01-13 22:15:27","2026-01-13 22:15:27",NULL
610,121007,0,"2026-01-13 22:15:27","2026-01-13 22:15:27",NULL
611,121007,0,"2026-01-13 22:15:27","2026-01-13 22:15:27",NULL
612,121008,0,"2026-01-13 22:15:27","2026-01-13 22:15:27",NULL
613,121009,0,"2026-01-13 22:15:27","2026-01-13 22:15:27",NULL
614,121010,0,"2026-01-13 22:15:27","2026-01-13 22:15:27",NULL
615,121012,0,"2026-01-13 22:15:27","2026-01-13 22:15:27",NULL
616,121013,0,"2026-01-13 22:15:27","2026-01-13 22:15:27",NULL
617,121101,0,"2026-01-13 22:15:27","2026-01-13 22:15:27",NULL
618,121101,0,"2026-01-13 22:15:27","2026-01-13 22:15:27",NULL
619,121101,0,"2026-01-13 22:15:27","2026-01-13 22:15:27",NULL
620,121101,0,"2026-01-13 22:15:27","2026-01-13 22:15:27",NULL
621,121101,0,"2026-01-13 22:15:27","2026-01-13 22:15:27",NULL
622,121101,0,"2026-01-13 22:15:27","2026-01-13 22:15:27",NULL
623,121101,0,"2026-01-13 22:15:27","2026-01-13 22:15:27",NULL
624,121101,0,"2026-01-13 22:15:27","2026-01-13 22:15:27",NULL
625,121101,0,"2026-01-13 22:15:27","2026-01-13 22:15:27",NULL
626,121102,0,"2026-01-13 22:15:27","2026-01-13 22:15:27",NULL
627,121102,0,"2026-01-13 22:15:27","2026-01-13 22:15:27",NULL
628,121102,0,"2026-01-13 22:15:27","2026-01-13 22:15:27",NULL
629,121102,0,"2026-01-13 22:15:27","2026-01-13 22:15:27",NULL
630,121102,0,"2026-01-13 22:15:27","2026-01-13 22:15:27",NULL
631,121102,0,"2026-01-13 22:15:27","2026-01-13 22:15:27",NULL
632,121102,0,"2026-01-13 22:15:27","2026-01-13 22:15:27",NULL
633,121102,0,"2026-01-13 22:15:27","2026-01-13 22:15:27",NULL
634,121103,0,"2026-01-13 22:15:27","2026-01-13 22:15:27",NULL
635,121103,0,"2026-01-13 22:15:27","2026-01-13 22:15:27",NULL
636,121103,0,"2026-01-13 22:15:27","2026-01-13 22:15:27",NULL
637,121103,0,"2026-01-13 22:15:27","2026-01-13 22:15:27",NULL
638,121103,0,"2026-01-13 22:15:27","2026-01-13 22:15:27",NULL
639,121103,0,"2026-01-13 22:15:27","2026-01-13 22:15:27",NULL
640,121103,0,"2026-01-13 22:15:27","2026-01-13 22:15:27",NULL
641,121103,0,"2026-01-13 22:15:27","2026-01-13 22:15:27",NULL
642,121103,0,"2026-01-13 22:15:27","2026-01-13 22:15:27",NULL
643,121103,0,"2026-01-13 22:15:27","2026-01-13 22:15:27",NULL
644,121103,0,"2026-01-13 22:15:27","2026-01-13 22:15:27",NULL
645,121105,0,"2026-01-13 22:15:27","2026-01-13 22:15:27",NULL
646,121105,0,"2026-01-13 22:15:27","2026-01-13 22:15:27",NULL
647,121105,0,"2026-01-13 22:15:27","2026-01-13 22:15:27",NULL
648,121105,0,"2026-01-13 22:15:27","2026-01-13 22:15:27",NULL
649,121105,0,"2026-01-13 22:15:27","2026-01-13 22:15:27",NULL
650,121105,0,"2026-01-13 22:15:27","2026-01-13 22:15:27",NULL
651,121105,0,"2026-01-13 22:15:27","2026-01-13 22:15:27",NULL
652,121105,0,"2026-01-13 22:15:27","2026-01-13 22:15:27",NULL
653,121105,0,"2026-01-13 22:15:27","2026-01-13 22:15:27",NULL
654,121106,0,"2026-01-13 22:15:27","2026-01-13 22:15:27",NULL
655,121106,0,"2026-01-13 22:15:27","2026-01-13 22:15:27",NULL
656,121106,0,"2026-01-13 22:15:27","2026-01-13 22:15:27",NULL
657,121106,0,"2026-01-13 22:15:27","2026-01-13 22:15:27",NULL
658,121106,0,"2026-01-13 22:15:27","2026-01-13 22:15:27",NULL
659,121106,0,"2026-01-13 22:15:27","2026-01-13 22:15:27",NULL
660,121106,0,"2026-01-13 22:15:27","2026-01-13 22:15:27",NULL
661,123001,0,"2026-01-13 22:15:27","2026-01-13 22:15:27",NULL
662,121106,0,"2026-01-13 22:15:27","2026-01-13 22:15:27",NULL
663,121106,0,"2026-01-13 22:15:27","2026-01-13 22:15:27",NULL
664,121107,0,"2026-01-13 22:15:27","2026-01-13 22:15:27",NULL
665,121107,0,"2026-01-13 22:15:27","2026-01-13 22:15:27",NULL
666,121107,0,"2026-01-13 22:15:27","2026-01-13 22:15:27",NULL
667,121107,0,"2026-01-13 22:15:27","2026-01-13 22:15:27",NULL
668,121107,0,"2026-01-13 22:15:27","2026-01-13 22:15:27",NULL
669,121107,0,"2026-01-13 22:15:27","2026-01-13 22:15:27",NULL
670,121107,0,"2026-01-13 22:15:27","2026-01-13 22:15:27",NULL
671,122001,0,"2026-01-13 22:15:27","2026-01-13 22:15:27",NULL
672,122001,0,"2026-01-13 22:15:27","2026-01-13 22:15:27",NULL
673,122001,0,"2026-01-13 22:15:27","2026-01-13 22:15:27",NULL
674,122001,0,"2026-01-13 22:15:27","2026-01-13 22:15:27",NULL
675,122001,0,"2026-01-13 22:15:27","2026-01-13 22:15:27",NULL
676,122001,0,"2026-01-13 22:15:27","2026-01-13 22:15:27",NULL
677,122001,0,"2026-01-13 22:15:27","2026-01-13 22:15:27",NULL
678,122001,0,"2026-01-13 22:15:27","2026-01-13 22:15:27",NULL
679,122001,0,"2026-01-13 22:15:27","2026-01-13 22:15:27",NULL
680,122001,0,"2026-01-13 22:15:27","2026-01-13 22:15:27",NULL
681,122001,0,"2026-01-13 22:15:27","2026-01-13 22:15:27",NULL
682,122001,0,"2026-01-13 22:15:27","2026-01-13 22:15:27",NULL
683,122002,0,"2026-01-13 22:15:27","2026-01-13 22:15:27",NULL
684,122002,0,"2026-01-13 22:15:27","2026-01-13 22:15:27",NULL
685,122002,0,"2026-01-13 22:15:27","2026-01-13 22:15:27",NULL
686,122003,0,"2026-01-13 22:15:27","2026-01-13 22:15:27",NULL
687,122003,0,"2026-01-13 22:15:27","2026-01-13 22:15:27",NULL
688,122003,0,"2026-01-13 22:15:27","2026-01-13 22:15:27",NULL
689,122003,0,"2026-01-13 22:15:27","2026-01-13 22:15:27",NULL
690,122003,0,"2026-01-13 22:15:27","2026-01-13 22:15:27",NULL
691,122004,0,"2026-01-13 22:15:27","2026-01-13 22:15:27",NULL
692,122004,0,"2026-01-13 22:15:27","2026-01-13 22:15:27",NULL
693,122004,0,"2026-01-13 22:15:27","2026-01-13 22:15:27",NULL
694,122004,0,"2026-01-13 22:15:27","2026-01-13 22:15:27",NULL
695,122004,0,"2026-01-13 22:15:27","2026-01-13 22:15:27",NULL
696,122004,0,"2026-01-13 22:15:27","2026-01-13 22:15:27",NULL
697,122005,0,"2026-01-13 22:15:27","2026-01-13 22:15:27",NULL
698,122006,0,"2026-01-13 22:15:27","2026-01-13 22:15:27",NULL
699,122006,0,"2026-01-13 22:15:27","2026-01-13 22:15:27",NULL
700,122006,0,"2026-01-13 22:15:27","2026-01-13 22:15:27",NULL
701,122007,0,"2026-01-13 22:15:27","2026-01-13 22:15:27",NULL
702,122008,0,"2026-01-13 22:15:27","2026-01-13 22:15:27",NULL
703,122009,0,"2026-01-13 22:15:27","2026-01-13 22:15:27",NULL
704,122010,0,"2026-01-13 22:15:27","2026-01-13 22:15:27",NULL
705,122011,0,"2026-01-13 22:15:27","2026-01-13 22:15:27",NULL
706,122015,0,"2026-01-13 22:15:27","2026-01-13 22:15:27",NULL
707,122015,0,"2026-01-13 22:15:27","2026-01-13 22:15:27",NULL
708,122016,0,"2026-01-13 22:15:27","2026-01-13 22:15:27",NULL
709,122016,0,"2026-01-13 22:15:27","2026-01-13 22:15:27",NULL
710,122017,0,"2026-01-13 22:15:27","2026-01-13 22:15:27",NULL
711,122017,0,"2026-01-13 22:15:27","2026-01-13 22:15:27",NULL
712,122018,0,"2026-01-13 22:15:27","2026-01-13 22:15:27",NULL
713,122051,0,"2026-01-13 22:15:27","2026-01-13 22:15:27",NULL
714,122051,0,"2026-01-13 22:15:27","2026-01-13 22:15:27",NULL
715,122051,0,"2026-01-13 22:15:27","2026-01-13 22:15:27",NULL
716,122052,0,"2026-01-13 22:15:27","2026-01-13 22:15:27",NULL
717,122101,0,"2026-01-13 22:15:27","2026-01-13 22:15:27",NULL
718,122101,0,"2026-01-13 22:15:27","2026-01-13 22:15:27",NULL
719,122101,0,"2026-01-13 22:15:27","2026-01-13 22:15:27",NULL
720,122101,0,"2026-01-13 22:15:27","2026-01-13 22:15:27",NULL
721,122101,0,"2026-01-13 22:15:27","2026-01-13 22:15:27",NULL
722,122102,0,"2026-01-13 22:15:27","2026-01-13 22:15:27",NULL
723,122102,0,"2026-01-13 22:15:27","2026-01-13 22:15:27",NULL
724,122102,0,"2026-01-13 22:15:27","2026-01-13 22:15:27",NULL
725,122102,0,"2026-01-13 22:15:27","2026-01-13 22:15:27",NULL
726,122102,0,"2026-01-13 22:15:27","2026-01-13 22:15:27",NULL
727,122102,0,"2026-01-13 22:15:27","2026-01-13 22:15:27",NULL
728,122102,0,"2026-01-13 22:15:27","2026-01-13 22:15:27",NULL
729,122103,0,"2026-01-13 22:15:27","2026-01-13 22:15:27",NULL
730,122103,0,"2026-01-13 22:15:27","2026-01-13 22:15:27",NULL
731,122103,0,"2026-01-13 22:15:27","2026-01-13 22:15:27",NULL
732,122103,0,"2026-01-13 22:15:27","2026-01-13 22:15:27",NULL
733,122103,0,"2026-01-13 22:15:27","2026-01-13 22:15:27",NULL
734,122103,0,"2026-01-13 22:15:27","2026-01-13 22:15:27",NULL
735,122103,0,"2026-01-13 22:15:27","2026-01-13 22:15:27",NULL
736,122103,0,"2026-01-13 22:15:27","2026-01-13 22:15:27",NULL
737,122103,0,"2026-01-13 22:15:27","2026-01-13 22:15:27",NULL
738,122103,0,"2026-01-13 22:15:27","2026-01-13 22:15:27",NULL
739,122103,0,"2026-01-13 22:15:27","2026-01-13 22:15:27",NULL
740,122104,0,"2026-01-13 22:15:27","2026-01-13 22:15:27",NULL
741,122104,0,"2026-01-13 22:15:27","2026-01-13 22:15:27",NULL
742,122104,0,"2026-01-13 22:15:27","2026-01-13 22:15:27",NULL
743,122104,0,"2026-01-13 22:15:27","2026-01-13 22:15:27",NULL
744,122104,0,"2026-01-13 22:15:27","2026-01-13 22:15:27",NULL
745,122104,0,"2026-01-13 22:15:27","2026-01-13 22:15:27",NULL
746,122105,0,"2026-01-13 22:15:27","2026-01-13 22:15:27",NULL
747,122105,0,"2026-01-13 22:15:27","2026-01-13 22:15:27",NULL
748,122105,0,"2026-01-13 22:15:27","2026-01-13 22:15:27",NULL
749,122105,0,"2026-01-13 22:15:27","2026-01-13 22:15:27",NULL
750,122105,0,"2026-01-13 22:15:27","2026-01-13 22:15:27",NULL
751,122105,0,"2026-01-13 22:15:27","2026-01-13 22:15:27",NULL
752,122105,0,"2026-01-13 22:15:27","2026-01-13 22:15:27",NULL
753,122105,0,"2026-01-13 22:15:27","2026-01-13 22:15:27",NULL
754,122105,0,"2026-01-13 22:15:27","2026-01-13 22:15:27",NULL
755,122105,0,"2026-01-13 22:15:27","2026-01-13 22:15:27",NULL
756,122107,0,"2026-01-13 22:15:27","2026-01-13 22:15:27",NULL
757,122107,0,"2026-01-13 22:15:27","2026-01-13 22:15:27",NULL
758,122107,0,"2026-01-13 22:15:27","2026-01-13 22:15:27",NULL
759,122107,0,"2026-01-13 22:15:27","2026-01-13 22:15:27",NULL
760,122107,0,"2026-01-13 22:15:27","2026-01-13 22:15:27",NULL
761,122107,0,"2026-01-13 22:15:27","2026-01-13 22:15:27",NULL
762,122107,0,"2026-01-13 22:15:27","2026-01-13 22:15:27",NULL
763,122107,0,"2026-01-13 22:15:27","2026-01-13 22:15:27",NULL
764,122107,0,"2026-01-13 22:15:27","2026-01-13 22:15:27",NULL
765,122108,0,"2026-01-13 22:15:27","2026-01-13 22:15:27",NULL
766,122108,0,"2026-01-13 22:15:27","2026-01-13 22:15:27",NULL
767,122108,0,"2026-01-13 22:15:27","2026-01-13 22:15:27",NULL
768,122108,0,"2026-01-13 22:15:27","2026-01-13 22:15:27",NULL
769,122108,0,"2026-01-13 22:15:27","2026-01-13 22:15:27",NULL
770,122108,0,"2026-01-13 22:15:27","2026-01-13 22:15:27",NULL
771,122108,0,"2026-01-13 22:15:27","2026-01-13 22:15:27",NULL
772,122413,0,"2026-01-13 22:15:27","2026-01-13 22:15:27",NULL
773,122413,0,"2026-01-13 22:15:27","2026-01-13 22:15:27",NULL
774,122413,0,"2026-01-13 22:15:27","2026-01-13 22:15:27",NULL
775,122413,0,"2026-01-13 22:15:27","2026-01-13 22:15:27",NULL
776,122413,0,"2026-01-13 22:15:27","2026-01-13 22:15:27",NULL
777,122006,0,"2026-01-13 22:15:27","2026-01-13 22:15:27",NULL
778,122502,0,"2026-01-13 22:15:27","2026-01-13 22:15:27",NULL
779,122502,0,"2026-01-13 22:15:27","2026-01-13 22:15:27",NULL
780,122502,0,"2026-01-13 22:15:27","2026-01-13 22:15:27",NULL
781,122502,0,"2026-01-13 22:15:27","2026-01-13 22:15:27",NULL
782,122502,0,"2026-01-13 22:15:27","2026-01-13 22:15:27",NULL
783,122503,0,"2026-01-13 22:15:27","2026-01-13 22:15:27",NULL
784,122503,0,"2026-01-13 22:15:27","2026-01-13 22:15:27",NULL
785,122503,0,"2026-01-13 22:15:27","2026-01-13 22:15:27",NULL
786,122503,0,"2026-01-13 22:15:27","2026-01-13 22:15:27",NULL
787,122503,0,"2026-01-13 22:15:27","2026-01-13 22:15:27",NULL
788,122503,0,"2026-01-13 22:15:27","2026-01-13 22:15:27",NULL
789,122503,0,"2026-01-13 22:15:27","2026-01-13 22:15:27",NULL
790,122504,0,"2026-01-13 22:15:27","2026-01-13 22:15:27",NULL
791,122504,0,"2026-01-13 22:15:27","2026-01-13 22:15:27",NULL
792,122504,0,"2026-01-13 22:15:27","2026-01-13 22:15:27",NULL
793,122504,0,"2026-01-13 22:15:27","2026-01-13 22:15:27",NULL
794,122504,0,"2026-01-13 22:15:27","2026-01-13 22:15:27",NULL
795,122504,0,"2026-01-13 22:15:27","2026-01-13 22:15:27",NULL
796,122504,0,"2026-01-13 22:15:27","2026-01-13 22:15:27",NULL
797,122505,0,"2026-01-13 22:15:27","2026-01-13 22:15:27",NULL
798,122505,0,"2026-01-13 22:15:27","2026-01-13 22:15:27",NULL
799,122505,0,"2026-01-13 22:15:27","2026-01-13 22:15:27",NULL
800,122505,0,"2026-01-13 22:15:27","2026-01-13 22:15:27",NULL
801,122505,0,"2026-01-13 22:15:27","2026-01-13 22:15:27",NULL
802,122505,0,"2026-01-13 22:15:27","2026-01-13 22:15:27",NULL
803,122506,0,"2026-01-13 22:15:27","2026-01-13 22:15:27",NULL
804,122506,0,"2026-01-13 22:15:27","2026-01-13 22:15:27",NULL
805,122506,0,"2026-01-13 22:15:27","2026-01-13 22:15:27",NULL
806,122506,0,"2026-01-13 22:15:27","2026-01-13 22:15:27",NULL
807,122506,0,"2026-01-13 22:15:27","2026-01-13 22:15:27",NULL
808,122508,0,"2026-01-13 22:15:27","2026-01-13 22:15:27",NULL
809,122508,0,"2026-01-13 22:15:27","2026-01-13 22:15:27",NULL
810,122508,0,"2026-01-13 22:15:27","2026-01-13 22:15:27",NULL
811,122508,0,"2026-01-13 22:15:27","2026-01-13 22:15:27",NULL
812,122508,0,"2026-01-13 22:15:27","2026-01-13 22:15:27",NULL
813,122508,0,"2026-01-13 22:15:27","2026-01-13 22:15:27",NULL
814,122508,0,"2026-01-13 22:15:27","2026-01-13 22:15:27",NULL
815,122508,0,"2026-01-13 22:15:27","2026-01-13 22:15:27",NULL
816,122508,0,"2026-01-13 22:15:27","2026-01-13 22:15:27",NULL
817,122508,0,"2026-01-13 22:15:27","2026-01-13 22:15:27",NULL
818,122508,0,"2026-01-13 22:15:27","2026-01-13 22:15:27",NULL
819,122508,0,"2026-01-13 22:15:27","2026-01-13 22:15:27",NULL
820,122508,0,"2026-01-13 22:15:27","2026-01-13 22:15:27",NULL
821,122508,0,"2026-01-13 22:15:27","2026-01-13 22:15:27",NULL
822,122508,0,"2026-01-13 22:15:27","2026-01-13 22:15:27",NULL
823,122508,0,"2026-01-13 22:15:27","2026-01-13 22:15:27",NULL
824,123001,0,"2026-01-13 22:15:27","2026-01-13 22:15:27",NULL
825,123001,0,"2026-01-13 22:15:27","2026-01-13 22:15:27",NULL
826,123001,0,"2026-01-13 22:15:27","2026-01-13 22:15:27",NULL
827,123001,0,"2026-01-13 22:15:27","2026-01-13 22:15:27",NULL
828,123001,0,"2026-01-13 22:15:27","2026-01-13 22:15:27",NULL
829,123001,0,"2026-01-13 22:15:27","2026-01-13 22:15:27",NULL
830,123001,0,"2026-01-13 22:15:27","2026-01-13 22:15:27",NULL
831,123001,0,"2026-01-13 22:15:27","2026-01-13 22:15:27",NULL
832,123001,0,"2026-01-13 22:15:27","2026-01-13 22:15:27",NULL
833,123001,0,"2026-01-13 22:15:27","2026-01-13 22:15:27",NULL
834,123001,0,"2026-01-13 22:15:27","2026-01-13 22:15:27",NULL
835,123302,0,"2026-01-13 22:15:27","2026-01-13 22:15:27",NULL
836,122413,0,"2026-01-13 22:15:27","2026-01-13 22:15:27",NULL
837,122413,0,"2026-01-13 22:15:27","2026-01-13 22:15:27",NULL
838,122414,0,"2026-01-13 22:15:27","2026-01-13 22:15:27",NULL
839,122414,0,"2026-01-13 22:15:27","2026-01-13 22:15:27",NULL
840,122414,0,"2026-01-13 22:15:27","2026-01-13 22:15:27",NULL
841,122414,0,"2026-01-13 22:15:27","2026-01-13 22:15:27",NULL
842,122414,0,"2026-01-13 22:15:27","2026-01-13 22:15:27",NULL
843,122414,0,"2026-01-13 22:15:27","2026-01-13 22:15:27",NULL
844,122502,0,"2026-01-13 22:15:27","2026-01-13 22:15:27",NULL
845,122502,0,"2026-01-13 22:15:27","2026-01-13 22:15:27",NULL
846,122502,0,"2026-01-13 22:15:27","2026-01-13 22:15:27",NULL
847,122502,0,"2026-01-13 22:15:27","2026-01-13 22:15:27",NULL
848,122502,0,"2026-01-13 22:15:27","2026-01-13 22:15:27",NULL
849,122502,0,"2026-01-13 22:15:27","2026-01-13 22:15:27",NULL
850,122502,0,"2026-01-13 22:15:27","2026-01-13 22:15:27",NULL
851,123021,0,"2026-01-13 22:15:27","2026-01-13 22:15:27",NULL
852,123021,0,"2026-01-13 22:15:27","2026-01-13 22:15:27",NULL
853,123021,0,"2026-01-13 22:15:27","2026-01-13 22:15:27",NULL
854,123021,0,"2026-01-13 22:15:27","2026-01-13 22:15:27",NULL
855,123021,0,"2026-01-13 22:15:27","2026-01-13 22:15:27",NULL
856,123021,0,"2026-01-13 22:15:27","2026-01-13 22:15:27",NULL
857,123021,0,"2026-01-13 22:15:27","2026-01-13 22:15:27",NULL
858,123021,0,"2026-01-13 22:15:27","2026-01-13 22:15:27",NULL
859,123021,0,"2026-01-13 22:15:27","2026-01-13 22:15:27",NULL
860,123023,0,"2026-01-13 22:15:27","2026-01-13 22:15:27",NULL
861,123023,0,"2026-01-13 22:15:27","2026-01-13 22:15:27",NULL
862,123023,0,"2026-01-13 22:15:27","2026-01-13 22:15:27",NULL
863,123023,0,"2026-01-13 22:15:27","2026-01-13 22:15:27",NULL
864,123023,0,"2026-01-13 22:15:27","2026-01-13 22:15:27",NULL
865,123023,0,"2026-01-13 22:15:27","2026-01-13 22:15:27",NULL
866,123023,0,"2026-01-13 22:15:27","2026-01-13 22:15:27",NULL
867,123023,0,"2026-01-13 22:15:27","2026-01-13 22:15:27",NULL
868,123023,0,"2026-01-13 22:15:27","2026-01-13 22:15:27",NULL
869,123023,0,"2026-01-13 22:15:27","2026-01-13 22:15:27",NULL
870,123023,0,"2026-01-13 22:15:27","2026-01-13 22:15:27",NULL
871,123023,0,"2026-01-13 22:15:27","2026-01-13 22:15:27",NULL
872,123023,0,"2026-01-13 22:15:27","2026-01-13 22:15:27",NULL
873,123023,0,"2026-01-13 22:15:27","2026-01-13 22:15:27",NULL
874,123024,0,"2026-01-13 22:15:27","2026-01-13 22:15:27",NULL
875,123024,0,"2026-01-13 22:15:27","2026-01-13 22:15:27",NULL
876,123024,0,"2026-01-13 22:15:27","2026-01-13 22:15:27",NULL
877,123024,0,"2026-01-13 22:15:27","2026-01-13 22:15:27",NULL
878,123024,0,"2026-01-13 22:15:27","2026-01-13 22:15:27",NULL
879,123024,0,"2026-01-13 22:15:27","2026-01-13 22:15:27",NULL
880,123024,0,"2026-01-13 22:15:27","2026-01-13 22:15:27",NULL
881,123024,0,"2026-01-13 22:15:27","2026-01-13 22:15:27",NULL
882,123024,0,"2026-01-13 22:15:27","2026-01-13 22:15:27",NULL
883,123024,0,"2026-01-13 22:15:27","2026-01-13 22:15:27",NULL
884,123024,0,"2026-01-13 22:15:27","2026-01-13 22:15:27",NULL
885,123027,0,"2026-01-13 22:15:27","2026-01-13 22:15:27",NULL
886,123027,0,"2026-01-13 22:15:27","2026-01-13 22:15:27",NULL
887,123027,0,"2026-01-13 22:15:27","2026-01-13 22:15:27",NULL
888,123027,0,"2026-01-13 22:15:27","2026-01-13 22:15:27",NULL
889,123027,0,"2026-01-13 22:15:27","2026-01-13 22:15:27",NULL
890,123027,0,"2026-01-13 22:15:27","2026-01-13 22:15:27",NULL
891,123027,0,"2026-01-13 22:15:27","2026-01-13 22:15:27",NULL
892,123027,0,"2026-01-13 22:15:27","2026-01-13 22:15:27",NULL
893,123027,0,"2026-01-13 22:15:27","2026-01-13 22:15:27",NULL
894,123001,0,"2026-01-13 22:15:27","2026-01-13 22:15:27",NULL
895,123001,0,"2026-01-13 22:15:27","2026-01-13 22:15:27",NULL
896,123001,0,"2026-01-13 22:15:27","2026-01-13 22:15:27",NULL
897,123001,0,"2026-01-13 22:15:27","2026-01-13 22:15:27",NULL
898,123001,0,"2026-01-13 22:15:27","2026-01-13 22:15:27",NULL
899,123001,0,"2026-01-13 22:15:27","2026-01-13 22:15:27",NULL
900,123001,0,"2026-01-13 22:15:27","2026-01-13 22:15:27",NULL
901,123001,0,"2026-01-13 22:15:27","2026-01-13 22:15:27",NULL
902,123001,0,"2026-01-13 22:15:27","2026-01-13 22:15:27",NULL
903,123001,0,"2026-01-13 22:15:27","2026-01-13 22:15:27",NULL
904,123001,0,"2026-01-13 22:15:27","2026-01-13 22:15:27",NULL
905,123001,0,"2026-01-13 22:15:27","2026-01-13 22:15:27",NULL
906,123001,0,"2026-01-13 22:15:27","2026-01-13 22:15:27",NULL
907,123001,0,"2026-01-13 22:15:27","2026-01-13 22:15:27",NULL
908,123001,0,"2026-01-13 22:15:27","2026-01-13 22:15:27",NULL
909,123021,0,"2026-01-13 22:15:27","2026-01-13 22:15:27",NULL
910,123021,0,"2026-01-13 22:15:27","2026-01-13 22:15:27",NULL
911,123021,0,"2026-01-13 22:15:27","2026-01-13 22:15:27",NULL
912,123021,0,"2026-01-13 22:15:27","2026-01-13 22:15:27",NULL
913,123021,0,"2026-01-13 22:15:27","2026-01-13 22:15:27",NULL
914,123021,0,"2026-01-13 22:15:27","2026-01-13 22:15:27",NULL
915,123021,0,"2026-01-13 22:15:27","2026-01-13 22:15:27",NULL
916,123021,0,"2026-01-13 22:15:27","2026-01-13 22:15:27",NULL
917,123021,0,"2026-01-13 22:15:27","2026-01-13 22:15:27",NULL
918,123035,0,"2026-01-13 22:15:27","2026-01-13 22:15:27",NULL
919,123101,0,"2026-01-13 22:15:27","2026-01-13 22:15:27",NULL
920,123101,0,"2026-01-13 22:15:27","2026-01-13 22:15:27",NULL
921,123101,0,"2026-01-13 22:15:27","2026-01-13 22:15:27",NULL
922,123101,0,"2026-01-13 22:15:27","2026-01-13 22:15:27",NULL
923,123101,0,"2026-01-13 22:15:27","2026-01-13 22:15:27",NULL
924,123101,0,"2026-01-13 22:15:27","2026-01-13 22:15:27",NULL
925,123101,0,"2026-01-13 22:15:27","2026-01-13 22:15:27",NULL
926,123102,0,"2026-01-13 22:15:27","2026-01-13 22:15:27",NULL
927,123102,0,"2026-01-13 22:15:27","2026-01-13 22:15:27",NULL
928,123102,0,"2026-01-13 22:15:27","2026-01-13 22:15:27",NULL
929,123102,0,"2026-01-13 22:15:27","2026-01-13 22:15:27",NULL
930,123102,0,"2026-01-13 22:15:27","2026-01-13 22:15:27",NULL
931,123102,0,"2026-01-13 22:15:27","2026-01-13 22:15:27",NULL
932,123102,0,"2026-01-13 22:15:27","2026-01-13 22:15:27",NULL
933,123102,0,"2026-01-13 22:15:27","2026-01-13 22:15:27",NULL
934,123103,0,"2026-01-13 22:15:27","2026-01-13 22:15:27",NULL
935,123103,0,"2026-01-13 22:15:27","2026-01-13 22:15:27",NULL
936,123103,0,"2026-01-13 22:15:27","2026-01-13 22:15:27",NULL
937,123027,0,"2026-01-13 22:15:27","2026-01-13 22:15:27",NULL
938,123027,0,"2026-01-13 22:15:27","2026-01-13 22:15:27",NULL
939,123027,0,"2026-01-13 22:15:27","2026-01-13 22:15:27",NULL
940,123027,0,"2026-01-13 22:15:27","2026-01-13 22:15:27",NULL
941,123027,0,"2026-01-13 22:15:27","2026-01-13 22:15:27",NULL
942,123027,0,"2026-01-13 22:15:27","2026-01-13 22:15:27",NULL
943,123027,0,"2026-01-13 22:15:27","2026-01-13 22:15:27",NULL
944,123027,0,"2026-01-13 22:15:27","2026-01-13 22:15:27",NULL
945,123028,0,"2026-01-13 22:15:27","2026-01-13 22:15:27",NULL
946,123028,0,"2026-01-13 22:15:27","2026-01-13 22:15:27",NULL
947,123028,0,"2026-01-13 22:15:27","2026-01-13 22:15:27",NULL
948,123028,0,"2026-01-13 22:15:27","2026-01-13 22:15:27",NULL
949,123028,0,"2026-01-13 22:15:27","2026-01-13 22:15:27",NULL
950,123028,0,"2026-01-13 22:15:27","2026-01-13 22:15:27",NULL
951,123029,0,"2026-01-13 22:15:27","2026-01-13 22:15:27",NULL
952,123029,0,"2026-01-13 22:15:27","2026-01-13 22:15:27",NULL
953,123029,0,"2026-01-13 22:15:27","2026-01-13 22:15:27",NULL
954,123029,0,"2026-01-13 22:15:27","2026-01-13 22:15:27",NULL
955,123029,0,"2026-01-13 22:15:27","2026-01-13 22:15:27",NULL
956,123029,0,"2026-01-13 22:15:27","2026-01-13 22:15:27",NULL
957,123029,0,"2026-01-13 22:15:27","2026-01-13 22:15:27",NULL
958,123029,0,"2026-01-13 22:15:27","2026-01-13 22:15:27",NULL
959,123029,0,"2026-01-13 22:15:27","2026-01-13 22:15:27",NULL
960,123029,0,"2026-01-13 22:15:27","2026-01-13 22:15:27",NULL
961,123029,0,"2026-01-13 22:15:27","2026-01-13 22:15:27",NULL
962,123029,0,"2026-01-13 22:15:27","2026-01-13 22:15:27",NULL
963,123029,0,"2026-01-13 22:15:27","2026-01-13 22:15:27",NULL
964,123029,0,"2026-01-13 22:15:27","2026-01-13 22:15:27",NULL
965,123029,0,"2026-01-13 22:15:27","2026-01-13 22:15:27",NULL
966,123029,0,"2026-01-13 22:15:27","2026-01-13 22:15:27",NULL
967,123029,0,"2026-01-13 22:15:27","2026-01-13 22:15:27",NULL
968,123029,0,"2026-01-13 22:15:27","2026-01-13 22:15:27",NULL
969,123029,0,"2026-01-13 22:15:27","2026-01-13 22:15:27",NULL
970,123034,0,"2026-01-13 22:15:27","2026-01-13 22:15:27",NULL
971,123034,0,"2026-01-13 22:15:27","2026-01-13 22:15:27",NULL
972,123034,0,"2026-01-13 22:15:27","2026-01-13 22:15:27",NULL
973,123034,0,"2026-01-13 22:15:27","2026-01-13 22:15:27",NULL
974,123034,0,"2026-01-13 22:15:27","2026-01-13 22:15:27",NULL
975,123034,0,"2026-01-13 22:15:27","2026-01-13 22:15:27",NULL
976,123034,0,"2026-01-13 22:15:27","2026-01-13 22:15:27",NULL
977,123034,0,"2026-01-13 22:15:27","2026-01-13 22:15:27",NULL
978,123035,0,"2026-01-13 22:15:27","2026-01-13 22:15:27",NULL
979,123035,0,"2026-01-13 22:15:27","2026-01-13 22:15:27",NULL
980,123035,0,"2026-01-13 22:15:27","2026-01-13 22:15:27",NULL
981,123035,0,"2026-01-13 22:15:27","2026-01-13 22:15:27",NULL
982,123103,0,"2026-01-13 22:15:27","2026-01-13 22:15:27",NULL
983,123103,0,"2026-01-13 22:15:27","2026-01-13 22:15:27",NULL
984,123103,0,"2026-01-13 22:15:27","2026-01-13 22:15:27",NULL
985,123106,0,"2026-01-13 22:15:27","2026-01-13 22:15:27",NULL
986,123106,0,"2026-01-13 22:15:27","2026-01-13 22:15:27",NULL
987,123106,0,"2026-01-13 22:15:27","2026-01-13 22:15:27",NULL
988,123106,0,"2026-01-13 22:15:27","2026-01-13 22:15:27",NULL
989,123106,0,"2026-01-13 22:15:27","2026-01-13 22:15:27",NULL
990,123106,0,"2026-01-13 22:15:27","2026-01-13 22:15:27",NULL
991,123106,0,"2026-01-13 22:15:27","2026-01-13 22:15:27",NULL
992,123106,0,"2026-01-13 22:15:27","2026-01-13 22:15:27",NULL
993,123106,0,"2026-01-13 22:15:27","2026-01-13 22:15:27",NULL
994,123110,0,"2026-01-13 22:15:27","2026-01-13 22:15:27",NULL
995,123301,0,"2026-01-13 22:15:27","2026-01-13 22:15:27",NULL
996,123301,0,"2026-01-13 22:15:27","2026-01-13 22:15:27",NULL
997,123301,0,"2026-01-13 22:15:27","2026-01-13 22:15:27",NULL
998,123302,0,"2026-01-13 22:15:27","2026-01-13 22:15:27",NULL
999,123302,0,"2026-01-13 22:15:27","2026-01-13 22:15:27",NULL
1000,123302,0,"2026-01-13 22:15:27","2026-01-13 22:15:27",NULL
1001,123302,0,"2026-01-13 22:15:27","2026-01-13 22:15:27",NULL
1002,123302,0,"2026-01-13 22:15:27","2026-01-13 22:15:27",NULL
1003,123302,0,"2026-01-13 22:15:27","2026-01-13 22:15:27",NULL
1004,123302,0,"2026-01-13 22:15:27","2026-01-13 22:15:27",NULL
1005,123302,0,"2026-01-13 22:15:27","2026-01-13 22:15:27",NULL
1006,124103,0,"2026-01-13 22:15:27","2026-01-13 22:15:27",NULL
1007,123302,0,"2026-01-13 22:15:27","2026-01-13 22:15:27",NULL
1008,123302,0,"2026-01-13 22:15:27","2026-01-13 22:15:27",NULL
1009,123302,0,"2026-01-13 22:15:27","2026-01-13 22:15:27",NULL
1010,123302,0,"2026-01-13 22:15:27","2026-01-13 22:15:27",NULL
1011,123303,0,"2026-01-13 22:15:27","2026-01-13 22:15:27",NULL
1012,123303,0,"2026-01-13 22:15:27","2026-01-13 22:15:27",NULL
1013,123303,0,"2026-01-13 22:15:27","2026-01-13 22:15:27",NULL
1014,123303,0,"2026-01-13 22:15:27","2026-01-13 22:15:27",NULL
1015,123303,0,"2026-01-13 22:15:27","2026-01-13 22:15:27",NULL
1016,123303,0,"2026-01-13 22:15:27","2026-01-13 22:15:27",NULL
1017,123303,0,"2026-01-13 22:15:27","2026-01-13 22:15:27",NULL
1018,123303,0,"2026-01-13 22:15:27","2026-01-13 22:15:27",NULL
1019,123303,0,"2026-01-13 22:15:27","2026-01-13 22:15:27",NULL
1020,123303,0,"2026-01-13 22:15:27","2026-01-13 22:15:27",NULL
1021,123303,0,"2026-01-13 22:15:27","2026-01-13 22:15:27",NULL
1022,123401,0,"2026-01-13 22:15:27","2026-01-13 22:15:27",NULL
1023,123401,0,"2026-01-13 22:15:27","2026-01-13 22:15:27",NULL
1024,123401,0,"2026-01-13 22:15:27","2026-01-13 22:15:27",NULL
1025,123401,0,"2026-01-13 22:15:27","2026-01-13 22:15:27",NULL
1026,123401,0,"2026-01-13 22:15:27","2026-01-13 22:15:27",NULL
1027,123401,0,"2026-01-13 22:15:27","2026-01-13 22:15:27",NULL
1028,123401,0,"2026-01-13 22:15:27","2026-01-13 22:15:27",NULL
1029,123401,0,"2026-01-13 22:15:27","2026-01-13 22:15:27",NULL
1030,123401,0,"2026-01-13 22:15:27","2026-01-13 22:15:27",NULL
1031,123401,0,"2026-01-13 22:15:27","2026-01-13 22:15:27",NULL
1032,123401,0,"2026-01-13 22:15:27","2026-01-13 22:15:27",NULL
1033,123401,0,"2026-01-13 22:15:27","2026-01-13 22:15:27",NULL
1034,123401,0,"2026-01-13 22:15:27","2026-01-13 22:15:27",NULL
1035,123401,0,"2026-01-13 22:15:27","2026-01-13 22:15:27",NULL
1036,123401,0,"2026-01-13 22:15:27","2026-01-13 22:15:27",NULL
1037,123401,0,"2026-01-13 22:15:27","2026-01-13 22:15:27",NULL
1038,123401,0,"2026-01-13 22:15:27","2026-01-13 22:15:27",NULL
1039,123401,0,"2026-01-13 22:15:27","2026-01-13 22:15:27",NULL
1040,123401,0,"2026-01-13 22:15:27","2026-01-13 22:15:27",NULL
1041,123401,0,"2026-01-13 22:15:27","2026-01-13 22:15:27",NULL
1042,123401,0,"2026-01-13 22:15:27","2026-01-13 22:15:27",NULL
1043,123401,0,"2026-01-13 22:15:27","2026-01-13 22:15:27",NULL
1044,123401,0,"2026-01-13 22:15:27","2026-01-13 22:15:27",NULL
1045,123411,0,"2026-01-13 22:15:27","2026-01-13 22:15:27",NULL
1046,123411,0,"2026-01-13 22:15:27","2026-01-13 22:15:27",NULL
1047,123411,0,"2026-01-13 22:15:27","2026-01-13 22:15:27",NULL
1048,123411,0,"2026-01-13 22:15:27","2026-01-13 22:15:27",NULL
1049,123411,0,"2026-01-13 22:15:27","2026-01-13 22:15:27",NULL
1050,123411,0,"2026-01-13 22:15:27","2026-01-13 22:15:27",NULL
1051,123411,0,"2026-01-13 22:15:27","2026-01-13 22:15:27",NULL
1052,123411,0,"2026-01-13 22:15:27","2026-01-13 22:15:27",NULL
1053,123411,0,"2026-01-13 22:15:27","2026-01-13 22:15:27",NULL
1054,123411,0,"2026-01-13 22:15:27","2026-01-13 22:15:27",NULL
1055,123411,0,"2026-01-13 22:15:27","2026-01-13 22:15:27",NULL
1056,123411,0,"2026-01-13 22:15:27","2026-01-13 22:15:27",NULL
1057,123411,0,"2026-01-13 22:15:27","2026-01-13 22:15:27",NULL
1058,123411,0,"2026-01-13 22:15:27","2026-01-13 22:15:27",NULL
1059,123412,0,"2026-01-13 22:15:27","2026-01-13 22:15:27",NULL
1060,123412,0,"2026-01-13 22:15:27","2026-01-13 22:15:27",NULL
1061,123412,0,"2026-01-13 22:15:27","2026-01-13 22:15:27",NULL
1062,123412,0,"2026-01-13 22:15:27","2026-01-13 22:15:27",NULL
1063,123501,0,"2026-01-13 22:15:27","2026-01-13 22:15:27",NULL
1064,123501,0,"2026-01-13 22:15:27","2026-01-13 22:15:27",NULL
1065,123501,0,"2026-01-13 22:15:27","2026-01-13 22:15:27",NULL
1066,123501,0,"2026-01-13 22:15:28","2026-01-13 22:15:28",NULL
1067,123501,0,"2026-01-13 22:15:28","2026-01-13 22:15:28",NULL
1068,123501,0,"2026-01-13 22:15:28","2026-01-13 22:15:28",NULL
1069,123501,0,"2026-01-13 22:15:28","2026-01-13 22:15:28",NULL
1070,123501,0,"2026-01-13 22:15:28","2026-01-13 22:15:28",NULL
1071,123501,0,"2026-01-13 22:15:28","2026-01-13 22:15:28",NULL
1072,123501,0,"2026-01-13 22:15:28","2026-01-13 22:15:28",NULL
1073,123501,0,"2026-01-13 22:15:28","2026-01-13 22:15:28",NULL
1074,123501,0,"2026-01-13 22:15:28","2026-01-13 22:15:28",NULL
1075,123501,0,"2026-01-13 22:15:28","2026-01-13 22:15:28",NULL
1076,124001,0,"2026-01-13 22:15:28","2026-01-13 22:15:28",NULL
1077,124001,0,"2026-01-13 22:15:28","2026-01-13 22:15:28",NULL
1078,124001,0,"2026-01-13 22:15:28","2026-01-13 22:15:28",NULL
1079,124001,0,"2026-01-13 22:15:28","2026-01-13 22:15:28",NULL
1080,124001,0,"2026-01-13 22:15:28","2026-01-13 22:15:28",NULL
1081,124001,0,"2026-01-13 22:15:28","2026-01-13 22:15:28",NULL
1082,124001,0,"2026-01-13 22:15:28","2026-01-13 22:15:28",NULL
1083,124001,0,"2026-01-13 22:15:28","2026-01-13 22:15:28",NULL
1084,124001,0,"2026-01-13 22:15:28","2026-01-13 22:15:28",NULL
1085,124001,0,"2026-01-13 22:15:28","2026-01-13 22:15:28",NULL
1086,124001,0,"2026-01-13 22:15:28","2026-01-13 22:15:28",NULL
1087,124001,0,"2026-01-13 22:15:28","2026-01-13 22:15:28",NULL
1088,124001,0,"2026-01-13 22:15:28","2026-01-13 22:15:28",NULL
1089,124001,0,"2026-01-13 22:15:28","2026-01-13 22:15:28",NULL
1090,124010,0,"2026-01-13 22:15:28","2026-01-13 22:15:28",NULL
1091,124010,0,"2026-01-13 22:15:28","2026-01-13 22:15:28",NULL
1092,124010,0,"2026-01-13 22:15:28","2026-01-13 22:15:28",NULL
1093,124010,0,"2026-01-13 22:15:28","2026-01-13 22:15:28",NULL
1094,124010,0,"2026-01-13 22:15:28","2026-01-13 22:15:28",NULL
1095,124010,0,"2026-01-13 22:15:28","2026-01-13 22:15:28",NULL
1096,124010,0,"2026-01-13 22:15:28","2026-01-13 22:15:28",NULL
1097,124010,0,"2026-01-13 22:15:28","2026-01-13 22:15:28",NULL
1098,124021,0,"2026-01-13 22:15:28","2026-01-13 22:15:28",NULL
1099,124021,0,"2026-01-13 22:15:28","2026-01-13 22:15:28",NULL
1100,124021,0,"2026-01-13 22:15:28","2026-01-13 22:15:28",NULL
1101,124021,0,"2026-01-13 22:15:28","2026-01-13 22:15:28",NULL
1102,124021,0,"2026-01-13 22:15:28","2026-01-13 22:15:28",NULL
1103,124021,0,"2026-01-13 22:15:28","2026-01-13 22:15:28",NULL
1104,124021,0,"2026-01-13 22:15:28","2026-01-13 22:15:28",NULL
1105,124021,0,"2026-01-13 22:15:28","2026-01-13 22:15:28",NULL
1106,124021,0,"2026-01-13 22:15:28","2026-01-13 22:15:28",NULL
1107,123401,0,"2026-01-13 22:15:28","2026-01-13 22:15:28",NULL
1108,123401,0,"2026-01-13 22:15:28","2026-01-13 22:15:28",NULL
1109,123401,0,"2026-01-13 22:15:28","2026-01-13 22:15:28",NULL
1110,123401,0,"2026-01-13 22:15:28","2026-01-13 22:15:28",NULL
1111,123401,0,"2026-01-13 22:15:28","2026-01-13 22:15:28",NULL
1112,124103,0,"2026-01-13 22:15:28","2026-01-13 22:15:28",NULL
1113,124103,0,"2026-01-13 22:15:28","2026-01-13 22:15:28",NULL
1114,124103,0,"2026-01-13 22:15:28","2026-01-13 22:15:28",NULL
1115,124103,0,"2026-01-13 22:15:28","2026-01-13 22:15:28",NULL
1116,124103,0,"2026-01-13 22:15:28","2026-01-13 22:15:28",NULL
1117,124104,0,"2026-01-13 22:15:28","2026-01-13 22:15:28",NULL
1118,124104,0,"2026-01-13 22:15:28","2026-01-13 22:15:28",NULL
1119,124104,0,"2026-01-13 22:15:28","2026-01-13 22:15:28",NULL
1120,124104,0,"2026-01-13 22:15:28","2026-01-13 22:15:28",NULL
1121,124104,0,"2026-01-13 22:15:28","2026-01-13 22:15:28",NULL
1122,124104,0,"2026-01-13 22:15:28","2026-01-13 22:15:28",NULL
1123,124104,0,"2026-01-13 22:15:28","2026-01-13 22:15:28",NULL
1124,124104,0,"2026-01-13 22:15:28","2026-01-13 22:15:28",NULL
1125,124104,0,"2026-01-13 22:15:28","2026-01-13 22:15:28",NULL
1126,124104,0,"2026-01-13 22:15:28","2026-01-13 22:15:28",NULL
1127,124105,0,"2026-01-13 22:15:28","2026-01-13 22:15:28",NULL
1128,124105,0,"2026-01-13 22:15:28","2026-01-13 22:15:28",NULL
1129,124105,0,"2026-01-13 22:15:28","2026-01-13 22:15:28",NULL
1130,124105,0,"2026-01-13 22:15:28","2026-01-13 22:15:28",NULL
1131,124105,0,"2026-01-13 22:15:28","2026-01-13 22:15:28",NULL
1132,124105,0,"2026-01-13 22:15:28","2026-01-13 22:15:28",NULL
1133,124105,0,"2026-01-13 22:15:28","2026-01-13 22:15:28",NULL
1134,124105,0,"2026-01-13 22:15:28","2026-01-13 22:15:28",NULL
1135,124106,0,"2026-01-13 22:15:28","2026-01-13 22:15:28",NULL
1136,124106,0,"2026-01-13 22:15:28","2026-01-13 22:15:28",NULL
1137,124106,0,"2026-01-13 22:15:28","2026-01-13 22:15:28",NULL
1138,124106,0,"2026-01-13 22:15:28","2026-01-13 22:15:28",NULL
1139,124106,0,"2026-01-13 22:15:28","2026-01-13 22:15:28",NULL
1140,124106,0,"2026-01-13 22:15:28","2026-01-13 22:15:28",NULL
1141,124106,0,"2026-01-13 22:15:28","2026-01-13 22:15:28",NULL
1142,124106,0,"2026-01-13 22:15:28","2026-01-13 22:15:28",NULL
1143,124106,0,"2026-01-13 22:15:28","2026-01-13 22:15:28",NULL
1144,124106,0,"2026-01-13 22:15:28","2026-01-13 22:15:28",NULL
1145,124106,0,"2026-01-13 22:15:28","2026-01-13 22:15:28",NULL
1146,124107,0,"2026-01-13 22:15:28","2026-01-13 22:15:28",NULL
1147,124107,0,"2026-01-13 22:15:28","2026-01-13 22:15:28",NULL
1148,124107,0,"2026-01-13 22:15:28","2026-01-13 22:15:28",NULL
1149,124107,0,"2026-01-13 22:15:28","2026-01-13 22:15:28",NULL
1150,124107,0,"2026-01-13 22:15:28","2026-01-13 22:15:28",NULL
1151,124108,0,"2026-01-13 22:15:28","2026-01-13 22:15:28",NULL
1152,124108,0,"2026-01-13 22:15:28","2026-01-13 22:15:28",NULL
1153,124108,0,"2026-01-13 22:15:28","2026-01-13 22:15:28",NULL
1154,124108,0,"2026-01-13 22:15:28","2026-01-13 22:15:28",NULL
1155,124108,0,"2026-01-13 22:15:28","2026-01-13 22:15:28",NULL
1156,124108,0,"2026-01-13 22:15:28","2026-01-13 22:15:28",NULL
1157,124108,0,"2026-01-13 22:15:28","2026-01-13 22:15:28",NULL
1158,124108,0,"2026-01-13 22:15:28","2026-01-13 22:15:28",NULL
1159,124108,0,"2026-01-13 22:15:28","2026-01-13 22:15:28",NULL
1160,124109,0,"2026-01-13 22:15:28","2026-01-13 22:15:28",NULL
1161,124109,0,"2026-01-13 22:15:28","2026-01-13 22:15:28",NULL
1162,124109,0,"2026-01-13 22:15:28","2026-01-13 22:15:28",NULL
1163,124109,0,"2026-01-13 22:15:28","2026-01-13 22:15:28",NULL
1164,124109,0,"2026-01-13 22:15:28","2026-01-13 22:15:28",NULL
1165,124109,0,"2026-01-13 22:15:28","2026-01-13 22:15:28",NULL
1166,124109,0,"2026-01-13 22:15:28","2026-01-13 22:15:28",NULL
1167,124022,0,"2026-01-13 22:15:28","2026-01-13 22:15:28",NULL
1168,124022,0,"2026-01-13 22:15:28","2026-01-13 22:15:28",NULL
1169,124022,0,"2026-01-13 22:15:28","2026-01-13 22:15:28",NULL
1170,124102,0,"2026-01-13 22:15:28","2026-01-13 22:15:28",NULL
1171,124102,0,"2026-01-13 22:15:28","2026-01-13 22:15:28",NULL
1172,124102,0,"2026-01-13 22:15:28","2026-01-13 22:15:28",NULL
1173,124102,0,"2026-01-13 22:15:28","2026-01-13 22:15:28",NULL
1174,124102,0,"2026-01-13 22:15:28","2026-01-13 22:15:28",NULL
1175,124102,0,"2026-01-13 22:15:28","2026-01-13 22:15:28",NULL
1176,124103,0,"2026-01-13 22:15:28","2026-01-13 22:15:28",NULL
1177,124103,0,"2026-01-13 22:15:28","2026-01-13 22:15:28",NULL
1178,125033,0,"2026-01-13 22:15:28","2026-01-13 22:15:28",NULL
1179,124103,0,"2026-01-13 22:15:28","2026-01-13 22:15:28",NULL
1180,124103,0,"2026-01-13 22:15:28","2026-01-13 22:15:28",NULL
1181,124103,0,"2026-01-13 22:15:28","2026-01-13 22:15:28",NULL
1182,124103,0,"2026-01-13 22:15:28","2026-01-13 22:15:28",NULL
1183,124103,0,"2026-01-13 22:15:28","2026-01-13 22:15:28",NULL
1184,124103,0,"2026-01-13 22:15:28","2026-01-13 22:15:28",NULL
1185,124103,0,"2026-01-13 22:15:28","2026-01-13 22:15:28",NULL
1186,124103,0,"2026-01-13 22:15:28","2026-01-13 22:15:28",NULL
1187,124103,0,"2026-01-13 22:15:28","2026-01-13 22:15:28",NULL
1188,124103,0,"2026-01-13 22:15:28","2026-01-13 22:15:28",NULL
1189,124103,0,"2026-01-13 22:15:28","2026-01-13 22:15:28",NULL
1190,124103,0,"2026-01-13 22:15:28","2026-01-13 22:15:28",NULL
1191,124146,0,"2026-01-13 22:15:28","2026-01-13 22:15:28",NULL
1192,124146,0,"2026-01-13 22:15:28","2026-01-13 22:15:28",NULL
1193,124146,0,"2026-01-13 22:15:28","2026-01-13 22:15:28",NULL
1194,124146,0,"2026-01-13 22:15:28","2026-01-13 22:15:28",NULL
1195,124146,0,"2026-01-13 22:15:28","2026-01-13 22:15:28",NULL
1196,124146,0,"2026-01-13 22:15:28","2026-01-13 22:15:28",NULL
1197,124146,0,"2026-01-13 22:15:28","2026-01-13 22:15:28",NULL
1198,124201,0,"2026-01-13 22:15:28","2026-01-13 22:15:28",NULL
1199,124201,0,"2026-01-13 22:15:28","2026-01-13 22:15:28",NULL
1200,124201,0,"2026-01-13 22:15:28","2026-01-13 22:15:28",NULL
1201,124201,0,"2026-01-13 22:15:28","2026-01-13 22:15:28",NULL
1202,124201,0,"2026-01-13 22:15:28","2026-01-13 22:15:28",NULL
1203,124201,0,"2026-01-13 22:15:28","2026-01-13 22:15:28",NULL
1204,124201,0,"2026-01-13 22:15:28","2026-01-13 22:15:28",NULL
1205,124202,0,"2026-01-13 22:15:28","2026-01-13 22:15:28",NULL
1206,124202,0,"2026-01-13 22:15:28","2026-01-13 22:15:28",NULL
1207,124202,0,"2026-01-13 22:15:28","2026-01-13 22:15:28",NULL
1208,124202,0,"2026-01-13 22:15:28","2026-01-13 22:15:28",NULL
1209,124303,0,"2026-01-13 22:15:28","2026-01-13 22:15:28",NULL
1210,124303,0,"2026-01-13 22:15:28","2026-01-13 22:15:28",NULL
1211,124303,0,"2026-01-13 22:15:28","2026-01-13 22:15:28",NULL
1212,124303,0,"2026-01-13 22:15:28","2026-01-13 22:15:28",NULL
1213,124303,0,"2026-01-13 22:15:28","2026-01-13 22:15:28",NULL
1214,124303,0,"2026-01-13 22:15:28","2026-01-13 22:15:28",NULL
1215,124303,0,"2026-01-13 22:15:28","2026-01-13 22:15:28",NULL
1216,124303,0,"2026-01-13 22:15:28","2026-01-13 22:15:28",NULL
1217,124401,0,"2026-01-13 22:15:28","2026-01-13 22:15:28",NULL
1218,124401,0,"2026-01-13 22:15:28","2026-01-13 22:15:28",NULL
1219,124401,0,"2026-01-13 22:15:28","2026-01-13 22:15:28",NULL
1220,124401,0,"2026-01-13 22:15:28","2026-01-13 22:15:28",NULL
1221,124401,0,"2026-01-13 22:15:28","2026-01-13 22:15:28",NULL
1222,124401,0,"2026-01-13 22:15:28","2026-01-13 22:15:28",NULL
1223,124401,0,"2026-01-13 22:15:28","2026-01-13 22:15:28",NULL
1224,124401,0,"2026-01-13 22:15:28","2026-01-13 22:15:28",NULL
1225,124401,0,"2026-01-13 22:15:28","2026-01-13 22:15:28",NULL
1226,124401,0,"2026-01-13 22:15:28","2026-01-13 22:15:28",NULL
1227,124404,0,"2026-01-13 22:15:28","2026-01-13 22:15:28",NULL
1228,124404,0,"2026-01-13 22:15:28","2026-01-13 22:15:28",NULL
1229,124404,0,"2026-01-13 22:15:28","2026-01-13 22:15:28",NULL
1230,124406,0,"2026-01-13 22:15:28","2026-01-13 22:15:28",NULL
1231,124406,0,"2026-01-13 22:15:28","2026-01-13 22:15:28",NULL
1232,124406,0,"2026-01-13 22:15:28","2026-01-13 22:15:28",NULL
1233,124406,0,"2026-01-13 22:15:28","2026-01-13 22:15:28",NULL
1234,124109,0,"2026-01-13 22:15:28","2026-01-13 22:15:28",NULL
1235,124109,0,"2026-01-13 22:15:28","2026-01-13 22:15:28",NULL
1236,124109,0,"2026-01-13 22:15:28","2026-01-13 22:15:28",NULL
1237,124109,0,"2026-01-13 22:15:28","2026-01-13 22:15:28",NULL
1238,124109,0,"2026-01-13 22:15:28","2026-01-13 22:15:28",NULL
1239,124111,0,"2026-01-13 22:15:28","2026-01-13 22:15:28",NULL
1240,124111,0,"2026-01-13 22:15:28","2026-01-13 22:15:28",NULL
1241,124111,0,"2026-01-13 22:15:28","2026-01-13 22:15:28",NULL
1242,124111,0,"2026-01-13 22:15:28","2026-01-13 22:15:28",NULL
1243,124111,0,"2026-01-13 22:15:28","2026-01-13 22:15:28",NULL
1244,124112,0,"2026-01-13 22:15:28","2026-01-13 22:15:28",NULL
1245,124112,0,"2026-01-13 22:15:28","2026-01-13 22:15:28",NULL
1246,124112,0,"2026-01-13 22:15:28","2026-01-13 22:15:28",NULL
1247,124112,0,"2026-01-13 22:15:28","2026-01-13 22:15:28",NULL
1248,124112,0,"2026-01-13 22:15:28","2026-01-13 22:15:28",NULL
1249,124112,0,"2026-01-13 22:15:28","2026-01-13 22:15:28",NULL
1250,124112,0,"2026-01-13 22:15:28","2026-01-13 22:15:28",NULL
1251,124112,0,"2026-01-13 22:15:28","2026-01-13 22:15:28",NULL
1252,124112,0,"2026-01-13 22:15:28","2026-01-13 22:15:28",NULL
1253,124113,0,"2026-01-13 22:15:28","2026-01-13 22:15:28",NULL
1254,124113,0,"2026-01-13 22:15:28","2026-01-13 22:15:28",NULL
1255,124113,0,"2026-01-13 22:15:28","2026-01-13 22:15:28",NULL
1256,124113,0,"2026-01-13 22:15:28","2026-01-13 22:15:28",NULL
1257,124113,0,"2026-01-13 22:15:28","2026-01-13 22:15:28",NULL
1258,124141,0,"2026-01-13 22:15:28","2026-01-13 22:15:28",NULL
1259,124142,0,"2026-01-13 22:15:28","2026-01-13 22:15:28",NULL
1260,124142,0,"2026-01-13 22:15:28","2026-01-13 22:15:28",NULL
1261,124142,0,"2026-01-13 22:15:28","2026-01-13 22:15:28",NULL
1262,124142,0,"2026-01-13 22:15:28","2026-01-13 22:15:28",NULL
1263,124142,0,"2026-01-13 22:15:28","2026-01-13 22:15:28",NULL
1264,124146,0,"2026-01-13 22:15:28","2026-01-13 22:15:28",NULL
1265,124505,0,"2026-01-13 22:15:28","2026-01-13 22:15:28",NULL
1266,124506,0,"2026-01-13 22:15:28","2026-01-13 22:15:28",NULL
1267,124507,0,"2026-01-13 22:15:28","2026-01-13 22:15:28",NULL
1268,124507,0,"2026-01-13 22:15:28","2026-01-13 22:15:28",NULL
1269,124507,0,"2026-01-13 22:15:28","2026-01-13 22:15:28",NULL
1270,124507,0,"2026-01-13 22:15:28","2026-01-13 22:15:28",NULL
1271,124507,0,"2026-01-13 22:15:28","2026-01-13 22:15:28",NULL
1272,124508,0,"2026-01-13 22:15:28","2026-01-13 22:15:28",NULL
1273,124508,0,"2026-01-13 22:15:28","2026-01-13 22:15:28",NULL
1274,124508,0,"2026-01-13 22:15:28","2026-01-13 22:15:28",NULL
1275,124508,0,"2026-01-13 22:15:28","2026-01-13 22:15:28",NULL
1276,124508,0,"2026-01-13 22:15:28","2026-01-13 22:15:28",NULL
1277,124508,0,"2026-01-13 22:15:28","2026-01-13 22:15:28",NULL
1278,124508,0,"2026-01-13 22:15:28","2026-01-13 22:15:28",NULL
1279,124508,0,"2026-01-13 22:15:28","2026-01-13 22:15:28",NULL
1280,124508,0,"2026-01-13 22:15:28","2026-01-13 22:15:28",NULL
1281,124508,0,"2026-01-13 22:15:28","2026-01-13 22:15:28",NULL
1282,124508,0,"2026-01-13 22:15:28","2026-01-13 22:15:28",NULL
1283,124508,0,"2026-01-13 22:15:28","2026-01-13 22:15:28",NULL
1284,124508,0,"2026-01-13 22:15:28","2026-01-13 22:15:28",NULL
1285,124508,0,"2026-01-13 22:15:28","2026-01-13 22:15:28",NULL
1286,124508,0,"2026-01-13 22:15:28","2026-01-13 22:15:28",NULL
1287,124508,0,"2026-01-13 22:15:28","2026-01-13 22:15:28",NULL
1288,124508,0,"2026-01-13 22:15:28","2026-01-13 22:15:28",NULL
1289,124508,0,"2026-01-13 22:15:28","2026-01-13 22:15:28",NULL
1290,124513,0,"2026-01-13 22:15:28","2026-01-13 22:15:28",NULL
1291,124514,0,"2026-01-13 22:15:28","2026-01-13 22:15:28",NULL
1292,124514,0,"2026-01-13 22:15:28","2026-01-13 22:15:28",NULL
1293,124514,0,"2026-01-13 22:15:28","2026-01-13 22:15:28",NULL
1294,124514,0,"2026-01-13 22:15:28","2026-01-13 22:15:28",NULL
1295,124514,0,"2026-01-13 22:15:28","2026-01-13 22:15:28",NULL
1296,124514,0,"2026-01-13 22:15:28","2026-01-13 22:15:28",NULL
1297,124514,0,"2026-01-13 22:15:28","2026-01-13 22:15:28",NULL
1298,124406,0,"2026-01-13 22:15:28","2026-01-13 22:15:28",NULL
1299,124411,0,"2026-01-13 22:15:28","2026-01-13 22:15:28",NULL
1300,124411,0,"2026-01-13 22:15:28","2026-01-13 22:15:28",NULL
1301,124411,0,"2026-01-13 22:15:28","2026-01-13 22:15:28",NULL
1302,124411,0,"2026-01-13 22:15:28","2026-01-13 22:15:28",NULL
1303,124411,0,"2026-01-13 22:15:28","2026-01-13 22:15:28",NULL
1304,124411,0,"2026-01-13 22:15:28","2026-01-13 22:15:28",NULL
1305,124412,0,"2026-01-13 22:15:28","2026-01-13 22:15:28",NULL
1306,124412,0,"2026-01-13 22:15:28","2026-01-13 22:15:28",NULL
1307,124412,0,"2026-01-13 22:15:28","2026-01-13 22:15:28",NULL
1308,124412,0,"2026-01-13 22:15:28","2026-01-13 22:15:28",NULL
1309,124412,0,"2026-01-13 22:15:28","2026-01-13 22:15:28",NULL
1310,124412,0,"2026-01-13 22:15:28","2026-01-13 22:15:28",NULL
1311,124412,0,"2026-01-13 22:15:28","2026-01-13 22:15:28",NULL
1312,124501,0,"2026-01-13 22:15:28","2026-01-13 22:15:28",NULL
1313,124501,0,"2026-01-13 22:15:28","2026-01-13 22:15:28",NULL
1314,124501,0,"2026-01-13 22:15:28","2026-01-13 22:15:28",NULL
1315,124501,0,"2026-01-13 22:15:28","2026-01-13 22:15:28",NULL
1316,124501,0,"2026-01-13 22:15:28","2026-01-13 22:15:28",NULL
1317,124501,0,"2026-01-13 22:15:28","2026-01-13 22:15:28",NULL
1318,124501,0,"2026-01-13 22:15:28","2026-01-13 22:15:28",NULL
1319,124501,0,"2026-01-13 22:15:28","2026-01-13 22:15:28",NULL
1320,124501,0,"2026-01-13 22:15:28","2026-01-13 22:15:28",NULL
1321,124501,0,"2026-01-13 22:15:28","2026-01-13 22:15:28",NULL
1322,124501,0,"2026-01-13 22:15:28","2026-01-13 22:15:28",NULL
1323,124501,0,"2026-01-13 22:15:28","2026-01-13 22:15:28",NULL
1324,124501,0,"2026-01-13 22:15:28","2026-01-13 22:15:28",NULL
1325,124501,0,"2026-01-13 22:15:28","2026-01-13 22:15:28",NULL
1326,124501,0,"2026-01-13 22:15:28","2026-01-13 22:15:28",NULL
1327,124501,0,"2026-01-13 22:15:28","2026-01-13 22:15:28",NULL
1328,124501,0,"2026-01-13 22:15:28","2026-01-13 22:15:28",NULL
1329,124504,0,"2026-01-13 22:15:28","2026-01-13 22:15:28",NULL
1330,124504,0,"2026-01-13 22:15:28","2026-01-13 22:15:28",NULL
1331,124504,0,"2026-01-13 22:15:28","2026-01-13 22:15:28",NULL
1332,124505,0,"2026-01-13 22:15:28","2026-01-13 22:15:28",NULL
1333,124505,0,"2026-01-13 22:15:28","2026-01-13 22:15:28",NULL
1334,124505,0,"2026-01-13 22:15:28","2026-01-13 22:15:28",NULL
1335,124505,0,"2026-01-13 22:15:28","2026-01-13 22:15:28",NULL
1336,125004,0,"2026-01-13 22:15:28","2026-01-13 22:15:28",NULL
1337,125004,0,"2026-01-13 22:15:28","2026-01-13 22:15:28",NULL
1338,125005,0,"2026-01-13 22:15:28","2026-01-13 22:15:28",NULL
1339,125005,0,"2026-01-13 22:15:28","2026-01-13 22:15:28",NULL
1340,125005,0,"2026-01-13 22:15:28","2026-01-13 22:15:28",NULL
1341,125005,0,"2026-01-13 22:15:28","2026-01-13 22:15:28",NULL
1342,125005,0,"2026-01-13 22:15:28","2026-01-13 22:15:28",NULL
1343,125005,0,"2026-01-13 22:15:28","2026-01-13 22:15:28",NULL
1344,125005,0,"2026-01-13 22:15:28","2026-01-13 22:15:28",NULL
1345,125006,0,"2026-01-13 22:15:28","2026-01-13 22:15:28",NULL
1346,125006,0,"2026-01-13 22:15:28","2026-01-13 22:15:28",NULL
1347,125006,0,"2026-01-13 22:15:28","2026-01-13 22:15:28",NULL
1348,125006,0,"2026-01-13 22:15:28","2026-01-13 22:15:28",NULL
1349,125007,0,"2026-01-13 22:15:28","2026-01-13 22:15:28",NULL
1350,125011,0,"2026-01-13 22:15:28","2026-01-13 22:15:28",NULL
1351,125050,0,"2026-01-13 22:15:28","2026-01-13 22:15:28",NULL
1352,125033,0,"2026-01-13 22:15:28","2026-01-13 22:15:28",NULL
1353,125033,0,"2026-01-13 22:15:28","2026-01-13 22:15:28",NULL
1354,125033,0,"2026-01-13 22:15:28","2026-01-13 22:15:28",NULL
1355,125033,0,"2026-01-13 22:15:28","2026-01-13 22:15:28",NULL
1356,125033,0,"2026-01-13 22:15:28","2026-01-13 22:15:28",NULL
1357,125033,0,"2026-01-13 22:15:28","2026-01-13 22:15:28",NULL
1358,125033,0,"2026-01-13 22:15:28","2026-01-13 22:15:28",NULL
1359,125033,0,"2026-01-13 22:15:28","2026-01-13 22:15:28",NULL
1360,125033,0,"2026-01-13 22:15:28","2026-01-13 22:15:28",NULL
1361,125033,0,"2026-01-13 22:15:28","2026-01-13 22:15:28",NULL
1362,125033,0,"2026-01-13 22:15:28","2026-01-13 22:15:28",NULL
1363,125033,0,"2026-01-13 22:15:28","2026-01-13 22:15:28",NULL
1364,124514,0,"2026-01-13 22:15:28","2026-01-13 22:15:28",NULL
1365,124514,0,"2026-01-13 22:15:28","2026-01-13 22:15:28",NULL
1366,124514,0,"2026-01-13 22:15:28","2026-01-13 22:15:28",NULL
1367,124514,0,"2026-01-13 22:15:28","2026-01-13 22:15:28",NULL
1368,124514,0,"2026-01-13 22:15:28","2026-01-13 22:15:28",NULL
1369,124514,0,"2026-01-13 22:15:28","2026-01-13 22:15:28",NULL
1370,125001,0,"2026-01-13 22:15:28","2026-01-13 22:15:28",NULL
1371,125001,0,"2026-01-13 22:15:28","2026-01-13 22:15:28",NULL
1372,125001,0,"2026-01-13 22:15:28","2026-01-13 22:15:28",NULL
1373,125001,0,"2026-01-13 22:15:28","2026-01-13 22:15:28",NULL
1374,125001,0,"2026-01-13 22:15:28","2026-01-13 22:15:28",NULL
1375,125001,0,"2026-01-13 22:15:28","2026-01-13 22:15:28",NULL
1376,125001,0,"2026-01-13 22:15:28","2026-01-13 22:15:28",NULL
1377,125001,0,"2026-01-13 22:15:28","2026-01-13 22:15:28",NULL
1378,125001,0,"2026-01-13 22:15:28","2026-01-13 22:15:28",NULL
1379,125001,0,"2026-01-13 22:15:28","2026-01-13 22:15:28",NULL
1380,125001,0,"2026-01-13 22:15:28","2026-01-13 22:15:28",NULL
1381,125001,0,"2026-01-13 22:15:28","2026-01-13 22:15:28",NULL
1382,125001,0,"2026-01-13 22:15:28","2026-01-13 22:15:28",NULL
1383,125001,0,"2026-01-13 22:15:28","2026-01-13 22:15:28",NULL
1384,125001,0,"2026-01-13 22:15:28","2026-01-13 22:15:28",NULL
1385,125001,0,"2026-01-13 22:15:28","2026-01-13 22:15:28",NULL
1386,125001,0,"2026-01-13 22:15:28","2026-01-13 22:15:28",NULL
1387,125001,0,"2026-01-13 22:15:28","2026-01-13 22:15:28",NULL
1388,125001,0,"2026-01-13 22:15:28","2026-01-13 22:15:28",NULL
1389,125001,0,"2026-01-13 22:15:28","2026-01-13 22:15:28",NULL
1390,125001,0,"2026-01-13 22:15:28","2026-01-13 22:15:28",NULL
1391,125001,0,"2026-01-13 22:15:28","2026-01-13 22:15:28",NULL
1392,125001,0,"2026-01-13 22:15:28","2026-01-13 22:15:28",NULL
1393,125001,0,"2026-01-13 22:15:28","2026-01-13 22:15:28",NULL
1394,125001,0,"2026-01-13 22:15:28","2026-01-13 22:15:28",NULL
1395,125001,0,"2026-01-13 22:15:28","2026-01-13 22:15:28",NULL
1396,125001,0,"2026-01-13 22:15:28","2026-01-13 22:15:28",NULL
1397,125001,0,"2026-01-13 22:15:28","2026-01-13 22:15:28",NULL
1398,125001,0,"2026-01-13 22:15:28","2026-01-13 22:15:28",NULL
1399,125001,0,"2026-01-13 22:15:28","2026-01-13 22:15:28",NULL
1400,125001,0,"2026-01-13 22:15:28","2026-01-13 22:15:28",NULL
1401,125001,0,"2026-01-13 22:15:28","2026-01-13 22:15:28",NULL
1402,125001,0,"2026-01-13 22:15:28","2026-01-13 22:15:28",NULL
1403,125001,0,"2026-01-13 22:15:28","2026-01-13 22:15:28",NULL
1404,125001,0,"2026-01-13 22:15:28","2026-01-13 22:15:28",NULL
1405,125001,0,"2026-01-13 22:15:28","2026-01-13 22:15:28",NULL
1406,125001,0,"2026-01-13 22:15:28","2026-01-13 22:15:28",NULL
1407,125001,0,"2026-01-13 22:15:28","2026-01-13 22:15:28",NULL
1408,125001,0,"2026-01-13 22:15:28","2026-01-13 22:15:28",NULL
1409,125001,0,"2026-01-13 22:15:28","2026-01-13 22:15:28",NULL
1410,125001,0,"2026-01-13 22:15:28","2026-01-13 22:15:28",NULL
1411,125001,0,"2026-01-13 22:15:28","2026-01-13 22:15:28",NULL
1412,125001,0,"2026-01-13 22:15:28","2026-01-13 22:15:28",NULL
1413,125001,0,"2026-01-13 22:15:28","2026-01-13 22:15:28",NULL
1414,125001,0,"2026-01-13 22:15:28","2026-01-13 22:15:28",NULL
1415,125004,0,"2026-01-13 22:15:28","2026-01-13 22:15:28",NULL
1416,125004,0,"2026-01-13 22:15:28","2026-01-13 22:15:28",NULL
1417,125004,0,"2026-01-13 22:15:28","2026-01-13 22:15:28",NULL
1418,125047,0,"2026-01-13 22:15:28","2026-01-13 22:15:28",NULL
1419,125047,0,"2026-01-13 22:15:28","2026-01-13 22:15:28",NULL
1420,125047,0,"2026-01-13 22:15:28","2026-01-13 22:15:28",NULL
1421,125047,0,"2026-01-13 22:15:28","2026-01-13 22:15:28",NULL
1422,125047,0,"2026-01-13 22:15:28","2026-01-13 22:15:28",NULL
1423,125047,0,"2026-01-13 22:15:28","2026-01-13 22:15:28",NULL
1424,125047,0,"2026-01-13 22:15:28","2026-01-13 22:15:28",NULL
1425,125047,0,"2026-01-13 22:15:28","2026-01-13 22:15:28",NULL
1426,125047,0,"2026-01-13 22:15:28","2026-01-13 22:15:28",NULL
1427,125047,0,"2026-01-13 22:15:28","2026-01-13 22:15:28",NULL
1428,125048,0,"2026-01-13 22:15:28","2026-01-13 22:15:28",NULL
1429,125048,0,"2026-01-13 22:15:28","2026-01-13 22:15:28",NULL
1430,125048,0,"2026-01-13 22:15:28","2026-01-13 22:15:28",NULL
1431,125048,0,"2026-01-13 22:15:28","2026-01-13 22:15:28",NULL
1432,125048,0,"2026-01-13 22:15:28","2026-01-13 22:15:28",NULL
1433,125049,0,"2026-01-13 22:15:28","2026-01-13 22:15:28",NULL
1434,125049,0,"2026-01-13 22:15:28","2026-01-13 22:15:28",NULL
1435,125049,0,"2026-01-13 22:15:28","2026-01-13 22:15:28",NULL
1436,125033,0,"2026-01-13 22:15:28","2026-01-13 22:15:28",NULL
1437,125033,0,"2026-01-13 22:15:28","2026-01-13 22:15:28",NULL
1438,125033,0,"2026-01-13 22:15:28","2026-01-13 22:15:28",NULL
1439,125033,0,"2026-01-13 22:15:28","2026-01-13 22:15:28",NULL
1440,125033,0,"2026-01-13 22:15:28","2026-01-13 22:15:28",NULL
1441,125033,0,"2026-01-13 22:15:28","2026-01-13 22:15:28",NULL
1442,125033,0,"2026-01-13 22:15:28","2026-01-13 22:15:28",NULL
1443,125033,0,"2026-01-13 22:15:28","2026-01-13 22:15:28",NULL
1444,125033,0,"2026-01-13 22:15:28","2026-01-13 22:15:28",NULL
1445,125033,0,"2026-01-13 22:15:28","2026-01-13 22:15:28",NULL
1446,125033,0,"2026-01-13 22:15:28","2026-01-13 22:15:28",NULL
1447,125033,0,"2026-01-13 22:15:28","2026-01-13 22:15:28",NULL
1448,125033,0,"2026-01-13 22:15:28","2026-01-13 22:15:28",NULL
1449,125033,0,"2026-01-13 22:15:28","2026-01-13 22:15:28",NULL
1450,125033,0,"2026-01-13 22:15:28","2026-01-13 22:15:28",NULL
1451,125033,0,"2026-01-13 22:15:28","2026-01-13 22:15:28",NULL
1452,125033,0,"2026-01-13 22:15:28","2026-01-13 22:15:28",NULL
1453,125033,0,"2026-01-13 22:15:28","2026-01-13 22:15:28",NULL
1454,125033,0,"2026-01-13 22:15:28","2026-01-13 22:15:28",NULL
1455,125037,0,"2026-01-13 22:15:28","2026-01-13 22:15:28",NULL
1456,125037,0,"2026-01-13 22:15:28","2026-01-13 22:15:28",NULL
1457,125037,0,"2026-01-13 22:15:28","2026-01-13 22:15:28",NULL
1458,125038,0,"2026-01-13 22:15:28","2026-01-13 22:15:28",NULL
1459,125038,0,"2026-01-13 22:15:28","2026-01-13 22:15:28",NULL
1460,125038,0,"2026-01-13 22:15:28","2026-01-13 22:15:28",NULL
1461,125038,0,"2026-01-13 22:15:28","2026-01-13 22:15:28",NULL
1462,125038,0,"2026-01-13 22:15:28","2026-01-13 22:15:28",NULL
1463,125038,0,"2026-01-13 22:15:28","2026-01-13 22:15:28",NULL
1464,125039,0,"2026-01-13 22:15:28","2026-01-13 22:15:28",NULL
1465,125039,0,"2026-01-13 22:15:28","2026-01-13 22:15:28",NULL
1466,125039,0,"2026-01-13 22:15:28","2026-01-13 22:15:28",NULL
1467,125039,0,"2026-01-13 22:15:28","2026-01-13 22:15:28",NULL
1468,125039,0,"2026-01-13 22:15:28","2026-01-13 22:15:28",NULL
1469,125039,0,"2026-01-13 22:15:28","2026-01-13 22:15:28",NULL
1470,125039,0,"2026-01-13 22:15:28","2026-01-13 22:15:28",NULL
1471,125039,0,"2026-01-13 22:15:28","2026-01-13 22:15:28",NULL
1472,125039,0,"2026-01-13 22:15:28","2026-01-13 22:15:28",NULL
1473,125039,0,"2026-01-13 22:15:28","2026-01-13 22:15:28",NULL
1474,125039,0,"2026-01-13 22:15:28","2026-01-13 22:15:28",NULL
1475,125039,0,"2026-01-13 22:15:28","2026-01-13 22:15:28",NULL
1476,125039,0,"2026-01-13 22:15:28","2026-01-13 22:15:28",NULL
1477,125039,0,"2026-01-13 22:15:28","2026-01-13 22:15:28",NULL
1478,125039,0,"2026-01-13 22:15:28","2026-01-13 22:15:28",NULL
1479,125039,0,"2026-01-13 22:15:28","2026-01-13 22:15:28",NULL
1480,125039,0,"2026-01-13 22:15:28","2026-01-13 22:15:28",NULL
1481,125039,0,"2026-01-13 22:15:28","2026-01-13 22:15:28",NULL
1482,125039,0,"2026-01-13 22:15:28","2026-01-13 22:15:28",NULL
1483,125042,0,"2026-01-13 22:15:28","2026-01-13 22:15:28",NULL
1484,125042,0,"2026-01-13 22:15:28","2026-01-13 22:15:28",NULL
1485,125042,0,"2026-01-13 22:15:28","2026-01-13 22:15:28",NULL
1486,125042,0,"2026-01-13 22:15:28","2026-01-13 22:15:28",NULL
1487,125042,0,"2026-01-13 22:15:28","2026-01-13 22:15:28",NULL
1488,125042,0,"2026-01-13 22:15:28","2026-01-13 22:15:28",NULL
1489,125042,0,"2026-01-13 22:15:28","2026-01-13 22:15:28",NULL
1490,125042,0,"2026-01-13 22:15:28","2026-01-13 22:15:28",NULL
1491,125044,0,"2026-01-13 22:15:28","2026-01-13 22:15:28",NULL
1492,125044,0,"2026-01-13 22:15:28","2026-01-13 22:15:28",NULL
1493,125044,0,"2026-01-13 22:15:28","2026-01-13 22:15:28",NULL
1494,125044,0,"2026-01-13 22:15:28","2026-01-13 22:15:28",NULL
1495,125044,0,"2026-01-13 22:15:28","2026-01-13 22:15:28",NULL
1496,125044,0,"2026-01-13 22:15:28","2026-01-13 22:15:28",NULL
1497,125047,0,"2026-01-13 22:15:28","2026-01-13 22:15:28",NULL
1498,125047,0,"2026-01-13 22:15:28","2026-01-13 22:15:28",NULL
1499,125047,0,"2026-01-13 22:15:28","2026-01-13 22:15:28",NULL
1500,125049,0,"2026-01-13 22:15:28","2026-01-13 22:15:28",NULL
1501,125049,0,"2026-01-13 22:15:28","2026-01-13 22:15:28",NULL
1502,125049,0,"2026-01-13 22:15:28","2026-01-13 22:15:28",NULL
1503,125050,0,"2026-01-13 22:15:28","2026-01-13 22:15:28",NULL
1504,125050,0,"2026-01-13 22:15:28","2026-01-13 22:15:28",NULL
1505,125050,0,"2026-01-13 22:15:28","2026-01-13 22:15:28",NULL
1506,125050,0,"2026-01-13 22:15:28","2026-01-13 22:15:28",NULL
1507,125050,0,"2026-01-13 22:15:28","2026-01-13 22:15:28",NULL
1508,125050,0,"2026-01-13 22:15:28","2026-01-13 22:15:28",NULL
1509,125050,0,"2026-01-13 22:15:28","2026-01-13 22:15:28",NULL
1510,125050,0,"2026-01-13 22:15:28","2026-01-13 22:15:28",NULL
1511,125050,0,"2026-01-13 22:15:28","2026-01-13 22:15:28",NULL
1512,125050,0,"2026-01-13 22:15:28","2026-01-13 22:15:28",NULL
1513,125050,0,"2026-01-13 22:15:28","2026-01-13 22:15:28",NULL
1514,125050,0,"2026-01-13 22:15:28","2026-01-13 22:15:28",NULL
1515,125050,0,"2026-01-13 22:15:28","2026-01-13 22:15:28",NULL
1516,125050,0,"2026-01-13 22:15:28","2026-01-13 22:15:28",NULL
1517,125050,0,"2026-01-13 22:15:28","2026-01-13 22:15:28",NULL
1518,125050,0,"2026-01-13 22:15:28","2026-01-13 22:15:28",NULL
1519,125050,0,"2026-01-13 22:15:28","2026-01-13 22:15:28",NULL
1520,125050,0,"2026-01-13 22:15:28","2026-01-13 22:15:28",NULL
1521,125050,0,"2026-01-13 22:15:28","2026-01-13 22:15:28",NULL
1522,125050,0,"2026-01-13 22:15:28","2026-01-13 22:15:28",NULL
1523,125050,0,"2026-01-13 22:15:28","2026-01-13 22:15:28",NULL
1524,125050,0,"2026-01-13 22:15:28","2026-01-13 22:15:28",NULL
1525,125050,0,"2026-01-13 22:15:28","2026-01-13 22:15:28",NULL
1526,125103,0,"2026-01-13 22:15:28","2026-01-13 22:15:28",NULL
1527,125050,0,"2026-01-13 22:15:28","2026-01-13 22:15:28",NULL
1528,125051,0,"2026-01-13 22:15:28","2026-01-13 22:15:28",NULL
1529,125051,0,"2026-01-13 22:15:28","2026-01-13 22:15:28",NULL
1530,125051,0,"2026-01-13 22:15:28","2026-01-13 22:15:28",NULL
1531,125051,0,"2026-01-13 22:15:28","2026-01-13 22:15:28",NULL
1532,125051,0,"2026-01-13 22:15:28","2026-01-13 22:15:28",NULL
1533,125051,0,"2026-01-13 22:15:28","2026-01-13 22:15:28",NULL
1534,125051,0,"2026-01-13 22:15:28","2026-01-13 22:15:28",NULL
1535,125051,0,"2026-01-13 22:15:28","2026-01-13 22:15:28",NULL
1536,125051,0,"2026-01-13 22:15:29","2026-01-13 22:15:29",NULL
1537,125051,0,"2026-01-13 22:15:29","2026-01-13 22:15:29",NULL
1538,125051,0,"2026-01-13 22:15:29","2026-01-13 22:15:29",NULL
1539,125051,0,"2026-01-13 22:15:29","2026-01-13 22:15:29",NULL
1540,125051,0,"2026-01-13 22:15:29","2026-01-13 22:15:29",NULL
1541,125051,0,"2026-01-13 22:15:29","2026-01-13 22:15:29",NULL
1542,125051,0,"2026-01-13 22:15:29","2026-01-13 22:15:29",NULL
1543,125051,0,"2026-01-13 22:15:29","2026-01-13 22:15:29",NULL
1544,125051,0,"2026-01-13 22:15:29","2026-01-13 22:15:29",NULL
1545,125051,0,"2026-01-13 22:15:29","2026-01-13 22:15:29",NULL
1546,125051,0,"2026-01-13 22:15:29","2026-01-13 22:15:29",NULL
1547,125051,0,"2026-01-13 22:15:29","2026-01-13 22:15:29",NULL
1548,125051,0,"2026-01-13 22:15:29","2026-01-13 22:15:29",NULL
1549,125051,0,"2026-01-13 22:15:29","2026-01-13 22:15:29",NULL
1550,125051,0,"2026-01-13 22:15:29","2026-01-13 22:15:29",NULL
1551,125051,0,"2026-01-13 22:15:29","2026-01-13 22:15:29",NULL
1552,125051,0,"2026-01-13 22:15:29","2026-01-13 22:15:29",NULL
1553,125051,0,"2026-01-13 22:15:29","2026-01-13 22:15:29",NULL
1554,125051,0,"2026-01-13 22:15:29","2026-01-13 22:15:29",NULL
1555,125051,0,"2026-01-13 22:15:29","2026-01-13 22:15:29",NULL
1556,125051,0,"2026-01-13 22:15:29","2026-01-13 22:15:29",NULL
1557,125051,0,"2026-01-13 22:15:29","2026-01-13 22:15:29",NULL
1558,125051,0,"2026-01-13 22:15:29","2026-01-13 22:15:29",NULL
1559,125051,0,"2026-01-13 22:15:29","2026-01-13 22:15:29",NULL
1560,125051,0,"2026-01-13 22:15:29","2026-01-13 22:15:29",NULL
1561,125051,0,"2026-01-13 22:15:29","2026-01-13 22:15:29",NULL
1562,125052,0,"2026-01-13 22:15:29","2026-01-13 22:15:29",NULL
1563,125052,0,"2026-01-13 22:15:29","2026-01-13 22:15:29",NULL
1564,125052,0,"2026-01-13 22:15:29","2026-01-13 22:15:29",NULL
1565,125052,0,"2026-01-13 22:15:29","2026-01-13 22:15:29",NULL
1566,125052,0,"2026-01-13 22:15:29","2026-01-13 22:15:29",NULL
1567,125052,0,"2026-01-13 22:15:29","2026-01-13 22:15:29",NULL
1568,125052,0,"2026-01-13 22:15:29","2026-01-13 22:15:29",NULL
1569,125052,0,"2026-01-13 22:15:29","2026-01-13 22:15:29",NULL
1570,125052,0,"2026-01-13 22:15:29","2026-01-13 22:15:29",NULL
1571,125052,0,"2026-01-13 22:15:29","2026-01-13 22:15:29",NULL
1572,125052,0,"2026-01-13 22:15:29","2026-01-13 22:15:29",NULL
1573,125052,0,"2026-01-13 22:15:29","2026-01-13 22:15:29",NULL
1574,125052,0,"2026-01-13 22:15:29","2026-01-13 22:15:29",NULL
1575,125052,0,"2026-01-13 22:15:29","2026-01-13 22:15:29",NULL
1576,125052,0,"2026-01-13 22:15:29","2026-01-13 22:15:29",NULL
1577,125052,0,"2026-01-13 22:15:29","2026-01-13 22:15:29",NULL
1578,125052,0,"2026-01-13 22:15:29","2026-01-13 22:15:29",NULL
1579,125052,0,"2026-01-13 22:15:29","2026-01-13 22:15:29",NULL
1580,125052,0,"2026-01-13 22:15:29","2026-01-13 22:15:29",NULL
1581,125052,0,"2026-01-13 22:15:29","2026-01-13 22:15:29",NULL
1582,125052,0,"2026-01-13 22:15:29","2026-01-13 22:15:29",NULL
1583,125052,0,"2026-01-13 22:15:29","2026-01-13 22:15:29",NULL
1584,125052,0,"2026-01-13 22:15:29","2026-01-13 22:15:29",NULL
1585,125053,0,"2026-01-13 22:15:29","2026-01-13 22:15:29",NULL
1586,125053,0,"2026-01-13 22:15:29","2026-01-13 22:15:29",NULL
1587,125053,0,"2026-01-13 22:15:29","2026-01-13 22:15:29",NULL
1588,125053,0,"2026-01-13 22:15:29","2026-01-13 22:15:29",NULL
1589,125053,0,"2026-01-13 22:15:29","2026-01-13 22:15:29",NULL
1590,125053,0,"2026-01-13 22:15:29","2026-01-13 22:15:29",NULL
1591,125053,0,"2026-01-13 22:15:29","2026-01-13 22:15:29",NULL
1592,125053,0,"2026-01-13 22:15:29","2026-01-13 22:15:29",NULL
1593,125053,0,"2026-01-13 22:15:29","2026-01-13 22:15:29",NULL
1594,125053,0,"2026-01-13 22:15:29","2026-01-13 22:15:29",NULL
1595,125053,0,"2026-01-13 22:15:29","2026-01-13 22:15:29",NULL
1596,125053,0,"2026-01-13 22:15:29","2026-01-13 22:15:29",NULL
1597,125053,0,"2026-01-13 22:15:29","2026-01-13 22:15:29",NULL
1598,125053,0,"2026-01-13 22:15:29","2026-01-13 22:15:29",NULL
1599,125054,0,"2026-01-13 22:15:29","2026-01-13 22:15:29",NULL
1600,125054,0,"2026-01-13 22:15:29","2026-01-13 22:15:29",NULL
1601,125054,0,"2026-01-13 22:15:29","2026-01-13 22:15:29",NULL
1602,125054,0,"2026-01-13 22:15:29","2026-01-13 22:15:29",NULL
1603,125055,0,"2026-01-13 22:15:29","2026-01-13 22:15:29",NULL
1604,125055,0,"2026-01-13 22:15:29","2026-01-13 22:15:29",NULL
1605,125055,0,"2026-01-13 22:15:29","2026-01-13 22:15:29",NULL
1606,125055,0,"2026-01-13 22:15:29","2026-01-13 22:15:29",NULL
1607,125055,0,"2026-01-13 22:15:29","2026-01-13 22:15:29",NULL
1608,125055,0,"2026-01-13 22:15:29","2026-01-13 22:15:29",NULL
1609,125055,0,"2026-01-13 22:15:29","2026-01-13 22:15:29",NULL
1610,125055,0,"2026-01-13 22:15:29","2026-01-13 22:15:29",NULL
1611,125055,0,"2026-01-13 22:15:29","2026-01-13 22:15:29",NULL
1612,125055,0,"2026-01-13 22:15:29","2026-01-13 22:15:29",NULL
1613,125055,0,"2026-01-13 22:15:29","2026-01-13 22:15:29",NULL
1614,125055,0,"2026-01-13 22:15:29","2026-01-13 22:15:29",NULL
1615,125055,0,"2026-01-13 22:15:29","2026-01-13 22:15:29",NULL
1616,125055,0,"2026-01-13 22:15:29","2026-01-13 22:15:29",NULL
1617,125055,0,"2026-01-13 22:15:29","2026-01-13 22:15:29",NULL
1618,125055,0,"2026-01-13 22:15:29","2026-01-13 22:15:29",NULL
1619,125055,0,"2026-01-13 22:15:29","2026-01-13 22:15:29",NULL
1620,125055,0,"2026-01-13 22:15:29","2026-01-13 22:15:29",NULL
1621,125055,0,"2026-01-13 22:15:29","2026-01-13 22:15:29",NULL
1622,125055,0,"2026-01-13 22:15:29","2026-01-13 22:15:29",NULL
1623,125055,0,"2026-01-13 22:15:29","2026-01-13 22:15:29",NULL
1624,125055,0,"2026-01-13 22:15:29","2026-01-13 22:15:29",NULL
1625,125055,0,"2026-01-13 22:15:29","2026-01-13 22:15:29",NULL
1626,125055,0,"2026-01-13 22:15:29","2026-01-13 22:15:29",NULL
1627,125055,0,"2026-01-13 22:15:29","2026-01-13 22:15:29",NULL
1628,125055,0,"2026-01-13 22:15:29","2026-01-13 22:15:29",NULL
1629,125055,0,"2026-01-13 22:15:29","2026-01-13 22:15:29",NULL
1630,125055,0,"2026-01-13 22:15:29","2026-01-13 22:15:29",NULL
1631,125055,0,"2026-01-13 22:15:29","2026-01-13 22:15:29",NULL
1632,125055,0,"2026-01-13 22:15:29","2026-01-13 22:15:29",NULL
1633,125055,0,"2026-01-13 22:15:29","2026-01-13 22:15:29",NULL
1634,125058,0,"2026-01-13 22:15:29","2026-01-13 22:15:29",NULL
1635,125058,0,"2026-01-13 22:15:29","2026-01-13 22:15:29",NULL
1636,125060,0,"2026-01-13 22:15:29","2026-01-13 22:15:29",NULL
1637,125060,0,"2026-01-13 22:15:29","2026-01-13 22:15:29",NULL
1638,125060,0,"2026-01-13 22:15:29","2026-01-13 22:15:29",NULL
1639,125060,0,"2026-01-13 22:15:29","2026-01-13 22:15:29",NULL
1640,125060,0,"2026-01-13 22:15:29","2026-01-13 22:15:29",NULL
1641,125060,0,"2026-01-13 22:15:29","2026-01-13 22:15:29",NULL
1642,125060,0,"2026-01-13 22:15:29","2026-01-13 22:15:29",NULL
1643,125060,0,"2026-01-13 22:15:29","2026-01-13 22:15:29",NULL
1644,125060,0,"2026-01-13 22:15:29","2026-01-13 22:15:29",NULL
1645,125060,0,"2026-01-13 22:15:29","2026-01-13 22:15:29",NULL
1646,125075,0,"2026-01-13 22:15:29","2026-01-13 22:15:29",NULL
1647,125075,0,"2026-01-13 22:15:29","2026-01-13 22:15:29",NULL
1648,125075,0,"2026-01-13 22:15:29","2026-01-13 22:15:29",NULL
1649,125075,0,"2026-01-13 22:15:29","2026-01-13 22:15:29",NULL
1650,125075,0,"2026-01-13 22:15:29","2026-01-13 22:15:29",NULL
1651,125075,0,"2026-01-13 22:15:29","2026-01-13 22:15:29",NULL
1652,125075,0,"2026-01-13 22:15:29","2026-01-13 22:15:29",NULL
1653,125075,0,"2026-01-13 22:15:29","2026-01-13 22:15:29",NULL
1654,125075,0,"2026-01-13 22:15:29","2026-01-13 22:15:29",NULL
1655,125075,0,"2026-01-13 22:15:29","2026-01-13 22:15:29",NULL
1656,125076,0,"2026-01-13 22:15:29","2026-01-13 22:15:29",NULL
1657,125076,0,"2026-01-13 22:15:29","2026-01-13 22:15:29",NULL
1658,125076,0,"2026-01-13 22:15:29","2026-01-13 22:15:29",NULL
1659,125076,0,"2026-01-13 22:15:29","2026-01-13 22:15:29",NULL
1660,125076,0,"2026-01-13 22:15:29","2026-01-13 22:15:29",NULL
1661,125076,0,"2026-01-13 22:15:29","2026-01-13 22:15:29",NULL
1662,125077,0,"2026-01-13 22:15:29","2026-01-13 22:15:29",NULL
1663,125077,0,"2026-01-13 22:15:29","2026-01-13 22:15:29",NULL
1664,125077,0,"2026-01-13 22:15:29","2026-01-13 22:15:29",NULL
1665,125077,0,"2026-01-13 22:15:29","2026-01-13 22:15:29",NULL
1666,125077,0,"2026-01-13 22:15:29","2026-01-13 22:15:29",NULL
1667,125077,0,"2026-01-13 22:15:29","2026-01-13 22:15:29",NULL
1668,125077,0,"2026-01-13 22:15:29","2026-01-13 22:15:29",NULL
1669,125077,0,"2026-01-13 22:15:29","2026-01-13 22:15:29",NULL
1670,125077,0,"2026-01-13 22:15:29","2026-01-13 22:15:29",NULL
1671,125078,0,"2026-01-13 22:15:29","2026-01-13 22:15:29",NULL
1672,125078,0,"2026-01-13 22:15:29","2026-01-13 22:15:29",NULL
1673,125078,0,"2026-01-13 22:15:29","2026-01-13 22:15:29",NULL
1674,125078,0,"2026-01-13 22:15:29","2026-01-13 22:15:29",NULL
1675,125078,0,"2026-01-13 22:15:29","2026-01-13 22:15:29",NULL
1676,125078,0,"2026-01-13 22:15:29","2026-01-13 22:15:29",NULL
1677,125078,0,"2026-01-13 22:15:29","2026-01-13 22:15:29",NULL
1678,125078,0,"2026-01-13 22:15:29","2026-01-13 22:15:29",NULL
1679,125078,0,"2026-01-13 22:15:29","2026-01-13 22:15:29",NULL
1680,125078,0,"2026-01-13 22:15:29","2026-01-13 22:15:29",NULL
1681,125078,0,"2026-01-13 22:15:29","2026-01-13 22:15:29",NULL
1682,125078,0,"2026-01-13 22:15:29","2026-01-13 22:15:29",NULL
1683,125101,0,"2026-01-13 22:15:29","2026-01-13 22:15:29",NULL
1684,125101,0,"2026-01-13 22:15:29","2026-01-13 22:15:29",NULL
1685,125101,0,"2026-01-13 22:15:29","2026-01-13 22:15:29",NULL
1686,125102,0,"2026-01-13 22:15:29","2026-01-13 22:15:29",NULL
1687,125102,0,"2026-01-13 22:15:29","2026-01-13 22:15:29",NULL
1688,125102,0,"2026-01-13 22:15:29","2026-01-13 22:15:29",NULL
1689,125102,0,"2026-01-13 22:15:29","2026-01-13 22:15:29",NULL
1690,125102,0,"2026-01-13 22:15:29","2026-01-13 22:15:29",NULL
1691,125102,0,"2026-01-13 22:15:29","2026-01-13 22:15:29",NULL
1692,125102,0,"2026-01-13 22:15:29","2026-01-13 22:15:29",NULL
1693,125102,0,"2026-01-13 22:15:29","2026-01-13 22:15:29",NULL
1694,125102,0,"2026-01-13 22:15:29","2026-01-13 22:15:29",NULL
1695,125102,0,"2026-01-13 22:15:29","2026-01-13 22:15:29",NULL
1696,125103,0,"2026-01-13 22:15:29","2026-01-13 22:15:29",NULL
1697,125103,0,"2026-01-13 22:15:29","2026-01-13 22:15:29",NULL
1698,125103,0,"2026-01-13 22:15:29","2026-01-13 22:15:29",NULL
1699,125103,0,"2026-01-13 22:15:29","2026-01-13 22:15:29",NULL
1700,125103,0,"2026-01-13 22:15:29","2026-01-13 22:15:29",NULL
1701,126113,0,"2026-01-13 22:15:29","2026-01-13 22:15:29",NULL
1702,125103,0,"2026-01-13 22:15:29","2026-01-13 22:15:29",NULL
1703,125103,0,"2026-01-13 22:15:29","2026-01-13 22:15:29",NULL
1704,125103,0,"2026-01-13 22:15:29","2026-01-13 22:15:29",NULL
1705,125103,0,"2026-01-13 22:15:29","2026-01-13 22:15:29",NULL
1706,125103,0,"2026-01-13 22:15:29","2026-01-13 22:15:29",NULL
1707,125103,0,"2026-01-13 22:15:29","2026-01-13 22:15:29",NULL
1708,125104,0,"2026-01-13 22:15:29","2026-01-13 22:15:29",NULL
1709,125104,0,"2026-01-13 22:15:29","2026-01-13 22:15:29",NULL
1710,125104,0,"2026-01-13 22:15:29","2026-01-13 22:15:29",NULL
1711,125104,0,"2026-01-13 22:15:29","2026-01-13 22:15:29",NULL
1712,125104,0,"2026-01-13 22:15:29","2026-01-13 22:15:29",NULL
1713,125104,0,"2026-01-13 22:15:29","2026-01-13 22:15:29",NULL
1714,125104,0,"2026-01-13 22:15:29","2026-01-13 22:15:29",NULL
1715,125104,0,"2026-01-13 22:15:29","2026-01-13 22:15:29",NULL
1716,125104,0,"2026-01-13 22:15:29","2026-01-13 22:15:29",NULL
1717,125104,0,"2026-01-13 22:15:29","2026-01-13 22:15:29",NULL
1718,125104,0,"2026-01-13 22:15:29","2026-01-13 22:15:29",NULL
1719,125104,0,"2026-01-13 22:15:29","2026-01-13 22:15:29",NULL
1720,125104,0,"2026-01-13 22:15:29","2026-01-13 22:15:29",NULL
1721,125075,0,"2026-01-13 22:15:29","2026-01-13 22:15:29",NULL
1722,125075,0,"2026-01-13 22:15:29","2026-01-13 22:15:29",NULL
1723,125075,0,"2026-01-13 22:15:29","2026-01-13 22:15:29",NULL
1724,125075,0,"2026-01-13 22:15:29","2026-01-13 22:15:29",NULL
1725,125110,0,"2026-01-13 22:15:29","2026-01-13 22:15:29",NULL
1726,125110,0,"2026-01-13 22:15:29","2026-01-13 22:15:29",NULL
1727,125110,0,"2026-01-13 22:15:29","2026-01-13 22:15:29",NULL
1728,125110,0,"2026-01-13 22:15:29","2026-01-13 22:15:29",NULL
1729,125110,0,"2026-01-13 22:15:29","2026-01-13 22:15:29",NULL
1730,125110,0,"2026-01-13 22:15:29","2026-01-13 22:15:29",NULL
1731,125110,0,"2026-01-13 22:15:29","2026-01-13 22:15:29",NULL
1732,125110,0,"2026-01-13 22:15:29","2026-01-13 22:15:29",NULL
1733,125110,0,"2026-01-13 22:15:29","2026-01-13 22:15:29",NULL
1734,125111,0,"2026-01-13 22:15:29","2026-01-13 22:15:29",NULL
1735,125111,0,"2026-01-13 22:15:29","2026-01-13 22:15:29",NULL
1736,125111,0,"2026-01-13 22:15:29","2026-01-13 22:15:29",NULL
1737,125111,0,"2026-01-13 22:15:29","2026-01-13 22:15:29",NULL
1738,125111,0,"2026-01-13 22:15:29","2026-01-13 22:15:29",NULL
1739,125111,0,"2026-01-13 22:15:29","2026-01-13 22:15:29",NULL
1740,125111,0,"2026-01-13 22:15:29","2026-01-13 22:15:29",NULL
1741,125111,0,"2026-01-13 22:15:29","2026-01-13 22:15:29",NULL
1742,125111,0,"2026-01-13 22:15:29","2026-01-13 22:15:29",NULL
1743,125111,0,"2026-01-13 22:15:29","2026-01-13 22:15:29",NULL
1744,125111,0,"2026-01-13 22:15:29","2026-01-13 22:15:29",NULL
1745,125111,0,"2026-01-13 22:15:29","2026-01-13 22:15:29",NULL
1746,125112,0,"2026-01-13 22:15:29","2026-01-13 22:15:29",NULL
1747,125112,0,"2026-01-13 22:15:29","2026-01-13 22:15:29",NULL
1748,125112,0,"2026-01-13 22:15:29","2026-01-13 22:15:29",NULL
1749,125112,0,"2026-01-13 22:15:29","2026-01-13 22:15:29",NULL
1750,125112,0,"2026-01-13 22:15:29","2026-01-13 22:15:29",NULL
1751,125112,0,"2026-01-13 22:15:29","2026-01-13 22:15:29",NULL
1752,125112,0,"2026-01-13 22:15:29","2026-01-13 22:15:29",NULL
1753,125112,0,"2026-01-13 22:15:29","2026-01-13 22:15:29",NULL
1754,125113,0,"2026-01-13 22:15:29","2026-01-13 22:15:29",NULL
1755,125113,0,"2026-01-13 22:15:29","2026-01-13 22:15:29",NULL
1756,125113,0,"2026-01-13 22:15:29","2026-01-13 22:15:29",NULL
1757,125113,0,"2026-01-13 22:15:29","2026-01-13 22:15:29",NULL
1758,125113,0,"2026-01-13 22:15:29","2026-01-13 22:15:29",NULL
1759,125113,0,"2026-01-13 22:15:29","2026-01-13 22:15:29",NULL
1760,125113,0,"2026-01-13 22:15:29","2026-01-13 22:15:29",NULL
1761,125113,0,"2026-01-13 22:15:29","2026-01-13 22:15:29",NULL
1762,125113,0,"2026-01-13 22:15:29","2026-01-13 22:15:29",NULL
1763,125113,0,"2026-01-13 22:15:29","2026-01-13 22:15:29",NULL
1764,125113,0,"2026-01-13 22:15:29","2026-01-13 22:15:29",NULL
1765,125113,0,"2026-01-13 22:15:29","2026-01-13 22:15:29",NULL
1766,125113,0,"2026-01-13 22:15:29","2026-01-13 22:15:29",NULL
1767,125113,0,"2026-01-13 22:15:29","2026-01-13 22:15:29",NULL
1768,125120,0,"2026-01-13 22:15:29","2026-01-13 22:15:29",NULL
1769,125120,0,"2026-01-13 22:15:29","2026-01-13 22:15:29",NULL
1770,125120,0,"2026-01-13 22:15:29","2026-01-13 22:15:29",NULL
1771,125120,0,"2026-01-13 22:15:29","2026-01-13 22:15:29",NULL
1772,125120,0,"2026-01-13 22:15:29","2026-01-13 22:15:29",NULL
1773,125120,0,"2026-01-13 22:15:29","2026-01-13 22:15:29",NULL
1774,125120,0,"2026-01-13 22:15:29","2026-01-13 22:15:29",NULL
1775,125120,0,"2026-01-13 22:15:29","2026-01-13 22:15:29",NULL
1776,125120,0,"2026-01-13 22:15:29","2026-01-13 22:15:29",NULL
1777,125120,0,"2026-01-13 22:15:29","2026-01-13 22:15:29",NULL
1778,125120,0,"2026-01-13 22:15:29","2026-01-13 22:15:29",NULL
1779,125120,0,"2026-01-13 22:15:29","2026-01-13 22:15:29",NULL
1780,125120,0,"2026-01-13 22:15:29","2026-01-13 22:15:29",NULL
1781,125104,0,"2026-01-13 22:15:29","2026-01-13 22:15:29",NULL
1782,125104,0,"2026-01-13 22:15:29","2026-01-13 22:15:29",NULL
1783,125104,0,"2026-01-13 22:15:29","2026-01-13 22:15:29",NULL
1784,125106,0,"2026-01-13 22:15:29","2026-01-13 22:15:29",NULL
1785,125106,0,"2026-01-13 22:15:29","2026-01-13 22:15:29",NULL
1786,125106,0,"2026-01-13 22:15:29","2026-01-13 22:15:29",NULL
1787,125106,0,"2026-01-13 22:15:29","2026-01-13 22:15:29",NULL
1788,125106,0,"2026-01-13 22:15:29","2026-01-13 22:15:29",NULL
1789,125106,0,"2026-01-13 22:15:29","2026-01-13 22:15:29",NULL
1790,125106,0,"2026-01-13 22:15:29","2026-01-13 22:15:29",NULL
1791,125106,0,"2026-01-13 22:15:29","2026-01-13 22:15:29",NULL
1792,125106,0,"2026-01-13 22:15:29","2026-01-13 22:15:29",NULL
1793,125106,0,"2026-01-13 22:15:29","2026-01-13 22:15:29",NULL
1794,125106,0,"2026-01-13 22:15:29","2026-01-13 22:15:29",NULL
1795,125106,0,"2026-01-13 22:15:29","2026-01-13 22:15:29",NULL
1796,125106,0,"2026-01-13 22:15:29","2026-01-13 22:15:29",NULL
1797,125110,0,"2026-01-13 22:15:29","2026-01-13 22:15:29",NULL
1798,125110,0,"2026-01-13 22:15:29","2026-01-13 22:15:29",NULL
1799,125110,0,"2026-01-13 22:15:29","2026-01-13 22:15:29",NULL
1800,125110,0,"2026-01-13 22:15:29","2026-01-13 22:15:29",NULL
1801,125110,0,"2026-01-13 22:15:29","2026-01-13 22:15:29",NULL
1802,125110,0,"2026-01-13 22:15:29","2026-01-13 22:15:29",NULL
1803,125133,0,"2026-01-13 22:15:29","2026-01-13 22:15:29",NULL
1804,125201,0,"2026-01-13 22:15:29","2026-01-13 22:15:29",NULL
1805,125201,0,"2026-01-13 22:15:29","2026-01-13 22:15:29",NULL
1806,125201,0,"2026-01-13 22:15:29","2026-01-13 22:15:29",NULL
1807,125201,0,"2026-01-13 22:15:29","2026-01-13 22:15:29",NULL
1808,125201,0,"2026-01-13 22:15:29","2026-01-13 22:15:29",NULL
1809,125201,0,"2026-01-13 22:15:29","2026-01-13 22:15:29",NULL
1810,125201,0,"2026-01-13 22:15:29","2026-01-13 22:15:29",NULL
1811,125201,0,"2026-01-13 22:15:29","2026-01-13 22:15:29",NULL
1812,125201,0,"2026-01-13 22:15:29","2026-01-13 22:15:29",NULL
1813,125201,0,"2026-01-13 22:15:29","2026-01-13 22:15:29",NULL
1814,125201,0,"2026-01-13 22:15:29","2026-01-13 22:15:29",NULL
1815,125201,0,"2026-01-13 22:15:29","2026-01-13 22:15:29",NULL
1816,125201,0,"2026-01-13 22:15:29","2026-01-13 22:15:29",NULL
1817,125201,0,"2026-01-13 22:15:29","2026-01-13 22:15:29",NULL
1818,125201,0,"2026-01-13 22:15:29","2026-01-13 22:15:29",NULL
1819,125201,0,"2026-01-13 22:15:29","2026-01-13 22:15:29",NULL
1820,125201,0,"2026-01-13 22:15:29","2026-01-13 22:15:29",NULL
1821,126101,0,"2026-01-13 22:15:29","2026-01-13 22:15:29",NULL
1822,126101,0,"2026-01-13 22:15:29","2026-01-13 22:15:29",NULL
1823,126101,0,"2026-01-13 22:15:29","2026-01-13 22:15:29",NULL
1824,126101,0,"2026-01-13 22:15:29","2026-01-13 22:15:29",NULL
1825,126101,0,"2026-01-13 22:15:29","2026-01-13 22:15:29",NULL
1826,126101,0,"2026-01-13 22:15:29","2026-01-13 22:15:29",NULL
1827,126101,0,"2026-01-13 22:15:29","2026-01-13 22:15:29",NULL
1828,126101,0,"2026-01-13 22:15:29","2026-01-13 22:15:29",NULL
1829,126101,0,"2026-01-13 22:15:29","2026-01-13 22:15:29",NULL
1830,126101,0,"2026-01-13 22:15:29","2026-01-13 22:15:29",NULL
1831,126101,0,"2026-01-13 22:15:29","2026-01-13 22:15:29",NULL
1832,126101,0,"2026-01-13 22:15:29","2026-01-13 22:15:29",NULL
1833,126101,0,"2026-01-13 22:15:29","2026-01-13 22:15:29",NULL
1834,126102,0,"2026-01-13 22:15:29","2026-01-13 22:15:29",NULL
1835,126102,0,"2026-01-13 22:15:29","2026-01-13 22:15:29",NULL
1836,126102,0,"2026-01-13 22:15:29","2026-01-13 22:15:29",NULL
1837,126102,0,"2026-01-13 22:15:29","2026-01-13 22:15:29",NULL
1838,125120,0,"2026-01-13 22:15:29","2026-01-13 22:15:29",NULL
1839,125120,0,"2026-01-13 22:15:29","2026-01-13 22:15:29",NULL
1840,125120,0,"2026-01-13 22:15:29","2026-01-13 22:15:29",NULL
1841,125121,0,"2026-01-13 22:15:29","2026-01-13 22:15:29",NULL
1842,125121,0,"2026-01-13 22:15:29","2026-01-13 22:15:29",NULL
1843,125121,0,"2026-01-13 22:15:29","2026-01-13 22:15:29",NULL
1844,125121,0,"2026-01-13 22:15:29","2026-01-13 22:15:29",NULL
1845,125121,0,"2026-01-13 22:15:29","2026-01-13 22:15:29",NULL
1846,125121,0,"2026-01-13 22:15:29","2026-01-13 22:15:29",NULL
1847,125121,0,"2026-01-13 22:15:29","2026-01-13 22:15:29",NULL
1848,125121,0,"2026-01-13 22:15:29","2026-01-13 22:15:29",NULL
1849,125121,0,"2026-01-13 22:15:29","2026-01-13 22:15:29",NULL
1850,125121,0,"2026-01-13 22:15:29","2026-01-13 22:15:29",NULL
1851,125121,0,"2026-01-13 22:15:29","2026-01-13 22:15:29",NULL
1852,125121,0,"2026-01-13 22:15:29","2026-01-13 22:15:29",NULL
1853,125121,0,"2026-01-13 22:15:29","2026-01-13 22:15:29",NULL
1854,125121,0,"2026-01-13 22:15:29","2026-01-13 22:15:29",NULL
1855,125121,0,"2026-01-13 22:15:29","2026-01-13 22:15:29",NULL
1856,125121,0,"2026-01-13 22:15:29","2026-01-13 22:15:29",NULL
1857,125121,0,"2026-01-13 22:15:29","2026-01-13 22:15:29",NULL
1858,125121,0,"2026-01-13 22:15:29","2026-01-13 22:15:29",NULL
1859,125121,0,"2026-01-13 22:15:29","2026-01-13 22:15:29",NULL
1860,125121,0,"2026-01-13 22:15:29","2026-01-13 22:15:29",NULL
1861,125121,0,"2026-01-13 22:15:29","2026-01-13 22:15:29",NULL
1862,125121,0,"2026-01-13 22:15:29","2026-01-13 22:15:29",NULL
1863,125121,0,"2026-01-13 22:15:29","2026-01-13 22:15:29",NULL
1864,125121,0,"2026-01-13 22:15:29","2026-01-13 22:15:29",NULL
1865,125133,0,"2026-01-13 22:15:29","2026-01-13 22:15:29",NULL
1866,125133,0,"2026-01-13 22:15:29","2026-01-13 22:15:29",NULL
1867,125133,0,"2026-01-13 22:15:29","2026-01-13 22:15:29",NULL
1868,125133,0,"2026-01-13 22:15:29","2026-01-13 22:15:29",NULL
1869,125133,0,"2026-01-13 22:15:29","2026-01-13 22:15:29",NULL
1870,125133,0,"2026-01-13 22:15:29","2026-01-13 22:15:29",NULL
1871,126112,0,"2026-01-13 22:15:29","2026-01-13 22:15:29",NULL
1872,126112,0,"2026-01-13 22:15:29","2026-01-13 22:15:29",NULL
1873,126112,0,"2026-01-13 22:15:29","2026-01-13 22:15:29",NULL
1874,126113,0,"2026-01-13 22:15:29","2026-01-13 22:15:29",NULL
1875,127028,0,"2026-01-13 22:15:29","2026-01-13 22:15:29",NULL
1876,126113,0,"2026-01-13 22:15:29","2026-01-13 22:15:29",NULL
1877,126113,0,"2026-01-13 22:15:29","2026-01-13 22:15:29",NULL
1878,126113,0,"2026-01-13 22:15:29","2026-01-13 22:15:29",NULL
1879,126113,0,"2026-01-13 22:15:29","2026-01-13 22:15:29",NULL
1880,126113,0,"2026-01-13 22:15:29","2026-01-13 22:15:29",NULL
1881,126113,0,"2026-01-13 22:15:29","2026-01-13 22:15:29",NULL
1882,126113,0,"2026-01-13 22:15:29","2026-01-13 22:15:29",NULL
1883,126113,0,"2026-01-13 22:15:29","2026-01-13 22:15:29",NULL
1884,126113,0,"2026-01-13 22:15:29","2026-01-13 22:15:29",NULL
1885,126113,0,"2026-01-13 22:15:29","2026-01-13 22:15:29",NULL
1886,126114,0,"2026-01-13 22:15:29","2026-01-13 22:15:29",NULL
1887,126114,0,"2026-01-13 22:15:29","2026-01-13 22:15:29",NULL
1888,126114,0,"2026-01-13 22:15:29","2026-01-13 22:15:29",NULL
1889,126114,0,"2026-01-13 22:15:29","2026-01-13 22:15:29",NULL
1890,126114,0,"2026-01-13 22:15:29","2026-01-13 22:15:29",NULL
1891,126114,0,"2026-01-13 22:15:29","2026-01-13 22:15:29",NULL
1892,126114,0,"2026-01-13 22:15:29","2026-01-13 22:15:29",NULL
1893,126114,0,"2026-01-13 22:15:29","2026-01-13 22:15:29",NULL
1894,126114,0,"2026-01-13 22:15:29","2026-01-13 22:15:29",NULL
1895,126115,0,"2026-01-13 22:15:29","2026-01-13 22:15:29",NULL
1896,126115,0,"2026-01-13 22:15:29","2026-01-13 22:15:29",NULL
1897,126102,0,"2026-01-13 22:15:29","2026-01-13 22:15:29",NULL
1898,126102,0,"2026-01-13 22:15:29","2026-01-13 22:15:29",NULL
1899,126102,0,"2026-01-13 22:15:29","2026-01-13 22:15:29",NULL
1900,126102,0,"2026-01-13 22:15:29","2026-01-13 22:15:29",NULL
1901,126102,0,"2026-01-13 22:15:29","2026-01-13 22:15:29",NULL
1902,126102,0,"2026-01-13 22:15:29","2026-01-13 22:15:29",NULL
1903,126102,0,"2026-01-13 22:15:29","2026-01-13 22:15:29",NULL
1904,126102,0,"2026-01-13 22:15:29","2026-01-13 22:15:29",NULL
1905,126102,0,"2026-01-13 22:15:29","2026-01-13 22:15:29",NULL
1906,126102,0,"2026-01-13 22:15:29","2026-01-13 22:15:29",NULL
1907,126102,0,"2026-01-13 22:15:29","2026-01-13 22:15:29",NULL
1908,126102,0,"2026-01-13 22:15:29","2026-01-13 22:15:29",NULL
1909,126102,0,"2026-01-13 22:15:29","2026-01-13 22:15:29",NULL
1910,126102,0,"2026-01-13 22:15:29","2026-01-13 22:15:29",NULL
1911,126102,0,"2026-01-13 22:15:29","2026-01-13 22:15:29",NULL
1912,126102,0,"2026-01-13 22:15:29","2026-01-13 22:15:29",NULL
1913,126102,0,"2026-01-13 22:15:29","2026-01-13 22:15:29",NULL
1914,126102,0,"2026-01-13 22:15:29","2026-01-13 22:15:29",NULL
1915,126102,0,"2026-01-13 22:15:29","2026-01-13 22:15:29",NULL
1916,126102,0,"2026-01-13 22:15:29","2026-01-13 22:15:29",NULL
1917,126102,0,"2026-01-13 22:15:29","2026-01-13 22:15:29",NULL
1918,126110,0,"2026-01-13 22:15:29","2026-01-13 22:15:29",NULL
1919,126110,0,"2026-01-13 22:15:29","2026-01-13 22:15:29",NULL
1920,126110,0,"2026-01-13 22:15:29","2026-01-13 22:15:29",NULL
1921,126110,0,"2026-01-13 22:15:29","2026-01-13 22:15:29",NULL
1922,126110,0,"2026-01-13 22:15:29","2026-01-13 22:15:29",NULL
1923,126110,0,"2026-01-13 22:15:29","2026-01-13 22:15:29",NULL
1924,126111,0,"2026-01-13 22:15:29","2026-01-13 22:15:29",NULL
1925,126111,0,"2026-01-13 22:15:29","2026-01-13 22:15:29",NULL
1926,126111,0,"2026-01-13 22:15:29","2026-01-13 22:15:29",NULL
1927,126111,0,"2026-01-13 22:15:29","2026-01-13 22:15:29",NULL
1928,126111,0,"2026-01-13 22:15:29","2026-01-13 22:15:29",NULL
1929,126111,0,"2026-01-13 22:15:29","2026-01-13 22:15:29",NULL
1930,126112,0,"2026-01-13 22:15:29","2026-01-13 22:15:29",NULL
1931,126112,0,"2026-01-13 22:15:29","2026-01-13 22:15:29",NULL
1932,126112,0,"2026-01-13 22:15:29","2026-01-13 22:15:29",NULL
1933,126112,0,"2026-01-13 22:15:29","2026-01-13 22:15:29",NULL
1934,126112,0,"2026-01-13 22:15:29","2026-01-13 22:15:29",NULL
1935,126112,0,"2026-01-13 22:15:29","2026-01-13 22:15:29",NULL
1936,126112,0,"2026-01-13 22:15:29","2026-01-13 22:15:29",NULL
1937,126112,0,"2026-01-13 22:15:29","2026-01-13 22:15:29",NULL
1938,126112,0,"2026-01-13 22:15:29","2026-01-13 22:15:29",NULL
1939,126112,0,"2026-01-13 22:15:29","2026-01-13 22:15:29",NULL
1940,126112,0,"2026-01-13 22:15:29","2026-01-13 22:15:29",NULL
1941,126112,0,"2026-01-13 22:15:29","2026-01-13 22:15:29",NULL
1942,126112,0,"2026-01-13 22:15:29","2026-01-13 22:15:29",NULL
1943,126112,0,"2026-01-13 22:15:29","2026-01-13 22:15:29",NULL
1944,126112,0,"2026-01-13 22:15:29","2026-01-13 22:15:29",NULL
1945,126112,0,"2026-01-13 22:15:29","2026-01-13 22:15:29",NULL
1946,126112,0,"2026-01-13 22:15:29","2026-01-13 22:15:29",NULL
1947,126112,0,"2026-01-13 22:15:29","2026-01-13 22:15:29",NULL
1948,126112,0,"2026-01-13 22:15:29","2026-01-13 22:15:29",NULL
1949,126112,0,"2026-01-13 22:15:29","2026-01-13 22:15:29",NULL
1950,126152,0,"2026-01-13 22:15:29","2026-01-13 22:15:29",NULL
1951,126152,0,"2026-01-13 22:15:29","2026-01-13 22:15:29",NULL
1952,126152,0,"2026-01-13 22:15:29","2026-01-13 22:15:29",NULL
1953,126152,0,"2026-01-13 22:15:29","2026-01-13 22:15:29",NULL
1954,126152,0,"2026-01-13 22:15:29","2026-01-13 22:15:29",NULL
1955,126152,0,"2026-01-13 22:15:29","2026-01-13 22:15:29",NULL
1956,126152,0,"2026-01-13 22:15:29","2026-01-13 22:15:29",NULL
1957,127021,0,"2026-01-13 22:15:29","2026-01-13 22:15:29",NULL
1958,127021,0,"2026-01-13 22:15:29","2026-01-13 22:15:29",NULL
1959,127021,0,"2026-01-13 22:15:29","2026-01-13 22:15:29",NULL
1960,126115,0,"2026-01-13 22:15:29","2026-01-13 22:15:29",NULL
1961,126115,0,"2026-01-13 22:15:29","2026-01-13 22:15:29",NULL
1962,126115,0,"2026-01-13 22:15:29","2026-01-13 22:15:29",NULL
1963,126115,0,"2026-01-13 22:15:29","2026-01-13 22:15:29",NULL
1964,126115,0,"2026-01-13 22:15:29","2026-01-13 22:15:29",NULL
1965,126115,0,"2026-01-13 22:15:29","2026-01-13 22:15:29",NULL
1966,126115,0,"2026-01-13 22:15:29","2026-01-13 22:15:29",NULL
1967,126115,0,"2026-01-13 22:15:29","2026-01-13 22:15:29",NULL
1968,126115,0,"2026-01-13 22:15:29","2026-01-13 22:15:29",NULL
1969,126115,0,"2026-01-13 22:15:29","2026-01-13 22:15:29",NULL
1970,126115,0,"2026-01-13 22:15:29","2026-01-13 22:15:29",NULL
1971,126115,0,"2026-01-13 22:15:29","2026-01-13 22:15:29",NULL
1972,126115,0,"2026-01-13 22:15:29","2026-01-13 22:15:29",NULL
1973,126115,0,"2026-01-13 22:15:29","2026-01-13 22:15:29",NULL
1974,126116,0,"2026-01-13 22:15:29","2026-01-13 22:15:29",NULL
1975,126116,0,"2026-01-13 22:15:29","2026-01-13 22:15:29",NULL
1976,126116,0,"2026-01-13 22:15:29","2026-01-13 22:15:29",NULL
1977,126116,0,"2026-01-13 22:15:29","2026-01-13 22:15:29",NULL
1978,126116,0,"2026-01-13 22:15:29","2026-01-13 22:15:29",NULL
1979,126116,0,"2026-01-13 22:15:29","2026-01-13 22:15:29",NULL
1980,126116,0,"2026-01-13 22:15:29","2026-01-13 22:15:29",NULL
1981,126116,0,"2026-01-13 22:15:29","2026-01-13 22:15:29",NULL
1982,126116,0,"2026-01-13 22:15:29","2026-01-13 22:15:29",NULL
1983,126116,0,"2026-01-13 22:15:29","2026-01-13 22:15:29",NULL
1984,126116,0,"2026-01-13 22:15:29","2026-01-13 22:15:29",NULL
1985,126116,0,"2026-01-13 22:15:29","2026-01-13 22:15:29",NULL
1986,126116,0,"2026-01-13 22:15:29","2026-01-13 22:15:29",NULL
1987,126116,0,"2026-01-13 22:15:29","2026-01-13 22:15:29",NULL
1988,126116,0,"2026-01-13 22:15:29","2026-01-13 22:15:29",NULL
1989,126116,0,"2026-01-13 22:15:29","2026-01-13 22:15:29",NULL
1990,126116,0,"2026-01-13 22:15:29","2026-01-13 22:15:29",NULL
1991,126116,0,"2026-01-13 22:15:29","2026-01-13 22:15:29",NULL
1992,126116,0,"2026-01-13 22:15:29","2026-01-13 22:15:29",NULL
1993,126116,0,"2026-01-13 22:15:29","2026-01-13 22:15:29",NULL
1994,126116,0,"2026-01-13 22:15:29","2026-01-13 22:15:29",NULL
1995,126116,0,"2026-01-13 22:15:29","2026-01-13 22:15:29",NULL
1996,126116,0,"2026-01-13 22:15:29","2026-01-13 22:15:29",NULL
1997,126116,0,"2026-01-13 22:15:29","2026-01-13 22:15:29",NULL
1998,126116,0,"2026-01-13 22:15:29","2026-01-13 22:15:29",NULL
1999,126116,0,"2026-01-13 22:15:29","2026-01-13 22:15:29",NULL
2000,126116,0,"2026-01-13 22:15:29","2026-01-13 22:15:29",NULL
2001,126116,0,"2026-01-13 22:15:29","2026-01-13 22:15:29",NULL
2002,126116,0,"2026-01-13 22:15:29","2026-01-13 22:15:29",NULL
2003,126116,0,"2026-01-13 22:15:29","2026-01-13 22:15:29",NULL
2004,126116,0,"2026-01-13 22:15:29","2026-01-13 22:15:29",NULL
2005,126125,0,"2026-01-13 22:15:29","2026-01-13 22:15:29",NULL
2006,126125,0,"2026-01-13 22:15:29","2026-01-13 22:15:29",NULL
2007,126125,0,"2026-01-13 22:15:29","2026-01-13 22:15:29",NULL
2008,126125,0,"2026-01-13 22:15:29","2026-01-13 22:15:29",NULL
2009,126125,0,"2026-01-13 22:15:29","2026-01-13 22:15:29",NULL
2010,126125,0,"2026-01-13 22:15:29","2026-01-13 22:15:29",NULL
2011,126125,0,"2026-01-13 22:15:29","2026-01-13 22:15:29",NULL
2012,126125,0,"2026-01-13 22:15:30","2026-01-13 22:15:30",NULL
2013,126125,0,"2026-01-13 22:15:30","2026-01-13 22:15:30",NULL
2014,126125,0,"2026-01-13 22:15:30","2026-01-13 22:15:30",NULL
2015,126125,0,"2026-01-13 22:15:30","2026-01-13 22:15:30",NULL
2016,126125,0,"2026-01-13 22:15:30","2026-01-13 22:15:30",NULL
2017,126152,0,"2026-01-13 22:15:30","2026-01-13 22:15:30",NULL
2018,127021,0,"2026-01-13 22:15:30","2026-01-13 22:15:30",NULL
2019,127021,0,"2026-01-13 22:15:30","2026-01-13 22:15:30",NULL
2020,127021,0,"2026-01-13 22:15:30","2026-01-13 22:15:30",NULL
2021,127021,0,"2026-01-13 22:15:30","2026-01-13 22:15:30",NULL
2022,127021,0,"2026-01-13 22:15:30","2026-01-13 22:15:30",NULL
2023,127021,0,"2026-01-13 22:15:30","2026-01-13 22:15:30",NULL
2024,127021,0,"2026-01-13 22:15:30","2026-01-13 22:15:30",NULL
2025,127021,0,"2026-01-13 22:15:30","2026-01-13 22:15:30",NULL
2026,127021,0,"2026-01-13 22:15:30","2026-01-13 22:15:30",NULL
2027,127022,0,"2026-01-13 22:15:30","2026-01-13 22:15:30",NULL
2028,127022,0,"2026-01-13 22:15:30","2026-01-13 22:15:30",NULL
2029,127022,0,"2026-01-13 22:15:30","2026-01-13 22:15:30",NULL
2030,127022,0,"2026-01-13 22:15:30","2026-01-13 22:15:30",NULL
2031,127022,0,"2026-01-13 22:15:30","2026-01-13 22:15:30",NULL
2032,127025,0,"2026-01-13 22:15:30","2026-01-13 22:15:30",NULL
2033,127025,0,"2026-01-13 22:15:30","2026-01-13 22:15:30",NULL
2034,127025,0,"2026-01-13 22:15:30","2026-01-13 22:15:30",NULL
2035,127026,0,"2026-01-13 22:15:30","2026-01-13 22:15:30",NULL
2036,127026,0,"2026-01-13 22:15:30","2026-01-13 22:15:30",NULL
2037,127026,0,"2026-01-13 22:15:30","2026-01-13 22:15:30",NULL
2038,127026,0,"2026-01-13 22:15:30","2026-01-13 22:15:30",NULL
2039,127026,0,"2026-01-13 22:15:30","2026-01-13 22:15:30",NULL
2040,127026,0,"2026-01-13 22:15:30","2026-01-13 22:15:30",NULL
2041,127026,0,"2026-01-13 22:15:30","2026-01-13 22:15:30",NULL
2042,127026,0,"2026-01-13 22:15:30","2026-01-13 22:15:30",NULL
2043,127027,0,"2026-01-13 22:15:30","2026-01-13 22:15:30",NULL
2044,127027,0,"2026-01-13 22:15:30","2026-01-13 22:15:30",NULL
2045,127027,0,"2026-01-13 22:15:30","2026-01-13 22:15:30",NULL
2046,127028,0,"2026-01-13 22:15:30","2026-01-13 22:15:30",NULL
2047,127028,0,"2026-01-13 22:15:30","2026-01-13 22:15:30",NULL
2048,127028,0,"2026-01-13 22:15:30","2026-01-13 22:15:30",NULL
2049,127028,0,"2026-01-13 22:15:30","2026-01-13 22:15:30",NULL
2050,127028,0,"2026-01-13 22:15:30","2026-01-13 22:15:30",NULL
2051,127201,0,"2026-01-13 22:15:30","2026-01-13 22:15:30",NULL
2052,127028,0,"2026-01-13 22:15:30","2026-01-13 22:15:30",NULL
2053,127028,0,"2026-01-13 22:15:30","2026-01-13 22:15:30",NULL
2054,127028,0,"2026-01-13 22:15:30","2026-01-13 22:15:30",NULL
2055,127028,0,"2026-01-13 22:15:30","2026-01-13 22:15:30",NULL
2056,127029,0,"2026-01-13 22:15:30","2026-01-13 22:15:30",NULL
2057,127029,0,"2026-01-13 22:15:30","2026-01-13 22:15:30",NULL
2058,127029,0,"2026-01-13 22:15:30","2026-01-13 22:15:30",NULL
2059,127029,0,"2026-01-13 22:15:30","2026-01-13 22:15:30",NULL
2060,127029,0,"2026-01-13 22:15:30","2026-01-13 22:15:30",NULL
2061,127029,0,"2026-01-13 22:15:30","2026-01-13 22:15:30",NULL
2062,127029,0,"2026-01-13 22:15:30","2026-01-13 22:15:30",NULL
2063,127029,0,"2026-01-13 22:15:30","2026-01-13 22:15:30",NULL
2064,127029,0,"2026-01-13 22:15:30","2026-01-13 22:15:30",NULL
2065,127030,0,"2026-01-13 22:15:30","2026-01-13 22:15:30",NULL
2066,127030,0,"2026-01-13 22:15:30","2026-01-13 22:15:30",NULL
2067,127030,0,"2026-01-13 22:15:30","2026-01-13 22:15:30",NULL
2068,127030,0,"2026-01-13 22:15:30","2026-01-13 22:15:30",NULL
2069,127030,0,"2026-01-13 22:15:30","2026-01-13 22:15:30",NULL
2070,127030,0,"2026-01-13 22:15:30","2026-01-13 22:15:30",NULL
2071,127030,0,"2026-01-13 22:15:30","2026-01-13 22:15:30",NULL
2072,127030,0,"2026-01-13 22:15:30","2026-01-13 22:15:30",NULL
2073,127030,0,"2026-01-13 22:15:30","2026-01-13 22:15:30",NULL
2074,127031,0,"2026-01-13 22:15:30","2026-01-13 22:15:30",NULL
2075,127031,0,"2026-01-13 22:15:30","2026-01-13 22:15:30",NULL
2076,127031,0,"2026-01-13 22:15:30","2026-01-13 22:15:30",NULL
2077,127031,0,"2026-01-13 22:15:30","2026-01-13 22:15:30",NULL
2078,127031,0,"2026-01-13 22:15:30","2026-01-13 22:15:30",NULL
2079,127031,0,"2026-01-13 22:15:30","2026-01-13 22:15:30",NULL
2080,127031,0,"2026-01-13 22:15:30","2026-01-13 22:15:30",NULL
2081,127031,0,"2026-01-13 22:15:30","2026-01-13 22:15:30",NULL
2082,127032,0,"2026-01-13 22:15:30","2026-01-13 22:15:30",NULL
2083,127032,0,"2026-01-13 22:15:30","2026-01-13 22:15:30",NULL
2084,127032,0,"2026-01-13 22:15:30","2026-01-13 22:15:30",NULL
2085,127032,0,"2026-01-13 22:15:30","2026-01-13 22:15:30",NULL
2086,127032,0,"2026-01-13 22:15:30","2026-01-13 22:15:30",NULL
2087,127032,0,"2026-01-13 22:15:30","2026-01-13 22:15:30",NULL
2088,127032,0,"2026-01-13 22:15:30","2026-01-13 22:15:30",NULL
2089,127035,0,"2026-01-13 22:15:30","2026-01-13 22:15:30",NULL
2090,127040,0,"2026-01-13 22:15:30","2026-01-13 22:15:30",NULL
2091,127040,0,"2026-01-13 22:15:30","2026-01-13 22:15:30",NULL
2092,127040,0,"2026-01-13 22:15:30","2026-01-13 22:15:30",NULL
2093,127040,0,"2026-01-13 22:15:30","2026-01-13 22:15:30",NULL
2094,127040,0,"2026-01-13 22:15:30","2026-01-13 22:15:30",NULL
2095,127040,0,"2026-01-13 22:15:30","2026-01-13 22:15:30",NULL
2096,127040,0,"2026-01-13 22:15:30","2026-01-13 22:15:30",NULL
2097,127040,0,"2026-01-13 22:15:30","2026-01-13 22:15:30",NULL
2098,127040,0,"2026-01-13 22:15:30","2026-01-13 22:15:30",NULL
2099,127040,0,"2026-01-13 22:15:30","2026-01-13 22:15:30",NULL
2100,127040,0,"2026-01-13 22:15:30","2026-01-13 22:15:30",NULL
2101,127040,0,"2026-01-13 22:15:30","2026-01-13 22:15:30",NULL
2102,127040,0,"2026-01-13 22:15:30","2026-01-13 22:15:30",NULL
2103,127041,0,"2026-01-13 22:15:30","2026-01-13 22:15:30",NULL
2104,127041,0,"2026-01-13 22:15:30","2026-01-13 22:15:30",NULL
2105,127041,0,"2026-01-13 22:15:30","2026-01-13 22:15:30",NULL
2106,127041,0,"2026-01-13 22:15:30","2026-01-13 22:15:30",NULL
2107,127041,0,"2026-01-13 22:15:30","2026-01-13 22:15:30",NULL
2108,127041,0,"2026-01-13 22:15:30","2026-01-13 22:15:30",NULL
2109,127042,0,"2026-01-13 22:15:30","2026-01-13 22:15:30",NULL
2110,127042,0,"2026-01-13 22:15:30","2026-01-13 22:15:30",NULL
2111,127042,0,"2026-01-13 22:15:30","2026-01-13 22:15:30",NULL
2112,127042,0,"2026-01-13 22:15:30","2026-01-13 22:15:30",NULL
2113,127043,0,"2026-01-13 22:15:30","2026-01-13 22:15:30",NULL
2114,127043,0,"2026-01-13 22:15:30","2026-01-13 22:15:30",NULL
2115,127043,0,"2026-01-13 22:15:30","2026-01-13 22:15:30",NULL
2116,127043,0,"2026-01-13 22:15:30","2026-01-13 22:15:30",NULL
2117,127043,0,"2026-01-13 22:15:30","2026-01-13 22:15:30",NULL
2118,127043,0,"2026-01-13 22:15:30","2026-01-13 22:15:30",NULL
2119,127043,0,"2026-01-13 22:15:30","2026-01-13 22:15:30",NULL
2120,127043,0,"2026-01-13 22:15:30","2026-01-13 22:15:30",NULL
2121,127043,0,"2026-01-13 22:15:30","2026-01-13 22:15:30",NULL
2122,127045,0,"2026-01-13 22:15:30","2026-01-13 22:15:30",NULL
2123,127046,0,"2026-01-13 22:15:30","2026-01-13 22:15:30",NULL
2124,127046,0,"2026-01-13 22:15:30","2026-01-13 22:15:30",NULL
2125,127046,0,"2026-01-13 22:15:30","2026-01-13 22:15:30",NULL
2126,127046,0,"2026-01-13 22:15:30","2026-01-13 22:15:30",NULL
2127,127046,0,"2026-01-13 22:15:30","2026-01-13 22:15:30",NULL
2128,127046,0,"2026-01-13 22:15:30","2026-01-13 22:15:30",NULL
2129,127046,0,"2026-01-13 22:15:30","2026-01-13 22:15:30",NULL
2130,127046,0,"2026-01-13 22:15:30","2026-01-13 22:15:30",NULL
2131,127046,0,"2026-01-13 22:15:30","2026-01-13 22:15:30",NULL
2132,127046,0,"2026-01-13 22:15:30","2026-01-13 22:15:30",NULL
2133,127046,0,"2026-01-13 22:15:30","2026-01-13 22:15:30",NULL
2134,127046,0,"2026-01-13 22:15:30","2026-01-13 22:15:30",NULL
2135,127046,0,"2026-01-13 22:15:30","2026-01-13 22:15:30",NULL
2136,127111,0,"2026-01-13 22:15:30","2026-01-13 22:15:30",NULL
2137,127111,0,"2026-01-13 22:15:30","2026-01-13 22:15:30",NULL
2138,127111,0,"2026-01-13 22:15:30","2026-01-13 22:15:30",NULL
2139,127111,0,"2026-01-13 22:15:30","2026-01-13 22:15:30",NULL
2140,127111,0,"2026-01-13 22:15:30","2026-01-13 22:15:30",NULL
2141,127111,0,"2026-01-13 22:15:30","2026-01-13 22:15:30",NULL
2142,127111,0,"2026-01-13 22:15:30","2026-01-13 22:15:30",NULL
2143,127111,0,"2026-01-13 22:15:30","2026-01-13 22:15:30",NULL
2144,127111,0,"2026-01-13 22:15:30","2026-01-13 22:15:30",NULL
2145,127111,0,"2026-01-13 22:15:30","2026-01-13 22:15:30",NULL
2146,127111,0,"2026-01-13 22:15:30","2026-01-13 22:15:30",NULL
2147,127111,0,"2026-01-13 22:15:30","2026-01-13 22:15:30",NULL
2148,127111,0,"2026-01-13 22:15:30","2026-01-13 22:15:30",NULL
2149,127114,0,"2026-01-13 22:15:30","2026-01-13 22:15:30",NULL
2150,127114,0,"2026-01-13 22:15:30","2026-01-13 22:15:30",NULL
2151,127201,0,"2026-01-13 22:15:30","2026-01-13 22:15:30",NULL
2152,127201,0,"2026-01-13 22:15:30","2026-01-13 22:15:30",NULL
2153,127201,0,"2026-01-13 22:15:30","2026-01-13 22:15:30",NULL
2154,127201,0,"2026-01-13 22:15:30","2026-01-13 22:15:30",NULL
2155,127032,0,"2026-01-13 22:15:30","2026-01-13 22:15:30",NULL
2156,127032,0,"2026-01-13 22:15:30","2026-01-13 22:15:30",NULL
2157,127035,0,"2026-01-13 22:15:30","2026-01-13 22:15:30",NULL
2158,127035,0,"2026-01-13 22:15:30","2026-01-13 22:15:30",NULL
2159,127035,0,"2026-01-13 22:15:30","2026-01-13 22:15:30",NULL
2160,127035,0,"2026-01-13 22:15:30","2026-01-13 22:15:30",NULL
2161,127035,0,"2026-01-13 22:15:30","2026-01-13 22:15:30",NULL
2162,127306,0,"2026-01-13 22:15:30","2026-01-13 22:15:30",NULL
2163,127306,0,"2026-01-13 22:15:30","2026-01-13 22:15:30",NULL
2164,127306,0,"2026-01-13 22:15:30","2026-01-13 22:15:30",NULL
2165,127306,0,"2026-01-13 22:15:30","2026-01-13 22:15:30",NULL
2166,127306,0,"2026-01-13 22:15:30","2026-01-13 22:15:30",NULL
2167,127306,0,"2026-01-13 22:15:30","2026-01-13 22:15:30",NULL
2168,127306,0,"2026-01-13 22:15:30","2026-01-13 22:15:30",NULL
2169,127306,0,"2026-01-13 22:15:30","2026-01-13 22:15:30",NULL
2170,127306,0,"2026-01-13 22:15:30","2026-01-13 22:15:30",NULL
2171,127306,0,"2026-01-13 22:15:30","2026-01-13 22:15:30",NULL
2172,127306,0,"2026-01-13 22:15:30","2026-01-13 22:15:30",NULL
2173,127307,0,"2026-01-13 22:15:30","2026-01-13 22:15:30",NULL
2174,127307,0,"2026-01-13 22:15:30","2026-01-13 22:15:30",NULL
2175,127307,0,"2026-01-13 22:15:30","2026-01-13 22:15:30",NULL
2176,127307,0,"2026-01-13 22:15:30","2026-01-13 22:15:30",NULL
2177,127307,0,"2026-01-13 22:15:30","2026-01-13 22:15:30",NULL
2178,127307,0,"2026-01-13 22:15:30","2026-01-13 22:15:30",NULL
2179,127307,0,"2026-01-13 22:15:30","2026-01-13 22:15:30",NULL
2180,127308,0,"2026-01-13 22:15:30","2026-01-13 22:15:30",NULL
2181,127308,0,"2026-01-13 22:15:30","2026-01-13 22:15:30",NULL
2182,127308,0,"2026-01-13 22:15:30","2026-01-13 22:15:30",NULL
2183,127308,0,"2026-01-13 22:15:30","2026-01-13 22:15:30",NULL
2184,127308,0,"2026-01-13 22:15:30","2026-01-13 22:15:30",NULL
2185,127308,0,"2026-01-13 22:15:30","2026-01-13 22:15:30",NULL
2186,127308,0,"2026-01-13 22:15:30","2026-01-13 22:15:30",NULL
2187,127308,0,"2026-01-13 22:15:30","2026-01-13 22:15:30",NULL
2188,127308,0,"2026-01-13 22:15:30","2026-01-13 22:15:30",NULL
2189,127308,0,"2026-01-13 22:15:30","2026-01-13 22:15:30",NULL
2190,127308,0,"2026-01-13 22:15:30","2026-01-13 22:15:30",NULL
2191,127308,0,"2026-01-13 22:15:30","2026-01-13 22:15:30",NULL
2192,127308,0,"2026-01-13 22:15:30","2026-01-13 22:15:30",NULL
2193,127308,0,"2026-01-13 22:15:30","2026-01-13 22:15:30",NULL
2194,127308,0,"2026-01-13 22:15:30","2026-01-13 22:15:30",NULL
2195,127308,0,"2026-01-13 22:15:30","2026-01-13 22:15:30",NULL
2196,127308,0,"2026-01-13 22:15:30","2026-01-13 22:15:30",NULL
2197,127309,0,"2026-01-13 22:15:30","2026-01-13 22:15:30",NULL
2198,127309,0,"2026-01-13 22:15:30","2026-01-13 22:15:30",NULL
2199,127309,0,"2026-01-13 22:15:30","2026-01-13 22:15:30",NULL
2200,127309,0,"2026-01-13 22:15:30","2026-01-13 22:15:30",NULL
2201,127309,0,"2026-01-13 22:15:30","2026-01-13 22:15:30",NULL
2202,127309,0,"2026-01-13 22:15:30","2026-01-13 22:15:30",NULL
2203,127309,0,"2026-01-13 22:15:30","2026-01-13 22:15:30",NULL
2204,127310,0,"2026-01-13 22:15:30","2026-01-13 22:15:30",NULL
2205,127310,0,"2026-01-13 22:15:30","2026-01-13 22:15:30",NULL
2206,127310,0,"2026-01-13 22:15:30","2026-01-13 22:15:30",NULL
2207,127310,0,"2026-01-13 22:15:30","2026-01-13 22:15:30",NULL
2208,127310,0,"2026-01-13 22:15:30","2026-01-13 22:15:30",NULL
2209,127310,0,"2026-01-13 22:15:30","2026-01-13 22:15:30",NULL
2210,127310,0,"2026-01-13 22:15:30","2026-01-13 22:15:30",NULL
2211,127310,0,"2026-01-13 22:15:30","2026-01-13 22:15:30",NULL
2212,127310,0,"2026-01-13 22:15:30","2026-01-13 22:15:30",NULL
2213,127310,0,"2026-01-13 22:15:30","2026-01-13 22:15:30",NULL
2214,127310,0,"2026-01-13 22:15:30","2026-01-13 22:15:30",NULL
2215,127201,0,"2026-01-13 22:15:30","2026-01-13 22:15:30",NULL
2216,127201,0,"2026-01-13 22:15:30","2026-01-13 22:15:30",NULL
2217,127201,0,"2026-01-13 22:15:30","2026-01-13 22:15:30",NULL
2218,127201,0,"2026-01-13 22:15:30","2026-01-13 22:15:30",NULL
2219,127201,0,"2026-01-13 22:15:30","2026-01-13 22:15:30",NULL
2220,127201,0,"2026-01-13 22:15:30","2026-01-13 22:15:30",NULL
2221,127201,0,"2026-01-13 22:15:30","2026-01-13 22:15:30",NULL
2222,127201,0,"2026-01-13 22:15:30","2026-01-13 22:15:30",NULL
2223,132036,0,"2026-01-13 22:15:30","2026-01-13 22:15:30",NULL
2224,127201,0,"2026-01-13 22:15:30","2026-01-13 22:15:30",NULL
2225,127201,0,"2026-01-13 22:15:30","2026-01-13 22:15:30",NULL
2226,127201,0,"2026-01-13 22:15:30","2026-01-13 22:15:30",NULL
2227,127201,0,"2026-01-13 22:15:30","2026-01-13 22:15:30",NULL
2228,127201,0,"2026-01-13 22:15:30","2026-01-13 22:15:30",NULL
2229,127201,0,"2026-01-13 22:15:30","2026-01-13 22:15:30",NULL
2230,127306,0,"2026-01-13 22:15:30","2026-01-13 22:15:30",NULL
2231,127306,0,"2026-01-13 22:15:30","2026-01-13 22:15:30",NULL
2232,127306,0,"2026-01-13 22:15:30","2026-01-13 22:15:30",NULL
2233,127306,0,"2026-01-13 22:15:30","2026-01-13 22:15:30",NULL
2234,127306,0,"2026-01-13 22:15:30","2026-01-13 22:15:30",NULL
2235,131023,0,"2026-01-13 22:15:30","2026-01-13 22:15:30",NULL
2236,131023,0,"2026-01-13 22:15:30","2026-01-13 22:15:30",NULL
2237,131023,0,"2026-01-13 22:15:30","2026-01-13 22:15:30",NULL
2238,131024,0,"2026-01-13 22:15:30","2026-01-13 22:15:30",NULL
2239,131024,0,"2026-01-13 22:15:30","2026-01-13 22:15:30",NULL
2240,131024,0,"2026-01-13 22:15:30","2026-01-13 22:15:30",NULL
2241,131024,0,"2026-01-13 22:15:30","2026-01-13 22:15:30",NULL
2242,131024,0,"2026-01-13 22:15:30","2026-01-13 22:15:30",NULL
2243,131024,0,"2026-01-13 22:15:30","2026-01-13 22:15:30",NULL
2244,131027,0,"2026-01-13 22:15:30","2026-01-13 22:15:30",NULL
2245,131027,0,"2026-01-13 22:15:30","2026-01-13 22:15:30",NULL
2246,131027,0,"2026-01-13 22:15:30","2026-01-13 22:15:30",NULL
2247,131027,0,"2026-01-13 22:15:30","2026-01-13 22:15:30",NULL
2248,131028,0,"2026-01-13 22:15:30","2026-01-13 22:15:30",NULL
2249,131028,0,"2026-01-13 22:15:30","2026-01-13 22:15:30",NULL
2250,131028,0,"2026-01-13 22:15:30","2026-01-13 22:15:30",NULL
2251,131028,0,"2026-01-13 22:15:30","2026-01-13 22:15:30",NULL
2252,131029,0,"2026-01-13 22:15:30","2026-01-13 22:15:30",NULL
2253,131029,0,"2026-01-13 22:15:30","2026-01-13 22:15:30",NULL
2254,131029,0,"2026-01-13 22:15:30","2026-01-13 22:15:30",NULL
2255,131029,0,"2026-01-13 22:15:30","2026-01-13 22:15:30",NULL
2256,131029,0,"2026-01-13 22:15:30","2026-01-13 22:15:30",NULL
2257,131039,0,"2026-01-13 22:15:30","2026-01-13 22:15:30",NULL
2258,131039,0,"2026-01-13 22:15:30","2026-01-13 22:15:30",NULL
2259,131039,0,"2026-01-13 22:15:30","2026-01-13 22:15:30",NULL
2260,131039,0,"2026-01-13 22:15:30","2026-01-13 22:15:30",NULL
2261,131039,0,"2026-01-13 22:15:30","2026-01-13 22:15:30",NULL
2262,131039,0,"2026-01-13 22:15:30","2026-01-13 22:15:30",NULL
2263,131101,0,"2026-01-13 22:15:30","2026-01-13 22:15:30",NULL
2264,131101,0,"2026-01-13 22:15:30","2026-01-13 22:15:30",NULL
2265,131101,0,"2026-01-13 22:15:30","2026-01-13 22:15:30",NULL
2266,131101,0,"2026-01-13 22:15:30","2026-01-13 22:15:30",NULL
2267,131101,0,"2026-01-13 22:15:30","2026-01-13 22:15:30",NULL
2268,131101,0,"2026-01-13 22:15:30","2026-01-13 22:15:30",NULL
2269,131101,0,"2026-01-13 22:15:30","2026-01-13 22:15:30",NULL
2270,131101,0,"2026-01-13 22:15:30","2026-01-13 22:15:30",NULL
2271,131101,0,"2026-01-13 22:15:30","2026-01-13 22:15:30",NULL
2272,131001,0,"2026-01-13 22:15:30","2026-01-13 22:15:30",NULL
2273,131001,0,"2026-01-13 22:15:30","2026-01-13 22:15:30",NULL
2274,131001,0,"2026-01-13 22:15:30","2026-01-13 22:15:30",NULL
2275,131001,0,"2026-01-13 22:15:30","2026-01-13 22:15:30",NULL
2276,131001,0,"2026-01-13 22:15:30","2026-01-13 22:15:30",NULL
2277,131001,0,"2026-01-13 22:15:30","2026-01-13 22:15:30",NULL
2278,131001,0,"2026-01-13 22:15:30","2026-01-13 22:15:30",NULL
2279,131001,0,"2026-01-13 22:15:30","2026-01-13 22:15:30",NULL
2280,131001,0,"2026-01-13 22:15:30","2026-01-13 22:15:30",NULL
2281,131001,0,"2026-01-13 22:15:30","2026-01-13 22:15:30",NULL
2282,131001,0,"2026-01-13 22:15:30","2026-01-13 22:15:30",NULL
2283,131001,0,"2026-01-13 22:15:30","2026-01-13 22:15:30",NULL
2284,131001,0,"2026-01-13 22:15:30","2026-01-13 22:15:30",NULL
2285,131001,0,"2026-01-13 22:15:30","2026-01-13 22:15:30",NULL
2286,131001,0,"2026-01-13 22:15:30","2026-01-13 22:15:30",NULL
2287,131001,0,"2026-01-13 22:15:30","2026-01-13 22:15:30",NULL
2288,131001,0,"2026-01-13 22:15:30","2026-01-13 22:15:30",NULL
2289,131001,0,"2026-01-13 22:15:30","2026-01-13 22:15:30",NULL
2290,131001,0,"2026-01-13 22:15:30","2026-01-13 22:15:30",NULL
2291,131001,0,"2026-01-13 22:15:30","2026-01-13 22:15:30",NULL
2292,131001,0,"2026-01-13 22:15:30","2026-01-13 22:15:30",NULL
2293,131001,0,"2026-01-13 22:15:30","2026-01-13 22:15:30",NULL
2294,131001,0,"2026-01-13 22:15:30","2026-01-13 22:15:30",NULL
2295,131001,0,"2026-01-13 22:15:30","2026-01-13 22:15:30",NULL
2296,131001,0,"2026-01-13 22:15:30","2026-01-13 22:15:30",NULL
2297,131001,0,"2026-01-13 22:15:30","2026-01-13 22:15:30",NULL
2298,131001,0,"2026-01-13 22:15:30","2026-01-13 22:15:30",NULL
2299,131021,0,"2026-01-13 22:15:30","2026-01-13 22:15:30",NULL
2300,131021,0,"2026-01-13 22:15:30","2026-01-13 22:15:30",NULL
2301,131021,0,"2026-01-13 22:15:30","2026-01-13 22:15:30",NULL
2302,131021,0,"2026-01-13 22:15:30","2026-01-13 22:15:30",NULL
2303,131021,0,"2026-01-13 22:15:30","2026-01-13 22:15:30",NULL
2304,131021,0,"2026-01-13 22:15:30","2026-01-13 22:15:30",NULL
2305,131022,0,"2026-01-13 22:15:30","2026-01-13 22:15:30",NULL
2306,131022,0,"2026-01-13 22:15:30","2026-01-13 22:15:30",NULL
2307,131022,0,"2026-01-13 22:15:30","2026-01-13 22:15:30",NULL
2308,131023,0,"2026-01-13 22:15:30","2026-01-13 22:15:30",NULL
2309,131023,0,"2026-01-13 22:15:30","2026-01-13 22:15:30",NULL
2310,131304,0,"2026-01-13 22:15:30","2026-01-13 22:15:30",NULL
2311,131304,0,"2026-01-13 22:15:30","2026-01-13 22:15:30",NULL
2312,131304,0,"2026-01-13 22:15:30","2026-01-13 22:15:30",NULL
2313,131304,0,"2026-01-13 22:15:30","2026-01-13 22:15:30",NULL
2314,131304,0,"2026-01-13 22:15:30","2026-01-13 22:15:30",NULL
2315,131305,0,"2026-01-13 22:15:30","2026-01-13 22:15:30",NULL
2316,131305,0,"2026-01-13 22:15:30","2026-01-13 22:15:30",NULL
2317,131305,0,"2026-01-13 22:15:30","2026-01-13 22:15:30",NULL
2318,131305,0,"2026-01-13 22:15:30","2026-01-13 22:15:30",NULL
2319,131305,0,"2026-01-13 22:15:30","2026-01-13 22:15:30",NULL
2320,131306,0,"2026-01-13 22:15:30","2026-01-13 22:15:30",NULL
2321,131306,0,"2026-01-13 22:15:30","2026-01-13 22:15:30",NULL
2322,131306,0,"2026-01-13 22:15:30","2026-01-13 22:15:30",NULL
2323,131306,0,"2026-01-13 22:15:30","2026-01-13 22:15:30",NULL
2324,131306,0,"2026-01-13 22:15:30","2026-01-13 22:15:30",NULL
2325,131306,0,"2026-01-13 22:15:30","2026-01-13 22:15:30",NULL
2326,131306,0,"2026-01-13 22:15:30","2026-01-13 22:15:30",NULL
2327,131402,0,"2026-01-13 22:15:30","2026-01-13 22:15:30",NULL
2328,131402,0,"2026-01-13 22:15:30","2026-01-13 22:15:30",NULL
2329,131402,0,"2026-01-13 22:15:30","2026-01-13 22:15:30",NULL
2330,131402,0,"2026-01-13 22:15:30","2026-01-13 22:15:30",NULL
2331,131402,0,"2026-01-13 22:15:30","2026-01-13 22:15:30",NULL
2332,131402,0,"2026-01-13 22:15:30","2026-01-13 22:15:30",NULL
2333,131402,0,"2026-01-13 22:15:30","2026-01-13 22:15:30",NULL
2334,131402,0,"2026-01-13 22:15:30","2026-01-13 22:15:30",NULL
2335,131402,0,"2026-01-13 22:15:30","2026-01-13 22:15:30",NULL
2336,131402,0,"2026-01-13 22:15:30","2026-01-13 22:15:30",NULL
2337,131402,0,"2026-01-13 22:15:30","2026-01-13 22:15:30",NULL
2338,131402,0,"2026-01-13 22:15:30","2026-01-13 22:15:30",NULL
2339,131101,0,"2026-01-13 22:15:30","2026-01-13 22:15:30",NULL
2340,131101,0,"2026-01-13 22:15:30","2026-01-13 22:15:30",NULL
2341,131101,0,"2026-01-13 22:15:30","2026-01-13 22:15:30",NULL
2342,131101,0,"2026-01-13 22:15:30","2026-01-13 22:15:30",NULL
2343,131101,0,"2026-01-13 22:15:30","2026-01-13 22:15:30",NULL
2344,131101,0,"2026-01-13 22:15:30","2026-01-13 22:15:30",NULL
2345,131101,0,"2026-01-13 22:15:30","2026-01-13 22:15:30",NULL
2346,131102,0,"2026-01-13 22:15:30","2026-01-13 22:15:30",NULL
2347,131102,0,"2026-01-13 22:15:30","2026-01-13 22:15:30",NULL
2348,131102,0,"2026-01-13 22:15:30","2026-01-13 22:15:30",NULL
2349,131102,0,"2026-01-13 22:15:30","2026-01-13 22:15:30",NULL
2350,131102,0,"2026-01-13 22:15:30","2026-01-13 22:15:30",NULL
2351,131102,0,"2026-01-13 22:15:30","2026-01-13 22:15:30",NULL
2352,131103,0,"2026-01-13 22:15:30","2026-01-13 22:15:30",NULL
2353,131103,0,"2026-01-13 22:15:30","2026-01-13 22:15:30",NULL
2354,131103,0,"2026-01-13 22:15:30","2026-01-13 22:15:30",NULL
2355,131103,0,"2026-01-13 22:15:30","2026-01-13 22:15:30",NULL
2356,131103,0,"2026-01-13 22:15:30","2026-01-13 22:15:30",NULL
2357,131103,0,"2026-01-13 22:15:30","2026-01-13 22:15:30",NULL
2358,131103,0,"2026-01-13 22:15:30","2026-01-13 22:15:30",NULL
2359,131301,0,"2026-01-13 22:15:30","2026-01-13 22:15:30",NULL
2360,131301,0,"2026-01-13 22:15:30","2026-01-13 22:15:30",NULL
2361,131301,0,"2026-01-13 22:15:30","2026-01-13 22:15:30",NULL
2362,131301,0,"2026-01-13 22:15:30","2026-01-13 22:15:30",NULL
2363,131301,0,"2026-01-13 22:15:30","2026-01-13 22:15:30",NULL
2364,131301,0,"2026-01-13 22:15:30","2026-01-13 22:15:30",NULL
2365,131301,0,"2026-01-13 22:15:30","2026-01-13 22:15:30",NULL
2366,131301,0,"2026-01-13 22:15:30","2026-01-13 22:15:30",NULL
2367,131301,0,"2026-01-13 22:15:30","2026-01-13 22:15:30",NULL
2368,131301,0,"2026-01-13 22:15:30","2026-01-13 22:15:30",NULL
2369,131301,0,"2026-01-13 22:15:30","2026-01-13 22:15:30",NULL
2370,131301,0,"2026-01-13 22:15:30","2026-01-13 22:15:30",NULL
2371,131301,0,"2026-01-13 22:15:30","2026-01-13 22:15:30",NULL
2372,131301,0,"2026-01-13 22:15:30","2026-01-13 22:15:30",NULL
2373,131301,0,"2026-01-13 22:15:30","2026-01-13 22:15:30",NULL
2374,131301,0,"2026-01-13 22:15:30","2026-01-13 22:15:30",NULL
2375,131301,0,"2026-01-13 22:15:30","2026-01-13 22:15:30",NULL
2376,131301,0,"2026-01-13 22:15:30","2026-01-13 22:15:30",NULL
2377,131301,0,"2026-01-13 22:15:30","2026-01-13 22:15:30",NULL
2378,131301,0,"2026-01-13 22:15:30","2026-01-13 22:15:30",NULL
2379,131301,0,"2026-01-13 22:15:30","2026-01-13 22:15:30",NULL
2380,131301,0,"2026-01-13 22:15:30","2026-01-13 22:15:30",NULL
2381,131301,0,"2026-01-13 22:15:30","2026-01-13 22:15:30",NULL
2382,131301,0,"2026-01-13 22:15:30","2026-01-13 22:15:30",NULL
2383,131301,0,"2026-01-13 22:15:30","2026-01-13 22:15:30",NULL
2384,131301,0,"2026-01-13 22:15:30","2026-01-13 22:15:30",NULL
2385,131301,0,"2026-01-13 22:15:30","2026-01-13 22:15:30",NULL
2386,131302,0,"2026-01-13 22:15:30","2026-01-13 22:15:30",NULL
2387,131302,0,"2026-01-13 22:15:30","2026-01-13 22:15:30",NULL
2388,131302,0,"2026-01-13 22:15:30","2026-01-13 22:15:30",NULL
2389,131302,0,"2026-01-13 22:15:30","2026-01-13 22:15:30",NULL
2390,131302,0,"2026-01-13 22:15:30","2026-01-13 22:15:30",NULL
2391,131302,0,"2026-01-13 22:15:30","2026-01-13 22:15:30",NULL
2392,131302,0,"2026-01-13 22:15:30","2026-01-13 22:15:30",NULL
2393,131302,0,"2026-01-13 22:15:30","2026-01-13 22:15:30",NULL
2394,132036,0,"2026-01-13 22:15:30","2026-01-13 22:15:30",NULL
2395,132036,0,"2026-01-13 22:15:30","2026-01-13 22:15:30",NULL
2396,132036,0,"2026-01-13 22:15:30","2026-01-13 22:15:30",NULL
2397,132036,0,"2026-01-13 22:15:30","2026-01-13 22:15:30",NULL
2398,132036,0,"2026-01-13 22:15:30","2026-01-13 22:15:30",NULL
2399,132106,0,"2026-01-13 22:15:30","2026-01-13 22:15:30",NULL
2400,132037,0,"2026-01-13 22:15:30","2026-01-13 22:15:30",NULL
2401,132037,0,"2026-01-13 22:15:30","2026-01-13 22:15:30",NULL
2402,131402,0,"2026-01-13 22:15:30","2026-01-13 22:15:30",NULL
2403,131402,0,"2026-01-13 22:15:30","2026-01-13 22:15:30",NULL
2404,131403,0,"2026-01-13 22:15:30","2026-01-13 22:15:30",NULL
2405,131403,0,"2026-01-13 22:15:30","2026-01-13 22:15:30",NULL
2406,131403,0,"2026-01-13 22:15:30","2026-01-13 22:15:30",NULL
2407,131403,0,"2026-01-13 22:15:30","2026-01-13 22:15:30",NULL
2408,131403,0,"2026-01-13 22:15:30","2026-01-13 22:15:30",NULL
2409,131408,0,"2026-01-13 22:15:30","2026-01-13 22:15:30",NULL
2410,131408,0,"2026-01-13 22:15:30","2026-01-13 22:15:30",NULL
2411,131408,0,"2026-01-13 22:15:30","2026-01-13 22:15:30",NULL
2412,131408,0,"2026-01-13 22:15:30","2026-01-13 22:15:30",NULL
2413,131408,0,"2026-01-13 22:15:30","2026-01-13 22:15:30",NULL
2414,131408,0,"2026-01-13 22:15:30","2026-01-13 22:15:30",NULL
2415,131409,0,"2026-01-13 22:15:30","2026-01-13 22:15:30",NULL
2416,131409,0,"2026-01-13 22:15:30","2026-01-13 22:15:30",NULL
2417,131409,0,"2026-01-13 22:15:30","2026-01-13 22:15:30",NULL
2418,131409,0,"2026-01-13 22:15:30","2026-01-13 22:15:30",NULL
2419,131409,0,"2026-01-13 22:15:30","2026-01-13 22:15:30",NULL
2420,132001,0,"2026-01-13 22:15:30","2026-01-13 22:15:30",NULL
2421,132001,0,"2026-01-13 22:15:30","2026-01-13 22:15:30",NULL
2422,132001,0,"2026-01-13 22:15:30","2026-01-13 22:15:30",NULL
2423,132001,0,"2026-01-13 22:15:30","2026-01-13 22:15:30",NULL
2424,132001,0,"2026-01-13 22:15:30","2026-01-13 22:15:30",NULL
2425,132001,0,"2026-01-13 22:15:30","2026-01-13 22:15:30",NULL
2426,132001,0,"2026-01-13 22:15:30","2026-01-13 22:15:30",NULL
2427,132001,0,"2026-01-13 22:15:30","2026-01-13 22:15:30",NULL
2428,132001,0,"2026-01-13 22:15:30","2026-01-13 22:15:30",NULL
2429,132001,0,"2026-01-13 22:15:30","2026-01-13 22:15:30",NULL
2430,132001,0,"2026-01-13 22:15:30","2026-01-13 22:15:30",NULL
2431,132001,0,"2026-01-13 22:15:30","2026-01-13 22:15:30",NULL
2432,132001,0,"2026-01-13 22:15:30","2026-01-13 22:15:30",NULL
2433,132001,0,"2026-01-13 22:15:30","2026-01-13 22:15:30",NULL
2434,132001,0,"2026-01-13 22:15:30","2026-01-13 22:15:30",NULL
2435,132001,0,"2026-01-13 22:15:30","2026-01-13 22:15:30",NULL
2436,132001,0,"2026-01-13 22:15:30","2026-01-13 22:15:30",NULL
2437,132001,0,"2026-01-13 22:15:30","2026-01-13 22:15:30",NULL
2438,132001,0,"2026-01-13 22:15:30","2026-01-13 22:15:30",NULL
2439,132001,0,"2026-01-13 22:15:30","2026-01-13 22:15:30",NULL
2440,132022,0,"2026-01-13 22:15:30","2026-01-13 22:15:30",NULL
2441,132022,0,"2026-01-13 22:15:30","2026-01-13 22:15:30",NULL
2442,132022,0,"2026-01-13 22:15:30","2026-01-13 22:15:30",NULL
2443,132023,0,"2026-01-13 22:15:30","2026-01-13 22:15:30",NULL
2444,132023,0,"2026-01-13 22:15:30","2026-01-13 22:15:30",NULL
2445,132023,0,"2026-01-13 22:15:30","2026-01-13 22:15:30",NULL
2446,132023,0,"2026-01-13 22:15:30","2026-01-13 22:15:30",NULL
2447,132023,0,"2026-01-13 22:15:30","2026-01-13 22:15:30",NULL
2448,132024,0,"2026-01-13 22:15:30","2026-01-13 22:15:30",NULL
2449,132024,0,"2026-01-13 22:15:31","2026-01-13 22:15:31",NULL
2450,132024,0,"2026-01-13 22:15:31","2026-01-13 22:15:31",NULL
2451,132024,0,"2026-01-13 22:15:31","2026-01-13 22:15:31",NULL
2452,132024,0,"2026-01-13 22:15:31","2026-01-13 22:15:31",NULL
2453,132024,0,"2026-01-13 22:15:31","2026-01-13 22:15:31",NULL
2454,132024,0,"2026-01-13 22:15:31","2026-01-13 22:15:31",NULL
2455,132024,0,"2026-01-13 22:15:31","2026-01-13 22:15:31",NULL
2456,132024,0,"2026-01-13 22:15:31","2026-01-13 22:15:31",NULL
2457,132024,0,"2026-01-13 22:15:31","2026-01-13 22:15:31",NULL
2458,132024,0,"2026-01-13 22:15:31","2026-01-13 22:15:31",NULL
2459,132024,0,"2026-01-13 22:15:31","2026-01-13 22:15:31",NULL
2460,132024,0,"2026-01-13 22:15:31","2026-01-13 22:15:31",NULL
2461,132036,0,"2026-01-13 22:15:31","2026-01-13 22:15:31",NULL
2462,132036,0,"2026-01-13 22:15:31","2026-01-13 22:15:31",NULL
2463,132036,0,"2026-01-13 22:15:31","2026-01-13 22:15:31",NULL
2464,132036,0,"2026-01-13 22:15:31","2026-01-13 22:15:31",NULL
2465,132037,0,"2026-01-13 22:15:31","2026-01-13 22:15:31",NULL
2466,132037,0,"2026-01-13 22:15:31","2026-01-13 22:15:31",NULL
2467,132037,0,"2026-01-13 22:15:31","2026-01-13 22:15:31",NULL
2468,132037,0,"2026-01-13 22:15:31","2026-01-13 22:15:31",NULL
2469,132037,0,"2026-01-13 22:15:31","2026-01-13 22:15:31",NULL
2470,132037,0,"2026-01-13 22:15:31","2026-01-13 22:15:31",NULL
2471,132037,0,"2026-01-13 22:15:31","2026-01-13 22:15:31",NULL
2472,132037,0,"2026-01-13 22:15:31","2026-01-13 22:15:31",NULL
2473,132037,0,"2026-01-13 22:15:31","2026-01-13 22:15:31",NULL
2474,132037,0,"2026-01-13 22:15:31","2026-01-13 22:15:31",NULL
2475,132037,0,"2026-01-13 22:15:31","2026-01-13 22:15:31",NULL
2476,132037,0,"2026-01-13 22:15:31","2026-01-13 22:15:31",NULL
2477,132037,0,"2026-01-13 22:15:31","2026-01-13 22:15:31",NULL
2478,132039,0,"2026-01-13 22:15:31","2026-01-13 22:15:31",NULL
2479,132039,0,"2026-01-13 22:15:31","2026-01-13 22:15:31",NULL
2480,132039,0,"2026-01-13 22:15:31","2026-01-13 22:15:31",NULL
2481,132039,0,"2026-01-13 22:15:31","2026-01-13 22:15:31",NULL
2482,132039,0,"2026-01-13 22:15:31","2026-01-13 22:15:31",NULL
2483,132039,0,"2026-01-13 22:15:31","2026-01-13 22:15:31",NULL
2484,132039,0,"2026-01-13 22:15:31","2026-01-13 22:15:31",NULL
2485,132039,0,"2026-01-13 22:15:31","2026-01-13 22:15:31",NULL
2486,132039,0,"2026-01-13 22:15:31","2026-01-13 22:15:31",NULL
2487,132039,0,"2026-01-13 22:15:31","2026-01-13 22:15:31",NULL
2488,132039,0,"2026-01-13 22:15:31","2026-01-13 22:15:31",NULL
2489,132039,0,"2026-01-13 22:15:31","2026-01-13 22:15:31",NULL
2490,132039,0,"2026-01-13 22:15:31","2026-01-13 22:15:31",NULL
2491,132039,0,"2026-01-13 22:15:31","2026-01-13 22:15:31",NULL
2492,132039,0,"2026-01-13 22:15:31","2026-01-13 22:15:31",NULL
2493,132040,0,"2026-01-13 22:15:31","2026-01-13 22:15:31",NULL
2494,132040,0,"2026-01-13 22:15:31","2026-01-13 22:15:31",NULL
2495,132040,0,"2026-01-13 22:15:31","2026-01-13 22:15:31",NULL
2496,132040,0,"2026-01-13 22:15:31","2026-01-13 22:15:31",NULL
2497,132041,0,"2026-01-13 22:15:31","2026-01-13 22:15:31",NULL
2498,132041,0,"2026-01-13 22:15:31","2026-01-13 22:15:31",NULL
2499,132041,0,"2026-01-13 22:15:31","2026-01-13 22:15:31",NULL
2500,132041,0,"2026-01-13 22:15:31","2026-01-13 22:15:31",NULL
2501,132041,0,"2026-01-13 22:15:31","2026-01-13 22:15:31",NULL
2502,132041,0,"2026-01-13 22:15:31","2026-01-13 22:15:31",NULL
2503,132041,0,"2026-01-13 22:15:31","2026-01-13 22:15:31",NULL
2504,132041,0,"2026-01-13 22:15:31","2026-01-13 22:15:31",NULL
2505,132041,0,"2026-01-13 22:15:31","2026-01-13 22:15:31",NULL
2506,132041,0,"2026-01-13 22:15:31","2026-01-13 22:15:31",NULL
2507,132041,0,"2026-01-13 22:15:31","2026-01-13 22:15:31",NULL
2508,132041,0,"2026-01-13 22:15:31","2026-01-13 22:15:31",NULL
2509,132041,0,"2026-01-13 22:15:31","2026-01-13 22:15:31",NULL
2510,132041,0,"2026-01-13 22:15:31","2026-01-13 22:15:31",NULL
2511,132041,0,"2026-01-13 22:15:31","2026-01-13 22:15:31",NULL
2512,132046,0,"2026-01-13 22:15:31","2026-01-13 22:15:31",NULL
2513,132046,0,"2026-01-13 22:15:31","2026-01-13 22:15:31",NULL
2514,132046,0,"2026-01-13 22:15:31","2026-01-13 22:15:31",NULL
2515,132046,0,"2026-01-13 22:15:31","2026-01-13 22:15:31",NULL
2516,132046,0,"2026-01-13 22:15:31","2026-01-13 22:15:31",NULL
2517,132046,0,"2026-01-13 22:15:31","2026-01-13 22:15:31",NULL
2518,132054,0,"2026-01-13 22:15:31","2026-01-13 22:15:31",NULL
2519,132054,0,"2026-01-13 22:15:31","2026-01-13 22:15:31",NULL
2520,132054,0,"2026-01-13 22:15:31","2026-01-13 22:15:31",NULL
2521,132054,0,"2026-01-13 22:15:31","2026-01-13 22:15:31",NULL
2522,132054,0,"2026-01-13 22:15:31","2026-01-13 22:15:31",NULL
2523,132054,0,"2026-01-13 22:15:31","2026-01-13 22:15:31",NULL
2524,132054,0,"2026-01-13 22:15:31","2026-01-13 22:15:31",NULL
2525,132101,0,"2026-01-13 22:15:31","2026-01-13 22:15:31",NULL
2526,132101,0,"2026-01-13 22:15:31","2026-01-13 22:15:31",NULL
2527,132101,0,"2026-01-13 22:15:31","2026-01-13 22:15:31",NULL
2528,132101,0,"2026-01-13 22:15:31","2026-01-13 22:15:31",NULL
2529,132101,0,"2026-01-13 22:15:31","2026-01-13 22:15:31",NULL
2530,132101,0,"2026-01-13 22:15:31","2026-01-13 22:15:31",NULL
2531,132101,0,"2026-01-13 22:15:31","2026-01-13 22:15:31",NULL
2532,132101,0,"2026-01-13 22:15:31","2026-01-13 22:15:31",NULL
2533,132101,0,"2026-01-13 22:15:31","2026-01-13 22:15:31",NULL
2534,132101,0,"2026-01-13 22:15:31","2026-01-13 22:15:31",NULL
2535,132102,0,"2026-01-13 22:15:31","2026-01-13 22:15:31",NULL
2536,132102,0,"2026-01-13 22:15:31","2026-01-13 22:15:31",NULL
2537,132102,0,"2026-01-13 22:15:31","2026-01-13 22:15:31",NULL
2538,132102,0,"2026-01-13 22:15:31","2026-01-13 22:15:31",NULL
2539,132103,0,"2026-01-13 22:15:31","2026-01-13 22:15:31",NULL
2540,132103,0,"2026-01-13 22:15:31","2026-01-13 22:15:31",NULL
2541,132103,0,"2026-01-13 22:15:31","2026-01-13 22:15:31",NULL
2542,132103,0,"2026-01-13 22:15:31","2026-01-13 22:15:31",NULL
2543,132103,0,"2026-01-13 22:15:31","2026-01-13 22:15:31",NULL
2544,132103,0,"2026-01-13 22:15:31","2026-01-13 22:15:31",NULL
2545,132104,0,"2026-01-13 22:15:31","2026-01-13 22:15:31",NULL
2546,132104,0,"2026-01-13 22:15:31","2026-01-13 22:15:31",NULL
2547,132104,0,"2026-01-13 22:15:31","2026-01-13 22:15:31",NULL
2548,132104,0,"2026-01-13 22:15:31","2026-01-13 22:15:31",NULL
2549,132104,0,"2026-01-13 22:15:31","2026-01-13 22:15:31",NULL
2550,132104,0,"2026-01-13 22:15:31","2026-01-13 22:15:31",NULL
2551,132104,0,"2026-01-13 22:15:31","2026-01-13 22:15:31",NULL
2552,132104,0,"2026-01-13 22:15:31","2026-01-13 22:15:31",NULL
2553,132104,0,"2026-01-13 22:15:31","2026-01-13 22:15:31",NULL
2554,132104,0,"2026-01-13 22:15:31","2026-01-13 22:15:31",NULL
2555,132104,0,"2026-01-13 22:15:31","2026-01-13 22:15:31",NULL
2556,132104,0,"2026-01-13 22:15:31","2026-01-13 22:15:31",NULL
2557,132104,0,"2026-01-13 22:15:31","2026-01-13 22:15:31",NULL
2558,132104,0,"2026-01-13 22:15:31","2026-01-13 22:15:31",NULL
2559,132104,0,"2026-01-13 22:15:31","2026-01-13 22:15:31",NULL
2560,132104,0,"2026-01-13 22:15:31","2026-01-13 22:15:31",NULL
2561,132104,0,"2026-01-13 22:15:31","2026-01-13 22:15:31",NULL
2562,132104,0,"2026-01-13 22:15:31","2026-01-13 22:15:31",NULL
2563,132105,0,"2026-01-13 22:15:31","2026-01-13 22:15:31",NULL
2564,132105,0,"2026-01-13 22:15:31","2026-01-13 22:15:31",NULL
2565,132105,0,"2026-01-13 22:15:31","2026-01-13 22:15:31",NULL
2566,132105,0,"2026-01-13 22:15:31","2026-01-13 22:15:31",NULL
2567,132105,0,"2026-01-13 22:15:31","2026-01-13 22:15:31",NULL
2568,132105,0,"2026-01-13 22:15:31","2026-01-13 22:15:31",NULL
2569,132105,0,"2026-01-13 22:15:31","2026-01-13 22:15:31",NULL
2570,132105,0,"2026-01-13 22:15:31","2026-01-13 22:15:31",NULL
2571,132105,0,"2026-01-13 22:15:31","2026-01-13 22:15:31",NULL
2572,133004,0,"2026-01-13 22:15:31","2026-01-13 22:15:31",NULL
2573,132106,0,"2026-01-13 22:15:31","2026-01-13 22:15:31",NULL
2574,132106,0,"2026-01-13 22:15:31","2026-01-13 22:15:31",NULL
2575,132107,0,"2026-01-13 22:15:31","2026-01-13 22:15:31",NULL
2576,132107,0,"2026-01-13 22:15:31","2026-01-13 22:15:31",NULL
2577,132107,0,"2026-01-13 22:15:31","2026-01-13 22:15:31",NULL
2578,132107,0,"2026-01-13 22:15:31","2026-01-13 22:15:31",NULL
2579,132107,0,"2026-01-13 22:15:31","2026-01-13 22:15:31",NULL
2580,132107,0,"2026-01-13 22:15:31","2026-01-13 22:15:31",NULL
2581,132107,0,"2026-01-13 22:15:31","2026-01-13 22:15:31",NULL
2582,132107,0,"2026-01-13 22:15:31","2026-01-13 22:15:31",NULL
2583,132107,0,"2026-01-13 22:15:31","2026-01-13 22:15:31",NULL
2584,132107,0,"2026-01-13 22:15:31","2026-01-13 22:15:31",NULL
2585,132107,0,"2026-01-13 22:15:31","2026-01-13 22:15:31",NULL
2586,132107,0,"2026-01-13 22:15:31","2026-01-13 22:15:31",NULL
2587,132108,0,"2026-01-13 22:15:31","2026-01-13 22:15:31",NULL
2588,132108,0,"2026-01-13 22:15:31","2026-01-13 22:15:31",NULL
2589,132108,0,"2026-01-13 22:15:31","2026-01-13 22:15:31",NULL
2590,132108,0,"2026-01-13 22:15:31","2026-01-13 22:15:31",NULL
2591,132108,0,"2026-01-13 22:15:31","2026-01-13 22:15:31",NULL
2592,132113,0,"2026-01-13 22:15:31","2026-01-13 22:15:31",NULL
2593,132113,0,"2026-01-13 22:15:31","2026-01-13 22:15:31",NULL
2594,132113,0,"2026-01-13 22:15:31","2026-01-13 22:15:31",NULL
2595,132113,0,"2026-01-13 22:15:31","2026-01-13 22:15:31",NULL
2596,132113,0,"2026-01-13 22:15:31","2026-01-13 22:15:31",NULL
2597,132113,0,"2026-01-13 22:15:31","2026-01-13 22:15:31",NULL
2598,132113,0,"2026-01-13 22:15:31","2026-01-13 22:15:31",NULL
2599,132113,0,"2026-01-13 22:15:31","2026-01-13 22:15:31",NULL
2600,132113,0,"2026-01-13 22:15:31","2026-01-13 22:15:31",NULL
2601,132113,0,"2026-01-13 22:15:31","2026-01-13 22:15:31",NULL
2602,132114,0,"2026-01-13 22:15:31","2026-01-13 22:15:31",NULL
2603,132114,0,"2026-01-13 22:15:31","2026-01-13 22:15:31",NULL
2604,132114,0,"2026-01-13 22:15:31","2026-01-13 22:15:31",NULL
2605,132114,0,"2026-01-13 22:15:31","2026-01-13 22:15:31",NULL
2606,132114,0,"2026-01-13 22:15:31","2026-01-13 22:15:31",NULL
2607,132114,0,"2026-01-13 22:15:31","2026-01-13 22:15:31",NULL
2608,132114,0,"2026-01-13 22:15:31","2026-01-13 22:15:31",NULL
2609,132114,0,"2026-01-13 22:15:31","2026-01-13 22:15:31",NULL
2610,132114,0,"2026-01-13 22:15:31","2026-01-13 22:15:31",NULL
2611,132114,0,"2026-01-13 22:15:31","2026-01-13 22:15:31",NULL
2612,132114,0,"2026-01-13 22:15:31","2026-01-13 22:15:31",NULL
2613,132103,0,"2026-01-13 22:15:31","2026-01-13 22:15:31",NULL
2614,132103,0,"2026-01-13 22:15:31","2026-01-13 22:15:31",NULL
2615,132103,0,"2026-01-13 22:15:31","2026-01-13 22:15:31",NULL
2616,132103,0,"2026-01-13 22:15:31","2026-01-13 22:15:31",NULL
2617,132103,0,"2026-01-13 22:15:31","2026-01-13 22:15:31",NULL
2618,132116,0,"2026-01-13 22:15:31","2026-01-13 22:15:31",NULL
2619,132116,0,"2026-01-13 22:15:31","2026-01-13 22:15:31",NULL
2620,132116,0,"2026-01-13 22:15:31","2026-01-13 22:15:31",NULL
2621,132116,0,"2026-01-13 22:15:31","2026-01-13 22:15:31",NULL
2622,132116,0,"2026-01-13 22:15:31","2026-01-13 22:15:31",NULL
2623,132116,0,"2026-01-13 22:15:31","2026-01-13 22:15:31",NULL
2624,132116,0,"2026-01-13 22:15:31","2026-01-13 22:15:31",NULL
2625,132116,0,"2026-01-13 22:15:31","2026-01-13 22:15:31",NULL
2626,132116,0,"2026-01-13 22:15:31","2026-01-13 22:15:31",NULL
2627,132117,0,"2026-01-13 22:15:31","2026-01-13 22:15:31",NULL
2628,132117,0,"2026-01-13 22:15:31","2026-01-13 22:15:31",NULL
2629,132117,0,"2026-01-13 22:15:31","2026-01-13 22:15:31",NULL
2630,132117,0,"2026-01-13 22:15:31","2026-01-13 22:15:31",NULL
2631,132117,0,"2026-01-13 22:15:31","2026-01-13 22:15:31",NULL
2632,132117,0,"2026-01-13 22:15:31","2026-01-13 22:15:31",NULL
2633,132117,0,"2026-01-13 22:15:31","2026-01-13 22:15:31",NULL
2634,132117,0,"2026-01-13 22:15:31","2026-01-13 22:15:31",NULL
2635,132117,0,"2026-01-13 22:15:31","2026-01-13 22:15:31",NULL
2636,132117,0,"2026-01-13 22:15:31","2026-01-13 22:15:31",NULL
2637,132122,0,"2026-01-13 22:15:31","2026-01-13 22:15:31",NULL
2638,132122,0,"2026-01-13 22:15:31","2026-01-13 22:15:31",NULL
2639,132122,0,"2026-01-13 22:15:31","2026-01-13 22:15:31",NULL
2640,132122,0,"2026-01-13 22:15:31","2026-01-13 22:15:31",NULL
2641,132140,0,"2026-01-13 22:15:31","2026-01-13 22:15:31",NULL
2642,132140,0,"2026-01-13 22:15:31","2026-01-13 22:15:31",NULL
2643,132140,0,"2026-01-13 22:15:31","2026-01-13 22:15:31",NULL
2644,132140,0,"2026-01-13 22:15:31","2026-01-13 22:15:31",NULL
2645,132140,0,"2026-01-13 22:15:31","2026-01-13 22:15:31",NULL
2646,132140,0,"2026-01-13 22:15:31","2026-01-13 22:15:31",NULL
2647,132145,0,"2026-01-13 22:15:31","2026-01-13 22:15:31",NULL
2648,132145,0,"2026-01-13 22:15:31","2026-01-13 22:15:31",NULL
2649,132145,0,"2026-01-13 22:15:31","2026-01-13 22:15:31",NULL
2650,132145,0,"2026-01-13 22:15:31","2026-01-13 22:15:31",NULL
2651,132157,0,"2026-01-13 22:15:31","2026-01-13 22:15:31",NULL
2652,132157,0,"2026-01-13 22:15:31","2026-01-13 22:15:31",NULL
2653,132157,0,"2026-01-13 22:15:31","2026-01-13 22:15:31",NULL
2654,132157,0,"2026-01-13 22:15:31","2026-01-13 22:15:31",NULL
2655,132157,0,"2026-01-13 22:15:31","2026-01-13 22:15:31",NULL
2656,132157,0,"2026-01-13 22:15:31","2026-01-13 22:15:31",NULL
2657,132157,0,"2026-01-13 22:15:31","2026-01-13 22:15:31",NULL
2658,132157,0,"2026-01-13 22:15:31","2026-01-13 22:15:31",NULL
2659,132157,0,"2026-01-13 22:15:31","2026-01-13 22:15:31",NULL
2660,133001,0,"2026-01-13 22:15:31","2026-01-13 22:15:31",NULL
2661,133001,0,"2026-01-13 22:15:31","2026-01-13 22:15:31",NULL
2662,133001,0,"2026-01-13 22:15:31","2026-01-13 22:15:31",NULL
2663,133001,0,"2026-01-13 22:15:31","2026-01-13 22:15:31",NULL
2664,133001,0,"2026-01-13 22:15:31","2026-01-13 22:15:31",NULL
2665,133001,0,"2026-01-13 22:15:31","2026-01-13 22:15:31",NULL
2666,133001,0,"2026-01-13 22:15:31","2026-01-13 22:15:31",NULL
2667,133001,0,"2026-01-13 22:15:31","2026-01-13 22:15:31",NULL
2668,133001,0,"2026-01-13 22:15:31","2026-01-13 22:15:31",NULL
2669,133001,0,"2026-01-13 22:15:31","2026-01-13 22:15:31",NULL
2670,133001,0,"2026-01-13 22:15:31","2026-01-13 22:15:31",NULL
2671,133001,0,"2026-01-13 22:15:31","2026-01-13 22:15:31",NULL
2672,133004,0,"2026-01-13 22:15:31","2026-01-13 22:15:31",NULL
2673,132114,0,"2026-01-13 22:15:31","2026-01-13 22:15:31",NULL
2674,132114,0,"2026-01-13 22:15:31","2026-01-13 22:15:31",NULL
2675,132114,0,"2026-01-13 22:15:31","2026-01-13 22:15:31",NULL
2676,132114,0,"2026-01-13 22:15:31","2026-01-13 22:15:31",NULL
2677,132114,0,"2026-01-13 22:15:31","2026-01-13 22:15:31",NULL
2678,132114,0,"2026-01-13 22:15:31","2026-01-13 22:15:31",NULL
2679,132114,0,"2026-01-13 22:15:31","2026-01-13 22:15:31",NULL
2680,132114,0,"2026-01-13 22:15:31","2026-01-13 22:15:31",NULL
2681,132115,0,"2026-01-13 22:15:31","2026-01-13 22:15:31",NULL
2682,132115,0,"2026-01-13 22:15:31","2026-01-13 22:15:31",NULL
2683,132116,0,"2026-01-13 22:15:31","2026-01-13 22:15:31",NULL
2684,132116,0,"2026-01-13 22:15:31","2026-01-13 22:15:31",NULL
2685,132116,0,"2026-01-13 22:15:31","2026-01-13 22:15:31",NULL
2686,132116,0,"2026-01-13 22:15:31","2026-01-13 22:15:31",NULL
2687,132116,0,"2026-01-13 22:15:31","2026-01-13 22:15:31",NULL
2688,132116,0,"2026-01-13 22:15:31","2026-01-13 22:15:31",NULL
2689,132116,0,"2026-01-13 22:15:31","2026-01-13 22:15:31",NULL
2690,133103,0,"2026-01-13 22:15:31","2026-01-13 22:15:31",NULL
2691,133103,0,"2026-01-13 22:15:31","2026-01-13 22:15:31",NULL
2692,133103,0,"2026-01-13 22:15:31","2026-01-13 22:15:31",NULL
2693,133103,0,"2026-01-13 22:15:31","2026-01-13 22:15:31",NULL
2694,133104,0,"2026-01-13 22:15:31","2026-01-13 22:15:31",NULL
2695,133104,0,"2026-01-13 22:15:31","2026-01-13 22:15:31",NULL
2696,133104,0,"2026-01-13 22:15:31","2026-01-13 22:15:31",NULL
2697,133104,0,"2026-01-13 22:15:31","2026-01-13 22:15:31",NULL
2698,133104,0,"2026-01-13 22:15:31","2026-01-13 22:15:31",NULL
2699,133104,0,"2026-01-13 22:15:31","2026-01-13 22:15:31",NULL
2700,133104,0,"2026-01-13 22:15:31","2026-01-13 22:15:31",NULL
2701,133104,0,"2026-01-13 22:15:31","2026-01-13 22:15:31",NULL
2702,133201,0,"2026-01-13 22:15:31","2026-01-13 22:15:31",NULL
2703,133201,0,"2026-01-13 22:15:31","2026-01-13 22:15:31",NULL
2704,133201,0,"2026-01-13 22:15:31","2026-01-13 22:15:31",NULL
2705,133201,0,"2026-01-13 22:15:31","2026-01-13 22:15:31",NULL
2706,133201,0,"2026-01-13 22:15:31","2026-01-13 22:15:31",NULL
2707,133201,0,"2026-01-13 22:15:31","2026-01-13 22:15:31",NULL
2708,133202,0,"2026-01-13 22:15:31","2026-01-13 22:15:31",NULL
2709,133202,0,"2026-01-13 22:15:31","2026-01-13 22:15:31",NULL
2710,133202,0,"2026-01-13 22:15:31","2026-01-13 22:15:31",NULL
2711,133202,0,"2026-01-13 22:15:31","2026-01-13 22:15:31",NULL
2712,133202,0,"2026-01-13 22:15:31","2026-01-13 22:15:31",NULL
2713,133203,0,"2026-01-13 22:15:31","2026-01-13 22:15:31",NULL
2714,133203,0,"2026-01-13 22:15:31","2026-01-13 22:15:31",NULL
2715,133203,0,"2026-01-13 22:15:31","2026-01-13 22:15:31",NULL
2716,133203,0,"2026-01-13 22:15:31","2026-01-13 22:15:31",NULL
2717,133203,0,"2026-01-13 22:15:31","2026-01-13 22:15:31",NULL
2718,133203,0,"2026-01-13 22:15:31","2026-01-13 22:15:31",NULL
2719,133204,0,"2026-01-13 22:15:31","2026-01-13 22:15:31",NULL
2720,133204,0,"2026-01-13 22:15:31","2026-01-13 22:15:31",NULL
2721,133204,0,"2026-01-13 22:15:31","2026-01-13 22:15:31",NULL
2722,133204,0,"2026-01-13 22:15:31","2026-01-13 22:15:31",NULL
2723,133204,0,"2026-01-13 22:15:31","2026-01-13 22:15:31",NULL
2724,133204,0,"2026-01-13 22:15:31","2026-01-13 22:15:31",NULL
2725,133204,0,"2026-01-13 22:15:31","2026-01-13 22:15:31",NULL
2726,133204,0,"2026-01-13 22:15:31","2026-01-13 22:15:31",NULL
2727,133204,0,"2026-01-13 22:15:31","2026-01-13 22:15:31",NULL
2728,133204,0,"2026-01-13 22:15:31","2026-01-13 22:15:31",NULL
2729,133205,0,"2026-01-13 22:15:31","2026-01-13 22:15:31",NULL
2730,133205,0,"2026-01-13 22:15:31","2026-01-13 22:15:31",NULL
2731,133205,0,"2026-01-13 22:15:31","2026-01-13 22:15:31",NULL
2732,133205,0,"2026-01-13 22:15:31","2026-01-13 22:15:31",NULL
2733,133205,0,"2026-01-13 22:15:31","2026-01-13 22:15:31",NULL
2734,133205,0,"2026-01-13 22:15:31","2026-01-13 22:15:31",NULL
2735,133205,0,"2026-01-13 22:15:31","2026-01-13 22:15:31",NULL
2736,133205,0,"2026-01-13 22:15:31","2026-01-13 22:15:31",NULL
2737,133206,0,"2026-01-13 22:15:31","2026-01-13 22:15:31",NULL
2738,133206,0,"2026-01-13 22:15:31","2026-01-13 22:15:31",NULL
2739,133004,0,"2026-01-13 22:15:31","2026-01-13 22:15:31",NULL
2740,133004,0,"2026-01-13 22:15:31","2026-01-13 22:15:31",NULL
2741,133004,0,"2026-01-13 22:15:31","2026-01-13 22:15:31",NULL
2742,133004,0,"2026-01-13 22:15:31","2026-01-13 22:15:31",NULL
2743,133004,0,"2026-01-13 22:15:31","2026-01-13 22:15:31",NULL
2744,133004,0,"2026-01-13 22:15:31","2026-01-13 22:15:31",NULL
2745,135003,0,"2026-01-13 22:15:31","2026-01-13 22:15:31",NULL
2746,133004,0,"2026-01-13 22:15:31","2026-01-13 22:15:31",NULL
2747,133005,0,"2026-01-13 22:15:31","2026-01-13 22:15:31",NULL
2748,133005,0,"2026-01-13 22:15:31","2026-01-13 22:15:31",NULL
2749,133005,0,"2026-01-13 22:15:31","2026-01-13 22:15:31",NULL
2750,133005,0,"2026-01-13 22:15:31","2026-01-13 22:15:31",NULL
2751,133006,0,"2026-01-13 22:15:31","2026-01-13 22:15:31",NULL
2752,133101,0,"2026-01-13 22:15:31","2026-01-13 22:15:31",NULL
2753,133101,0,"2026-01-13 22:15:31","2026-01-13 22:15:31",NULL
2754,133102,0,"2026-01-13 22:15:31","2026-01-13 22:15:31",NULL
2755,133102,0,"2026-01-13 22:15:31","2026-01-13 22:15:31",NULL
2756,133102,0,"2026-01-13 22:15:31","2026-01-13 22:15:31",NULL
2757,133102,0,"2026-01-13 22:15:31","2026-01-13 22:15:31",NULL
2758,133102,0,"2026-01-13 22:15:31","2026-01-13 22:15:31",NULL
2759,133102,0,"2026-01-13 22:15:31","2026-01-13 22:15:31",NULL
2760,133102,0,"2026-01-13 22:15:31","2026-01-13 22:15:31",NULL
2761,133103,0,"2026-01-13 22:15:31","2026-01-13 22:15:31",NULL
2762,133103,0,"2026-01-13 22:15:31","2026-01-13 22:15:31",NULL
2763,133103,0,"2026-01-13 22:15:31","2026-01-13 22:15:31",NULL
2764,133103,0,"2026-01-13 22:15:31","2026-01-13 22:15:31",NULL
2765,133103,0,"2026-01-13 22:15:31","2026-01-13 22:15:31",NULL
2766,133103,0,"2026-01-13 22:15:31","2026-01-13 22:15:31",NULL
2767,133103,0,"2026-01-13 22:15:31","2026-01-13 22:15:31",NULL
2768,134007,0,"2026-01-13 22:15:31","2026-01-13 22:15:31",NULL
2769,134007,0,"2026-01-13 22:15:31","2026-01-13 22:15:31",NULL
2770,134007,0,"2026-01-13 22:15:31","2026-01-13 22:15:31",NULL
2771,134007,0,"2026-01-13 22:15:31","2026-01-13 22:15:31",NULL
2772,134007,0,"2026-01-13 22:15:31","2026-01-13 22:15:31",NULL
2773,134007,0,"2026-01-13 22:15:31","2026-01-13 22:15:31",NULL
2774,134101,0,"2026-01-13 22:15:31","2026-01-13 22:15:31",NULL
2775,134102,0,"2026-01-13 22:15:31","2026-01-13 22:15:31",NULL
2776,134102,0,"2026-01-13 22:15:31","2026-01-13 22:15:31",NULL
2777,134102,0,"2026-01-13 22:15:31","2026-01-13 22:15:31",NULL
2778,134102,0,"2026-01-13 22:15:31","2026-01-13 22:15:31",NULL
2779,134102,0,"2026-01-13 22:15:31","2026-01-13 22:15:31",NULL
2780,134102,0,"2026-01-13 22:15:31","2026-01-13 22:15:31",NULL
2781,134103,0,"2026-01-13 22:15:31","2026-01-13 22:15:31",NULL
2782,134104,0,"2026-01-13 22:15:31","2026-01-13 22:15:31",NULL
2783,134107,0,"2026-01-13 22:15:31","2026-01-13 22:15:31",NULL
2784,134107,0,"2026-01-13 22:15:31","2026-01-13 22:15:31",NULL
2785,134108,0,"2026-01-13 22:15:31","2026-01-13 22:15:31",NULL
2786,134109,0,"2026-01-13 22:15:31","2026-01-13 22:15:31",NULL
2787,134109,0,"2026-01-13 22:15:31","2026-01-13 22:15:31",NULL
2788,134109,0,"2026-01-13 22:15:31","2026-01-13 22:15:31",NULL
2789,134109,0,"2026-01-13 22:15:31","2026-01-13 22:15:31",NULL
2790,134112,0,"2026-01-13 22:15:31","2026-01-13 22:15:31",NULL
2791,134112,0,"2026-01-13 22:15:31","2026-01-13 22:15:31",NULL
2792,134113,0,"2026-01-13 22:15:31","2026-01-13 22:15:31",NULL
2793,133206,0,"2026-01-13 22:15:31","2026-01-13 22:15:31",NULL
2794,133206,0,"2026-01-13 22:15:31","2026-01-13 22:15:31",NULL
2795,133206,0,"2026-01-13 22:15:31","2026-01-13 22:15:31",NULL
2796,133206,0,"2026-01-13 22:15:31","2026-01-13 22:15:31",NULL
2797,133206,0,"2026-01-13 22:15:31","2026-01-13 22:15:31",NULL
2798,133206,0,"2026-01-13 22:15:31","2026-01-13 22:15:31",NULL
2799,133206,0,"2026-01-13 22:15:31","2026-01-13 22:15:31",NULL
2800,133206,0,"2026-01-13 22:15:31","2026-01-13 22:15:31",NULL
2801,133207,0,"2026-01-13 22:15:31","2026-01-13 22:15:31",NULL
2802,133301,0,"2026-01-13 22:15:31","2026-01-13 22:15:31",NULL
2803,133302,0,"2026-01-13 22:15:31","2026-01-13 22:15:31",NULL
2804,133302,0,"2026-01-13 22:15:31","2026-01-13 22:15:31",NULL
2805,133302,0,"2026-01-13 22:15:31","2026-01-13 22:15:31",NULL
2806,134003,0,"2026-01-13 22:15:31","2026-01-13 22:15:31",NULL
2807,134003,0,"2026-01-13 22:15:31","2026-01-13 22:15:31",NULL
2808,134003,0,"2026-01-13 22:15:31","2026-01-13 22:15:31",NULL
2809,134003,0,"2026-01-13 22:15:31","2026-01-13 22:15:31",NULL
2810,134003,0,"2026-01-13 22:15:31","2026-01-13 22:15:31",NULL
2811,134003,0,"2026-01-13 22:15:31","2026-01-13 22:15:31",NULL
2812,134003,0,"2026-01-13 22:15:31","2026-01-13 22:15:31",NULL
2813,134003,0,"2026-01-13 22:15:31","2026-01-13 22:15:31",NULL
2814,134003,0,"2026-01-13 22:15:31","2026-01-13 22:15:31",NULL
2815,134003,0,"2026-01-13 22:15:31","2026-01-13 22:15:31",NULL
2816,134003,0,"2026-01-13 22:15:31","2026-01-13 22:15:31",NULL
2817,134003,0,"2026-01-13 22:15:31","2026-01-13 22:15:31",NULL
2818,134003,0,"2026-01-13 22:15:31","2026-01-13 22:15:31",NULL
2819,134005,0,"2026-01-13 22:15:31","2026-01-13 22:15:31",NULL
2820,134007,0,"2026-01-13 22:15:31","2026-01-13 22:15:31",NULL
2821,134007,0,"2026-01-13 22:15:31","2026-01-13 22:15:31",NULL
2822,134007,0,"2026-01-13 22:15:31","2026-01-13 22:15:31",NULL
2823,134007,0,"2026-01-13 22:15:31","2026-01-13 22:15:31",NULL
2824,134007,0,"2026-01-13 22:15:31","2026-01-13 22:15:31",NULL
2825,134007,0,"2026-01-13 22:15:31","2026-01-13 22:15:31",NULL
2826,134007,0,"2026-01-13 22:15:31","2026-01-13 22:15:31",NULL
2827,134007,0,"2026-01-13 22:15:31","2026-01-13 22:15:31",NULL
2828,134007,0,"2026-01-13 22:15:31","2026-01-13 22:15:31",NULL
2829,134007,0,"2026-01-13 22:15:31","2026-01-13 22:15:31",NULL
2830,134007,0,"2026-01-13 22:15:31","2026-01-13 22:15:31",NULL
2831,134007,0,"2026-01-13 22:15:31","2026-01-13 22:15:31",NULL
2832,134007,0,"2026-01-13 22:15:31","2026-01-13 22:15:31",NULL
2833,134007,0,"2026-01-13 22:15:31","2026-01-13 22:15:31",NULL
2834,134007,0,"2026-01-13 22:15:31","2026-01-13 22:15:31",NULL
2835,134007,0,"2026-01-13 22:15:31","2026-01-13 22:15:31",NULL
2836,134113,0,"2026-01-13 22:15:31","2026-01-13 22:15:31",NULL
2837,134114,0,"2026-01-13 22:15:31","2026-01-13 22:15:31",NULL
2838,134116,0,"2026-01-13 22:15:31","2026-01-13 22:15:31",NULL
2839,134117,0,"2026-01-13 22:15:31","2026-01-13 22:15:31",NULL
2840,134118,0,"2026-01-13 22:15:31","2026-01-13 22:15:31",NULL
2841,134118,0,"2026-01-13 22:15:31","2026-01-13 22:15:31",NULL
2842,134118,0,"2026-01-13 22:15:31","2026-01-13 22:15:31",NULL
2843,134118,0,"2026-01-13 22:15:31","2026-01-13 22:15:31",NULL
2844,134118,0,"2026-01-13 22:15:31","2026-01-13 22:15:31",NULL
2845,134118,0,"2026-01-13 22:15:31","2026-01-13 22:15:31",NULL
2846,134118,0,"2026-01-13 22:15:31","2026-01-13 22:15:31",NULL
2847,134118,0,"2026-01-13 22:15:31","2026-01-13 22:15:31",NULL
2848,134118,0,"2026-01-13 22:15:31","2026-01-13 22:15:31",NULL
2849,134118,0,"2026-01-13 22:15:31","2026-01-13 22:15:31",NULL
2850,134201,0,"2026-01-13 22:15:31","2026-01-13 22:15:31",NULL
2851,134201,0,"2026-01-13 22:15:31","2026-01-13 22:15:31",NULL
2852,134201,0,"2026-01-13 22:15:31","2026-01-13 22:15:31",NULL
2853,134201,0,"2026-01-13 22:15:31","2026-01-13 22:15:31",NULL
2854,134201,0,"2026-01-13 22:15:31","2026-01-13 22:15:31",NULL
2855,134201,0,"2026-01-13 22:15:31","2026-01-13 22:15:31",NULL
2856,134201,0,"2026-01-13 22:15:31","2026-01-13 22:15:31",NULL
2857,134201,0,"2026-01-13 22:15:31","2026-01-13 22:15:31",NULL
2858,134202,0,"2026-01-13 22:15:31","2026-01-13 22:15:31",NULL
2859,134202,0,"2026-01-13 22:15:31","2026-01-13 22:15:31",NULL
2860,134202,0,"2026-01-13 22:15:31","2026-01-13 22:15:31",NULL
2861,134202,0,"2026-01-13 22:15:31","2026-01-13 22:15:31",NULL
2862,134202,0,"2026-01-13 22:15:31","2026-01-13 22:15:31",NULL
2863,134202,0,"2026-01-13 22:15:31","2026-01-13 22:15:31",NULL
2864,134202,0,"2026-01-13 22:15:31","2026-01-13 22:15:31",NULL
2865,134203,0,"2026-01-13 22:15:31","2026-01-13 22:15:31",NULL
2866,134203,0,"2026-01-13 22:15:31","2026-01-13 22:15:31",NULL
2867,134203,0,"2026-01-13 22:15:31","2026-01-13 22:15:31",NULL
2868,134203,0,"2026-01-13 22:15:31","2026-01-13 22:15:31",NULL
2869,134203,0,"2026-01-13 22:15:31","2026-01-13 22:15:31",NULL
2870,134203,0,"2026-01-13 22:15:31","2026-01-13 22:15:31",NULL
2871,134203,0,"2026-01-13 22:15:31","2026-01-13 22:15:31",NULL
2872,134203,0,"2026-01-13 22:15:31","2026-01-13 22:15:31",NULL
2873,134203,0,"2026-01-13 22:15:31","2026-01-13 22:15:31",NULL
2874,134203,0,"2026-01-13 22:15:31","2026-01-13 22:15:31",NULL
2875,134203,0,"2026-01-13 22:15:31","2026-01-13 22:15:31",NULL
2876,134203,0,"2026-01-13 22:15:31","2026-01-13 22:15:31",NULL
2877,134203,0,"2026-01-13 22:15:31","2026-01-13 22:15:31",NULL
2878,134203,0,"2026-01-13 22:15:31","2026-01-13 22:15:31",NULL
2879,134203,0,"2026-01-13 22:15:31","2026-01-13 22:15:31",NULL
2880,134203,0,"2026-01-13 22:15:31","2026-01-13 22:15:31",NULL
2881,134204,0,"2026-01-13 22:15:31","2026-01-13 22:15:31",NULL
2882,134204,0,"2026-01-13 22:15:31","2026-01-13 22:15:31",NULL
2883,134204,0,"2026-01-13 22:15:31","2026-01-13 22:15:31",NULL
2884,134204,0,"2026-01-13 22:15:31","2026-01-13 22:15:31",NULL
2885,134204,0,"2026-01-13 22:15:31","2026-01-13 22:15:31",NULL
2886,134204,0,"2026-01-13 22:15:31","2026-01-13 22:15:31",NULL
2887,134204,0,"2026-01-13 22:15:31","2026-01-13 22:15:31",NULL
2888,134205,0,"2026-01-13 22:15:31","2026-01-13 22:15:31",NULL
2889,134205,0,"2026-01-13 22:15:31","2026-01-13 22:15:31",NULL
2890,134205,0,"2026-01-13 22:15:31","2026-01-13 22:15:31",NULL
2891,134205,0,"2026-01-13 22:15:31","2026-01-13 22:15:31",NULL
2892,134205,0,"2026-01-13 22:15:31","2026-01-13 22:15:31",NULL
2893,135001,0,"2026-01-13 22:15:31","2026-01-13 22:15:31",NULL
2894,135001,0,"2026-01-13 22:15:31","2026-01-13 22:15:31",NULL
2895,135001,0,"2026-01-13 22:15:31","2026-01-13 22:15:31",NULL
2896,135001,0,"2026-01-13 22:15:31","2026-01-13 22:15:31",NULL
2897,135001,0,"2026-01-13 22:15:31","2026-01-13 22:15:31",NULL
2898,135001,0,"2026-01-13 22:15:31","2026-01-13 22:15:31",NULL
2899,135001,0,"2026-01-13 22:15:31","2026-01-13 22:15:31",NULL
2900,135001,0,"2026-01-13 22:15:31","2026-01-13 22:15:31",NULL
2901,135001,0,"2026-01-13 22:15:31","2026-01-13 22:15:31",NULL
2902,135002,0,"2026-01-13 22:15:31","2026-01-13 22:15:31",NULL
2903,135002,0,"2026-01-13 22:15:31","2026-01-13 22:15:31",NULL
2904,135002,0,"2026-01-13 22:15:31","2026-01-13 22:15:31",NULL
2905,135002,0,"2026-01-13 22:15:31","2026-01-13 22:15:31",NULL
2906,135003,0,"2026-01-13 22:15:31","2026-01-13 22:15:31",NULL
2907,135003,0,"2026-01-13 22:15:31","2026-01-13 22:15:31",NULL
2908,135003,0,"2026-01-13 22:15:31","2026-01-13 22:15:31",NULL
2909,135003,0,"2026-01-13 22:15:31","2026-01-13 22:15:31",NULL
2910,135003,0,"2026-01-13 22:15:31","2026-01-13 22:15:31",NULL
2911,135003,0,"2026-01-13 22:15:32","2026-01-13 22:15:32",NULL
2912,135003,0,"2026-01-13 22:15:32","2026-01-13 22:15:32",NULL
2913,135003,0,"2026-01-13 22:15:32","2026-01-13 22:15:32",NULL
2914,135003,0,"2026-01-13 22:15:32","2026-01-13 22:15:32",NULL
2915,136118,0,"2026-01-13 22:15:32","2026-01-13 22:15:32",NULL
2916,135003,0,"2026-01-13 22:15:32","2026-01-13 22:15:32",NULL
2917,135003,0,"2026-01-13 22:15:32","2026-01-13 22:15:32",NULL
2918,135003,0,"2026-01-13 22:15:32","2026-01-13 22:15:32",NULL
2919,135003,0,"2026-01-13 22:15:32","2026-01-13 22:15:32",NULL
2920,135003,0,"2026-01-13 22:15:32","2026-01-13 22:15:32",NULL
2921,135004,0,"2026-01-13 22:15:32","2026-01-13 22:15:32",NULL
2922,135004,0,"2026-01-13 22:15:32","2026-01-13 22:15:32",NULL
2923,135004,0,"2026-01-13 22:15:32","2026-01-13 22:15:32",NULL
2924,135004,0,"2026-01-13 22:15:32","2026-01-13 22:15:32",NULL
2925,135004,0,"2026-01-13 22:15:32","2026-01-13 22:15:32",NULL
2926,135004,0,"2026-01-13 22:15:32","2026-01-13 22:15:32",NULL
2927,135004,0,"2026-01-13 22:15:32","2026-01-13 22:15:32",NULL
2928,135021,0,"2026-01-13 22:15:32","2026-01-13 22:15:32",NULL
2929,135021,0,"2026-01-13 22:15:32","2026-01-13 22:15:32",NULL
2930,135021,0,"2026-01-13 22:15:32","2026-01-13 22:15:32",NULL
2931,135021,0,"2026-01-13 22:15:32","2026-01-13 22:15:32",NULL
2932,135101,0,"2026-01-13 22:15:32","2026-01-13 22:15:32",NULL
2933,135101,0,"2026-01-13 22:15:32","2026-01-13 22:15:32",NULL
2934,135101,0,"2026-01-13 22:15:32","2026-01-13 22:15:32",NULL
2935,135101,0,"2026-01-13 22:15:32","2026-01-13 22:15:32",NULL
2936,135101,0,"2026-01-13 22:15:32","2026-01-13 22:15:32",NULL
2937,135101,0,"2026-01-13 22:15:32","2026-01-13 22:15:32",NULL
2938,135101,0,"2026-01-13 22:15:32","2026-01-13 22:15:32",NULL
2939,135101,0,"2026-01-13 22:15:32","2026-01-13 22:15:32",NULL
2940,135102,0,"2026-01-13 22:15:32","2026-01-13 22:15:32",NULL
2941,135102,0,"2026-01-13 22:15:32","2026-01-13 22:15:32",NULL
2942,135102,0,"2026-01-13 22:15:32","2026-01-13 22:15:32",NULL
2943,135102,0,"2026-01-13 22:15:32","2026-01-13 22:15:32",NULL
2944,135102,0,"2026-01-13 22:15:32","2026-01-13 22:15:32",NULL
2945,135102,0,"2026-01-13 22:15:32","2026-01-13 22:15:32",NULL
2946,135102,0,"2026-01-13 22:15:32","2026-01-13 22:15:32",NULL
2947,135102,0,"2026-01-13 22:15:32","2026-01-13 22:15:32",NULL
2948,135102,0,"2026-01-13 22:15:32","2026-01-13 22:15:32",NULL
2949,135102,0,"2026-01-13 22:15:32","2026-01-13 22:15:32",NULL
2950,135102,0,"2026-01-13 22:15:32","2026-01-13 22:15:32",NULL
2951,135102,0,"2026-01-13 22:15:32","2026-01-13 22:15:32",NULL
2952,135102,0,"2026-01-13 22:15:32","2026-01-13 22:15:32",NULL
2953,135103,0,"2026-01-13 22:15:32","2026-01-13 22:15:32",NULL
2954,135103,0,"2026-01-13 22:15:32","2026-01-13 22:15:32",NULL
2955,135103,0,"2026-01-13 22:15:32","2026-01-13 22:15:32",NULL
2956,135103,0,"2026-01-13 22:15:32","2026-01-13 22:15:32",NULL
2957,135103,0,"2026-01-13 22:15:32","2026-01-13 22:15:32",NULL
2958,135103,0,"2026-01-13 22:15:32","2026-01-13 22:15:32",NULL
2959,135103,0,"2026-01-13 22:15:32","2026-01-13 22:15:32",NULL
2960,135103,0,"2026-01-13 22:15:32","2026-01-13 22:15:32",NULL
2961,135103,0,"2026-01-13 22:15:32","2026-01-13 22:15:32",NULL
2962,135106,0,"2026-01-13 22:15:32","2026-01-13 22:15:32",NULL
2963,135106,0,"2026-01-13 22:15:32","2026-01-13 22:15:32",NULL
2964,135106,0,"2026-01-13 22:15:32","2026-01-13 22:15:32",NULL
2965,135106,0,"2026-01-13 22:15:32","2026-01-13 22:15:32",NULL
2966,135106,0,"2026-01-13 22:15:32","2026-01-13 22:15:32",NULL
2967,135133,0,"2026-01-13 22:15:32","2026-01-13 22:15:32",NULL
2968,135133,0,"2026-01-13 22:15:32","2026-01-13 22:15:32",NULL
2969,135133,0,"2026-01-13 22:15:32","2026-01-13 22:15:32",NULL
2970,135133,0,"2026-01-13 22:15:32","2026-01-13 22:15:32",NULL
2971,135133,0,"2026-01-13 22:15:32","2026-01-13 22:15:32",NULL
2972,135133,0,"2026-01-13 22:15:32","2026-01-13 22:15:32",NULL
2973,135133,0,"2026-01-13 22:15:32","2026-01-13 22:15:32",NULL
2974,135133,0,"2026-01-13 22:15:32","2026-01-13 22:15:32",NULL
2975,135133,0,"2026-01-13 22:15:32","2026-01-13 22:15:32",NULL
2976,135133,0,"2026-01-13 22:15:32","2026-01-13 22:15:32",NULL
2977,136021,0,"2026-01-13 22:15:32","2026-01-13 22:15:32",NULL
2978,136021,0,"2026-01-13 22:15:32","2026-01-13 22:15:32",NULL
2979,136021,0,"2026-01-13 22:15:32","2026-01-13 22:15:32",NULL
2980,136021,0,"2026-01-13 22:15:32","2026-01-13 22:15:32",NULL
2981,136026,0,"2026-01-13 22:15:32","2026-01-13 22:15:32",NULL
2982,136026,0,"2026-01-13 22:15:32","2026-01-13 22:15:32",NULL
2983,136026,0,"2026-01-13 22:15:32","2026-01-13 22:15:32",NULL
2984,136026,0,"2026-01-13 22:15:32","2026-01-13 22:15:32",NULL
2985,136026,0,"2026-01-13 22:15:32","2026-01-13 22:15:32",NULL
2986,136026,0,"2026-01-13 22:15:32","2026-01-13 22:15:32",NULL
2987,136027,0,"2026-01-13 22:15:32","2026-01-13 22:15:32",NULL
2988,136027,0,"2026-01-13 22:15:32","2026-01-13 22:15:32",NULL
2989,136027,0,"2026-01-13 22:15:32","2026-01-13 22:15:32",NULL
2990,136027,0,"2026-01-13 22:15:32","2026-01-13 22:15:32",NULL
2991,136027,0,"2026-01-13 22:15:32","2026-01-13 22:15:32",NULL
2992,136027,0,"2026-01-13 22:15:32","2026-01-13 22:15:32",NULL
2993,136027,0,"2026-01-13 22:15:32","2026-01-13 22:15:32",NULL
2994,136027,0,"2026-01-13 22:15:32","2026-01-13 22:15:32",NULL
2995,136027,0,"2026-01-13 22:15:32","2026-01-13 22:15:32",NULL
2996,136027,0,"2026-01-13 22:15:32","2026-01-13 22:15:32",NULL
2997,136027,0,"2026-01-13 22:15:32","2026-01-13 22:15:32",NULL
2998,136027,0,"2026-01-13 22:15:32","2026-01-13 22:15:32",NULL
2999,136027,0,"2026-01-13 22:15:32","2026-01-13 22:15:32",NULL
3000,136027,0,"2026-01-13 22:15:32","2026-01-13 22:15:32",NULL
3001,136027,0,"2026-01-13 22:15:32","2026-01-13 22:15:32",NULL
3002,136027,0,"2026-01-13 22:15:32","2026-01-13 22:15:32",NULL
3003,136027,0,"2026-01-13 22:15:32","2026-01-13 22:15:32",NULL
3004,136027,0,"2026-01-13 22:15:32","2026-01-13 22:15:32",NULL
3005,136027,0,"2026-01-13 22:15:32","2026-01-13 22:15:32",NULL
3006,136027,0,"2026-01-13 22:15:32","2026-01-13 22:15:32",NULL
3007,136027,0,"2026-01-13 22:15:32","2026-01-13 22:15:32",NULL
3008,136027,0,"2026-01-13 22:15:32","2026-01-13 22:15:32",NULL
3009,136027,0,"2026-01-13 22:15:32","2026-01-13 22:15:32",NULL
3010,136027,0,"2026-01-13 22:15:32","2026-01-13 22:15:32",NULL
3011,136027,0,"2026-01-13 22:15:32","2026-01-13 22:15:32",NULL
3012,136027,0,"2026-01-13 22:15:32","2026-01-13 22:15:32",NULL
3013,136027,0,"2026-01-13 22:15:32","2026-01-13 22:15:32",NULL
3014,136027,0,"2026-01-13 22:15:32","2026-01-13 22:15:32",NULL
3015,136027,0,"2026-01-13 22:15:32","2026-01-13 22:15:32",NULL
3016,136027,0,"2026-01-13 22:15:32","2026-01-13 22:15:32",NULL
3017,136027,0,"2026-01-13 22:15:32","2026-01-13 22:15:32",NULL
3018,136027,0,"2026-01-13 22:15:32","2026-01-13 22:15:32",NULL
3019,136027,0,"2026-01-13 22:15:32","2026-01-13 22:15:32",NULL
3020,136030,0,"2026-01-13 22:15:32","2026-01-13 22:15:32",NULL
3021,136030,0,"2026-01-13 22:15:32","2026-01-13 22:15:32",NULL
3022,136030,0,"2026-01-13 22:15:32","2026-01-13 22:15:32",NULL
3023,136030,0,"2026-01-13 22:15:32","2026-01-13 22:15:32",NULL
3024,136030,0,"2026-01-13 22:15:32","2026-01-13 22:15:32",NULL
3025,136030,0,"2026-01-13 22:15:32","2026-01-13 22:15:32",NULL
3026,136033,0,"2026-01-13 22:15:32","2026-01-13 22:15:32",NULL
3027,136033,0,"2026-01-13 22:15:32","2026-01-13 22:15:32",NULL
3028,136033,0,"2026-01-13 22:15:32","2026-01-13 22:15:32",NULL
3029,136033,0,"2026-01-13 22:15:32","2026-01-13 22:15:32",NULL
3030,136033,0,"2026-01-13 22:15:32","2026-01-13 22:15:32",NULL
3031,136033,0,"2026-01-13 22:15:32","2026-01-13 22:15:32",NULL
3032,136033,0,"2026-01-13 22:15:32","2026-01-13 22:15:32",NULL
3033,136033,0,"2026-01-13 22:15:32","2026-01-13 22:15:32",NULL
3034,136034,0,"2026-01-13 22:15:32","2026-01-13 22:15:32",NULL
3035,136034,0,"2026-01-13 22:15:32","2026-01-13 22:15:32",NULL
3036,135133,0,"2026-01-13 22:15:32","2026-01-13 22:15:32",NULL
3037,135133,0,"2026-01-13 22:15:32","2026-01-13 22:15:32",NULL
3038,135133,0,"2026-01-13 22:15:32","2026-01-13 22:15:32",NULL
3039,135133,0,"2026-01-13 22:15:32","2026-01-13 22:15:32",NULL
3040,135133,0,"2026-01-13 22:15:32","2026-01-13 22:15:32",NULL
3041,135133,0,"2026-01-13 22:15:32","2026-01-13 22:15:32",NULL
3042,135133,0,"2026-01-13 22:15:32","2026-01-13 22:15:32",NULL
3043,135133,0,"2026-01-13 22:15:32","2026-01-13 22:15:32",NULL
3044,135133,0,"2026-01-13 22:15:32","2026-01-13 22:15:32",NULL
3045,136020,0,"2026-01-13 22:15:32","2026-01-13 22:15:32",NULL
3046,136020,0,"2026-01-13 22:15:32","2026-01-13 22:15:32",NULL
3047,136020,0,"2026-01-13 22:15:32","2026-01-13 22:15:32",NULL
3048,136020,0,"2026-01-13 22:15:32","2026-01-13 22:15:32",NULL
3049,136020,0,"2026-01-13 22:15:32","2026-01-13 22:15:32",NULL
3050,136021,0,"2026-01-13 22:15:32","2026-01-13 22:15:32",NULL
3051,136021,0,"2026-01-13 22:15:32","2026-01-13 22:15:32",NULL
3052,136043,0,"2026-01-13 22:15:32","2026-01-13 22:15:32",NULL
3053,136043,0,"2026-01-13 22:15:32","2026-01-13 22:15:32",NULL
3054,136043,0,"2026-01-13 22:15:32","2026-01-13 22:15:32",NULL
3055,136043,0,"2026-01-13 22:15:32","2026-01-13 22:15:32",NULL
3056,136043,0,"2026-01-13 22:15:32","2026-01-13 22:15:32",NULL
3057,136043,0,"2026-01-13 22:15:32","2026-01-13 22:15:32",NULL
3058,136044,0,"2026-01-13 22:15:32","2026-01-13 22:15:32",NULL
3059,136044,0,"2026-01-13 22:15:32","2026-01-13 22:15:32",NULL
3060,136044,0,"2026-01-13 22:15:32","2026-01-13 22:15:32",NULL
3061,136044,0,"2026-01-13 22:15:32","2026-01-13 22:15:32",NULL
3062,136044,0,"2026-01-13 22:15:32","2026-01-13 22:15:32",NULL
3063,136044,0,"2026-01-13 22:15:32","2026-01-13 22:15:32",NULL
3064,136117,0,"2026-01-13 22:15:32","2026-01-13 22:15:32",NULL
3065,136117,0,"2026-01-13 22:15:32","2026-01-13 22:15:32",NULL
3066,136117,0,"2026-01-13 22:15:32","2026-01-13 22:15:32",NULL
3067,136117,0,"2026-01-13 22:15:32","2026-01-13 22:15:32",NULL
3068,136117,0,"2026-01-13 22:15:32","2026-01-13 22:15:32",NULL
3069,136117,0,"2026-01-13 22:15:32","2026-01-13 22:15:32",NULL
3070,136117,0,"2026-01-13 22:15:32","2026-01-13 22:15:32",NULL
3071,136117,0,"2026-01-13 22:15:32","2026-01-13 22:15:32",NULL
3072,136117,0,"2026-01-13 22:15:32","2026-01-13 22:15:32",NULL
3073,136117,0,"2026-01-13 22:15:32","2026-01-13 22:15:32",NULL
3074,136117,0,"2026-01-13 22:15:32","2026-01-13 22:15:32",NULL
3075,136117,0,"2026-01-13 22:15:32","2026-01-13 22:15:32",NULL
3076,136117,0,"2026-01-13 22:15:32","2026-01-13 22:15:32",NULL
3077,136117,0,"2026-01-13 22:15:32","2026-01-13 22:15:32",NULL
3078,136117,0,"2026-01-13 22:15:32","2026-01-13 22:15:32",NULL
3079,136117,0,"2026-01-13 22:15:32","2026-01-13 22:15:32",NULL
3080,136117,0,"2026-01-13 22:15:32","2026-01-13 22:15:32",NULL
3081,136117,0,"2026-01-13 22:15:32","2026-01-13 22:15:32",NULL
3082,136117,0,"2026-01-13 22:15:32","2026-01-13 22:15:32",NULL
3083,136118,0,"2026-01-13 22:15:32","2026-01-13 22:15:32",NULL
3084,136118,0,"2026-01-13 22:15:32","2026-01-13 22:15:32",NULL
3085,140111,0,"2026-01-13 22:15:32","2026-01-13 22:15:32",NULL
3086,136118,0,"2026-01-13 22:15:32","2026-01-13 22:15:32",NULL
3087,136118,0,"2026-01-13 22:15:32","2026-01-13 22:15:32",NULL
3088,136118,0,"2026-01-13 22:15:32","2026-01-13 22:15:32",NULL
3089,136119,0,"2026-01-13 22:15:32","2026-01-13 22:15:32",NULL
3090,136119,0,"2026-01-13 22:15:32","2026-01-13 22:15:32",NULL
3091,136119,0,"2026-01-13 22:15:32","2026-01-13 22:15:32",NULL
3092,136119,0,"2026-01-13 22:15:32","2026-01-13 22:15:32",NULL
3093,136119,0,"2026-01-13 22:15:32","2026-01-13 22:15:32",NULL
3094,136034,0,"2026-01-13 22:15:32","2026-01-13 22:15:32",NULL
3095,136034,0,"2026-01-13 22:15:32","2026-01-13 22:15:32",NULL
3096,136034,0,"2026-01-13 22:15:32","2026-01-13 22:15:32",NULL
3097,136034,0,"2026-01-13 22:15:32","2026-01-13 22:15:32",NULL
3098,136034,0,"2026-01-13 22:15:32","2026-01-13 22:15:32",NULL
3099,136034,0,"2026-01-13 22:15:32","2026-01-13 22:15:32",NULL
3100,136034,0,"2026-01-13 22:15:32","2026-01-13 22:15:32",NULL
3101,136034,0,"2026-01-13 22:15:32","2026-01-13 22:15:32",NULL
3102,136034,0,"2026-01-13 22:15:32","2026-01-13 22:15:32",NULL
3103,136034,0,"2026-01-13 22:15:32","2026-01-13 22:15:32",NULL
3104,136034,0,"2026-01-13 22:15:32","2026-01-13 22:15:32",NULL
3105,136034,0,"2026-01-13 22:15:32","2026-01-13 22:15:32",NULL
3106,136034,0,"2026-01-13 22:15:32","2026-01-13 22:15:32",NULL
3107,136035,0,"2026-01-13 22:15:32","2026-01-13 22:15:32",NULL
3108,136035,0,"2026-01-13 22:15:32","2026-01-13 22:15:32",NULL
3109,136035,0,"2026-01-13 22:15:32","2026-01-13 22:15:32",NULL
3110,136035,0,"2026-01-13 22:15:32","2026-01-13 22:15:32",NULL
3111,136035,0,"2026-01-13 22:15:32","2026-01-13 22:15:32",NULL
3112,136035,0,"2026-01-13 22:15:32","2026-01-13 22:15:32",NULL
3113,136035,0,"2026-01-13 22:15:32","2026-01-13 22:15:32",NULL
3114,136038,0,"2026-01-13 22:15:32","2026-01-13 22:15:32",NULL
3115,136042,0,"2026-01-13 22:15:32","2026-01-13 22:15:32",NULL
3116,136042,0,"2026-01-13 22:15:32","2026-01-13 22:15:32",NULL
3117,136042,0,"2026-01-13 22:15:32","2026-01-13 22:15:32",NULL
3118,136042,0,"2026-01-13 22:15:32","2026-01-13 22:15:32",NULL
3119,136042,0,"2026-01-13 22:15:32","2026-01-13 22:15:32",NULL
3120,136042,0,"2026-01-13 22:15:32","2026-01-13 22:15:32",NULL
3121,136043,0,"2026-01-13 22:15:32","2026-01-13 22:15:32",NULL
3122,136043,0,"2026-01-13 22:15:32","2026-01-13 22:15:32",NULL
3123,136043,0,"2026-01-13 22:15:32","2026-01-13 22:15:32",NULL
3124,136132,0,"2026-01-13 22:15:32","2026-01-13 22:15:32",NULL
3125,136132,0,"2026-01-13 22:15:32","2026-01-13 22:15:32",NULL
3126,136135,0,"2026-01-13 22:15:32","2026-01-13 22:15:32",NULL
3127,136135,0,"2026-01-13 22:15:32","2026-01-13 22:15:32",NULL
3128,136135,0,"2026-01-13 22:15:32","2026-01-13 22:15:32",NULL
3129,136135,0,"2026-01-13 22:15:32","2026-01-13 22:15:32",NULL
3130,136135,0,"2026-01-13 22:15:32","2026-01-13 22:15:32",NULL
3131,136135,0,"2026-01-13 22:15:32","2026-01-13 22:15:32",NULL
3132,136135,0,"2026-01-13 22:15:32","2026-01-13 22:15:32",NULL
3133,136135,0,"2026-01-13 22:15:32","2026-01-13 22:15:32",NULL
3134,136135,0,"2026-01-13 22:15:32","2026-01-13 22:15:32",NULL
3135,136135,0,"2026-01-13 22:15:32","2026-01-13 22:15:32",NULL
3136,136135,0,"2026-01-13 22:15:32","2026-01-13 22:15:32",NULL
3137,136119,0,"2026-01-13 22:15:32","2026-01-13 22:15:32",NULL
3138,136119,0,"2026-01-13 22:15:32","2026-01-13 22:15:32",NULL
3139,136119,0,"2026-01-13 22:15:32","2026-01-13 22:15:32",NULL
3140,136119,0,"2026-01-13 22:15:32","2026-01-13 22:15:32",NULL
3141,136119,0,"2026-01-13 22:15:32","2026-01-13 22:15:32",NULL
3142,136119,0,"2026-01-13 22:15:32","2026-01-13 22:15:32",NULL
3143,136119,0,"2026-01-13 22:15:32","2026-01-13 22:15:32",NULL
3144,136119,0,"2026-01-13 22:15:32","2026-01-13 22:15:32",NULL
3145,136119,0,"2026-01-13 22:15:32","2026-01-13 22:15:32",NULL
3146,136119,0,"2026-01-13 22:15:32","2026-01-13 22:15:32",NULL
3147,136128,0,"2026-01-13 22:15:32","2026-01-13 22:15:32",NULL
3148,136128,0,"2026-01-13 22:15:32","2026-01-13 22:15:32",NULL
3149,136128,0,"2026-01-13 22:15:32","2026-01-13 22:15:32",NULL
3150,136128,0,"2026-01-13 22:15:32","2026-01-13 22:15:32",NULL
3151,136128,0,"2026-01-13 22:15:32","2026-01-13 22:15:32",NULL
3152,136128,0,"2026-01-13 22:15:32","2026-01-13 22:15:32",NULL
3153,136128,0,"2026-01-13 22:15:32","2026-01-13 22:15:32",NULL
3154,136128,0,"2026-01-13 22:15:32","2026-01-13 22:15:32",NULL
3155,136128,0,"2026-01-13 22:15:32","2026-01-13 22:15:32",NULL
3156,136128,0,"2026-01-13 22:15:32","2026-01-13 22:15:32",NULL
3157,136128,0,"2026-01-13 22:15:32","2026-01-13 22:15:32",NULL
3158,136128,0,"2026-01-13 22:15:32","2026-01-13 22:15:32",NULL
3159,136128,0,"2026-01-13 22:15:32","2026-01-13 22:15:32",NULL
3160,136128,0,"2026-01-13 22:15:32","2026-01-13 22:15:32",NULL
3161,136129,0,"2026-01-13 22:15:32","2026-01-13 22:15:32",NULL
3162,136129,0,"2026-01-13 22:15:32","2026-01-13 22:15:32",NULL
3163,136129,0,"2026-01-13 22:15:32","2026-01-13 22:15:32",NULL
3164,136129,0,"2026-01-13 22:15:32","2026-01-13 22:15:32",NULL
3165,136129,0,"2026-01-13 22:15:32","2026-01-13 22:15:32",NULL
3166,136129,0,"2026-01-13 22:15:32","2026-01-13 22:15:32",NULL
3167,136130,0,"2026-01-13 22:15:32","2026-01-13 22:15:32",NULL
3168,136130,0,"2026-01-13 22:15:32","2026-01-13 22:15:32",NULL
3169,136130,0,"2026-01-13 22:15:32","2026-01-13 22:15:32",NULL
3170,136130,0,"2026-01-13 22:15:32","2026-01-13 22:15:32",NULL
3171,136131,0,"2026-01-13 22:15:32","2026-01-13 22:15:32",NULL
3172,136131,0,"2026-01-13 22:15:32","2026-01-13 22:15:32",NULL
3173,136131,0,"2026-01-13 22:15:32","2026-01-13 22:15:32",NULL
3174,136131,0,"2026-01-13 22:15:32","2026-01-13 22:15:32",NULL
3175,136131,0,"2026-01-13 22:15:32","2026-01-13 22:15:32",NULL
3176,136131,0,"2026-01-13 22:15:32","2026-01-13 22:15:32",NULL
3177,136131,0,"2026-01-13 22:15:32","2026-01-13 22:15:32",NULL
3178,136131,0,"2026-01-13 22:15:32","2026-01-13 22:15:32",NULL
3179,136131,0,"2026-01-13 22:15:32","2026-01-13 22:15:32",NULL
3180,136132,0,"2026-01-13 22:15:32","2026-01-13 22:15:32",NULL
3181,136132,0,"2026-01-13 22:15:32","2026-01-13 22:15:32",NULL
3182,136132,0,"2026-01-13 22:15:32","2026-01-13 22:15:32",NULL
3183,136132,0,"2026-01-13 22:15:32","2026-01-13 22:15:32",NULL
3184,136132,0,"2026-01-13 22:15:32","2026-01-13 22:15:32",NULL
3185,136132,0,"2026-01-13 22:15:32","2026-01-13 22:15:32",NULL
3186,136132,0,"2026-01-13 22:15:32","2026-01-13 22:15:32",NULL
3187,136132,0,"2026-01-13 22:15:32","2026-01-13 22:15:32",NULL
3188,136132,0,"2026-01-13 22:15:32","2026-01-13 22:15:32",NULL
3189,136132,0,"2026-01-13 22:15:32","2026-01-13 22:15:32",NULL
3190,136132,0,"2026-01-13 22:15:32","2026-01-13 22:15:32",NULL
3191,136135,0,"2026-01-13 22:15:32","2026-01-13 22:15:32",NULL
3192,136135,0,"2026-01-13 22:15:32","2026-01-13 22:15:32",NULL
3193,136135,0,"2026-01-13 22:15:32","2026-01-13 22:15:32",NULL
3194,136135,0,"2026-01-13 22:15:32","2026-01-13 22:15:32",NULL
3195,136135,0,"2026-01-13 22:15:32","2026-01-13 22:15:32",NULL
3196,136135,0,"2026-01-13 22:15:32","2026-01-13 22:15:32",NULL
3197,136135,0,"2026-01-13 22:15:32","2026-01-13 22:15:32",NULL
3198,136135,0,"2026-01-13 22:15:32","2026-01-13 22:15:32",NULL
3199,136135,0,"2026-01-13 22:15:32","2026-01-13 22:15:32",NULL
3200,136135,0,"2026-01-13 22:15:32","2026-01-13 22:15:32",NULL
3201,136136,0,"2026-01-13 22:15:32","2026-01-13 22:15:32",NULL
3202,136136,0,"2026-01-13 22:15:32","2026-01-13 22:15:32",NULL
3203,136136,0,"2026-01-13 22:15:32","2026-01-13 22:15:32",NULL
3204,136136,0,"2026-01-13 22:15:32","2026-01-13 22:15:32",NULL
3205,136156,0,"2026-01-13 22:15:32","2026-01-13 22:15:32",NULL
3206,136156,0,"2026-01-13 22:15:32","2026-01-13 22:15:32",NULL
3207,136156,0,"2026-01-13 22:15:32","2026-01-13 22:15:32",NULL
3208,136156,0,"2026-01-13 22:15:32","2026-01-13 22:15:32",NULL
3209,136156,0,"2026-01-13 22:15:32","2026-01-13 22:15:32",NULL
3210,136156,0,"2026-01-13 22:15:32","2026-01-13 22:15:32",NULL
3211,136156,0,"2026-01-13 22:15:32","2026-01-13 22:15:32",NULL
3212,136156,0,"2026-01-13 22:15:32","2026-01-13 22:15:32",NULL
3213,136156,0,"2026-01-13 22:15:32","2026-01-13 22:15:32",NULL
3214,140001,0,"2026-01-13 22:15:32","2026-01-13 22:15:32",NULL
3215,140001,0,"2026-01-13 22:15:32","2026-01-13 22:15:32",NULL
3216,140001,0,"2026-01-13 22:15:32","2026-01-13 22:15:32",NULL
3217,140001,0,"2026-01-13 22:15:32","2026-01-13 22:15:32",NULL
3218,140001,0,"2026-01-13 22:15:32","2026-01-13 22:15:32",NULL
3219,140001,0,"2026-01-13 22:15:32","2026-01-13 22:15:32",NULL
3220,140001,0,"2026-01-13 22:15:32","2026-01-13 22:15:32",NULL
3221,140101,0,"2026-01-13 22:15:32","2026-01-13 22:15:32",NULL
3222,140101,0,"2026-01-13 22:15:32","2026-01-13 22:15:32",NULL
3223,140101,0,"2026-01-13 22:15:32","2026-01-13 22:15:32",NULL
3224,140101,0,"2026-01-13 22:15:32","2026-01-13 22:15:32",NULL
3225,140101,0,"2026-01-13 22:15:32","2026-01-13 22:15:32",NULL
3226,140101,0,"2026-01-13 22:15:32","2026-01-13 22:15:32",NULL
3227,140102,0,"2026-01-13 22:15:32","2026-01-13 22:15:32",NULL
3228,140102,0,"2026-01-13 22:15:32","2026-01-13 22:15:32",NULL
3229,140102,0,"2026-01-13 22:15:32","2026-01-13 22:15:32",NULL
3230,140102,0,"2026-01-13 22:15:32","2026-01-13 22:15:32",NULL
3231,140102,0,"2026-01-13 22:15:32","2026-01-13 22:15:32",NULL
3232,140102,0,"2026-01-13 22:15:32","2026-01-13 22:15:32",NULL
3233,140102,0,"2026-01-13 22:15:32","2026-01-13 22:15:32",NULL
3234,140102,0,"2026-01-13 22:15:32","2026-01-13 22:15:32",NULL
3235,140103,0,"2026-01-13 22:15:32","2026-01-13 22:15:32",NULL
3236,140103,0,"2026-01-13 22:15:32","2026-01-13 22:15:32",NULL
3237,140103,0,"2026-01-13 22:15:32","2026-01-13 22:15:32",NULL
3238,140103,0,"2026-01-13 22:15:32","2026-01-13 22:15:32",NULL
3239,140103,0,"2026-01-13 22:15:32","2026-01-13 22:15:32",NULL
3240,140103,0,"2026-01-13 22:15:32","2026-01-13 22:15:32",NULL
3241,140103,0,"2026-01-13 22:15:32","2026-01-13 22:15:32",NULL
3242,140103,0,"2026-01-13 22:15:32","2026-01-13 22:15:32",NULL
3243,140103,0,"2026-01-13 22:15:32","2026-01-13 22:15:32",NULL
3244,140103,0,"2026-01-13 22:15:32","2026-01-13 22:15:32",NULL
3245,140103,0,"2026-01-13 22:15:32","2026-01-13 22:15:32",NULL
3246,140103,0,"2026-01-13 22:15:32","2026-01-13 22:15:32",NULL
3247,140103,0,"2026-01-13 22:15:32","2026-01-13 22:15:32",NULL
3248,140108,0,"2026-01-13 22:15:32","2026-01-13 22:15:32",NULL
3249,140108,0,"2026-01-13 22:15:32","2026-01-13 22:15:32",NULL
3250,140108,0,"2026-01-13 22:15:32","2026-01-13 22:15:32",NULL
3251,140108,0,"2026-01-13 22:15:32","2026-01-13 22:15:32",NULL
3252,140108,0,"2026-01-13 22:15:32","2026-01-13 22:15:32",NULL
3253,140108,0,"2026-01-13 22:15:32","2026-01-13 22:15:32",NULL
3254,140108,0,"2026-01-13 22:15:32","2026-01-13 22:15:32",NULL
3255,140108,0,"2026-01-13 22:15:32","2026-01-13 22:15:32",NULL
3256,140111,0,"2026-01-13 22:15:32","2026-01-13 22:15:32",NULL
3257,140412,0,"2026-01-13 22:15:32","2026-01-13 22:15:32",NULL
3258,140111,0,"2026-01-13 22:15:32","2026-01-13 22:15:32",NULL
3259,140111,0,"2026-01-13 22:15:32","2026-01-13 22:15:32",NULL
3260,140111,0,"2026-01-13 22:15:32","2026-01-13 22:15:32",NULL
3261,140111,0,"2026-01-13 22:15:32","2026-01-13 22:15:32",NULL
3262,140111,0,"2026-01-13 22:15:32","2026-01-13 22:15:32",NULL
3263,140112,0,"2026-01-13 22:15:32","2026-01-13 22:15:32",NULL
3264,140112,0,"2026-01-13 22:15:32","2026-01-13 22:15:32",NULL
3265,140112,0,"2026-01-13 22:15:32","2026-01-13 22:15:32",NULL
3266,140112,0,"2026-01-13 22:15:32","2026-01-13 22:15:32",NULL
3267,140112,0,"2026-01-13 22:15:32","2026-01-13 22:15:32",NULL
3268,140113,0,"2026-01-13 22:15:32","2026-01-13 22:15:32",NULL
3269,140113,0,"2026-01-13 22:15:32","2026-01-13 22:15:32",NULL
3270,140113,0,"2026-01-13 22:15:32","2026-01-13 22:15:32",NULL
3271,140113,0,"2026-01-13 22:15:32","2026-01-13 22:15:32",NULL
3272,140114,0,"2026-01-13 22:15:32","2026-01-13 22:15:32",NULL
3273,140114,0,"2026-01-13 22:15:32","2026-01-13 22:15:32",NULL
3274,140114,0,"2026-01-13 22:15:32","2026-01-13 22:15:32",NULL
3275,140115,0,"2026-01-13 22:15:32","2026-01-13 22:15:32",NULL
3276,140115,0,"2026-01-13 22:15:32","2026-01-13 22:15:32",NULL
3277,140116,0,"2026-01-13 22:15:32","2026-01-13 22:15:32",NULL
3278,140116,0,"2026-01-13 22:15:32","2026-01-13 22:15:32",NULL
3279,140116,0,"2026-01-13 22:15:32","2026-01-13 22:15:32",NULL
3280,140117,0,"2026-01-13 22:15:32","2026-01-13 22:15:32",NULL
3281,140117,0,"2026-01-13 22:15:32","2026-01-13 22:15:32",NULL
3282,140117,0,"2026-01-13 22:15:32","2026-01-13 22:15:32",NULL
3283,140117,0,"2026-01-13 22:15:32","2026-01-13 22:15:32",NULL
3284,140117,0,"2026-01-13 22:15:32","2026-01-13 22:15:32",NULL
3285,140117,0,"2026-01-13 22:15:32","2026-01-13 22:15:32",NULL
3286,140117,0,"2026-01-13 22:15:32","2026-01-13 22:15:32",NULL
3287,140117,0,"2026-01-13 22:15:32","2026-01-13 22:15:32",NULL
3288,140117,0,"2026-01-13 22:15:32","2026-01-13 22:15:32",NULL
3289,140117,0,"2026-01-13 22:15:32","2026-01-13 22:15:32",NULL
3290,140117,0,"2026-01-13 22:15:32","2026-01-13 22:15:32",NULL
3291,140117,0,"2026-01-13 22:15:32","2026-01-13 22:15:32",NULL
3292,140117,0,"2026-01-13 22:15:32","2026-01-13 22:15:32",NULL
3293,140118,0,"2026-01-13 22:15:32","2026-01-13 22:15:32",NULL
3294,140118,0,"2026-01-13 22:15:32","2026-01-13 22:15:32",NULL
3295,140119,0,"2026-01-13 22:15:32","2026-01-13 22:15:32",NULL
3296,140119,0,"2026-01-13 22:15:32","2026-01-13 22:15:32",NULL
3297,140119,0,"2026-01-13 22:15:32","2026-01-13 22:15:32",NULL
3298,140119,0,"2026-01-13 22:15:32","2026-01-13 22:15:32",NULL
3299,140119,0,"2026-01-13 22:15:32","2026-01-13 22:15:32",NULL
3300,140119,0,"2026-01-13 22:15:32","2026-01-13 22:15:32",NULL
3301,140119,0,"2026-01-13 22:15:32","2026-01-13 22:15:32",NULL
3302,140123,0,"2026-01-13 22:15:32","2026-01-13 22:15:32",NULL
3303,140123,0,"2026-01-13 22:15:32","2026-01-13 22:15:32",NULL
3304,140123,0,"2026-01-13 22:15:32","2026-01-13 22:15:32",NULL
3305,140124,0,"2026-01-13 22:15:32","2026-01-13 22:15:32",NULL
3306,140124,0,"2026-01-13 22:15:32","2026-01-13 22:15:32",NULL
3307,140124,0,"2026-01-13 22:15:32","2026-01-13 22:15:32",NULL
3308,140124,0,"2026-01-13 22:15:32","2026-01-13 22:15:32",NULL
3309,140124,0,"2026-01-13 22:15:32","2026-01-13 22:15:32",NULL
3310,140124,0,"2026-01-13 22:15:32","2026-01-13 22:15:32",NULL
3311,140125,0,"2026-01-13 22:15:32","2026-01-13 22:15:32",NULL
3312,140125,0,"2026-01-13 22:15:32","2026-01-13 22:15:32",NULL
3313,140109,0,"2026-01-13 22:15:32","2026-01-13 22:15:32",NULL
3314,140109,0,"2026-01-13 22:15:32","2026-01-13 22:15:32",NULL
3315,140110,0,"2026-01-13 22:15:32","2026-01-13 22:15:32",NULL
3316,140110,0,"2026-01-13 22:15:32","2026-01-13 22:15:32",NULL
3317,140110,0,"2026-01-13 22:15:32","2026-01-13 22:15:32",NULL
3318,140110,0,"2026-01-13 22:15:32","2026-01-13 22:15:32",NULL
3319,140110,0,"2026-01-13 22:15:32","2026-01-13 22:15:32",NULL
3320,140111,0,"2026-01-13 22:15:32","2026-01-13 22:15:32",NULL
3321,140111,0,"2026-01-13 22:15:32","2026-01-13 22:15:32",NULL
3322,140111,0,"2026-01-13 22:15:32","2026-01-13 22:15:32",NULL
3323,140301,0,"2026-01-13 22:15:32","2026-01-13 22:15:32",NULL
3324,140301,0,"2026-01-13 22:15:32","2026-01-13 22:15:32",NULL
3325,140301,0,"2026-01-13 22:15:32","2026-01-13 22:15:32",NULL
3326,140306,0,"2026-01-13 22:15:32","2026-01-13 22:15:32",NULL
3327,140306,0,"2026-01-13 22:15:32","2026-01-13 22:15:32",NULL
3328,140306,0,"2026-01-13 22:15:32","2026-01-13 22:15:32",NULL
3329,140306,0,"2026-01-13 22:15:32","2026-01-13 22:15:32",NULL
3330,140306,0,"2026-01-13 22:15:32","2026-01-13 22:15:32",NULL
3331,140307,0,"2026-01-13 22:15:32","2026-01-13 22:15:32",NULL
3332,140307,0,"2026-01-13 22:15:32","2026-01-13 22:15:32",NULL
3333,140307,0,"2026-01-13 22:15:32","2026-01-13 22:15:32",NULL
3334,140307,0,"2026-01-13 22:15:32","2026-01-13 22:15:32",NULL
3335,140307,0,"2026-01-13 22:15:32","2026-01-13 22:15:32",NULL
3336,140307,0,"2026-01-13 22:15:32","2026-01-13 22:15:32",NULL
3337,140307,0,"2026-01-13 22:15:32","2026-01-13 22:15:32",NULL
3338,140307,0,"2026-01-13 22:15:32","2026-01-13 22:15:32",NULL
3339,140308,0,"2026-01-13 22:15:32","2026-01-13 22:15:32",NULL
3340,140308,0,"2026-01-13 22:15:32","2026-01-13 22:15:32",NULL
3341,140308,0,"2026-01-13 22:15:32","2026-01-13 22:15:32",NULL
3342,140401,0,"2026-01-13 22:15:32","2026-01-13 22:15:32",NULL
3343,140401,0,"2026-01-13 22:15:32","2026-01-13 22:15:32",NULL
3344,140401,0,"2026-01-13 22:15:32","2026-01-13 22:15:32",NULL
3345,140401,0,"2026-01-13 22:15:32","2026-01-13 22:15:32",NULL
3346,140402,0,"2026-01-13 22:15:32","2026-01-13 22:15:32",NULL
3347,140402,0,"2026-01-13 22:15:32","2026-01-13 22:15:32",NULL
3348,140402,0,"2026-01-13 22:15:32","2026-01-13 22:15:32",NULL
3349,140402,0,"2026-01-13 22:15:32","2026-01-13 22:15:32",NULL
3350,140402,0,"2026-01-13 22:15:32","2026-01-13 22:15:32",NULL
3351,140402,0,"2026-01-13 22:15:32","2026-01-13 22:15:32",NULL
3352,140402,0,"2026-01-13 22:15:32","2026-01-13 22:15:32",NULL
3353,140402,0,"2026-01-13 22:15:32","2026-01-13 22:15:32",NULL
3354,140402,0,"2026-01-13 22:15:32","2026-01-13 22:15:32",NULL
3355,140125,0,"2026-01-13 22:15:32","2026-01-13 22:15:32",NULL
3356,140125,0,"2026-01-13 22:15:32","2026-01-13 22:15:32",NULL
3357,140125,0,"2026-01-13 22:15:32","2026-01-13 22:15:32",NULL
3358,140126,0,"2026-01-13 22:15:32","2026-01-13 22:15:32",NULL
3359,140126,0,"2026-01-13 22:15:32","2026-01-13 22:15:32",NULL
3360,140126,0,"2026-01-13 22:15:32","2026-01-13 22:15:32",NULL
3361,140126,0,"2026-01-13 22:15:32","2026-01-13 22:15:32",NULL
3362,140126,0,"2026-01-13 22:15:32","2026-01-13 22:15:32",NULL
3363,140126,0,"2026-01-13 22:15:32","2026-01-13 22:15:32",NULL
3364,140126,0,"2026-01-13 22:15:32","2026-01-13 22:15:32",NULL
3365,140126,0,"2026-01-13 22:15:32","2026-01-13 22:15:32",NULL
3366,140126,0,"2026-01-13 22:15:32","2026-01-13 22:15:32",NULL
3367,140126,0,"2026-01-13 22:15:32","2026-01-13 22:15:32",NULL
3368,140126,0,"2026-01-13 22:15:32","2026-01-13 22:15:32",NULL
3369,140133,0,"2026-01-13 22:15:33","2026-01-13 22:15:33",NULL
3370,140133,0,"2026-01-13 22:15:33","2026-01-13 22:15:33",NULL
3371,140133,0,"2026-01-13 22:15:33","2026-01-13 22:15:33",NULL
3372,140133,0,"2026-01-13 22:15:33","2026-01-13 22:15:33",NULL
3373,140133,0,"2026-01-13 22:15:33","2026-01-13 22:15:33",NULL
3374,140133,0,"2026-01-13 22:15:33","2026-01-13 22:15:33",NULL
3375,140201,0,"2026-01-13 22:15:33","2026-01-13 22:15:33",NULL
3376,140201,0,"2026-01-13 22:15:33","2026-01-13 22:15:33",NULL
3377,140201,0,"2026-01-13 22:15:33","2026-01-13 22:15:33",NULL
3378,140301,0,"2026-01-13 22:15:33","2026-01-13 22:15:33",NULL
3379,140301,0,"2026-01-13 22:15:33","2026-01-13 22:15:33",NULL
3380,140301,0,"2026-01-13 22:15:33","2026-01-13 22:15:33",NULL
3381,140301,0,"2026-01-13 22:15:33","2026-01-13 22:15:33",NULL
3382,140301,0,"2026-01-13 22:15:33","2026-01-13 22:15:33",NULL
3383,140301,0,"2026-01-13 22:15:33","2026-01-13 22:15:33",NULL
3384,140301,0,"2026-01-13 22:15:33","2026-01-13 22:15:33",NULL
3385,140501,0,"2026-01-13 22:15:33","2026-01-13 22:15:33",NULL
3386,140501,0,"2026-01-13 22:15:33","2026-01-13 22:15:33",NULL
3387,140501,0,"2026-01-13 22:15:33","2026-01-13 22:15:33",NULL
3388,140402,0,"2026-01-13 22:15:33","2026-01-13 22:15:33",NULL
3389,140402,0,"2026-01-13 22:15:33","2026-01-13 22:15:33",NULL
3390,140402,0,"2026-01-13 22:15:33","2026-01-13 22:15:33",NULL
3391,140402,0,"2026-01-13 22:15:33","2026-01-13 22:15:33",NULL
3392,140405,0,"2026-01-13 22:15:33","2026-01-13 22:15:33",NULL
3393,140405,0,"2026-01-13 22:15:33","2026-01-13 22:15:33",NULL
3394,140405,0,"2026-01-13 22:15:33","2026-01-13 22:15:33",NULL
3395,140405,0,"2026-01-13 22:15:33","2026-01-13 22:15:33",NULL
3396,140405,0,"2026-01-13 22:15:33","2026-01-13 22:15:33",NULL
3397,140405,0,"2026-01-13 22:15:33","2026-01-13 22:15:33",NULL
3398,140406,0,"2026-01-13 22:15:33","2026-01-13 22:15:33",NULL
3399,140406,0,"2026-01-13 22:15:33","2026-01-13 22:15:33",NULL
3400,140406,0,"2026-01-13 22:15:33","2026-01-13 22:15:33",NULL
3401,140406,0,"2026-01-13 22:15:33","2026-01-13 22:15:33",NULL
3402,140406,0,"2026-01-13 22:15:33","2026-01-13 22:15:33",NULL
3403,140406,0,"2026-01-13 22:15:33","2026-01-13 22:15:33",NULL
3404,140406,0,"2026-01-13 22:15:33","2026-01-13 22:15:33",NULL
3405,140406,0,"2026-01-13 22:15:33","2026-01-13 22:15:33",NULL
3406,140406,0,"2026-01-13 22:15:33","2026-01-13 22:15:33",NULL
3407,140406,0,"2026-01-13 22:15:33","2026-01-13 22:15:33",NULL
3408,140406,0,"2026-01-13 22:15:33","2026-01-13 22:15:33",NULL
3409,140406,0,"2026-01-13 22:15:33","2026-01-13 22:15:33",NULL
3410,140406,0,"2026-01-13 22:15:33","2026-01-13 22:15:33",NULL
3411,140406,0,"2026-01-13 22:15:33","2026-01-13 22:15:33",NULL
3412,140406,0,"2026-01-13 22:15:33","2026-01-13 22:15:33",NULL
3413,140406,0,"2026-01-13 22:15:33","2026-01-13 22:15:33",NULL
3414,140406,0,"2026-01-13 22:15:33","2026-01-13 22:15:33",NULL
3415,140406,0,"2026-01-13 22:15:33","2026-01-13 22:15:33",NULL
3416,140406,0,"2026-01-13 22:15:33","2026-01-13 22:15:33",NULL
3417,140406,0,"2026-01-13 22:15:33","2026-01-13 22:15:33",NULL
3418,140406,0,"2026-01-13 22:15:33","2026-01-13 22:15:33",NULL
3419,140406,0,"2026-01-13 22:15:33","2026-01-13 22:15:33",NULL
3420,140406,0,"2026-01-13 22:15:33","2026-01-13 22:15:33",NULL
3421,140406,0,"2026-01-13 22:15:33","2026-01-13 22:15:33",NULL
3422,140407,0,"2026-01-13 22:15:33","2026-01-13 22:15:33",NULL
3423,140412,0,"2026-01-13 22:15:33","2026-01-13 22:15:33",NULL
3424,140412,0,"2026-01-13 22:15:33","2026-01-13 22:15:33",NULL
3425,141110,0,"2026-01-13 22:15:33","2026-01-13 22:15:33",NULL
3426,140412,0,"2026-01-13 22:15:33","2026-01-13 22:15:33",NULL
3427,140412,0,"2026-01-13 22:15:33","2026-01-13 22:15:33",NULL
3428,140412,0,"2026-01-13 22:15:33","2026-01-13 22:15:33",NULL
3429,140412,0,"2026-01-13 22:15:33","2026-01-13 22:15:33",NULL
3430,140412,0,"2026-01-13 22:15:33","2026-01-13 22:15:33",NULL
3431,140413,0,"2026-01-13 22:15:33","2026-01-13 22:15:33",NULL
3432,140413,0,"2026-01-13 22:15:33","2026-01-13 22:15:33",NULL
3433,140413,0,"2026-01-13 22:15:33","2026-01-13 22:15:33",NULL
3434,140413,0,"2026-01-13 22:15:33","2026-01-13 22:15:33",NULL
3435,140413,0,"2026-01-13 22:15:33","2026-01-13 22:15:33",NULL
3436,140413,0,"2026-01-13 22:15:33","2026-01-13 22:15:33",NULL
3437,140417,0,"2026-01-13 22:15:33","2026-01-13 22:15:33",NULL
3438,140417,0,"2026-01-13 22:15:33","2026-01-13 22:15:33",NULL
3439,140417,0,"2026-01-13 22:15:33","2026-01-13 22:15:33",NULL
3440,140417,0,"2026-01-13 22:15:33","2026-01-13 22:15:33",NULL
3441,140417,0,"2026-01-13 22:15:33","2026-01-13 22:15:33",NULL
3442,140417,0,"2026-01-13 22:15:33","2026-01-13 22:15:33",NULL
3443,140417,0,"2026-01-13 22:15:33","2026-01-13 22:15:33",NULL
3444,140417,0,"2026-01-13 22:15:33","2026-01-13 22:15:33",NULL
3445,140417,0,"2026-01-13 22:15:33","2026-01-13 22:15:33",NULL
3446,140417,0,"2026-01-13 22:15:33","2026-01-13 22:15:33",NULL
3447,140417,0,"2026-01-13 22:15:33","2026-01-13 22:15:33",NULL
3448,140501,0,"2026-01-13 22:15:33","2026-01-13 22:15:33",NULL
3449,140501,0,"2026-01-13 22:15:33","2026-01-13 22:15:33",NULL
3450,140501,0,"2026-01-13 22:15:33","2026-01-13 22:15:33",NULL
3451,140501,0,"2026-01-13 22:15:33","2026-01-13 22:15:33",NULL
3452,140501,0,"2026-01-13 22:15:33","2026-01-13 22:15:33",NULL
3453,140501,0,"2026-01-13 22:15:33","2026-01-13 22:15:33",NULL
3454,140501,0,"2026-01-13 22:15:33","2026-01-13 22:15:33",NULL
3455,140501,0,"2026-01-13 22:15:33","2026-01-13 22:15:33",NULL
3456,140501,0,"2026-01-13 22:15:33","2026-01-13 22:15:33",NULL
3457,140501,0,"2026-01-13 22:15:33","2026-01-13 22:15:33",NULL
3458,140501,0,"2026-01-13 22:15:33","2026-01-13 22:15:33",NULL
3459,140501,0,"2026-01-13 22:15:33","2026-01-13 22:15:33",NULL
3460,140501,0,"2026-01-13 22:15:33","2026-01-13 22:15:33",NULL
3461,140501,0,"2026-01-13 22:15:33","2026-01-13 22:15:33",NULL
3462,140501,0,"2026-01-13 22:15:33","2026-01-13 22:15:33",NULL
3463,140501,0,"2026-01-13 22:15:33","2026-01-13 22:15:33",NULL
3464,140501,0,"2026-01-13 22:15:33","2026-01-13 22:15:33",NULL
3465,140501,0,"2026-01-13 22:15:33","2026-01-13 22:15:33",NULL
3466,140501,0,"2026-01-13 22:15:33","2026-01-13 22:15:33",NULL
3467,140501,0,"2026-01-13 22:15:33","2026-01-13 22:15:33",NULL
3468,140506,0,"2026-01-13 22:15:33","2026-01-13 22:15:33",NULL
3469,140506,0,"2026-01-13 22:15:33","2026-01-13 22:15:33",NULL
3470,140506,0,"2026-01-13 22:15:33","2026-01-13 22:15:33",NULL
3471,140506,0,"2026-01-13 22:15:33","2026-01-13 22:15:33",NULL
3472,140506,0,"2026-01-13 22:15:33","2026-01-13 22:15:33",NULL
3473,140506,0,"2026-01-13 22:15:33","2026-01-13 22:15:33",NULL
3474,140506,0,"2026-01-13 22:15:33","2026-01-13 22:15:33",NULL
3475,140506,0,"2026-01-13 22:15:33","2026-01-13 22:15:33",NULL
3476,140507,0,"2026-01-13 22:15:33","2026-01-13 22:15:33",NULL
3477,140507,0,"2026-01-13 22:15:33","2026-01-13 22:15:33",NULL
3478,140507,0,"2026-01-13 22:15:33","2026-01-13 22:15:33",NULL
3479,140507,0,"2026-01-13 22:15:33","2026-01-13 22:15:33",NULL
3480,140507,0,"2026-01-13 22:15:33","2026-01-13 22:15:33",NULL
3481,140507,0,"2026-01-13 22:15:33","2026-01-13 22:15:33",NULL
3482,140507,0,"2026-01-13 22:15:33","2026-01-13 22:15:33",NULL
3483,140507,0,"2026-01-13 22:15:33","2026-01-13 22:15:33",NULL
3484,140507,0,"2026-01-13 22:15:33","2026-01-13 22:15:33",NULL
3485,140601,0,"2026-01-13 22:15:33","2026-01-13 22:15:33",NULL
3486,140601,0,"2026-01-13 22:15:33","2026-01-13 22:15:33",NULL
3487,140601,0,"2026-01-13 22:15:33","2026-01-13 22:15:33",NULL
3488,140601,0,"2026-01-13 22:15:33","2026-01-13 22:15:33",NULL
3489,140601,0,"2026-01-13 22:15:33","2026-01-13 22:15:33",NULL
3490,140601,0,"2026-01-13 22:15:33","2026-01-13 22:15:33",NULL
3491,140601,0,"2026-01-13 22:15:33","2026-01-13 22:15:33",NULL
3492,140602,0,"2026-01-13 22:15:33","2026-01-13 22:15:33",NULL
3493,140602,0,"2026-01-13 22:15:33","2026-01-13 22:15:33",NULL
3494,140602,0,"2026-01-13 22:15:33","2026-01-13 22:15:33",NULL
3495,140602,0,"2026-01-13 22:15:33","2026-01-13 22:15:33",NULL
3496,140602,0,"2026-01-13 22:15:33","2026-01-13 22:15:33",NULL
3497,140602,0,"2026-01-13 22:15:33","2026-01-13 22:15:33",NULL
3498,140602,0,"2026-01-13 22:15:33","2026-01-13 22:15:33",NULL
3499,140602,0,"2026-01-13 22:15:33","2026-01-13 22:15:33",NULL
3500,140603,0,"2026-01-13 22:15:33","2026-01-13 22:15:33",NULL
3501,140603,0,"2026-01-13 22:15:33","2026-01-13 22:15:33",NULL
3502,140603,0,"2026-01-13 22:15:33","2026-01-13 22:15:33",NULL
3503,140603,0,"2026-01-13 22:15:33","2026-01-13 22:15:33",NULL
3504,140603,0,"2026-01-13 22:15:33","2026-01-13 22:15:33",NULL
3505,140604,0,"2026-01-13 22:15:33","2026-01-13 22:15:33",NULL
3506,140701,0,"2026-01-13 22:15:33","2026-01-13 22:15:33",NULL
3507,140701,0,"2026-01-13 22:15:33","2026-01-13 22:15:33",NULL
3508,140701,0,"2026-01-13 22:15:33","2026-01-13 22:15:33",NULL
3509,140701,0,"2026-01-13 22:15:33","2026-01-13 22:15:33",NULL
3510,140701,0,"2026-01-13 22:15:33","2026-01-13 22:15:33",NULL
3511,140701,0,"2026-01-13 22:15:33","2026-01-13 22:15:33",NULL
3512,141001,0,"2026-01-13 22:15:33","2026-01-13 22:15:33",NULL
3513,141001,0,"2026-01-13 22:15:33","2026-01-13 22:15:33",NULL
3514,141001,0,"2026-01-13 22:15:33","2026-01-13 22:15:33",NULL
3515,141001,0,"2026-01-13 22:15:33","2026-01-13 22:15:33",NULL
3516,141001,0,"2026-01-13 22:15:33","2026-01-13 22:15:33",NULL
3517,141002,0,"2026-01-13 22:15:33","2026-01-13 22:15:33",NULL
3518,141002,0,"2026-01-13 22:15:33","2026-01-13 22:15:33",NULL
3519,141003,0,"2026-01-13 22:15:33","2026-01-13 22:15:33",NULL
3520,141003,0,"2026-01-13 22:15:33","2026-01-13 22:15:33",NULL
3521,141003,0,"2026-01-13 22:15:33","2026-01-13 22:15:33",NULL
3522,141003,0,"2026-01-13 22:15:33","2026-01-13 22:15:33",NULL
3523,141003,0,"2026-01-13 22:15:33","2026-01-13 22:15:33",NULL
3524,141003,0,"2026-01-13 22:15:33","2026-01-13 22:15:33",NULL
3525,141004,0,"2026-01-13 22:15:33","2026-01-13 22:15:33",NULL
3526,141006,0,"2026-01-13 22:15:33","2026-01-13 22:15:33",NULL
3527,141007,0,"2026-01-13 22:15:33","2026-01-13 22:15:33",NULL
3528,141007,0,"2026-01-13 22:15:33","2026-01-13 22:15:33",NULL
3529,141007,0,"2026-01-13 22:15:33","2026-01-13 22:15:33",NULL
3530,141007,0,"2026-01-13 22:15:33","2026-01-13 22:15:33",NULL
3531,141007,0,"2026-01-13 22:15:33","2026-01-13 22:15:33",NULL
3532,141007,0,"2026-01-13 22:15:33","2026-01-13 22:15:33",NULL
3533,141007,0,"2026-01-13 22:15:33","2026-01-13 22:15:33",NULL
3534,141007,0,"2026-01-13 22:15:33","2026-01-13 22:15:33",NULL
3535,141008,0,"2026-01-13 22:15:33","2026-01-13 22:15:33",NULL
3536,141008,0,"2026-01-13 22:15:33","2026-01-13 22:15:33",NULL
3537,141008,0,"2026-01-13 22:15:33","2026-01-13 22:15:33",NULL
3538,141008,0,"2026-01-13 22:15:33","2026-01-13 22:15:33",NULL
3539,141008,0,"2026-01-13 22:15:33","2026-01-13 22:15:33",NULL
3540,141008,0,"2026-01-13 22:15:33","2026-01-13 22:15:33",NULL
3541,141008,0,"2026-01-13 22:15:33","2026-01-13 22:15:33",NULL
3542,141008,0,"2026-01-13 22:15:33","2026-01-13 22:15:33",NULL
3543,141008,0,"2026-01-13 22:15:33","2026-01-13 22:15:33",NULL
3544,141008,0,"2026-01-13 22:15:33","2026-01-13 22:15:33",NULL
3545,141008,0,"2026-01-13 22:15:33","2026-01-13 22:15:33",NULL
3546,141008,0,"2026-01-13 22:15:33","2026-01-13 22:15:33",NULL
3547,141008,0,"2026-01-13 22:15:33","2026-01-13 22:15:33",NULL
3548,141008,0,"2026-01-13 22:15:33","2026-01-13 22:15:33",NULL
3549,141008,0,"2026-01-13 22:15:33","2026-01-13 22:15:33",NULL
3550,141008,0,"2026-01-13 22:15:33","2026-01-13 22:15:33",NULL
3551,141010,0,"2026-01-13 22:15:33","2026-01-13 22:15:33",NULL
3552,141010,0,"2026-01-13 22:15:33","2026-01-13 22:15:33",NULL
3553,141010,0,"2026-01-13 22:15:33","2026-01-13 22:15:33",NULL
3554,141012,0,"2026-01-13 22:15:33","2026-01-13 22:15:33",NULL
3555,140701,0,"2026-01-13 22:15:33","2026-01-13 22:15:33",NULL
3556,140701,0,"2026-01-13 22:15:33","2026-01-13 22:15:33",NULL
3557,140701,0,"2026-01-13 22:15:33","2026-01-13 22:15:33",NULL
3558,140702,0,"2026-01-13 22:15:33","2026-01-13 22:15:33",NULL
3559,140702,0,"2026-01-13 22:15:33","2026-01-13 22:15:33",NULL
3560,140702,0,"2026-01-13 22:15:33","2026-01-13 22:15:33",NULL
3561,140702,0,"2026-01-13 22:15:33","2026-01-13 22:15:33",NULL
3562,140702,0,"2026-01-13 22:15:33","2026-01-13 22:15:33",NULL
3563,140802,0,"2026-01-13 22:15:33","2026-01-13 22:15:33",NULL
3564,140802,0,"2026-01-13 22:15:33","2026-01-13 22:15:33",NULL
3565,140802,0,"2026-01-13 22:15:33","2026-01-13 22:15:33",NULL
3566,140802,0,"2026-01-13 22:15:33","2026-01-13 22:15:33",NULL
3567,140802,0,"2026-01-13 22:15:33","2026-01-13 22:15:33",NULL
3568,140802,0,"2026-01-13 22:15:33","2026-01-13 22:15:33",NULL
3569,140802,0,"2026-01-13 22:15:33","2026-01-13 22:15:33",NULL
3570,140802,0,"2026-01-13 22:15:33","2026-01-13 22:15:33",NULL
3571,140901,0,"2026-01-13 22:15:33","2026-01-13 22:15:33",NULL
3572,140901,0,"2026-01-13 22:15:33","2026-01-13 22:15:33",NULL
3573,140901,0,"2026-01-13 22:15:33","2026-01-13 22:15:33",NULL
3574,140901,0,"2026-01-13 22:15:33","2026-01-13 22:15:33",NULL
3575,141001,0,"2026-01-13 22:15:33","2026-01-13 22:15:33",NULL
3576,141001,0,"2026-01-13 22:15:33","2026-01-13 22:15:33",NULL
3577,141001,0,"2026-01-13 22:15:33","2026-01-13 22:15:33",NULL
3578,141001,0,"2026-01-13 22:15:33","2026-01-13 22:15:33",NULL
3579,141108,0,"2026-01-13 22:15:33","2026-01-13 22:15:33",NULL
3580,141109,0,"2026-01-13 22:15:33","2026-01-13 22:15:33",NULL
3581,141109,0,"2026-01-13 22:15:33","2026-01-13 22:15:33",NULL
3582,141109,0,"2026-01-13 22:15:33","2026-01-13 22:15:33",NULL
3583,141109,0,"2026-01-13 22:15:33","2026-01-13 22:15:33",NULL
3584,141109,0,"2026-01-13 22:15:33","2026-01-13 22:15:33",NULL
3585,141109,0,"2026-01-13 22:15:33","2026-01-13 22:15:33",NULL
3586,141109,0,"2026-01-13 22:15:33","2026-01-13 22:15:33",NULL
3587,141109,0,"2026-01-13 22:15:33","2026-01-13 22:15:33",NULL
3588,141109,0,"2026-01-13 22:15:33","2026-01-13 22:15:33",NULL
3589,141109,0,"2026-01-13 22:15:33","2026-01-13 22:15:33",NULL
3590,141109,0,"2026-01-13 22:15:33","2026-01-13 22:15:33",NULL
3591,141109,0,"2026-01-13 22:15:33","2026-01-13 22:15:33",NULL
3592,141109,0,"2026-01-13 22:15:33","2026-01-13 22:15:33",NULL
3593,141110,0,"2026-01-13 22:15:33","2026-01-13 22:15:33",NULL
3594,141110,0,"2026-01-13 22:15:33","2026-01-13 22:15:33",NULL
3595,141206,0,"2026-01-13 22:15:33","2026-01-13 22:15:33",NULL
3596,141110,0,"2026-01-13 22:15:33","2026-01-13 22:15:33",NULL
3597,141110,0,"2026-01-13 22:15:33","2026-01-13 22:15:33",NULL
3598,141112,0,"2026-01-13 22:15:33","2026-01-13 22:15:33",NULL
3599,141112,0,"2026-01-13 22:15:33","2026-01-13 22:15:33",NULL
3600,141112,0,"2026-01-13 22:15:33","2026-01-13 22:15:33",NULL
3601,141112,0,"2026-01-13 22:15:33","2026-01-13 22:15:33",NULL
3602,141112,0,"2026-01-13 22:15:33","2026-01-13 22:15:33",NULL
3603,141112,0,"2026-01-13 22:15:33","2026-01-13 22:15:33",NULL
3604,141112,0,"2026-01-13 22:15:33","2026-01-13 22:15:33",NULL
3605,141112,0,"2026-01-13 22:15:33","2026-01-13 22:15:33",NULL
3606,141113,0,"2026-01-13 22:15:33","2026-01-13 22:15:33",NULL
3607,141113,0,"2026-01-13 22:15:33","2026-01-13 22:15:33",NULL
3608,141012,0,"2026-01-13 22:15:33","2026-01-13 22:15:33",NULL
3609,141013,0,"2026-01-13 22:15:33","2026-01-13 22:15:33",NULL
3610,141013,0,"2026-01-13 22:15:33","2026-01-13 22:15:33",NULL
3611,141014,0,"2026-01-13 22:15:33","2026-01-13 22:15:33",NULL
3612,141014,0,"2026-01-13 22:15:33","2026-01-13 22:15:33",NULL
3613,141015,0,"2026-01-13 22:15:33","2026-01-13 22:15:33",NULL
3614,141015,0,"2026-01-13 22:15:33","2026-01-13 22:15:33",NULL
3615,141016,0,"2026-01-13 22:15:33","2026-01-13 22:15:33",NULL
3616,141017,0,"2026-01-13 22:15:33","2026-01-13 22:15:33",NULL
3617,141101,0,"2026-01-13 22:15:33","2026-01-13 22:15:33",NULL
3618,141101,0,"2026-01-13 22:15:33","2026-01-13 22:15:33",NULL
3619,141101,0,"2026-01-13 22:15:33","2026-01-13 22:15:33",NULL
3620,141101,0,"2026-01-13 22:15:33","2026-01-13 22:15:33",NULL
3621,141101,0,"2026-01-13 22:15:33","2026-01-13 22:15:33",NULL
3622,141101,0,"2026-01-13 22:15:33","2026-01-13 22:15:33",NULL
3623,141101,0,"2026-01-13 22:15:33","2026-01-13 22:15:33",NULL
3624,141102,0,"2026-01-13 22:15:33","2026-01-13 22:15:33",NULL
3625,141102,0,"2026-01-13 22:15:33","2026-01-13 22:15:33",NULL
3626,141102,0,"2026-01-13 22:15:33","2026-01-13 22:15:33",NULL
3627,141102,0,"2026-01-13 22:15:33","2026-01-13 22:15:33",NULL
3628,141102,0,"2026-01-13 22:15:33","2026-01-13 22:15:33",NULL
3629,141102,0,"2026-01-13 22:15:33","2026-01-13 22:15:33",NULL
3630,141103,0,"2026-01-13 22:15:33","2026-01-13 22:15:33",NULL
3631,141103,0,"2026-01-13 22:15:33","2026-01-13 22:15:33",NULL
3632,141104,0,"2026-01-13 22:15:33","2026-01-13 22:15:33",NULL
3633,141104,0,"2026-01-13 22:15:33","2026-01-13 22:15:33",NULL
3634,141104,0,"2026-01-13 22:15:33","2026-01-13 22:15:33",NULL
3635,141104,0,"2026-01-13 22:15:33","2026-01-13 22:15:33",NULL
3636,141105,0,"2026-01-13 22:15:33","2026-01-13 22:15:33",NULL
3637,141105,0,"2026-01-13 22:15:33","2026-01-13 22:15:33",NULL
3638,141105,0,"2026-01-13 22:15:33","2026-01-13 22:15:33",NULL
3639,141105,0,"2026-01-13 22:15:33","2026-01-13 22:15:33",NULL
3640,141105,0,"2026-01-13 22:15:33","2026-01-13 22:15:33",NULL
3641,141106,0,"2026-01-13 22:15:33","2026-01-13 22:15:33",NULL
3642,141107,0,"2026-01-13 22:15:33","2026-01-13 22:15:33",NULL
3643,141107,0,"2026-01-13 22:15:33","2026-01-13 22:15:33",NULL
3644,141107,0,"2026-01-13 22:15:33","2026-01-13 22:15:33",NULL
3645,141107,0,"2026-01-13 22:15:33","2026-01-13 22:15:33",NULL
3646,141107,0,"2026-01-13 22:15:33","2026-01-13 22:15:33",NULL
3647,141107,0,"2026-01-13 22:15:33","2026-01-13 22:15:33",NULL
3648,141107,0,"2026-01-13 22:15:33","2026-01-13 22:15:33",NULL
3649,141107,0,"2026-01-13 22:15:33","2026-01-13 22:15:33",NULL
3650,141107,0,"2026-01-13 22:15:33","2026-01-13 22:15:33",NULL
3651,141108,0,"2026-01-13 22:15:33","2026-01-13 22:15:33",NULL
3652,141108,0,"2026-01-13 22:15:33","2026-01-13 22:15:33",NULL
3653,141108,0,"2026-01-13 22:15:33","2026-01-13 22:15:33",NULL
3654,141108,0,"2026-01-13 22:15:33","2026-01-13 22:15:33",NULL
3655,141108,0,"2026-01-13 22:15:33","2026-01-13 22:15:33",NULL
3656,141108,0,"2026-01-13 22:15:33","2026-01-13 22:15:33",NULL
3657,141121,0,"2026-01-13 22:15:33","2026-01-13 22:15:33",NULL
3658,141121,0,"2026-01-13 22:15:33","2026-01-13 22:15:33",NULL
3659,141122,0,"2026-01-13 22:15:33","2026-01-13 22:15:33",NULL
3660,141122,0,"2026-01-13 22:15:33","2026-01-13 22:15:33",NULL
3661,141122,0,"2026-01-13 22:15:33","2026-01-13 22:15:33",NULL
3662,141123,0,"2026-01-13 22:15:33","2026-01-13 22:15:33",NULL
3663,141123,0,"2026-01-13 22:15:33","2026-01-13 22:15:33",NULL
3664,141125,0,"2026-01-13 22:15:33","2026-01-13 22:15:33",NULL
3665,141125,0,"2026-01-13 22:15:33","2026-01-13 22:15:33",NULL
3666,141125,0,"2026-01-13 22:15:33","2026-01-13 22:15:33",NULL
3667,141125,0,"2026-01-13 22:15:33","2026-01-13 22:15:33",NULL
3668,141126,0,"2026-01-13 22:15:33","2026-01-13 22:15:33",NULL
3669,141126,0,"2026-01-13 22:15:33","2026-01-13 22:15:33",NULL
3670,141126,0,"2026-01-13 22:15:33","2026-01-13 22:15:33",NULL
3671,141127,0,"2026-01-13 22:15:33","2026-01-13 22:15:33",NULL
3672,141113,0,"2026-01-13 22:15:33","2026-01-13 22:15:33",NULL
3673,141113,0,"2026-01-13 22:15:33","2026-01-13 22:15:33",NULL
3674,141114,0,"2026-01-13 22:15:33","2026-01-13 22:15:33",NULL
3675,141114,0,"2026-01-13 22:15:33","2026-01-13 22:15:33",NULL
3676,141114,0,"2026-01-13 22:15:33","2026-01-13 22:15:33",NULL
3677,141114,0,"2026-01-13 22:15:33","2026-01-13 22:15:33",NULL
3678,141114,0,"2026-01-13 22:15:33","2026-01-13 22:15:33",NULL
3679,141114,0,"2026-01-13 22:15:33","2026-01-13 22:15:33",NULL
3680,141114,0,"2026-01-13 22:15:33","2026-01-13 22:15:33",NULL
3681,141114,0,"2026-01-13 22:15:33","2026-01-13 22:15:33",NULL
3682,141114,0,"2026-01-13 22:15:33","2026-01-13 22:15:33",NULL
3683,141114,0,"2026-01-13 22:15:33","2026-01-13 22:15:33",NULL
3684,141114,0,"2026-01-13 22:15:33","2026-01-13 22:15:33",NULL
3685,141114,0,"2026-01-13 22:15:33","2026-01-13 22:15:33",NULL
3686,141114,0,"2026-01-13 22:15:33","2026-01-13 22:15:33",NULL
3687,141114,0,"2026-01-13 22:15:33","2026-01-13 22:15:33",NULL
3688,141114,0,"2026-01-13 22:15:33","2026-01-13 22:15:33",NULL
3689,141114,0,"2026-01-13 22:15:33","2026-01-13 22:15:33",NULL
3690,141114,0,"2026-01-13 22:15:33","2026-01-13 22:15:33",NULL
3691,141114,0,"2026-01-13 22:15:33","2026-01-13 22:15:33",NULL
3692,141114,0,"2026-01-13 22:15:33","2026-01-13 22:15:33",NULL
3693,141114,0,"2026-01-13 22:15:33","2026-01-13 22:15:33",NULL
3694,141114,0,"2026-01-13 22:15:33","2026-01-13 22:15:33",NULL
3695,141115,0,"2026-01-13 22:15:33","2026-01-13 22:15:33",NULL
3696,141115,0,"2026-01-13 22:15:33","2026-01-13 22:15:33",NULL
3697,141115,0,"2026-01-13 22:15:33","2026-01-13 22:15:33",NULL
3698,141115,0,"2026-01-13 22:15:33","2026-01-13 22:15:33",NULL
3699,141115,0,"2026-01-13 22:15:33","2026-01-13 22:15:33",NULL
3700,141115,0,"2026-01-13 22:15:33","2026-01-13 22:15:33",NULL
3701,141116,0,"2026-01-13 22:15:33","2026-01-13 22:15:33",NULL
3702,141116,0,"2026-01-13 22:15:33","2026-01-13 22:15:33",NULL
3703,141116,0,"2026-01-13 22:15:33","2026-01-13 22:15:33",NULL
3704,141116,0,"2026-01-13 22:15:33","2026-01-13 22:15:33",NULL
3705,141116,0,"2026-01-13 22:15:33","2026-01-13 22:15:33",NULL
3706,141116,0,"2026-01-13 22:15:33","2026-01-13 22:15:33",NULL
3707,141117,0,"2026-01-13 22:15:33","2026-01-13 22:15:33",NULL
3708,141117,0,"2026-01-13 22:15:33","2026-01-13 22:15:33",NULL
3709,141117,0,"2026-01-13 22:15:33","2026-01-13 22:15:33",NULL
3710,141117,0,"2026-01-13 22:15:33","2026-01-13 22:15:33",NULL
3711,141117,0,"2026-01-13 22:15:33","2026-01-13 22:15:33",NULL
3712,141117,0,"2026-01-13 22:15:33","2026-01-13 22:15:33",NULL
3713,141117,0,"2026-01-13 22:15:33","2026-01-13 22:15:33",NULL
3714,141117,0,"2026-01-13 22:15:33","2026-01-13 22:15:33",NULL
3715,141118,0,"2026-01-13 22:15:33","2026-01-13 22:15:33",NULL
3716,141118,0,"2026-01-13 22:15:33","2026-01-13 22:15:33",NULL
3717,141118,0,"2026-01-13 22:15:33","2026-01-13 22:15:33",NULL
3718,141118,0,"2026-01-13 22:15:33","2026-01-13 22:15:33",NULL
3719,141118,0,"2026-01-13 22:15:33","2026-01-13 22:15:33",NULL
3720,141119,0,"2026-01-13 22:15:33","2026-01-13 22:15:33",NULL
3721,141119,0,"2026-01-13 22:15:33","2026-01-13 22:15:33",NULL
3722,141119,0,"2026-01-13 22:15:33","2026-01-13 22:15:33",NULL
3723,141119,0,"2026-01-13 22:15:33","2026-01-13 22:15:33",NULL
3724,141119,0,"2026-01-13 22:15:33","2026-01-13 22:15:33",NULL
3725,141119,0,"2026-01-13 22:15:33","2026-01-13 22:15:33",NULL
3726,141119,0,"2026-01-13 22:15:33","2026-01-13 22:15:33",NULL
3727,141120,0,"2026-01-13 22:15:33","2026-01-13 22:15:33",NULL
3728,141120,0,"2026-01-13 22:15:33","2026-01-13 22:15:33",NULL
3729,141120,0,"2026-01-13 22:15:33","2026-01-13 22:15:33",NULL
3730,141120,0,"2026-01-13 22:15:33","2026-01-13 22:15:33",NULL
3731,141120,0,"2026-01-13 22:15:33","2026-01-13 22:15:33",NULL
3732,141120,0,"2026-01-13 22:15:33","2026-01-13 22:15:33",NULL
3733,141121,0,"2026-01-13 22:15:33","2026-01-13 22:15:33",NULL
3734,141121,0,"2026-01-13 22:15:33","2026-01-13 22:15:33",NULL
3735,141127,0,"2026-01-13 22:15:33","2026-01-13 22:15:33",NULL
3736,141127,0,"2026-01-13 22:15:33","2026-01-13 22:15:33",NULL
3737,141127,0,"2026-01-13 22:15:33","2026-01-13 22:15:33",NULL
3738,141201,0,"2026-01-13 22:15:33","2026-01-13 22:15:33",NULL
3739,141202,0,"2026-01-13 22:15:33","2026-01-13 22:15:33",NULL
3740,141202,0,"2026-01-13 22:15:33","2026-01-13 22:15:33",NULL
3741,141202,0,"2026-01-13 22:15:33","2026-01-13 22:15:33",NULL
3742,141202,0,"2026-01-13 22:15:33","2026-01-13 22:15:33",NULL
3743,141203,0,"2026-01-13 22:15:33","2026-01-13 22:15:33",NULL
3744,141203,0,"2026-01-13 22:15:33","2026-01-13 22:15:33",NULL
3745,141203,0,"2026-01-13 22:15:33","2026-01-13 22:15:33",NULL
3746,141203,0,"2026-01-13 22:15:33","2026-01-13 22:15:33",NULL
3747,141203,0,"2026-01-13 22:15:33","2026-01-13 22:15:33",NULL
3748,141204,0,"2026-01-13 22:15:33","2026-01-13 22:15:33",NULL
3749,141204,0,"2026-01-13 22:15:33","2026-01-13 22:15:33",NULL
3750,141204,0,"2026-01-13 22:15:33","2026-01-13 22:15:33",NULL
3751,141204,0,"2026-01-13 22:15:33","2026-01-13 22:15:33",NULL
3752,141204,0,"2026-01-13 22:15:33","2026-01-13 22:15:33",NULL
3753,141204,0,"2026-01-13 22:15:33","2026-01-13 22:15:33",NULL
3754,141205,0,"2026-01-13 22:15:33","2026-01-13 22:15:33",NULL
3755,141205,0,"2026-01-13 22:15:33","2026-01-13 22:15:33",NULL
3756,141205,0,"2026-01-13 22:15:33","2026-01-13 22:15:33",NULL
3757,141205,0,"2026-01-13 22:15:33","2026-01-13 22:15:33",NULL
3758,141205,0,"2026-01-13 22:15:33","2026-01-13 22:15:33",NULL
3759,141205,0,"2026-01-13 22:15:33","2026-01-13 22:15:33",NULL
3760,141205,0,"2026-01-13 22:15:33","2026-01-13 22:15:33",NULL
3761,141206,0,"2026-01-13 22:15:33","2026-01-13 22:15:33",NULL
3762,141206,0,"2026-01-13 22:15:33","2026-01-13 22:15:33",NULL
3763,141206,0,"2026-01-13 22:15:33","2026-01-13 22:15:33",NULL
3764,141206,0,"2026-01-13 22:15:33","2026-01-13 22:15:33",NULL
3765,141206,0,"2026-01-13 22:15:33","2026-01-13 22:15:33",NULL
3766,142036,0,"2026-01-13 22:15:33","2026-01-13 22:15:33",NULL
3767,141206,0,"2026-01-13 22:15:33","2026-01-13 22:15:33",NULL
3768,141401,0,"2026-01-13 22:15:33","2026-01-13 22:15:33",NULL
3769,141401,0,"2026-01-13 22:15:33","2026-01-13 22:15:33",NULL
3770,141401,0,"2026-01-13 22:15:33","2026-01-13 22:15:33",NULL
3771,141411,0,"2026-01-13 22:15:33","2026-01-13 22:15:33",NULL
3772,141411,0,"2026-01-13 22:15:33","2026-01-13 22:15:33",NULL
3773,141411,0,"2026-01-13 22:15:33","2026-01-13 22:15:33",NULL
3774,141411,0,"2026-01-13 22:15:33","2026-01-13 22:15:33",NULL
3775,141411,0,"2026-01-13 22:15:33","2026-01-13 22:15:33",NULL
3776,141411,0,"2026-01-13 22:15:33","2026-01-13 22:15:33",NULL
3777,141411,0,"2026-01-13 22:15:33","2026-01-13 22:15:33",NULL
3778,141411,0,"2026-01-13 22:15:33","2026-01-13 22:15:33",NULL
3779,141411,0,"2026-01-13 22:15:33","2026-01-13 22:15:33",NULL
3780,141411,0,"2026-01-13 22:15:33","2026-01-13 22:15:33",NULL
3781,141412,0,"2026-01-13 22:15:33","2026-01-13 22:15:33",NULL
3782,141412,0,"2026-01-13 22:15:33","2026-01-13 22:15:33",NULL
3783,141412,0,"2026-01-13 22:15:33","2026-01-13 22:15:33",NULL
3784,141412,0,"2026-01-13 22:15:33","2026-01-13 22:15:33",NULL
3785,141412,0,"2026-01-13 22:15:33","2026-01-13 22:15:33",NULL
3786,141412,0,"2026-01-13 22:15:33","2026-01-13 22:15:33",NULL
3787,141412,0,"2026-01-13 22:15:33","2026-01-13 22:15:33",NULL
3788,141412,0,"2026-01-13 22:15:33","2026-01-13 22:15:33",NULL
3789,141412,0,"2026-01-13 22:15:33","2026-01-13 22:15:33",NULL
3790,141412,0,"2026-01-13 22:15:33","2026-01-13 22:15:33",NULL
3791,141413,0,"2026-01-13 22:15:33","2026-01-13 22:15:33",NULL
3792,141413,0,"2026-01-13 22:15:33","2026-01-13 22:15:33",NULL
3793,141413,0,"2026-01-13 22:15:33","2026-01-13 22:15:33",NULL
3794,141414,0,"2026-01-13 22:15:33","2026-01-13 22:15:33",NULL
3795,141414,0,"2026-01-13 22:15:33","2026-01-13 22:15:33",NULL
3796,141414,0,"2026-01-13 22:15:33","2026-01-13 22:15:33",NULL
3797,141414,0,"2026-01-13 22:15:33","2026-01-13 22:15:33",NULL
3798,141414,0,"2026-01-13 22:15:33","2026-01-13 22:15:33",NULL
3799,141414,0,"2026-01-13 22:15:33","2026-01-13 22:15:33",NULL
3800,141414,0,"2026-01-13 22:15:33","2026-01-13 22:15:33",NULL
3801,141414,0,"2026-01-13 22:15:33","2026-01-13 22:15:33",NULL
3802,141414,0,"2026-01-13 22:15:33","2026-01-13 22:15:33",NULL
3803,141415,0,"2026-01-13 22:15:33","2026-01-13 22:15:33",NULL
3804,141415,0,"2026-01-13 22:15:33","2026-01-13 22:15:33",NULL
3805,141415,0,"2026-01-13 22:15:33","2026-01-13 22:15:33",NULL
3806,141415,0,"2026-01-13 22:15:33","2026-01-13 22:15:33",NULL
3807,141415,0,"2026-01-13 22:15:33","2026-01-13 22:15:33",NULL
3808,141416,0,"2026-01-13 22:15:33","2026-01-13 22:15:33",NULL
3809,141416,0,"2026-01-13 22:15:33","2026-01-13 22:15:33",NULL
3810,141416,0,"2026-01-13 22:15:33","2026-01-13 22:15:33",NULL
3811,141416,0,"2026-01-13 22:15:33","2026-01-13 22:15:33",NULL
3812,141417,0,"2026-01-13 22:15:33","2026-01-13 22:15:33",NULL
3813,141417,0,"2026-01-13 22:15:33","2026-01-13 22:15:33",NULL
3814,141417,0,"2026-01-13 22:15:33","2026-01-13 22:15:33",NULL
3815,141417,0,"2026-01-13 22:15:33","2026-01-13 22:15:33",NULL
3816,141417,0,"2026-01-13 22:15:33","2026-01-13 22:15:33",NULL
3817,141417,0,"2026-01-13 22:15:33","2026-01-13 22:15:33",NULL
3818,141417,0,"2026-01-13 22:15:33","2026-01-13 22:15:33",NULL
3819,141417,0,"2026-01-13 22:15:33","2026-01-13 22:15:33",NULL
3820,141417,0,"2026-01-13 22:15:33","2026-01-13 22:15:33",NULL
3821,141417,0,"2026-01-13 22:15:33","2026-01-13 22:15:33",NULL
3822,141418,0,"2026-01-13 22:15:33","2026-01-13 22:15:33",NULL
3823,141418,0,"2026-01-13 22:15:33","2026-01-13 22:15:33",NULL
3824,141418,0,"2026-01-13 22:15:33","2026-01-13 22:15:33",NULL
3825,141418,0,"2026-01-13 22:15:33","2026-01-13 22:15:33",NULL
3826,141419,0,"2026-01-13 22:15:33","2026-01-13 22:15:33",NULL
3827,141419,0,"2026-01-13 22:15:33","2026-01-13 22:15:33",NULL
3828,141419,0,"2026-01-13 22:15:33","2026-01-13 22:15:33",NULL
3829,141421,0,"2026-01-13 22:15:33","2026-01-13 22:15:33",NULL
3830,141421,0,"2026-01-13 22:15:33","2026-01-13 22:15:33",NULL
3831,141421,0,"2026-01-13 22:15:33","2026-01-13 22:15:33",NULL
3832,141421,0,"2026-01-13 22:15:33","2026-01-13 22:15:33",NULL
3833,141421,0,"2026-01-13 22:15:33","2026-01-13 22:15:33",NULL
3834,141421,0,"2026-01-13 22:15:33","2026-01-13 22:15:33",NULL
3835,141421,0,"2026-01-13 22:15:33","2026-01-13 22:15:33",NULL
3836,141421,0,"2026-01-13 22:15:33","2026-01-13 22:15:33",NULL
3837,141421,0,"2026-01-13 22:15:33","2026-01-13 22:15:33",NULL
3838,141421,0,"2026-01-13 22:15:33","2026-01-13 22:15:33",NULL
3839,141422,0,"2026-01-13 22:15:33","2026-01-13 22:15:33",NULL
3840,141422,0,"2026-01-13 22:15:33","2026-01-13 22:15:33",NULL
3841,141422,0,"2026-01-13 22:15:33","2026-01-13 22:15:33",NULL
3842,141801,0,"2026-01-13 22:15:33","2026-01-13 22:15:33",NULL
3843,141801,0,"2026-01-13 22:15:33","2026-01-13 22:15:33",NULL
3844,141801,0,"2026-01-13 22:15:33","2026-01-13 22:15:33",NULL
3845,141801,0,"2026-01-13 22:15:33","2026-01-13 22:15:33",NULL
3846,141801,0,"2026-01-13 22:15:33","2026-01-13 22:15:33",NULL
3847,141801,0,"2026-01-13 22:15:33","2026-01-13 22:15:33",NULL
3848,141801,0,"2026-01-13 22:15:33","2026-01-13 22:15:33",NULL
3849,141801,0,"2026-01-13 22:15:34","2026-01-13 22:15:34",NULL
3850,142001,0,"2026-01-13 22:15:34","2026-01-13 22:15:34",NULL
3851,142001,0,"2026-01-13 22:15:34","2026-01-13 22:15:34",NULL
3852,142001,0,"2026-01-13 22:15:34","2026-01-13 22:15:34",NULL
3853,142002,0,"2026-01-13 22:15:34","2026-01-13 22:15:34",NULL
3854,142002,0,"2026-01-13 22:15:34","2026-01-13 22:15:34",NULL
3855,142002,0,"2026-01-13 22:15:34","2026-01-13 22:15:34",NULL
3856,142002,0,"2026-01-13 22:15:34","2026-01-13 22:15:34",NULL
3857,142002,0,"2026-01-13 22:15:34","2026-01-13 22:15:34",NULL
3858,142002,0,"2026-01-13 22:15:34","2026-01-13 22:15:34",NULL
3859,142002,0,"2026-01-13 22:15:34","2026-01-13 22:15:34",NULL
3860,142003,0,"2026-01-13 22:15:34","2026-01-13 22:15:34",NULL
3861,142003,0,"2026-01-13 22:15:34","2026-01-13 22:15:34",NULL
3862,142003,0,"2026-01-13 22:15:34","2026-01-13 22:15:34",NULL
3863,142003,0,"2026-01-13 22:15:34","2026-01-13 22:15:34",NULL
3864,142003,0,"2026-01-13 22:15:34","2026-01-13 22:15:34",NULL
3865,142011,0,"2026-01-13 22:15:34","2026-01-13 22:15:34",NULL
3866,142011,0,"2026-01-13 22:15:34","2026-01-13 22:15:34",NULL
3867,142011,0,"2026-01-13 22:15:34","2026-01-13 22:15:34",NULL
3868,142011,0,"2026-01-13 22:15:34","2026-01-13 22:15:34",NULL
3869,142011,0,"2026-01-13 22:15:34","2026-01-13 22:15:34",NULL
3870,142011,0,"2026-01-13 22:15:34","2026-01-13 22:15:34",NULL
3871,142021,0,"2026-01-13 22:15:34","2026-01-13 22:15:34",NULL
3872,142021,0,"2026-01-13 22:15:34","2026-01-13 22:15:34",NULL
3873,142021,0,"2026-01-13 22:15:34","2026-01-13 22:15:34",NULL
3874,142021,0,"2026-01-13 22:15:34","2026-01-13 22:15:34",NULL
3875,142021,0,"2026-01-13 22:15:34","2026-01-13 22:15:34",NULL
3876,142022,0,"2026-01-13 22:15:34","2026-01-13 22:15:34",NULL
3877,142022,0,"2026-01-13 22:15:34","2026-01-13 22:15:34",NULL
3878,142022,0,"2026-01-13 22:15:34","2026-01-13 22:15:34",NULL
3879,142022,0,"2026-01-13 22:15:34","2026-01-13 22:15:34",NULL
3880,142025,0,"2026-01-13 22:15:34","2026-01-13 22:15:34",NULL
3881,142025,0,"2026-01-13 22:15:34","2026-01-13 22:15:34",NULL
3882,142025,0,"2026-01-13 22:15:34","2026-01-13 22:15:34",NULL
3883,142025,0,"2026-01-13 22:15:34","2026-01-13 22:15:34",NULL
3884,142025,0,"2026-01-13 22:15:34","2026-01-13 22:15:34",NULL
3885,142025,0,"2026-01-13 22:15:34","2026-01-13 22:15:34",NULL
3886,142026,0,"2026-01-13 22:15:34","2026-01-13 22:15:34",NULL
3887,142026,0,"2026-01-13 22:15:34","2026-01-13 22:15:34",NULL
3888,142026,0,"2026-01-13 22:15:34","2026-01-13 22:15:34",NULL
3889,142026,0,"2026-01-13 22:15:34","2026-01-13 22:15:34",NULL
3890,142027,0,"2026-01-13 22:15:34","2026-01-13 22:15:34",NULL
3891,142027,0,"2026-01-13 22:15:34","2026-01-13 22:15:34",NULL
3892,142029,0,"2026-01-13 22:15:34","2026-01-13 22:15:34",NULL
3893,142029,0,"2026-01-13 22:15:34","2026-01-13 22:15:34",NULL
3894,142029,0,"2026-01-13 22:15:34","2026-01-13 22:15:34",NULL
3895,142029,0,"2026-01-13 22:15:34","2026-01-13 22:15:34",NULL
3896,142030,0,"2026-01-13 22:15:34","2026-01-13 22:15:34",NULL
3897,142030,0,"2026-01-13 22:15:34","2026-01-13 22:15:34",NULL
3898,142030,0,"2026-01-13 22:15:34","2026-01-13 22:15:34",NULL
3899,142030,0,"2026-01-13 22:15:34","2026-01-13 22:15:34",NULL
3900,142030,0,"2026-01-13 22:15:34","2026-01-13 22:15:34",NULL
3901,142030,0,"2026-01-13 22:15:34","2026-01-13 22:15:34",NULL
3902,142030,0,"2026-01-13 22:15:34","2026-01-13 22:15:34",NULL
3903,142030,0,"2026-01-13 22:15:34","2026-01-13 22:15:34",NULL
3904,142031,0,"2026-01-13 22:15:34","2026-01-13 22:15:34",NULL
3905,142031,0,"2026-01-13 22:15:34","2026-01-13 22:15:34",NULL
3906,142032,0,"2026-01-13 22:15:34","2026-01-13 22:15:34",NULL
3907,142032,0,"2026-01-13 22:15:34","2026-01-13 22:15:34",NULL
3908,142032,0,"2026-01-13 22:15:34","2026-01-13 22:15:34",NULL
3909,142032,0,"2026-01-13 22:15:34","2026-01-13 22:15:34",NULL
3910,142032,0,"2026-01-13 22:15:34","2026-01-13 22:15:34",NULL
3911,142033,0,"2026-01-13 22:15:34","2026-01-13 22:15:34",NULL
3912,142033,0,"2026-01-13 22:15:34","2026-01-13 22:15:34",NULL
3913,142033,0,"2026-01-13 22:15:34","2026-01-13 22:15:34",NULL
3914,142033,0,"2026-01-13 22:15:34","2026-01-13 22:15:34",NULL
3915,142033,0,"2026-01-13 22:15:34","2026-01-13 22:15:34",NULL
3916,142033,0,"2026-01-13 22:15:34","2026-01-13 22:15:34",NULL
3917,142033,0,"2026-01-13 22:15:34","2026-01-13 22:15:34",NULL
3918,142033,0,"2026-01-13 22:15:34","2026-01-13 22:15:34",NULL
3919,142033,0,"2026-01-13 22:15:34","2026-01-13 22:15:34",NULL
3920,142033,0,"2026-01-13 22:15:34","2026-01-13 22:15:34",NULL
3921,142033,0,"2026-01-13 22:15:34","2026-01-13 22:15:34",NULL
3922,142033,0,"2026-01-13 22:15:34","2026-01-13 22:15:34",NULL
3923,142033,0,"2026-01-13 22:15:34","2026-01-13 22:15:34",NULL
3924,142033,0,"2026-01-13 22:15:34","2026-01-13 22:15:34",NULL
3925,142034,0,"2026-01-13 22:15:34","2026-01-13 22:15:34",NULL
3926,142034,0,"2026-01-13 22:15:34","2026-01-13 22:15:34",NULL
3927,142034,0,"2026-01-13 22:15:34","2026-01-13 22:15:34",NULL
3928,142034,0,"2026-01-13 22:15:34","2026-01-13 22:15:34",NULL
3929,142034,0,"2026-01-13 22:15:34","2026-01-13 22:15:34",NULL
3930,142035,0,"2026-01-13 22:15:34","2026-01-13 22:15:34",NULL
3931,142035,0,"2026-01-13 22:15:34","2026-01-13 22:15:34",NULL
3932,142035,0,"2026-01-13 22:15:34","2026-01-13 22:15:34",NULL
3933,142035,0,"2026-01-13 22:15:34","2026-01-13 22:15:34",NULL
3934,142035,0,"2026-01-13 22:15:34","2026-01-13 22:15:34",NULL
3935,142035,0,"2026-01-13 22:15:34","2026-01-13 22:15:34",NULL
3936,142036,0,"2026-01-13 22:15:34","2026-01-13 22:15:34",NULL
3937,142052,0,"2026-01-13 22:15:34","2026-01-13 22:15:34",NULL
3938,142036,0,"2026-01-13 22:15:34","2026-01-13 22:15:34",NULL
3939,142036,0,"2026-01-13 22:15:34","2026-01-13 22:15:34",NULL
3940,142036,0,"2026-01-13 22:15:34","2026-01-13 22:15:34",NULL
3941,142022,0,"2026-01-13 22:15:34","2026-01-13 22:15:34",NULL
3942,142022,0,"2026-01-13 22:15:34","2026-01-13 22:15:34",NULL
3943,142023,0,"2026-01-13 22:15:34","2026-01-13 22:15:34",NULL
3944,142023,0,"2026-01-13 22:15:34","2026-01-13 22:15:34",NULL
3945,142023,0,"2026-01-13 22:15:34","2026-01-13 22:15:34",NULL
3946,142023,0,"2026-01-13 22:15:34","2026-01-13 22:15:34",NULL
3947,142023,0,"2026-01-13 22:15:34","2026-01-13 22:15:34",NULL
3948,142023,0,"2026-01-13 22:15:34","2026-01-13 22:15:34",NULL
3949,142023,0,"2026-01-13 22:15:34","2026-01-13 22:15:34",NULL
3950,142023,0,"2026-01-13 22:15:34","2026-01-13 22:15:34",NULL
3951,142023,0,"2026-01-13 22:15:34","2026-01-13 22:15:34",NULL
3952,142024,0,"2026-01-13 22:15:34","2026-01-13 22:15:34",NULL
3953,142024,0,"2026-01-13 22:15:34","2026-01-13 22:15:34",NULL
3954,142024,0,"2026-01-13 22:15:34","2026-01-13 22:15:34",NULL
3955,142024,0,"2026-01-13 22:15:34","2026-01-13 22:15:34",NULL
3956,142024,0,"2026-01-13 22:15:34","2026-01-13 22:15:34",NULL
3957,142024,0,"2026-01-13 22:15:34","2026-01-13 22:15:34",NULL
3958,142024,0,"2026-01-13 22:15:34","2026-01-13 22:15:34",NULL
3959,142024,0,"2026-01-13 22:15:34","2026-01-13 22:15:34",NULL
3960,142024,0,"2026-01-13 22:15:34","2026-01-13 22:15:34",NULL
3961,142024,0,"2026-01-13 22:15:34","2026-01-13 22:15:34",NULL
3962,142025,0,"2026-01-13 22:15:34","2026-01-13 22:15:34",NULL
3963,142039,0,"2026-01-13 22:15:34","2026-01-13 22:15:34",NULL
3964,142039,0,"2026-01-13 22:15:34","2026-01-13 22:15:34",NULL
3965,142040,0,"2026-01-13 22:15:34","2026-01-13 22:15:34",NULL
3966,142040,0,"2026-01-13 22:15:34","2026-01-13 22:15:34",NULL
3967,142040,0,"2026-01-13 22:15:34","2026-01-13 22:15:34",NULL
3968,142040,0,"2026-01-13 22:15:34","2026-01-13 22:15:34",NULL
3969,142040,0,"2026-01-13 22:15:34","2026-01-13 22:15:34",NULL
3970,142041,0,"2026-01-13 22:15:34","2026-01-13 22:15:34",NULL
3971,142041,0,"2026-01-13 22:15:34","2026-01-13 22:15:34",NULL
3972,142041,0,"2026-01-13 22:15:34","2026-01-13 22:15:34",NULL
3973,142041,0,"2026-01-13 22:15:34","2026-01-13 22:15:34",NULL
3974,142042,0,"2026-01-13 22:15:34","2026-01-13 22:15:34",NULL
3975,142042,0,"2026-01-13 22:15:34","2026-01-13 22:15:34",NULL
3976,142042,0,"2026-01-13 22:15:34","2026-01-13 22:15:34",NULL
3977,142042,0,"2026-01-13 22:15:34","2026-01-13 22:15:34",NULL
3978,142042,0,"2026-01-13 22:15:34","2026-01-13 22:15:34",NULL
3979,142042,0,"2026-01-13 22:15:34","2026-01-13 22:15:34",NULL
3980,142042,0,"2026-01-13 22:15:34","2026-01-13 22:15:34",NULL
3981,142042,0,"2026-01-13 22:15:34","2026-01-13 22:15:34",NULL
3982,142042,0,"2026-01-13 22:15:34","2026-01-13 22:15:34",NULL
3983,142042,0,"2026-01-13 22:15:34","2026-01-13 22:15:34",NULL
3984,142042,0,"2026-01-13 22:15:34","2026-01-13 22:15:34",NULL
3985,142042,0,"2026-01-13 22:15:34","2026-01-13 22:15:34",NULL
3986,142042,0,"2026-01-13 22:15:34","2026-01-13 22:15:34",NULL
3987,142043,0,"2026-01-13 22:15:34","2026-01-13 22:15:34",NULL
3988,142043,0,"2026-01-13 22:15:34","2026-01-13 22:15:34",NULL
3989,142043,0,"2026-01-13 22:15:34","2026-01-13 22:15:34",NULL
3990,142043,0,"2026-01-13 22:15:34","2026-01-13 22:15:34",NULL
3991,142043,0,"2026-01-13 22:15:34","2026-01-13 22:15:34",NULL
3992,142043,0,"2026-01-13 22:15:34","2026-01-13 22:15:34",NULL
3993,142043,0,"2026-01-13 22:15:34","2026-01-13 22:15:34",NULL
3994,142043,0,"2026-01-13 22:15:34","2026-01-13 22:15:34",NULL
3995,142043,0,"2026-01-13 22:15:34","2026-01-13 22:15:34",NULL
3996,142043,0,"2026-01-13 22:15:34","2026-01-13 22:15:34",NULL
3997,142043,0,"2026-01-13 22:15:34","2026-01-13 22:15:34",NULL
3998,142037,0,"2026-01-13 22:15:34","2026-01-13 22:15:34",NULL
3999,142037,0,"2026-01-13 22:15:34","2026-01-13 22:15:34",NULL
4000,142037,0,"2026-01-13 22:15:34","2026-01-13 22:15:34",NULL
4001,142037,0,"2026-01-13 22:15:34","2026-01-13 22:15:34",NULL
4002,142037,0,"2026-01-13 22:15:34","2026-01-13 22:15:34",NULL
4003,142037,0,"2026-01-13 22:15:34","2026-01-13 22:15:34",NULL
4004,142038,0,"2026-01-13 22:15:34","2026-01-13 22:15:34",NULL
4005,142038,0,"2026-01-13 22:15:34","2026-01-13 22:15:34",NULL
4006,142038,0,"2026-01-13 22:15:34","2026-01-13 22:15:34",NULL
4007,142038,0,"2026-01-13 22:15:34","2026-01-13 22:15:34",NULL
4008,142038,0,"2026-01-13 22:15:34","2026-01-13 22:15:34",NULL
4009,142038,0,"2026-01-13 22:15:34","2026-01-13 22:15:34",NULL
4010,142038,0,"2026-01-13 22:15:34","2026-01-13 22:15:34",NULL
4011,142038,0,"2026-01-13 22:15:34","2026-01-13 22:15:34",NULL
4012,142038,0,"2026-01-13 22:15:34","2026-01-13 22:15:34",NULL
4013,142038,0,"2026-01-13 22:15:34","2026-01-13 22:15:34",NULL
4014,142038,0,"2026-01-13 22:15:34","2026-01-13 22:15:34",NULL
4015,142038,0,"2026-01-13 22:15:34","2026-01-13 22:15:34",NULL
4016,142038,0,"2026-01-13 22:15:34","2026-01-13 22:15:34",NULL
4017,142038,0,"2026-01-13 22:15:34","2026-01-13 22:15:34",NULL
4018,142038,0,"2026-01-13 22:15:34","2026-01-13 22:15:34",NULL
4019,142038,0,"2026-01-13 22:15:34","2026-01-13 22:15:34",NULL
4020,142038,0,"2026-01-13 22:15:34","2026-01-13 22:15:34",NULL
4021,142039,0,"2026-01-13 22:15:34","2026-01-13 22:15:34",NULL
4022,142039,0,"2026-01-13 22:15:34","2026-01-13 22:15:34",NULL
4023,142039,0,"2026-01-13 22:15:34","2026-01-13 22:15:34",NULL
4024,142039,0,"2026-01-13 22:15:34","2026-01-13 22:15:34",NULL
4025,142039,0,"2026-01-13 22:15:34","2026-01-13 22:15:34",NULL
4026,142039,0,"2026-01-13 22:15:34","2026-01-13 22:15:34",NULL
4027,142039,0,"2026-01-13 22:15:34","2026-01-13 22:15:34",NULL
4028,142039,0,"2026-01-13 22:15:34","2026-01-13 22:15:34",NULL
4029,142049,0,"2026-01-13 22:15:34","2026-01-13 22:15:34",NULL
4030,142049,0,"2026-01-13 22:15:34","2026-01-13 22:15:34",NULL
4031,142049,0,"2026-01-13 22:15:34","2026-01-13 22:15:34",NULL
4032,142050,0,"2026-01-13 22:15:34","2026-01-13 22:15:34",NULL
4033,142050,0,"2026-01-13 22:15:34","2026-01-13 22:15:34",NULL
4034,142050,0,"2026-01-13 22:15:34","2026-01-13 22:15:34",NULL
4035,142050,0,"2026-01-13 22:15:34","2026-01-13 22:15:34",NULL
4036,142050,0,"2026-01-13 22:15:34","2026-01-13 22:15:34",NULL
4037,142050,0,"2026-01-13 22:15:34","2026-01-13 22:15:34",NULL
4038,142050,0,"2026-01-13 22:15:34","2026-01-13 22:15:34",NULL
4039,142050,0,"2026-01-13 22:15:34","2026-01-13 22:15:34",NULL
4040,142050,0,"2026-01-13 22:15:34","2026-01-13 22:15:34",NULL
4041,142050,0,"2026-01-13 22:15:34","2026-01-13 22:15:34",NULL
4042,142050,0,"2026-01-13 22:15:34","2026-01-13 22:15:34",NULL
4043,142052,0,"2026-01-13 22:15:34","2026-01-13 22:15:34",NULL
4044,142052,0,"2026-01-13 22:15:34","2026-01-13 22:15:34",NULL
4045,142052,0,"2026-01-13 22:15:34","2026-01-13 22:15:34",NULL
4046,142052,0,"2026-01-13 22:15:34","2026-01-13 22:15:34",NULL
4047,142052,0,"2026-01-13 22:15:34","2026-01-13 22:15:34",NULL
4048,142043,0,"2026-01-13 22:15:34","2026-01-13 22:15:34",NULL
4049,142044,0,"2026-01-13 22:15:34","2026-01-13 22:15:34",NULL
4050,142044,0,"2026-01-13 22:15:34","2026-01-13 22:15:34",NULL
4051,142044,0,"2026-01-13 22:15:34","2026-01-13 22:15:34",NULL
4052,142044,0,"2026-01-13 22:15:34","2026-01-13 22:15:34",NULL
4053,142044,0,"2026-01-13 22:15:34","2026-01-13 22:15:34",NULL
4054,142044,0,"2026-01-13 22:15:34","2026-01-13 22:15:34",NULL
4055,142044,0,"2026-01-13 22:15:34","2026-01-13 22:15:34",NULL
4056,142045,0,"2026-01-13 22:15:34","2026-01-13 22:15:34",NULL
4057,142045,0,"2026-01-13 22:15:34","2026-01-13 22:15:34",NULL
4058,142045,0,"2026-01-13 22:15:34","2026-01-13 22:15:34",NULL
4059,142046,0,"2026-01-13 22:15:34","2026-01-13 22:15:34",NULL
4060,142046,0,"2026-01-13 22:15:34","2026-01-13 22:15:34",NULL
4061,142046,0,"2026-01-13 22:15:34","2026-01-13 22:15:34",NULL
4062,142046,0,"2026-01-13 22:15:34","2026-01-13 22:15:34",NULL
4063,142046,0,"2026-01-13 22:15:34","2026-01-13 22:15:34",NULL
4064,142047,0,"2026-01-13 22:15:34","2026-01-13 22:15:34",NULL
4065,142047,0,"2026-01-13 22:15:34","2026-01-13 22:15:34",NULL
4066,142047,0,"2026-01-13 22:15:34","2026-01-13 22:15:34",NULL
4067,142047,0,"2026-01-13 22:15:34","2026-01-13 22:15:34",NULL
4068,142047,0,"2026-01-13 22:15:34","2026-01-13 22:15:34",NULL
4069,142047,0,"2026-01-13 22:15:34","2026-01-13 22:15:34",NULL
4070,142047,0,"2026-01-13 22:15:34","2026-01-13 22:15:34",NULL
4071,142047,0,"2026-01-13 22:15:34","2026-01-13 22:15:34",NULL
4072,142047,0,"2026-01-13 22:15:34","2026-01-13 22:15:34",NULL
4073,142047,0,"2026-01-13 22:15:34","2026-01-13 22:15:34",NULL
4074,142047,0,"2026-01-13 22:15:34","2026-01-13 22:15:34",NULL
4075,142047,0,"2026-01-13 22:15:34","2026-01-13 22:15:34",NULL
4076,142047,0,"2026-01-13 22:15:34","2026-01-13 22:15:34",NULL
4077,142047,0,"2026-01-13 22:15:34","2026-01-13 22:15:34",NULL
4078,142048,0,"2026-01-13 22:15:34","2026-01-13 22:15:34",NULL
4079,142048,0,"2026-01-13 22:15:34","2026-01-13 22:15:34",NULL
4080,142048,0,"2026-01-13 22:15:34","2026-01-13 22:15:34",NULL
4081,142048,0,"2026-01-13 22:15:34","2026-01-13 22:15:34",NULL
4082,142048,0,"2026-01-13 22:15:34","2026-01-13 22:15:34",NULL
4083,142048,0,"2026-01-13 22:15:34","2026-01-13 22:15:34",NULL
4084,142048,0,"2026-01-13 22:15:34","2026-01-13 22:15:34",NULL
4085,142048,0,"2026-01-13 22:15:34","2026-01-13 22:15:34",NULL
4086,142048,0,"2026-01-13 22:15:34","2026-01-13 22:15:34",NULL
4087,142048,0,"2026-01-13 22:15:34","2026-01-13 22:15:34",NULL
4088,142048,0,"2026-01-13 22:15:34","2026-01-13 22:15:34",NULL
4089,142048,0,"2026-01-13 22:15:34","2026-01-13 22:15:34",NULL
4090,142048,0,"2026-01-13 22:15:34","2026-01-13 22:15:34",NULL
4091,142048,0,"2026-01-13 22:15:34","2026-01-13 22:15:34",NULL
4092,142048,0,"2026-01-13 22:15:34","2026-01-13 22:15:34",NULL
4093,142048,0,"2026-01-13 22:15:34","2026-01-13 22:15:34",NULL
4094,142048,0,"2026-01-13 22:15:34","2026-01-13 22:15:34",NULL
4095,142048,0,"2026-01-13 22:15:34","2026-01-13 22:15:34",NULL
4096,142048,0,"2026-01-13 22:15:34","2026-01-13 22:15:34",NULL
4097,142048,0,"2026-01-13 22:15:34","2026-01-13 22:15:34",NULL
4098,142048,0,"2026-01-13 22:15:34","2026-01-13 22:15:34",NULL
4099,142049,0,"2026-01-13 22:15:34","2026-01-13 22:15:34",NULL
4100,142049,0,"2026-01-13 22:15:34","2026-01-13 22:15:34",NULL
4101,142049,0,"2026-01-13 22:15:34","2026-01-13 22:15:34",NULL
4102,142049,0,"2026-01-13 22:15:34","2026-01-13 22:15:34",NULL
4103,142049,0,"2026-01-13 22:15:34","2026-01-13 22:15:34",NULL
4104,142049,0,"2026-01-13 22:15:34","2026-01-13 22:15:34",NULL
4105,142052,0,"2026-01-13 22:15:34","2026-01-13 22:15:34",NULL
4106,142052,0,"2026-01-13 22:15:34","2026-01-13 22:15:34",NULL
4107,142052,0,"2026-01-13 22:15:34","2026-01-13 22:15:34",NULL
4108,142052,0,"2026-01-13 22:15:34","2026-01-13 22:15:34",NULL
4109,142052,0,"2026-01-13 22:15:34","2026-01-13 22:15:34",NULL
4110,143102,0,"2026-01-13 22:15:34","2026-01-13 22:15:34",NULL
4111,142052,0,"2026-01-13 22:15:34","2026-01-13 22:15:34",NULL
4112,142052,0,"2026-01-13 22:15:34","2026-01-13 22:15:34",NULL
4113,142052,0,"2026-01-13 22:15:34","2026-01-13 22:15:34",NULL
4114,142052,0,"2026-01-13 22:15:34","2026-01-13 22:15:34",NULL
4115,142053,0,"2026-01-13 22:15:34","2026-01-13 22:15:34",NULL
4116,142053,0,"2026-01-13 22:15:34","2026-01-13 22:15:34",NULL
4117,142053,0,"2026-01-13 22:15:34","2026-01-13 22:15:34",NULL
4118,142053,0,"2026-01-13 22:15:34","2026-01-13 22:15:34",NULL
4119,142053,0,"2026-01-13 22:15:34","2026-01-13 22:15:34",NULL
4120,142053,0,"2026-01-13 22:15:34","2026-01-13 22:15:34",NULL
4121,142053,0,"2026-01-13 22:15:34","2026-01-13 22:15:34",NULL
4122,142053,0,"2026-01-13 22:15:34","2026-01-13 22:15:34",NULL
4123,142053,0,"2026-01-13 22:15:34","2026-01-13 22:15:34",NULL
4124,142053,0,"2026-01-13 22:15:34","2026-01-13 22:15:34",NULL
4125,142054,0,"2026-01-13 22:15:34","2026-01-13 22:15:34",NULL
4126,142054,0,"2026-01-13 22:15:34","2026-01-13 22:15:34",NULL
4127,142054,0,"2026-01-13 22:15:34","2026-01-13 22:15:34",NULL
4128,142054,0,"2026-01-13 22:15:34","2026-01-13 22:15:34",NULL
4129,142054,0,"2026-01-13 22:15:34","2026-01-13 22:15:34",NULL
4130,142054,0,"2026-01-13 22:15:34","2026-01-13 22:15:34",NULL
4131,142055,0,"2026-01-13 22:15:34","2026-01-13 22:15:34",NULL
4132,142055,0,"2026-01-13 22:15:34","2026-01-13 22:15:34",NULL
4133,142055,0,"2026-01-13 22:15:34","2026-01-13 22:15:34",NULL
4134,142055,0,"2026-01-13 22:15:34","2026-01-13 22:15:34",NULL
4135,142055,0,"2026-01-13 22:15:34","2026-01-13 22:15:34",NULL
4136,142055,0,"2026-01-13 22:15:34","2026-01-13 22:15:34",NULL
4137,142055,0,"2026-01-13 22:15:34","2026-01-13 22:15:34",NULL
4138,142056,0,"2026-01-13 22:15:34","2026-01-13 22:15:34",NULL
4139,142056,0,"2026-01-13 22:15:34","2026-01-13 22:15:34",NULL
4140,142056,0,"2026-01-13 22:15:34","2026-01-13 22:15:34",NULL
4141,142056,0,"2026-01-13 22:15:34","2026-01-13 22:15:34",NULL
4142,142057,0,"2026-01-13 22:15:34","2026-01-13 22:15:34",NULL
4143,142057,0,"2026-01-13 22:15:34","2026-01-13 22:15:34",NULL
4144,142057,0,"2026-01-13 22:15:34","2026-01-13 22:15:34",NULL
4145,142057,0,"2026-01-13 22:15:34","2026-01-13 22:15:34",NULL
4146,142057,0,"2026-01-13 22:15:34","2026-01-13 22:15:34",NULL
4147,142057,0,"2026-01-13 22:15:34","2026-01-13 22:15:34",NULL
4148,142057,0,"2026-01-13 22:15:34","2026-01-13 22:15:34",NULL
4149,142058,0,"2026-01-13 22:15:34","2026-01-13 22:15:34",NULL
4150,142058,0,"2026-01-13 22:15:34","2026-01-13 22:15:34",NULL
4151,142058,0,"2026-01-13 22:15:34","2026-01-13 22:15:34",NULL
4152,142058,0,"2026-01-13 22:15:34","2026-01-13 22:15:34",NULL
4153,142060,0,"2026-01-13 22:15:34","2026-01-13 22:15:34",NULL
4154,142060,0,"2026-01-13 22:15:34","2026-01-13 22:15:34",NULL
4155,142060,0,"2026-01-13 22:15:34","2026-01-13 22:15:34",NULL
4156,142060,0,"2026-01-13 22:15:34","2026-01-13 22:15:34",NULL
4157,142060,0,"2026-01-13 22:15:34","2026-01-13 22:15:34",NULL
4158,143001,0,"2026-01-13 22:15:34","2026-01-13 22:15:34",NULL
4159,143001,0,"2026-01-13 22:15:34","2026-01-13 22:15:34",NULL
4160,143001,0,"2026-01-13 22:15:34","2026-01-13 22:15:34",NULL
4161,143001,0,"2026-01-13 22:15:34","2026-01-13 22:15:34",NULL
4162,143001,0,"2026-01-13 22:15:34","2026-01-13 22:15:34",NULL
4163,143001,0,"2026-01-13 22:15:34","2026-01-13 22:15:34",NULL
4164,143001,0,"2026-01-13 22:15:34","2026-01-13 22:15:34",NULL
4165,143001,0,"2026-01-13 22:15:34","2026-01-13 22:15:34",NULL
4166,143001,0,"2026-01-13 22:15:34","2026-01-13 22:15:34",NULL
4167,143001,0,"2026-01-13 22:15:34","2026-01-13 22:15:34",NULL
4168,143001,0,"2026-01-13 22:15:34","2026-01-13 22:15:34",NULL
4169,143001,0,"2026-01-13 22:15:34","2026-01-13 22:15:34",NULL
4170,143002,0,"2026-01-13 22:15:34","2026-01-13 22:15:34",NULL
4171,143002,0,"2026-01-13 22:15:34","2026-01-13 22:15:34",NULL
4172,143003,0,"2026-01-13 22:15:34","2026-01-13 22:15:34",NULL
4173,143005,0,"2026-01-13 22:15:34","2026-01-13 22:15:34",NULL
4174,143006,0,"2026-01-13 22:15:34","2026-01-13 22:15:34",NULL
4175,143006,0,"2026-01-13 22:15:34","2026-01-13 22:15:34",NULL
4176,143006,0,"2026-01-13 22:15:34","2026-01-13 22:15:34",NULL
4177,143006,0,"2026-01-13 22:15:34","2026-01-13 22:15:34",NULL
4178,143006,0,"2026-01-13 22:15:34","2026-01-13 22:15:34",NULL
4179,143006,0,"2026-01-13 22:15:34","2026-01-13 22:15:34",NULL
4180,143006,0,"2026-01-13 22:15:34","2026-01-13 22:15:34",NULL
4181,143006,0,"2026-01-13 22:15:34","2026-01-13 22:15:34",NULL
4182,143006,0,"2026-01-13 22:15:34","2026-01-13 22:15:34",NULL
4183,143006,0,"2026-01-13 22:15:34","2026-01-13 22:15:34",NULL
4184,143006,0,"2026-01-13 22:15:34","2026-01-13 22:15:34",NULL
4185,143006,0,"2026-01-13 22:15:34","2026-01-13 22:15:34",NULL
4186,143006,0,"2026-01-13 22:15:34","2026-01-13 22:15:34",NULL
4187,143006,0,"2026-01-13 22:15:34","2026-01-13 22:15:34",NULL
4188,143008,0,"2026-01-13 22:15:34","2026-01-13 22:15:34",NULL
4189,143008,0,"2026-01-13 22:15:34","2026-01-13 22:15:34",NULL
4190,143008,0,"2026-01-13 22:15:34","2026-01-13 22:15:34",NULL
4191,143008,0,"2026-01-13 22:15:34","2026-01-13 22:15:34",NULL
4192,143008,0,"2026-01-13 22:15:34","2026-01-13 22:15:34",NULL
4193,143008,0,"2026-01-13 22:15:34","2026-01-13 22:15:34",NULL
4194,143009,0,"2026-01-13 22:15:34","2026-01-13 22:15:34",NULL
4195,143009,0,"2026-01-13 22:15:34","2026-01-13 22:15:34",NULL
4196,143009,0,"2026-01-13 22:15:34","2026-01-13 22:15:34",NULL
4197,143009,0,"2026-01-13 22:15:34","2026-01-13 22:15:34",NULL
4198,143009,0,"2026-01-13 22:15:34","2026-01-13 22:15:34",NULL
4199,143022,0,"2026-01-13 22:15:34","2026-01-13 22:15:34",NULL
4200,143022,0,"2026-01-13 22:15:34","2026-01-13 22:15:34",NULL
4201,143022,0,"2026-01-13 22:15:34","2026-01-13 22:15:34",NULL
4202,143022,0,"2026-01-13 22:15:34","2026-01-13 22:15:34",NULL
4203,143022,0,"2026-01-13 22:15:34","2026-01-13 22:15:34",NULL
4204,143022,0,"2026-01-13 22:15:34","2026-01-13 22:15:34",NULL
4205,143022,0,"2026-01-13 22:15:34","2026-01-13 22:15:34",NULL
4206,143022,0,"2026-01-13 22:15:34","2026-01-13 22:15:34",NULL
4207,143101,0,"2026-01-13 22:15:34","2026-01-13 22:15:34",NULL
4208,143101,0,"2026-01-13 22:15:34","2026-01-13 22:15:34",NULL
4209,143101,0,"2026-01-13 22:15:34","2026-01-13 22:15:34",NULL
4210,143101,0,"2026-01-13 22:15:34","2026-01-13 22:15:34",NULL
4211,143101,0,"2026-01-13 22:15:34","2026-01-13 22:15:34",NULL
4212,143101,0,"2026-01-13 22:15:34","2026-01-13 22:15:34",NULL
4213,143101,0,"2026-01-13 22:15:34","2026-01-13 22:15:34",NULL
4214,143101,0,"2026-01-13 22:15:34","2026-01-13 22:15:34",NULL
4215,143101,0,"2026-01-13 22:15:34","2026-01-13 22:15:34",NULL
4216,143101,0,"2026-01-13 22:15:34","2026-01-13 22:15:34",NULL
4217,143101,0,"2026-01-13 22:15:34","2026-01-13 22:15:34",NULL
4218,143101,0,"2026-01-13 22:15:34","2026-01-13 22:15:34",NULL
4219,143102,0,"2026-01-13 22:15:34","2026-01-13 22:15:34",NULL
4220,143102,0,"2026-01-13 22:15:34","2026-01-13 22:15:34",NULL
4221,143102,0,"2026-01-13 22:15:34","2026-01-13 22:15:34",NULL
4222,143102,0,"2026-01-13 22:15:34","2026-01-13 22:15:34",NULL
4223,143102,0,"2026-01-13 22:15:34","2026-01-13 22:15:34",NULL
4224,143102,0,"2026-01-13 22:15:34","2026-01-13 22:15:34",NULL
4225,143102,0,"2026-01-13 22:15:34","2026-01-13 22:15:34",NULL
4226,143102,0,"2026-01-13 22:15:34","2026-01-13 22:15:34",NULL
4227,143102,0,"2026-01-13 22:15:34","2026-01-13 22:15:34",NULL
4228,143102,0,"2026-01-13 22:15:34","2026-01-13 22:15:34",NULL
4229,143102,0,"2026-01-13 22:15:34","2026-01-13 22:15:34",NULL
4230,143102,0,"2026-01-13 22:15:34","2026-01-13 22:15:34",NULL
4231,143001,0,"2026-01-13 22:15:34","2026-01-13 22:15:34",NULL
4232,143105,0,"2026-01-13 22:15:34","2026-01-13 22:15:34",NULL
4233,143105,0,"2026-01-13 22:15:34","2026-01-13 22:15:34",NULL
4234,143105,0,"2026-01-13 22:15:34","2026-01-13 22:15:34",NULL
4235,143105,0,"2026-01-13 22:15:34","2026-01-13 22:15:34",NULL
4236,143105,0,"2026-01-13 22:15:34","2026-01-13 22:15:34",NULL
4237,143105,0,"2026-01-13 22:15:34","2026-01-13 22:15:34",NULL
4238,143105,0,"2026-01-13 22:15:34","2026-01-13 22:15:34",NULL
4239,143105,0,"2026-01-13 22:15:34","2026-01-13 22:15:34",NULL
4240,143107,0,"2026-01-13 22:15:34","2026-01-13 22:15:34",NULL
4241,143107,0,"2026-01-13 22:15:34","2026-01-13 22:15:34",NULL
4242,143107,0,"2026-01-13 22:15:34","2026-01-13 22:15:34",NULL
4243,143107,0,"2026-01-13 22:15:34","2026-01-13 22:15:34",NULL
4244,143107,0,"2026-01-13 22:15:34","2026-01-13 22:15:34",NULL
4245,143107,0,"2026-01-13 22:15:34","2026-01-13 22:15:34",NULL
4246,143107,0,"2026-01-13 22:15:34","2026-01-13 22:15:34",NULL
4247,143107,0,"2026-01-13 22:15:34","2026-01-13 22:15:34",NULL
4248,143107,0,"2026-01-13 22:15:34","2026-01-13 22:15:34",NULL
4249,143107,0,"2026-01-13 22:15:34","2026-01-13 22:15:34",NULL
4250,143107,0,"2026-01-13 22:15:34","2026-01-13 22:15:34",NULL
4251,143108,0,"2026-01-13 22:15:34","2026-01-13 22:15:34",NULL
4252,143108,0,"2026-01-13 22:15:34","2026-01-13 22:15:34",NULL
4253,143108,0,"2026-01-13 22:15:34","2026-01-13 22:15:34",NULL
4254,143108,0,"2026-01-13 22:15:34","2026-01-13 22:15:34",NULL
4255,143108,0,"2026-01-13 22:15:34","2026-01-13 22:15:34",NULL
4256,143108,0,"2026-01-13 22:15:34","2026-01-13 22:15:34",NULL
4257,143108,0,"2026-01-13 22:15:34","2026-01-13 22:15:34",NULL
4258,143108,0,"2026-01-13 22:15:34","2026-01-13 22:15:34",NULL
4259,143108,0,"2026-01-13 22:15:34","2026-01-13 22:15:34",NULL
4260,143108,0,"2026-01-13 22:15:34","2026-01-13 22:15:34",NULL
4261,143108,0,"2026-01-13 22:15:34","2026-01-13 22:15:34",NULL
4262,143108,0,"2026-01-13 22:15:34","2026-01-13 22:15:34",NULL
4263,143109,0,"2026-01-13 22:15:34","2026-01-13 22:15:34",NULL
4264,143109,0,"2026-01-13 22:15:34","2026-01-13 22:15:34",NULL
4265,143109,0,"2026-01-13 22:15:34","2026-01-13 22:15:34",NULL
4266,143109,0,"2026-01-13 22:15:34","2026-01-13 22:15:34",NULL
4267,143109,0,"2026-01-13 22:15:34","2026-01-13 22:15:34",NULL
4268,143109,0,"2026-01-13 22:15:34","2026-01-13 22:15:34",NULL
4269,143109,0,"2026-01-13 22:15:34","2026-01-13 22:15:34",NULL
4270,143109,0,"2026-01-13 22:15:34","2026-01-13 22:15:34",NULL
4271,143109,0,"2026-01-13 22:15:34","2026-01-13 22:15:34",NULL
4272,143109,0,"2026-01-13 22:15:34","2026-01-13 22:15:34",NULL
4273,143109,0,"2026-01-13 22:15:34","2026-01-13 22:15:34",NULL
4274,143109,0,"2026-01-13 22:15:34","2026-01-13 22:15:34",NULL
4275,143110,0,"2026-01-13 22:15:34","2026-01-13 22:15:34",NULL
4276,143110,0,"2026-01-13 22:15:34","2026-01-13 22:15:34",NULL
4277,143110,0,"2026-01-13 22:15:34","2026-01-13 22:15:34",NULL
4278,143110,0,"2026-01-13 22:15:34","2026-01-13 22:15:34",NULL
4279,143102,0,"2026-01-13 22:15:34","2026-01-13 22:15:34",NULL
4280,143305,0,"2026-01-13 22:15:34","2026-01-13 22:15:34",NULL
4281,143102,0,"2026-01-13 22:15:34","2026-01-13 22:15:34",NULL
4282,143102,0,"2026-01-13 22:15:34","2026-01-13 22:15:34",NULL
4283,143102,0,"2026-01-13 22:15:34","2026-01-13 22:15:34",NULL
4284,143102,0,"2026-01-13 22:15:34","2026-01-13 22:15:34",NULL
4285,143102,0,"2026-01-13 22:15:34","2026-01-13 22:15:34",NULL
4286,143102,0,"2026-01-13 22:15:34","2026-01-13 22:15:34",NULL
4287,143102,0,"2026-01-13 22:15:34","2026-01-13 22:15:34",NULL
4288,143102,0,"2026-01-13 22:15:34","2026-01-13 22:15:34",NULL
4289,143102,0,"2026-01-13 22:15:34","2026-01-13 22:15:34",NULL
4290,143103,0,"2026-01-13 22:15:34","2026-01-13 22:15:34",NULL
4291,143103,0,"2026-01-13 22:15:34","2026-01-13 22:15:34",NULL
4292,143103,0,"2026-01-13 22:15:34","2026-01-13 22:15:34",NULL
4293,143103,0,"2026-01-13 22:15:34","2026-01-13 22:15:34",NULL
4294,143103,0,"2026-01-13 22:15:34","2026-01-13 22:15:34",NULL
4295,143103,0,"2026-01-13 22:15:34","2026-01-13 22:15:34",NULL
4296,143105,0,"2026-01-13 22:15:34","2026-01-13 22:15:34",NULL
4297,143105,0,"2026-01-13 22:15:34","2026-01-13 22:15:34",NULL
4298,143105,0,"2026-01-13 22:15:34","2026-01-13 22:15:34",NULL
4299,143105,0,"2026-01-13 22:15:34","2026-01-13 22:15:34",NULL
4300,143115,0,"2026-01-13 22:15:34","2026-01-13 22:15:34",NULL
4301,143115,0,"2026-01-13 22:15:34","2026-01-13 22:15:34",NULL
4302,143115,0,"2026-01-13 22:15:34","2026-01-13 22:15:34",NULL
4303,143115,0,"2026-01-13 22:15:35","2026-01-13 22:15:35",NULL
4304,143115,0,"2026-01-13 22:15:35","2026-01-13 22:15:35",NULL
4305,143115,0,"2026-01-13 22:15:35","2026-01-13 22:15:35",NULL
4306,143115,0,"2026-01-13 22:15:35","2026-01-13 22:15:35",NULL
4307,143115,0,"2026-01-13 22:15:35","2026-01-13 22:15:35",NULL
4308,143116,0,"2026-01-13 22:15:35","2026-01-13 22:15:35",NULL
4309,143116,0,"2026-01-13 22:15:35","2026-01-13 22:15:35",NULL
4310,143116,0,"2026-01-13 22:15:35","2026-01-13 22:15:35",NULL
4311,143116,0,"2026-01-13 22:15:35","2026-01-13 22:15:35",NULL
4312,143116,0,"2026-01-13 22:15:35","2026-01-13 22:15:35",NULL
4313,143116,0,"2026-01-13 22:15:35","2026-01-13 22:15:35",NULL
4314,143116,0,"2026-01-13 22:15:35","2026-01-13 22:15:35",NULL
4315,143116,0,"2026-01-13 22:15:35","2026-01-13 22:15:35",NULL
4316,143116,0,"2026-01-13 22:15:35","2026-01-13 22:15:35",NULL
4317,143116,0,"2026-01-13 22:15:35","2026-01-13 22:15:35",NULL
4318,143117,0,"2026-01-13 22:15:35","2026-01-13 22:15:35",NULL
4319,143117,0,"2026-01-13 22:15:35","2026-01-13 22:15:35",NULL
4320,143117,0,"2026-01-13 22:15:35","2026-01-13 22:15:35",NULL
4321,143117,0,"2026-01-13 22:15:35","2026-01-13 22:15:35",NULL
4322,143110,0,"2026-01-13 22:15:35","2026-01-13 22:15:35",NULL
4323,143110,0,"2026-01-13 22:15:35","2026-01-13 22:15:35",NULL
4324,143110,0,"2026-01-13 22:15:35","2026-01-13 22:15:35",NULL
4325,143110,0,"2026-01-13 22:15:35","2026-01-13 22:15:35",NULL
4326,143110,0,"2026-01-13 22:15:35","2026-01-13 22:15:35",NULL
4327,143110,0,"2026-01-13 22:15:35","2026-01-13 22:15:35",NULL
4328,143111,0,"2026-01-13 22:15:35","2026-01-13 22:15:35",NULL
4329,143111,0,"2026-01-13 22:15:35","2026-01-13 22:15:35",NULL
4330,143111,0,"2026-01-13 22:15:35","2026-01-13 22:15:35",NULL
4331,143111,0,"2026-01-13 22:15:35","2026-01-13 22:15:35",NULL
4332,143111,0,"2026-01-13 22:15:35","2026-01-13 22:15:35",NULL
4333,143111,0,"2026-01-13 22:15:35","2026-01-13 22:15:35",NULL
4334,143111,0,"2026-01-13 22:15:35","2026-01-13 22:15:35",NULL
4335,143111,0,"2026-01-13 22:15:35","2026-01-13 22:15:35",NULL
4336,143111,0,"2026-01-13 22:15:35","2026-01-13 22:15:35",NULL
4337,143111,0,"2026-01-13 22:15:35","2026-01-13 22:15:35",NULL
4338,143111,0,"2026-01-13 22:15:35","2026-01-13 22:15:35",NULL
4339,143112,0,"2026-01-13 22:15:35","2026-01-13 22:15:35",NULL
4340,143112,0,"2026-01-13 22:15:35","2026-01-13 22:15:35",NULL
4341,143112,0,"2026-01-13 22:15:35","2026-01-13 22:15:35",NULL
4342,143112,0,"2026-01-13 22:15:35","2026-01-13 22:15:35",NULL
4343,143112,0,"2026-01-13 22:15:35","2026-01-13 22:15:35",NULL
4344,143112,0,"2026-01-13 22:15:35","2026-01-13 22:15:35",NULL
4345,143112,0,"2026-01-13 22:15:35","2026-01-13 22:15:35",NULL
4346,143112,0,"2026-01-13 22:15:35","2026-01-13 22:15:35",NULL
4347,143112,0,"2026-01-13 22:15:35","2026-01-13 22:15:35",NULL
4348,143112,0,"2026-01-13 22:15:35","2026-01-13 22:15:35",NULL
4349,143113,0,"2026-01-13 22:15:35","2026-01-13 22:15:35",NULL
4350,143113,0,"2026-01-13 22:15:35","2026-01-13 22:15:35",NULL
4351,143113,0,"2026-01-13 22:15:35","2026-01-13 22:15:35",NULL
4352,143113,0,"2026-01-13 22:15:35","2026-01-13 22:15:35",NULL
4353,143113,0,"2026-01-13 22:15:35","2026-01-13 22:15:35",NULL
4354,143113,0,"2026-01-13 22:15:35","2026-01-13 22:15:35",NULL
4355,143113,0,"2026-01-13 22:15:35","2026-01-13 22:15:35",NULL
4356,143114,0,"2026-01-13 22:15:35","2026-01-13 22:15:35",NULL
4357,143114,0,"2026-01-13 22:15:35","2026-01-13 22:15:35",NULL
4358,143114,0,"2026-01-13 22:15:35","2026-01-13 22:15:35",NULL
4359,143114,0,"2026-01-13 22:15:35","2026-01-13 22:15:35",NULL
4360,143114,0,"2026-01-13 22:15:35","2026-01-13 22:15:35",NULL
4361,143114,0,"2026-01-13 22:15:35","2026-01-13 22:15:35",NULL
4362,143114,0,"2026-01-13 22:15:35","2026-01-13 22:15:35",NULL
4363,143114,0,"2026-01-13 22:15:35","2026-01-13 22:15:35",NULL
4364,143114,0,"2026-01-13 22:15:35","2026-01-13 22:15:35",NULL
4365,143114,0,"2026-01-13 22:15:35","2026-01-13 22:15:35",NULL
4366,143115,0,"2026-01-13 22:15:35","2026-01-13 22:15:35",NULL
4367,143117,0,"2026-01-13 22:15:35","2026-01-13 22:15:35",NULL
4368,143117,0,"2026-01-13 22:15:35","2026-01-13 22:15:35",NULL
4369,143118,0,"2026-01-13 22:15:35","2026-01-13 22:15:35",NULL
4370,143118,0,"2026-01-13 22:15:35","2026-01-13 22:15:35",NULL
4371,143118,0,"2026-01-13 22:15:35","2026-01-13 22:15:35",NULL
4372,143118,0,"2026-01-13 22:15:35","2026-01-13 22:15:35",NULL
4373,143118,0,"2026-01-13 22:15:35","2026-01-13 22:15:35",NULL
4374,143118,0,"2026-01-13 22:15:35","2026-01-13 22:15:35",NULL
4375,143118,0,"2026-01-13 22:15:35","2026-01-13 22:15:35",NULL
4376,143119,0,"2026-01-13 22:15:35","2026-01-13 22:15:35",NULL
4377,143119,0,"2026-01-13 22:15:35","2026-01-13 22:15:35",NULL
4378,143119,0,"2026-01-13 22:15:35","2026-01-13 22:15:35",NULL
4379,143119,0,"2026-01-13 22:15:35","2026-01-13 22:15:35",NULL
4380,143119,0,"2026-01-13 22:15:35","2026-01-13 22:15:35",NULL
4381,143119,0,"2026-01-13 22:15:35","2026-01-13 22:15:35",NULL
4382,143149,0,"2026-01-13 22:15:35","2026-01-13 22:15:35",NULL
4383,143149,0,"2026-01-13 22:15:35","2026-01-13 22:15:35",NULL
4384,143149,0,"2026-01-13 22:15:35","2026-01-13 22:15:35",NULL
4385,143149,0,"2026-01-13 22:15:35","2026-01-13 22:15:35",NULL
4386,143149,0,"2026-01-13 22:15:35","2026-01-13 22:15:35",NULL
4387,143149,0,"2026-01-13 22:15:35","2026-01-13 22:15:35",NULL
4388,143149,0,"2026-01-13 22:15:35","2026-01-13 22:15:35",NULL
4389,143149,0,"2026-01-13 22:15:35","2026-01-13 22:15:35",NULL
4390,143149,0,"2026-01-13 22:15:35","2026-01-13 22:15:35",NULL
4391,143201,0,"2026-01-13 22:15:35","2026-01-13 22:15:35",NULL
4392,143201,0,"2026-01-13 22:15:35","2026-01-13 22:15:35",NULL
4393,143201,0,"2026-01-13 22:15:35","2026-01-13 22:15:35",NULL
4394,143201,0,"2026-01-13 22:15:35","2026-01-13 22:15:35",NULL
4395,143201,0,"2026-01-13 22:15:35","2026-01-13 22:15:35",NULL
4396,143201,0,"2026-01-13 22:15:35","2026-01-13 22:15:35",NULL
4397,143202,0,"2026-01-13 22:15:35","2026-01-13 22:15:35",NULL
4398,143202,0,"2026-01-13 22:15:35","2026-01-13 22:15:35",NULL
4399,143202,0,"2026-01-13 22:15:35","2026-01-13 22:15:35",NULL
4400,143202,0,"2026-01-13 22:15:35","2026-01-13 22:15:35",NULL
4401,143202,0,"2026-01-13 22:15:35","2026-01-13 22:15:35",NULL
4402,143202,0,"2026-01-13 22:15:35","2026-01-13 22:15:35",NULL
4403,143203,0,"2026-01-13 22:15:35","2026-01-13 22:15:35",NULL
4404,143203,0,"2026-01-13 22:15:35","2026-01-13 22:15:35",NULL
4405,143203,0,"2026-01-13 22:15:35","2026-01-13 22:15:35",NULL
4406,143203,0,"2026-01-13 22:15:35","2026-01-13 22:15:35",NULL
4407,143204,0,"2026-01-13 22:15:35","2026-01-13 22:15:35",NULL
4408,143204,0,"2026-01-13 22:15:35","2026-01-13 22:15:35",NULL
4409,143204,0,"2026-01-13 22:15:35","2026-01-13 22:15:35",NULL
4410,143205,0,"2026-01-13 22:15:35","2026-01-13 22:15:35",NULL
4411,143205,0,"2026-01-13 22:15:35","2026-01-13 22:15:35",NULL
4412,143205,0,"2026-01-13 22:15:35","2026-01-13 22:15:35",NULL
4413,143205,0,"2026-01-13 22:15:35","2026-01-13 22:15:35",NULL
4414,143301,0,"2026-01-13 22:15:35","2026-01-13 22:15:35",NULL
4415,143301,0,"2026-01-13 22:15:35","2026-01-13 22:15:35",NULL
4416,143301,0,"2026-01-13 22:15:35","2026-01-13 22:15:35",NULL
4417,143301,0,"2026-01-13 22:15:35","2026-01-13 22:15:35",NULL
4418,143301,0,"2026-01-13 22:15:35","2026-01-13 22:15:35",NULL
4419,143301,0,"2026-01-13 22:15:35","2026-01-13 22:15:35",NULL
4420,143301,0,"2026-01-13 22:15:35","2026-01-13 22:15:35",NULL
4421,143301,0,"2026-01-13 22:15:35","2026-01-13 22:15:35",NULL
4422,143301,0,"2026-01-13 22:15:35","2026-01-13 22:15:35",NULL
4423,143301,0,"2026-01-13 22:15:35","2026-01-13 22:15:35",NULL
4424,143301,0,"2026-01-13 22:15:35","2026-01-13 22:15:35",NULL
4425,143301,0,"2026-01-13 22:15:35","2026-01-13 22:15:35",NULL
4426,143302,0,"2026-01-13 22:15:35","2026-01-13 22:15:35",NULL
4427,143302,0,"2026-01-13 22:15:35","2026-01-13 22:15:35",NULL
4428,143302,0,"2026-01-13 22:15:35","2026-01-13 22:15:35",NULL
4429,143302,0,"2026-01-13 22:15:35","2026-01-13 22:15:35",NULL
4430,143302,0,"2026-01-13 22:15:35","2026-01-13 22:15:35",NULL
4431,143303,0,"2026-01-13 22:15:35","2026-01-13 22:15:35",NULL
4432,143303,0,"2026-01-13 22:15:35","2026-01-13 22:15:35",NULL
4433,143304,0,"2026-01-13 22:15:35","2026-01-13 22:15:35",NULL
4434,143304,0,"2026-01-13 22:15:35","2026-01-13 22:15:35",NULL
4435,143304,0,"2026-01-13 22:15:35","2026-01-13 22:15:35",NULL
4436,143304,0,"2026-01-13 22:15:35","2026-01-13 22:15:35",NULL
4437,143304,0,"2026-01-13 22:15:35","2026-01-13 22:15:35",NULL
4438,143304,0,"2026-01-13 22:15:35","2026-01-13 22:15:35",NULL
4439,143304,0,"2026-01-13 22:15:35","2026-01-13 22:15:35",NULL
4440,143304,0,"2026-01-13 22:15:35","2026-01-13 22:15:35",NULL
4441,143304,0,"2026-01-13 22:15:35","2026-01-13 22:15:35",NULL
4442,143304,0,"2026-01-13 22:15:35","2026-01-13 22:15:35",NULL
4443,143304,0,"2026-01-13 22:15:35","2026-01-13 22:15:35",NULL
4444,143304,0,"2026-01-13 22:15:35","2026-01-13 22:15:35",NULL
4445,143305,0,"2026-01-13 22:15:35","2026-01-13 22:15:35",NULL
4446,143305,0,"2026-01-13 22:15:35","2026-01-13 22:15:35",NULL
4447,143305,0,"2026-01-13 22:15:35","2026-01-13 22:15:35",NULL
4448,143305,0,"2026-01-13 22:15:35","2026-01-13 22:15:35",NULL
4449,143305,0,"2026-01-13 22:15:35","2026-01-13 22:15:35",NULL
4450,143506,0,"2026-01-13 22:15:35","2026-01-13 22:15:35",NULL
4451,143305,0,"2026-01-13 22:15:35","2026-01-13 22:15:35",NULL
4452,143305,0,"2026-01-13 22:15:35","2026-01-13 22:15:35",NULL
4453,143305,0,"2026-01-13 22:15:35","2026-01-13 22:15:35",NULL
4454,143305,0,"2026-01-13 22:15:35","2026-01-13 22:15:35",NULL
4455,143305,0,"2026-01-13 22:15:35","2026-01-13 22:15:35",NULL
4456,143401,0,"2026-01-13 22:15:35","2026-01-13 22:15:35",NULL
4457,143406,0,"2026-01-13 22:15:35","2026-01-13 22:15:35",NULL
4458,143406,0,"2026-01-13 22:15:35","2026-01-13 22:15:35",NULL
4459,143406,0,"2026-01-13 22:15:35","2026-01-13 22:15:35",NULL
4460,143406,0,"2026-01-13 22:15:35","2026-01-13 22:15:35",NULL
4461,143406,0,"2026-01-13 22:15:35","2026-01-13 22:15:35",NULL
4462,143406,0,"2026-01-13 22:15:35","2026-01-13 22:15:35",NULL
4463,143406,0,"2026-01-13 22:15:35","2026-01-13 22:15:35",NULL
4464,143406,0,"2026-01-13 22:15:35","2026-01-13 22:15:35",NULL
4465,143406,0,"2026-01-13 22:15:35","2026-01-13 22:15:35",NULL
4466,143406,0,"2026-01-13 22:15:35","2026-01-13 22:15:35",NULL
4467,143407,0,"2026-01-13 22:15:35","2026-01-13 22:15:35",NULL
4468,143407,0,"2026-01-13 22:15:35","2026-01-13 22:15:35",NULL
4469,143407,0,"2026-01-13 22:15:35","2026-01-13 22:15:35",NULL
4470,143407,0,"2026-01-13 22:15:35","2026-01-13 22:15:35",NULL
4471,143407,0,"2026-01-13 22:15:35","2026-01-13 22:15:35",NULL
4472,143407,0,"2026-01-13 22:15:35","2026-01-13 22:15:35",NULL
4473,143408,0,"2026-01-13 22:15:35","2026-01-13 22:15:35",NULL
4474,143408,0,"2026-01-13 22:15:35","2026-01-13 22:15:35",NULL
4475,143408,0,"2026-01-13 22:15:35","2026-01-13 22:15:35",NULL
4476,143408,0,"2026-01-13 22:15:35","2026-01-13 22:15:35",NULL
4477,143408,0,"2026-01-13 22:15:35","2026-01-13 22:15:35",NULL
4478,143408,0,"2026-01-13 22:15:35","2026-01-13 22:15:35",NULL
4479,143409,0,"2026-01-13 22:15:35","2026-01-13 22:15:35",NULL
4480,143409,0,"2026-01-13 22:15:35","2026-01-13 22:15:35",NULL
4481,143409,0,"2026-01-13 22:15:35","2026-01-13 22:15:35",NULL
4482,143409,0,"2026-01-13 22:15:35","2026-01-13 22:15:35",NULL
4483,143409,0,"2026-01-13 22:15:35","2026-01-13 22:15:35",NULL
4484,143409,0,"2026-01-13 22:15:35","2026-01-13 22:15:35",NULL
4485,143409,0,"2026-01-13 22:15:35","2026-01-13 22:15:35",NULL
4486,143409,0,"2026-01-13 22:15:35","2026-01-13 22:15:35",NULL
4487,143410,0,"2026-01-13 22:15:35","2026-01-13 22:15:35",NULL
4488,143410,0,"2026-01-13 22:15:35","2026-01-13 22:15:35",NULL
4489,143410,0,"2026-01-13 22:15:35","2026-01-13 22:15:35",NULL
4490,143410,0,"2026-01-13 22:15:35","2026-01-13 22:15:35",NULL
4491,143410,0,"2026-01-13 22:15:35","2026-01-13 22:15:35",NULL
4492,143302,0,"2026-01-13 22:15:35","2026-01-13 22:15:35",NULL
4493,143302,0,"2026-01-13 22:15:35","2026-01-13 22:15:35",NULL
4494,143302,0,"2026-01-13 22:15:35","2026-01-13 22:15:35",NULL
4495,143302,0,"2026-01-13 22:15:35","2026-01-13 22:15:35",NULL
4496,143303,0,"2026-01-13 22:15:35","2026-01-13 22:15:35",NULL
4497,143303,0,"2026-01-13 22:15:35","2026-01-13 22:15:35",NULL
4498,143303,0,"2026-01-13 22:15:35","2026-01-13 22:15:35",NULL
4499,143303,0,"2026-01-13 22:15:35","2026-01-13 22:15:35",NULL
4500,143415,0,"2026-01-13 22:15:35","2026-01-13 22:15:35",NULL
4501,143415,0,"2026-01-13 22:15:35","2026-01-13 22:15:35",NULL
4502,143415,0,"2026-01-13 22:15:35","2026-01-13 22:15:35",NULL
4503,143415,0,"2026-01-13 22:15:35","2026-01-13 22:15:35",NULL
4504,143415,0,"2026-01-13 22:15:35","2026-01-13 22:15:35",NULL
4505,143415,0,"2026-01-13 22:15:35","2026-01-13 22:15:35",NULL
4506,143415,0,"2026-01-13 22:15:35","2026-01-13 22:15:35",NULL
4507,143415,0,"2026-01-13 22:15:35","2026-01-13 22:15:35",NULL
4508,143415,0,"2026-01-13 22:15:35","2026-01-13 22:15:35",NULL
4509,143415,0,"2026-01-13 22:15:35","2026-01-13 22:15:35",NULL
4510,143415,0,"2026-01-13 22:15:35","2026-01-13 22:15:35",NULL
4511,143415,0,"2026-01-13 22:15:35","2026-01-13 22:15:35",NULL
4512,143416,0,"2026-01-13 22:15:35","2026-01-13 22:15:35",NULL
4513,143416,0,"2026-01-13 22:15:35","2026-01-13 22:15:35",NULL
4514,143416,0,"2026-01-13 22:15:35","2026-01-13 22:15:35",NULL
4515,143416,0,"2026-01-13 22:15:35","2026-01-13 22:15:35",NULL
4516,143416,0,"2026-01-13 22:15:35","2026-01-13 22:15:35",NULL
4517,143416,0,"2026-01-13 22:15:35","2026-01-13 22:15:35",NULL
4518,143416,0,"2026-01-13 22:15:35","2026-01-13 22:15:35",NULL
4519,143416,0,"2026-01-13 22:15:35","2026-01-13 22:15:35",NULL
4520,143416,0,"2026-01-13 22:15:35","2026-01-13 22:15:35",NULL
4521,143416,0,"2026-01-13 22:15:35","2026-01-13 22:15:35",NULL
4522,143416,0,"2026-01-13 22:15:35","2026-01-13 22:15:35",NULL
4523,143416,0,"2026-01-13 22:15:35","2026-01-13 22:15:35",NULL
4524,143416,0,"2026-01-13 22:15:35","2026-01-13 22:15:35",NULL
4525,143416,0,"2026-01-13 22:15:35","2026-01-13 22:15:35",NULL
4526,143416,0,"2026-01-13 22:15:35","2026-01-13 22:15:35",NULL
4527,143416,0,"2026-01-13 22:15:35","2026-01-13 22:15:35",NULL
4528,143416,0,"2026-01-13 22:15:35","2026-01-13 22:15:35",NULL
4529,143419,0,"2026-01-13 22:15:35","2026-01-13 22:15:35",NULL
4530,143419,0,"2026-01-13 22:15:35","2026-01-13 22:15:35",NULL
4531,143419,0,"2026-01-13 22:15:35","2026-01-13 22:15:35",NULL
4532,143419,0,"2026-01-13 22:15:35","2026-01-13 22:15:35",NULL
4533,143419,0,"2026-01-13 22:15:35","2026-01-13 22:15:35",NULL
4534,143419,0,"2026-01-13 22:15:35","2026-01-13 22:15:35",NULL
4535,143419,0,"2026-01-13 22:15:35","2026-01-13 22:15:35",NULL
4536,143419,0,"2026-01-13 22:15:35","2026-01-13 22:15:35",NULL
4537,143419,0,"2026-01-13 22:15:35","2026-01-13 22:15:35",NULL
4538,143410,0,"2026-01-13 22:15:35","2026-01-13 22:15:35",NULL
4539,143410,0,"2026-01-13 22:15:35","2026-01-13 22:15:35",NULL
4540,143411,0,"2026-01-13 22:15:35","2026-01-13 22:15:35",NULL
4541,143411,0,"2026-01-13 22:15:35","2026-01-13 22:15:35",NULL
4542,143411,0,"2026-01-13 22:15:35","2026-01-13 22:15:35",NULL
4543,143411,0,"2026-01-13 22:15:35","2026-01-13 22:15:35",NULL
4544,143411,0,"2026-01-13 22:15:35","2026-01-13 22:15:35",NULL
4545,143411,0,"2026-01-13 22:15:35","2026-01-13 22:15:35",NULL
4546,143411,0,"2026-01-13 22:15:35","2026-01-13 22:15:35",NULL
4547,143411,0,"2026-01-13 22:15:35","2026-01-13 22:15:35",NULL
4548,143411,0,"2026-01-13 22:15:35","2026-01-13 22:15:35",NULL
4549,143411,0,"2026-01-13 22:15:35","2026-01-13 22:15:35",NULL
4550,143411,0,"2026-01-13 22:15:35","2026-01-13 22:15:35",NULL
4551,143411,0,"2026-01-13 22:15:35","2026-01-13 22:15:35",NULL
4552,143412,0,"2026-01-13 22:15:35","2026-01-13 22:15:35",NULL
4553,143412,0,"2026-01-13 22:15:35","2026-01-13 22:15:35",NULL
4554,143412,0,"2026-01-13 22:15:35","2026-01-13 22:15:35",NULL
4555,143412,0,"2026-01-13 22:15:35","2026-01-13 22:15:35",NULL
4556,143412,0,"2026-01-13 22:15:35","2026-01-13 22:15:35",NULL
4557,143412,0,"2026-01-13 22:15:35","2026-01-13 22:15:35",NULL
4558,143413,0,"2026-01-13 22:15:35","2026-01-13 22:15:35",NULL
4559,143413,0,"2026-01-13 22:15:35","2026-01-13 22:15:35",NULL
4560,143413,0,"2026-01-13 22:15:35","2026-01-13 22:15:35",NULL
4561,143413,0,"2026-01-13 22:15:35","2026-01-13 22:15:35",NULL
4562,143413,0,"2026-01-13 22:15:35","2026-01-13 22:15:35",NULL
4563,143413,0,"2026-01-13 22:15:35","2026-01-13 22:15:35",NULL
4564,143414,0,"2026-01-13 22:15:35","2026-01-13 22:15:35",NULL
4565,143414,0,"2026-01-13 22:15:35","2026-01-13 22:15:35",NULL
4566,143414,0,"2026-01-13 22:15:35","2026-01-13 22:15:35",NULL
4567,143414,0,"2026-01-13 22:15:35","2026-01-13 22:15:35",NULL
4568,143414,0,"2026-01-13 22:15:35","2026-01-13 22:15:35",NULL
4569,143507,0,"2026-01-13 22:15:35","2026-01-13 22:15:35",NULL
4570,143507,0,"2026-01-13 22:15:35","2026-01-13 22:15:35",NULL
4571,143419,0,"2026-01-13 22:15:35","2026-01-13 22:15:35",NULL
4572,143419,0,"2026-01-13 22:15:35","2026-01-13 22:15:35",NULL
4573,143419,0,"2026-01-13 22:15:35","2026-01-13 22:15:35",NULL
4574,143419,0,"2026-01-13 22:15:35","2026-01-13 22:15:35",NULL
4575,143419,0,"2026-01-13 22:15:35","2026-01-13 22:15:35",NULL
4576,143422,0,"2026-01-13 22:15:35","2026-01-13 22:15:35",NULL
4577,143422,0,"2026-01-13 22:15:35","2026-01-13 22:15:35",NULL
4578,143422,0,"2026-01-13 22:15:35","2026-01-13 22:15:35",NULL
4579,143422,0,"2026-01-13 22:15:35","2026-01-13 22:15:35",NULL
4580,143501,0,"2026-01-13 22:15:35","2026-01-13 22:15:35",NULL
4581,143501,0,"2026-01-13 22:15:35","2026-01-13 22:15:35",NULL
4582,143501,0,"2026-01-13 22:15:35","2026-01-13 22:15:35",NULL
4583,143501,0,"2026-01-13 22:15:35","2026-01-13 22:15:35",NULL
4584,143501,0,"2026-01-13 22:15:35","2026-01-13 22:15:35",NULL
4585,143501,0,"2026-01-13 22:15:35","2026-01-13 22:15:35",NULL
4586,143501,0,"2026-01-13 22:15:35","2026-01-13 22:15:35",NULL
4587,143501,0,"2026-01-13 22:15:35","2026-01-13 22:15:35",NULL
4588,143501,0,"2026-01-13 22:15:35","2026-01-13 22:15:35",NULL
4589,143502,0,"2026-01-13 22:15:35","2026-01-13 22:15:35",NULL
4590,143502,0,"2026-01-13 22:15:35","2026-01-13 22:15:35",NULL
4591,143502,0,"2026-01-13 22:15:35","2026-01-13 22:15:35",NULL
4592,143502,0,"2026-01-13 22:15:35","2026-01-13 22:15:35",NULL
4593,143502,0,"2026-01-13 22:15:35","2026-01-13 22:15:35",NULL
4594,143502,0,"2026-01-13 22:15:35","2026-01-13 22:15:35",NULL
4595,143502,0,"2026-01-13 22:15:35","2026-01-13 22:15:35",NULL
4596,143502,0,"2026-01-13 22:15:35","2026-01-13 22:15:35",NULL
4597,143502,0,"2026-01-13 22:15:35","2026-01-13 22:15:35",NULL
4598,143502,0,"2026-01-13 22:15:35","2026-01-13 22:15:35",NULL
4599,143504,0,"2026-01-13 22:15:35","2026-01-13 22:15:35",NULL
4600,143504,0,"2026-01-13 22:15:35","2026-01-13 22:15:35",NULL
4601,143504,0,"2026-01-13 22:15:35","2026-01-13 22:15:35",NULL
4602,143504,0,"2026-01-13 22:15:35","2026-01-13 22:15:35",NULL
4603,143504,0,"2026-01-13 22:15:35","2026-01-13 22:15:35",NULL
4604,143504,0,"2026-01-13 22:15:35","2026-01-13 22:15:35",NULL
4605,143504,0,"2026-01-13 22:15:35","2026-01-13 22:15:35",NULL
4606,143505,0,"2026-01-13 22:15:35","2026-01-13 22:15:35",NULL
4607,143505,0,"2026-01-13 22:15:35","2026-01-13 22:15:35",NULL
4608,143505,0,"2026-01-13 22:15:35","2026-01-13 22:15:35",NULL
4609,143505,0,"2026-01-13 22:15:35","2026-01-13 22:15:35",NULL
4610,143505,0,"2026-01-13 22:15:35","2026-01-13 22:15:35",NULL
4611,143505,0,"2026-01-13 22:15:35","2026-01-13 22:15:35",NULL
4612,143506,0,"2026-01-13 22:15:35","2026-01-13 22:15:35",NULL
4613,143506,0,"2026-01-13 22:15:35","2026-01-13 22:15:35",NULL
4614,143506,0,"2026-01-13 22:15:35","2026-01-13 22:15:35",NULL
4615,143506,0,"2026-01-13 22:15:35","2026-01-13 22:15:35",NULL
4616,143506,0,"2026-01-13 22:15:35","2026-01-13 22:15:35",NULL
4617,143506,0,"2026-01-13 22:15:35","2026-01-13 22:15:35",NULL
4618,143506,0,"2026-01-13 22:15:35","2026-01-13 22:15:35",NULL
4619,143506,0,"2026-01-13 22:15:35","2026-01-13 22:15:35",NULL
4620,143506,0,"2026-01-13 22:15:35","2026-01-13 22:15:35",NULL
4621,143603,0,"2026-01-13 22:15:35","2026-01-13 22:15:35",NULL
4622,143506,0,"2026-01-13 22:15:35","2026-01-13 22:15:35",NULL
4623,143506,0,"2026-01-13 22:15:35","2026-01-13 22:15:35",NULL
4624,143506,0,"2026-01-13 22:15:35","2026-01-13 22:15:35",NULL
4625,143507,0,"2026-01-13 22:15:35","2026-01-13 22:15:35",NULL
4626,143507,0,"2026-01-13 22:15:35","2026-01-13 22:15:35",NULL
4627,143507,0,"2026-01-13 22:15:35","2026-01-13 22:15:35",NULL
4628,143507,0,"2026-01-13 22:15:35","2026-01-13 22:15:35",NULL
4629,143507,0,"2026-01-13 22:15:35","2026-01-13 22:15:35",NULL
4630,143507,0,"2026-01-13 22:15:35","2026-01-13 22:15:35",NULL
4631,143507,0,"2026-01-13 22:15:35","2026-01-13 22:15:35",NULL
4632,143507,0,"2026-01-13 22:15:35","2026-01-13 22:15:35",NULL
4633,143507,0,"2026-01-13 22:15:35","2026-01-13 22:15:35",NULL
4634,143507,0,"2026-01-13 22:15:35","2026-01-13 22:15:35",NULL
4635,143507,0,"2026-01-13 22:15:35","2026-01-13 22:15:35",NULL
4636,143511,0,"2026-01-13 22:15:35","2026-01-13 22:15:35",NULL
4637,143511,0,"2026-01-13 22:15:35","2026-01-13 22:15:35",NULL
4638,143511,0,"2026-01-13 22:15:35","2026-01-13 22:15:35",NULL
4639,143511,0,"2026-01-13 22:15:35","2026-01-13 22:15:35",NULL
4640,143511,0,"2026-01-13 22:15:35","2026-01-13 22:15:35",NULL
4641,143511,0,"2026-01-13 22:15:35","2026-01-13 22:15:35",NULL
4642,143511,0,"2026-01-13 22:15:35","2026-01-13 22:15:35",NULL
4643,143511,0,"2026-01-13 22:15:35","2026-01-13 22:15:35",NULL
4644,143511,0,"2026-01-13 22:15:35","2026-01-13 22:15:35",NULL
4645,143511,0,"2026-01-13 22:15:35","2026-01-13 22:15:35",NULL
4646,143511,0,"2026-01-13 22:15:35","2026-01-13 22:15:35",NULL
4647,143511,0,"2026-01-13 22:15:35","2026-01-13 22:15:35",NULL
4648,143511,0,"2026-01-13 22:15:35","2026-01-13 22:15:35",NULL
4649,143511,0,"2026-01-13 22:15:35","2026-01-13 22:15:35",NULL
4650,143511,0,"2026-01-13 22:15:35","2026-01-13 22:15:35",NULL
4651,143511,0,"2026-01-13 22:15:35","2026-01-13 22:15:35",NULL
4652,143511,0,"2026-01-13 22:15:35","2026-01-13 22:15:35",NULL
4653,143511,0,"2026-01-13 22:15:35","2026-01-13 22:15:35",NULL
4654,143512,0,"2026-01-13 22:15:35","2026-01-13 22:15:35",NULL
4655,143512,0,"2026-01-13 22:15:35","2026-01-13 22:15:35",NULL
4656,143512,0,"2026-01-13 22:15:35","2026-01-13 22:15:35",NULL
4657,143512,0,"2026-01-13 22:15:35","2026-01-13 22:15:35",NULL
4658,143512,0,"2026-01-13 22:15:35","2026-01-13 22:15:35",NULL
4659,143512,0,"2026-01-13 22:15:35","2026-01-13 22:15:35",NULL
4660,143512,0,"2026-01-13 22:15:35","2026-01-13 22:15:35",NULL
4661,143513,0,"2026-01-13 22:15:35","2026-01-13 22:15:35",NULL
4662,143513,0,"2026-01-13 22:15:35","2026-01-13 22:15:35",NULL
4663,143513,0,"2026-01-13 22:15:35","2026-01-13 22:15:35",NULL
4664,143513,0,"2026-01-13 22:15:35","2026-01-13 22:15:35",NULL
4665,143513,0,"2026-01-13 22:15:35","2026-01-13 22:15:35",NULL
4666,143513,0,"2026-01-13 22:15:35","2026-01-13 22:15:35",NULL
4667,143513,0,"2026-01-13 22:15:35","2026-01-13 22:15:35",NULL
4668,143513,0,"2026-01-13 22:15:35","2026-01-13 22:15:35",NULL
4669,143514,0,"2026-01-13 22:15:35","2026-01-13 22:15:35",NULL
4670,143514,0,"2026-01-13 22:15:35","2026-01-13 22:15:35",NULL
4671,143514,0,"2026-01-13 22:15:35","2026-01-13 22:15:35",NULL
4672,143514,0,"2026-01-13 22:15:35","2026-01-13 22:15:35",NULL
4673,143514,0,"2026-01-13 22:15:35","2026-01-13 22:15:35",NULL
4674,143514,0,"2026-01-13 22:15:35","2026-01-13 22:15:35",NULL
4675,143514,0,"2026-01-13 22:15:35","2026-01-13 22:15:35",NULL
4676,143514,0,"2026-01-13 22:15:35","2026-01-13 22:15:35",NULL
4677,143515,0,"2026-01-13 22:15:35","2026-01-13 22:15:35",NULL
4678,143515,0,"2026-01-13 22:15:35","2026-01-13 22:15:35",NULL
4679,143515,0,"2026-01-13 22:15:35","2026-01-13 22:15:35",NULL
4680,143515,0,"2026-01-13 22:15:35","2026-01-13 22:15:35",NULL
4681,143515,0,"2026-01-13 22:15:35","2026-01-13 22:15:35",NULL
4682,143515,0,"2026-01-13 22:15:35","2026-01-13 22:15:35",NULL
4683,143515,0,"2026-01-13 22:15:35","2026-01-13 22:15:35",NULL
4684,143515,0,"2026-01-13 22:15:35","2026-01-13 22:15:35",NULL
4685,143516,0,"2026-01-13 22:15:35","2026-01-13 22:15:35",NULL
4686,143516,0,"2026-01-13 22:15:35","2026-01-13 22:15:35",NULL
4687,143516,0,"2026-01-13 22:15:35","2026-01-13 22:15:35",NULL
4688,143516,0,"2026-01-13 22:15:35","2026-01-13 22:15:35",NULL
4689,143516,0,"2026-01-13 22:15:35","2026-01-13 22:15:35",NULL
4690,143516,0,"2026-01-13 22:15:35","2026-01-13 22:15:35",NULL
4691,143516,0,"2026-01-13 22:15:35","2026-01-13 22:15:35",NULL
4692,143517,0,"2026-01-13 22:15:35","2026-01-13 22:15:35",NULL
4693,143517,0,"2026-01-13 22:15:35","2026-01-13 22:15:35",NULL
4694,143517,0,"2026-01-13 22:15:35","2026-01-13 22:15:35",NULL
4695,143517,0,"2026-01-13 22:15:35","2026-01-13 22:15:35",NULL
4696,143517,0,"2026-01-13 22:15:35","2026-01-13 22:15:35",NULL
4697,143517,0,"2026-01-13 22:15:35","2026-01-13 22:15:35",NULL
4698,143517,0,"2026-01-13 22:15:35","2026-01-13 22:15:35",NULL
4699,143518,0,"2026-01-13 22:15:35","2026-01-13 22:15:35",NULL
4700,143518,0,"2026-01-13 22:15:35","2026-01-13 22:15:35",NULL
4701,143518,0,"2026-01-13 22:15:35","2026-01-13 22:15:35",NULL
4702,143518,0,"2026-01-13 22:15:35","2026-01-13 22:15:35",NULL
4703,143518,0,"2026-01-13 22:15:35","2026-01-13 22:15:35",NULL
4704,143518,0,"2026-01-13 22:15:35","2026-01-13 22:15:35",NULL
4705,143520,0,"2026-01-13 22:15:35","2026-01-13 22:15:35",NULL
4706,143520,0,"2026-01-13 22:15:35","2026-01-13 22:15:35",NULL
4707,143520,0,"2026-01-13 22:15:35","2026-01-13 22:15:35",NULL
4708,143520,0,"2026-01-13 22:15:35","2026-01-13 22:15:35",NULL
4709,143520,0,"2026-01-13 22:15:35","2026-01-13 22:15:35",NULL
4710,143520,0,"2026-01-13 22:15:35","2026-01-13 22:15:35",NULL
4711,143520,0,"2026-01-13 22:15:35","2026-01-13 22:15:35",NULL
4712,143521,0,"2026-01-13 22:15:35","2026-01-13 22:15:35",NULL
4713,143521,0,"2026-01-13 22:15:35","2026-01-13 22:15:35",NULL
4714,143525,0,"2026-01-13 22:15:35","2026-01-13 22:15:35",NULL
4715,143525,0,"2026-01-13 22:15:35","2026-01-13 22:15:35",NULL
4716,143525,0,"2026-01-13 22:15:35","2026-01-13 22:15:35",NULL
4717,143525,0,"2026-01-13 22:15:35","2026-01-13 22:15:35",NULL
4718,143526,0,"2026-01-13 22:15:35","2026-01-13 22:15:35",NULL
4719,143526,0,"2026-01-13 22:15:35","2026-01-13 22:15:35",NULL
4720,143526,0,"2026-01-13 22:15:35","2026-01-13 22:15:35",NULL
4721,143526,0,"2026-01-13 22:15:35","2026-01-13 22:15:35",NULL
4722,143526,0,"2026-01-13 22:15:35","2026-01-13 22:15:35",NULL
4723,143526,0,"2026-01-13 22:15:35","2026-01-13 22:15:35",NULL
4724,143526,0,"2026-01-13 22:15:35","2026-01-13 22:15:35",NULL
4725,143526,0,"2026-01-13 22:15:35","2026-01-13 22:15:35",NULL
4726,143526,0,"2026-01-13 22:15:35","2026-01-13 22:15:35",NULL
4727,143527,0,"2026-01-13 22:15:35","2026-01-13 22:15:35",NULL
4728,143527,0,"2026-01-13 22:15:35","2026-01-13 22:15:35",NULL
4729,143527,0,"2026-01-13 22:15:35","2026-01-13 22:15:35",NULL
4730,143527,0,"2026-01-13 22:15:35","2026-01-13 22:15:35",NULL
4731,143527,0,"2026-01-13 22:15:35","2026-01-13 22:15:35",NULL
4732,143527,0,"2026-01-13 22:15:35","2026-01-13 22:15:35",NULL
4733,143527,0,"2026-01-13 22:15:35","2026-01-13 22:15:35",NULL
4734,143527,0,"2026-01-13 22:15:35","2026-01-13 22:15:35",NULL
4735,143527,0,"2026-01-13 22:15:35","2026-01-13 22:15:35",NULL
4736,143527,0,"2026-01-13 22:15:35","2026-01-13 22:15:35",NULL
4737,143528,0,"2026-01-13 22:15:35","2026-01-13 22:15:35",NULL
4738,143528,0,"2026-01-13 22:15:35","2026-01-13 22:15:35",NULL
4739,143528,0,"2026-01-13 22:15:35","2026-01-13 22:15:35",NULL
4740,143528,0,"2026-01-13 22:15:35","2026-01-13 22:15:35",NULL
4741,143528,0,"2026-01-13 22:15:35","2026-01-13 22:15:35",NULL
4742,143528,0,"2026-01-13 22:15:35","2026-01-13 22:15:35",NULL
4743,143529,0,"2026-01-13 22:15:35","2026-01-13 22:15:35",NULL
4744,143529,0,"2026-01-13 22:15:35","2026-01-13 22:15:35",NULL
4745,143529,0,"2026-01-13 22:15:35","2026-01-13 22:15:35",NULL
4746,143529,0,"2026-01-13 22:15:35","2026-01-13 22:15:35",NULL
4747,143530,0,"2026-01-13 22:15:35","2026-01-13 22:15:35",NULL
4748,143530,0,"2026-01-13 22:15:35","2026-01-13 22:15:35",NULL
4749,143530,0,"2026-01-13 22:15:35","2026-01-13 22:15:35",NULL
4750,143530,0,"2026-01-13 22:15:35","2026-01-13 22:15:35",NULL
4751,143530,0,"2026-01-13 22:15:35","2026-01-13 22:15:35",NULL
4752,143530,0,"2026-01-13 22:15:35","2026-01-13 22:15:35",NULL
4753,143530,0,"2026-01-13 22:15:35","2026-01-13 22:15:35",NULL
4754,143530,0,"2026-01-13 22:15:35","2026-01-13 22:15:35",NULL
4755,143530,0,"2026-01-13 22:15:35","2026-01-13 22:15:35",NULL
4756,143531,0,"2026-01-13 22:15:35","2026-01-13 22:15:35",NULL
4757,143531,0,"2026-01-13 22:15:35","2026-01-13 22:15:35",NULL
4758,143531,0,"2026-01-13 22:15:35","2026-01-13 22:15:35",NULL
4759,143531,0,"2026-01-13 22:15:35","2026-01-13 22:15:35",NULL
4760,143531,0,"2026-01-13 22:15:35","2026-01-13 22:15:35",NULL
4761,143531,0,"2026-01-13 22:15:35","2026-01-13 22:15:35",NULL
4762,143531,0,"2026-01-13 22:15:35","2026-01-13 22:15:35",NULL
4763,143531,0,"2026-01-13 22:15:35","2026-01-13 22:15:35",NULL
4764,143531,0,"2026-01-13 22:15:35","2026-01-13 22:15:35",NULL
4765,143531,0,"2026-01-13 22:15:35","2026-01-13 22:15:35",NULL
4766,143532,0,"2026-01-13 22:15:36","2026-01-13 22:15:36",NULL
4767,143532,0,"2026-01-13 22:15:36","2026-01-13 22:15:36",NULL
4768,143532,0,"2026-01-13 22:15:36","2026-01-13 22:15:36",NULL
4769,143533,0,"2026-01-13 22:15:36","2026-01-13 22:15:36",NULL
4770,143533,0,"2026-01-13 22:15:36","2026-01-13 22:15:36",NULL
4771,143518,0,"2026-01-13 22:15:36","2026-01-13 22:15:36",NULL
4772,143518,0,"2026-01-13 22:15:36","2026-01-13 22:15:36",NULL
4773,143518,0,"2026-01-13 22:15:36","2026-01-13 22:15:36",NULL
4774,143519,0,"2026-01-13 22:15:36","2026-01-13 22:15:36",NULL
4775,143519,0,"2026-01-13 22:15:36","2026-01-13 22:15:36",NULL
4776,143519,0,"2026-01-13 22:15:36","2026-01-13 22:15:36",NULL
4777,143519,0,"2026-01-13 22:15:36","2026-01-13 22:15:36",NULL
4778,143519,0,"2026-01-13 22:15:36","2026-01-13 22:15:36",NULL
4779,143519,0,"2026-01-13 22:15:36","2026-01-13 22:15:36",NULL
4780,143519,0,"2026-01-13 22:15:36","2026-01-13 22:15:36",NULL
4781,143519,0,"2026-01-13 22:15:36","2026-01-13 22:15:36",NULL
4782,143519,0,"2026-01-13 22:15:36","2026-01-13 22:15:36",NULL
4783,143520,0,"2026-01-13 22:15:36","2026-01-13 22:15:36",NULL
4784,143520,0,"2026-01-13 22:15:36","2026-01-13 22:15:36",NULL
4785,143602,0,"2026-01-13 22:15:36","2026-01-13 22:15:36",NULL
4786,143602,0,"2026-01-13 22:15:36","2026-01-13 22:15:36",NULL
4787,143602,0,"2026-01-13 22:15:36","2026-01-13 22:15:36",NULL
4788,143602,0,"2026-01-13 22:15:36","2026-01-13 22:15:36",NULL
4789,143602,0,"2026-01-13 22:15:36","2026-01-13 22:15:36",NULL
4790,143603,0,"2026-01-13 22:15:36","2026-01-13 22:15:36",NULL
4791,144033,0,"2026-01-13 22:15:36","2026-01-13 22:15:36",NULL
4792,143603,0,"2026-01-13 22:15:36","2026-01-13 22:15:36",NULL
4793,143603,0,"2026-01-13 22:15:36","2026-01-13 22:15:36",NULL
4794,143603,0,"2026-01-13 22:15:36","2026-01-13 22:15:36",NULL
4795,143603,0,"2026-01-13 22:15:36","2026-01-13 22:15:36",NULL
4796,143604,0,"2026-01-13 22:15:36","2026-01-13 22:15:36",NULL
4797,143604,0,"2026-01-13 22:15:36","2026-01-13 22:15:36",NULL
4798,143604,0,"2026-01-13 22:15:36","2026-01-13 22:15:36",NULL
4799,143604,0,"2026-01-13 22:15:36","2026-01-13 22:15:36",NULL
4800,143604,0,"2026-01-13 22:15:36","2026-01-13 22:15:36",NULL
4801,143604,0,"2026-01-13 22:15:36","2026-01-13 22:15:36",NULL
4802,143604,0,"2026-01-13 22:15:36","2026-01-13 22:15:36",NULL
4803,143604,0,"2026-01-13 22:15:36","2026-01-13 22:15:36",NULL
4804,143604,0,"2026-01-13 22:15:36","2026-01-13 22:15:36",NULL
4805,143604,0,"2026-01-13 22:15:36","2026-01-13 22:15:36",NULL
4806,143604,0,"2026-01-13 22:15:36","2026-01-13 22:15:36",NULL
4807,143604,0,"2026-01-13 22:15:36","2026-01-13 22:15:36",NULL
4808,143605,0,"2026-01-13 22:15:36","2026-01-13 22:15:36",NULL
4809,143605,0,"2026-01-13 22:15:36","2026-01-13 22:15:36",NULL
4810,143605,0,"2026-01-13 22:15:36","2026-01-13 22:15:36",NULL
4811,143605,0,"2026-01-13 22:15:36","2026-01-13 22:15:36",NULL
4812,143533,0,"2026-01-13 22:15:36","2026-01-13 22:15:36",NULL
4813,143533,0,"2026-01-13 22:15:36","2026-01-13 22:15:36",NULL
4814,143534,0,"2026-01-13 22:15:36","2026-01-13 22:15:36",NULL
4815,143534,0,"2026-01-13 22:15:36","2026-01-13 22:15:36",NULL
4816,143534,0,"2026-01-13 22:15:36","2026-01-13 22:15:36",NULL
4817,143534,0,"2026-01-13 22:15:36","2026-01-13 22:15:36",NULL
4818,143534,0,"2026-01-13 22:15:36","2026-01-13 22:15:36",NULL
4819,143534,0,"2026-01-13 22:15:36","2026-01-13 22:15:36",NULL
4820,143534,0,"2026-01-13 22:15:36","2026-01-13 22:15:36",NULL
4821,143534,0,"2026-01-13 22:15:36","2026-01-13 22:15:36",NULL
4822,143601,0,"2026-01-13 22:15:36","2026-01-13 22:15:36",NULL
4823,143601,0,"2026-01-13 22:15:36","2026-01-13 22:15:36",NULL
4824,143601,0,"2026-01-13 22:15:36","2026-01-13 22:15:36",NULL
4825,143601,0,"2026-01-13 22:15:36","2026-01-13 22:15:36",NULL
4826,143601,0,"2026-01-13 22:15:36","2026-01-13 22:15:36",NULL
4827,143601,0,"2026-01-13 22:15:36","2026-01-13 22:15:36",NULL
4828,143601,0,"2026-01-13 22:15:36","2026-01-13 22:15:36",NULL
4829,143601,0,"2026-01-13 22:15:36","2026-01-13 22:15:36",NULL
4830,143601,0,"2026-01-13 22:15:36","2026-01-13 22:15:36",NULL
4831,143601,0,"2026-01-13 22:15:36","2026-01-13 22:15:36",NULL
4832,143601,0,"2026-01-13 22:15:36","2026-01-13 22:15:36",NULL
4833,143601,0,"2026-01-13 22:15:36","2026-01-13 22:15:36",NULL
4834,143601,0,"2026-01-13 22:15:36","2026-01-13 22:15:36",NULL
4835,143601,0,"2026-01-13 22:15:36","2026-01-13 22:15:36",NULL
4836,143601,0,"2026-01-13 22:15:36","2026-01-13 22:15:36",NULL
4837,143601,0,"2026-01-13 22:15:36","2026-01-13 22:15:36",NULL
4838,143602,0,"2026-01-13 22:15:36","2026-01-13 22:15:36",NULL
4839,143602,0,"2026-01-13 22:15:36","2026-01-13 22:15:36",NULL
4840,143602,0,"2026-01-13 22:15:36","2026-01-13 22:15:36",NULL
4841,143602,0,"2026-01-13 22:15:36","2026-01-13 22:15:36",NULL
4842,143605,0,"2026-01-13 22:15:36","2026-01-13 22:15:36",NULL
4843,143606,0,"2026-01-13 22:15:36","2026-01-13 22:15:36",NULL
4844,143606,0,"2026-01-13 22:15:36","2026-01-13 22:15:36",NULL
4845,143606,0,"2026-01-13 22:15:36","2026-01-13 22:15:36",NULL
4846,143606,0,"2026-01-13 22:15:36","2026-01-13 22:15:36",NULL
4847,143606,0,"2026-01-13 22:15:36","2026-01-13 22:15:36",NULL
4848,143606,0,"2026-01-13 22:15:36","2026-01-13 22:15:36",NULL
4849,143606,0,"2026-01-13 22:15:36","2026-01-13 22:15:36",NULL
4850,143606,0,"2026-01-13 22:15:36","2026-01-13 22:15:36",NULL
4851,143606,0,"2026-01-13 22:15:36","2026-01-13 22:15:36",NULL
4852,143606,0,"2026-01-13 22:15:36","2026-01-13 22:15:36",NULL
4853,144001,0,"2026-01-13 22:15:36","2026-01-13 22:15:36",NULL
4854,144001,0,"2026-01-13 22:15:36","2026-01-13 22:15:36",NULL
4855,144001,0,"2026-01-13 22:15:36","2026-01-13 22:15:36",NULL
4856,144001,0,"2026-01-13 22:15:36","2026-01-13 22:15:36",NULL
4857,144001,0,"2026-01-13 22:15:36","2026-01-13 22:15:36",NULL
4858,144001,0,"2026-01-13 22:15:36","2026-01-13 22:15:36",NULL
4859,144001,0,"2026-01-13 22:15:36","2026-01-13 22:15:36",NULL
4860,144001,0,"2026-01-13 22:15:36","2026-01-13 22:15:36",NULL
4861,144001,0,"2026-01-13 22:15:36","2026-01-13 22:15:36",NULL
4862,144001,0,"2026-01-13 22:15:36","2026-01-13 22:15:36",NULL
4863,144001,0,"2026-01-13 22:15:36","2026-01-13 22:15:36",NULL
4864,144001,0,"2026-01-13 22:15:36","2026-01-13 22:15:36",NULL
4865,144002,0,"2026-01-13 22:15:36","2026-01-13 22:15:36",NULL
4866,144002,0,"2026-01-13 22:15:36","2026-01-13 22:15:36",NULL
4867,144002,0,"2026-01-13 22:15:36","2026-01-13 22:15:36",NULL
4868,144002,0,"2026-01-13 22:15:36","2026-01-13 22:15:36",NULL
4869,144002,0,"2026-01-13 22:15:36","2026-01-13 22:15:36",NULL
4870,144002,0,"2026-01-13 22:15:36","2026-01-13 22:15:36",NULL
4871,144002,0,"2026-01-13 22:15:36","2026-01-13 22:15:36",NULL
4872,144002,0,"2026-01-13 22:15:36","2026-01-13 22:15:36",NULL
4873,144002,0,"2026-01-13 22:15:36","2026-01-13 22:15:36",NULL
4874,144002,0,"2026-01-13 22:15:36","2026-01-13 22:15:36",NULL
4875,144003,0,"2026-01-13 22:15:36","2026-01-13 22:15:36",NULL
4876,144003,0,"2026-01-13 22:15:36","2026-01-13 22:15:36",NULL
4877,144003,0,"2026-01-13 22:15:36","2026-01-13 22:15:36",NULL
4878,144003,0,"2026-01-13 22:15:36","2026-01-13 22:15:36",NULL
4879,144003,0,"2026-01-13 22:15:36","2026-01-13 22:15:36",NULL
4880,144004,0,"2026-01-13 22:15:36","2026-01-13 22:15:36",NULL
4881,144004,0,"2026-01-13 22:15:36","2026-01-13 22:15:36",NULL
4882,144004,0,"2026-01-13 22:15:36","2026-01-13 22:15:36",NULL
4883,144004,0,"2026-01-13 22:15:36","2026-01-13 22:15:36",NULL
4884,144004,0,"2026-01-13 22:15:36","2026-01-13 22:15:36",NULL
4885,144004,0,"2026-01-13 22:15:36","2026-01-13 22:15:36",NULL
4886,144004,0,"2026-01-13 22:15:36","2026-01-13 22:15:36",NULL
4887,144004,0,"2026-01-13 22:15:36","2026-01-13 22:15:36",NULL
4888,144005,0,"2026-01-13 22:15:36","2026-01-13 22:15:36",NULL
4889,144005,0,"2026-01-13 22:15:36","2026-01-13 22:15:36",NULL
4890,144005,0,"2026-01-13 22:15:36","2026-01-13 22:15:36",NULL
4891,144005,0,"2026-01-13 22:15:36","2026-01-13 22:15:36",NULL
4892,144006,0,"2026-01-13 22:15:36","2026-01-13 22:15:36",NULL
4893,144006,0,"2026-01-13 22:15:36","2026-01-13 22:15:36",NULL
4894,144007,0,"2026-01-13 22:15:36","2026-01-13 22:15:36",NULL
4895,144007,0,"2026-01-13 22:15:36","2026-01-13 22:15:36",NULL
4896,144008,0,"2026-01-13 22:15:36","2026-01-13 22:15:36",NULL
4897,144008,0,"2026-01-13 22:15:36","2026-01-13 22:15:36",NULL
4898,144008,0,"2026-01-13 22:15:36","2026-01-13 22:15:36",NULL
4899,144008,0,"2026-01-13 22:15:36","2026-01-13 22:15:36",NULL
4900,144008,0,"2026-01-13 22:15:36","2026-01-13 22:15:36",NULL
4901,144008,0,"2026-01-13 22:15:36","2026-01-13 22:15:36",NULL
4902,144008,0,"2026-01-13 22:15:36","2026-01-13 22:15:36",NULL
4903,144009,0,"2026-01-13 22:15:36","2026-01-13 22:15:36",NULL
4904,144009,0,"2026-01-13 22:15:36","2026-01-13 22:15:36",NULL
4905,144010,0,"2026-01-13 22:15:36","2026-01-13 22:15:36",NULL
4906,144012,0,"2026-01-13 22:15:36","2026-01-13 22:15:36",NULL
4907,144012,0,"2026-01-13 22:15:36","2026-01-13 22:15:36",NULL
4908,144012,0,"2026-01-13 22:15:36","2026-01-13 22:15:36",NULL
4909,144013,0,"2026-01-13 22:15:36","2026-01-13 22:15:36",NULL
4910,144013,0,"2026-01-13 22:15:36","2026-01-13 22:15:36",NULL
4911,144013,0,"2026-01-13 22:15:36","2026-01-13 22:15:36",NULL
4912,144014,0,"2026-01-13 22:15:36","2026-01-13 22:15:36",NULL
4913,144020,0,"2026-01-13 22:15:36","2026-01-13 22:15:36",NULL
4914,144020,0,"2026-01-13 22:15:36","2026-01-13 22:15:36",NULL
4915,144020,0,"2026-01-13 22:15:36","2026-01-13 22:15:36",NULL
4916,144021,0,"2026-01-13 22:15:36","2026-01-13 22:15:36",NULL
4917,144022,0,"2026-01-13 22:15:36","2026-01-13 22:15:36",NULL
4918,144022,0,"2026-01-13 22:15:36","2026-01-13 22:15:36",NULL
4919,144022,0,"2026-01-13 22:15:36","2026-01-13 22:15:36",NULL
4920,144023,0,"2026-01-13 22:15:36","2026-01-13 22:15:36",NULL
4921,144024,0,"2026-01-13 22:15:36","2026-01-13 22:15:36",NULL
4922,144024,0,"2026-01-13 22:15:36","2026-01-13 22:15:36",NULL
4923,144024,0,"2026-01-13 22:15:36","2026-01-13 22:15:36",NULL
4924,144024,0,"2026-01-13 22:15:36","2026-01-13 22:15:36",NULL
4925,144024,0,"2026-01-13 22:15:36","2026-01-13 22:15:36",NULL
4926,144025,0,"2026-01-13 22:15:36","2026-01-13 22:15:36",NULL
4927,144025,0,"2026-01-13 22:15:36","2026-01-13 22:15:36",NULL
4928,144025,0,"2026-01-13 22:15:36","2026-01-13 22:15:36",NULL
4929,144025,0,"2026-01-13 22:15:36","2026-01-13 22:15:36",NULL
4930,144025,0,"2026-01-13 22:15:36","2026-01-13 22:15:36",NULL
4931,144025,0,"2026-01-13 22:15:36","2026-01-13 22:15:36",NULL
4932,144025,0,"2026-01-13 22:15:36","2026-01-13 22:15:36",NULL
4933,144025,0,"2026-01-13 22:15:36","2026-01-13 22:15:36",NULL
4934,144026,0,"2026-01-13 22:15:36","2026-01-13 22:15:36",NULL
4935,144026,0,"2026-01-13 22:15:36","2026-01-13 22:15:36",NULL
4936,144026,0,"2026-01-13 22:15:36","2026-01-13 22:15:36",NULL
4937,144026,0,"2026-01-13 22:15:36","2026-01-13 22:15:36",NULL
4938,144026,0,"2026-01-13 22:15:36","2026-01-13 22:15:36",NULL
4939,144026,0,"2026-01-13 22:15:36","2026-01-13 22:15:36",NULL
4940,144026,0,"2026-01-13 22:15:36","2026-01-13 22:15:36",NULL
4941,144026,0,"2026-01-13 22:15:36","2026-01-13 22:15:36",NULL
4942,144027,0,"2026-01-13 22:15:36","2026-01-13 22:15:36",NULL
4943,144028,0,"2026-01-13 22:15:36","2026-01-13 22:15:36",NULL
4944,144028,0,"2026-01-13 22:15:36","2026-01-13 22:15:36",NULL
4945,144029,0,"2026-01-13 22:15:36","2026-01-13 22:15:36",NULL
4946,144029,0,"2026-01-13 22:15:36","2026-01-13 22:15:36",NULL
4947,144029,0,"2026-01-13 22:15:36","2026-01-13 22:15:36",NULL
4948,144029,0,"2026-01-13 22:15:36","2026-01-13 22:15:36",NULL
4949,144029,0,"2026-01-13 22:15:36","2026-01-13 22:15:36",NULL
4950,144030,0,"2026-01-13 22:15:36","2026-01-13 22:15:36",NULL
4951,144030,0,"2026-01-13 22:15:36","2026-01-13 22:15:36",NULL
4952,144031,0,"2026-01-13 22:15:36","2026-01-13 22:15:36",NULL
4953,144032,0,"2026-01-13 22:15:36","2026-01-13 22:15:36",NULL
4954,144032,0,"2026-01-13 22:15:36","2026-01-13 22:15:36",NULL
4955,144032,0,"2026-01-13 22:15:36","2026-01-13 22:15:36",NULL
4956,144033,0,"2026-01-13 22:15:36","2026-01-13 22:15:36",NULL
4957,144207,0,"2026-01-13 22:15:36","2026-01-13 22:15:36",NULL
4958,144033,0,"2026-01-13 22:15:36","2026-01-13 22:15:36",NULL
4959,144033,0,"2026-01-13 22:15:36","2026-01-13 22:15:36",NULL
4960,144033,0,"2026-01-13 22:15:36","2026-01-13 22:15:36",NULL
4961,144033,0,"2026-01-13 22:15:36","2026-01-13 22:15:36",NULL
4962,144034,0,"2026-01-13 22:15:36","2026-01-13 22:15:36",NULL
4963,144034,0,"2026-01-13 22:15:36","2026-01-13 22:15:36",NULL
4964,144034,0,"2026-01-13 22:15:36","2026-01-13 22:15:36",NULL
4965,144034,0,"2026-01-13 22:15:36","2026-01-13 22:15:36",NULL
4966,144034,0,"2026-01-13 22:15:36","2026-01-13 22:15:36",NULL
4967,144035,0,"2026-01-13 22:15:36","2026-01-13 22:15:36",NULL
4968,144035,0,"2026-01-13 22:15:36","2026-01-13 22:15:36",NULL
4969,144035,0,"2026-01-13 22:15:36","2026-01-13 22:15:36",NULL
4970,144035,0,"2026-01-13 22:15:36","2026-01-13 22:15:36",NULL
4971,144036,0,"2026-01-13 22:15:36","2026-01-13 22:15:36",NULL
4972,144011,0,"2026-01-13 22:15:36","2026-01-13 22:15:36",NULL
4973,144012,0,"2026-01-13 22:15:36","2026-01-13 22:15:36",NULL
4974,144040,0,"2026-01-13 22:15:36","2026-01-13 22:15:36",NULL
4975,144040,0,"2026-01-13 22:15:36","2026-01-13 22:15:36",NULL
4976,144040,0,"2026-01-13 22:15:36","2026-01-13 22:15:36",NULL
4977,144040,0,"2026-01-13 22:15:36","2026-01-13 22:15:36",NULL
4978,144040,0,"2026-01-13 22:15:36","2026-01-13 22:15:36",NULL
4979,144040,0,"2026-01-13 22:15:36","2026-01-13 22:15:36",NULL
4980,144040,0,"2026-01-13 22:15:36","2026-01-13 22:15:36",NULL
4981,144040,0,"2026-01-13 22:15:36","2026-01-13 22:15:36",NULL
4982,144040,0,"2026-01-13 22:15:36","2026-01-13 22:15:36",NULL
4983,144040,0,"2026-01-13 22:15:36","2026-01-13 22:15:36",NULL
4984,144040,0,"2026-01-13 22:15:36","2026-01-13 22:15:36",NULL
4985,144041,0,"2026-01-13 22:15:36","2026-01-13 22:15:36",NULL
4986,144041,0,"2026-01-13 22:15:36","2026-01-13 22:15:36",NULL
4987,144041,0,"2026-01-13 22:15:36","2026-01-13 22:15:36",NULL
4988,144041,0,"2026-01-13 22:15:36","2026-01-13 22:15:36",NULL
4989,144041,0,"2026-01-13 22:15:36","2026-01-13 22:15:36",NULL
4990,144041,0,"2026-01-13 22:15:36","2026-01-13 22:15:36",NULL
4991,144041,0,"2026-01-13 22:15:36","2026-01-13 22:15:36",NULL
4992,144041,0,"2026-01-13 22:15:36","2026-01-13 22:15:36",NULL
4993,144041,0,"2026-01-13 22:15:36","2026-01-13 22:15:36",NULL
4994,144041,0,"2026-01-13 22:15:36","2026-01-13 22:15:36",NULL
4995,144041,0,"2026-01-13 22:15:36","2026-01-13 22:15:36",NULL
4996,144041,0,"2026-01-13 22:15:36","2026-01-13 22:15:36",NULL
4997,144041,0,"2026-01-13 22:15:36","2026-01-13 22:15:36",NULL
4998,144041,0,"2026-01-13 22:15:36","2026-01-13 22:15:36",NULL
4999,144042,0,"2026-01-13 22:15:36","2026-01-13 22:15:36",NULL
5000,144042,0,"2026-01-13 22:15:36","2026-01-13 22:15:36",NULL
5001,144042,0,"2026-01-13 22:15:36","2026-01-13 22:15:36",NULL
5002,144042,0,"2026-01-13 22:15:36","2026-01-13 22:15:36",NULL
5003,144043,0,"2026-01-13 22:15:36","2026-01-13 22:15:36",NULL
5004,144043,0,"2026-01-13 22:15:36","2026-01-13 22:15:36",NULL
5005,144043,0,"2026-01-13 22:15:36","2026-01-13 22:15:36",NULL
5006,144043,0,"2026-01-13 22:15:36","2026-01-13 22:15:36",NULL
5007,144043,0,"2026-01-13 22:15:36","2026-01-13 22:15:36",NULL
5008,144043,0,"2026-01-13 22:15:36","2026-01-13 22:15:36",NULL
5009,144044,0,"2026-01-13 22:15:36","2026-01-13 22:15:36",NULL
5010,144044,0,"2026-01-13 22:15:36","2026-01-13 22:15:36",NULL
5011,144044,0,"2026-01-13 22:15:36","2026-01-13 22:15:36",NULL
5012,144101,0,"2026-01-13 22:15:36","2026-01-13 22:15:36",NULL
5013,144101,0,"2026-01-13 22:15:36","2026-01-13 22:15:36",NULL
5014,144101,0,"2026-01-13 22:15:36","2026-01-13 22:15:36",NULL
5015,144101,0,"2026-01-13 22:15:36","2026-01-13 22:15:36",NULL
5016,144101,0,"2026-01-13 22:15:36","2026-01-13 22:15:36",NULL
5017,144101,0,"2026-01-13 22:15:36","2026-01-13 22:15:36",NULL
5018,144036,0,"2026-01-13 22:15:36","2026-01-13 22:15:36",NULL
5019,144036,0,"2026-01-13 22:15:36","2026-01-13 22:15:36",NULL
5020,144036,0,"2026-01-13 22:15:36","2026-01-13 22:15:36",NULL
5021,144036,0,"2026-01-13 22:15:36","2026-01-13 22:15:36",NULL
5022,144037,0,"2026-01-13 22:15:36","2026-01-13 22:15:36",NULL
5023,144037,0,"2026-01-13 22:15:36","2026-01-13 22:15:36",NULL
5024,144037,0,"2026-01-13 22:15:36","2026-01-13 22:15:36",NULL
5025,144039,0,"2026-01-13 22:15:36","2026-01-13 22:15:36",NULL
5026,144039,0,"2026-01-13 22:15:36","2026-01-13 22:15:36",NULL
5027,144039,0,"2026-01-13 22:15:36","2026-01-13 22:15:36",NULL
5028,144039,0,"2026-01-13 22:15:36","2026-01-13 22:15:36",NULL
5029,144039,0,"2026-01-13 22:15:36","2026-01-13 22:15:36",NULL
5030,144039,0,"2026-01-13 22:15:36","2026-01-13 22:15:36",NULL
5031,144039,0,"2026-01-13 22:15:36","2026-01-13 22:15:36",NULL
5032,144039,0,"2026-01-13 22:15:36","2026-01-13 22:15:36",NULL
5033,144039,0,"2026-01-13 22:15:36","2026-01-13 22:15:36",NULL
5034,144039,0,"2026-01-13 22:15:36","2026-01-13 22:15:36",NULL
5035,144039,0,"2026-01-13 22:15:36","2026-01-13 22:15:36",NULL
5036,144039,0,"2026-01-13 22:15:36","2026-01-13 22:15:36",NULL
5037,144039,0,"2026-01-13 22:15:36","2026-01-13 22:15:36",NULL
5038,144039,0,"2026-01-13 22:15:36","2026-01-13 22:15:36",NULL
5039,144039,0,"2026-01-13 22:15:36","2026-01-13 22:15:36",NULL
5040,144040,0,"2026-01-13 22:15:36","2026-01-13 22:15:36",NULL
5041,144040,0,"2026-01-13 22:15:36","2026-01-13 22:15:36",NULL
5042,144040,0,"2026-01-13 22:15:36","2026-01-13 22:15:36",NULL
5043,144201,0,"2026-01-13 22:15:36","2026-01-13 22:15:36",NULL
5044,144201,0,"2026-01-13 22:15:36","2026-01-13 22:15:36",NULL
5045,144201,0,"2026-01-13 22:15:36","2026-01-13 22:15:36",NULL
5046,144201,0,"2026-01-13 22:15:36","2026-01-13 22:15:36",NULL
5047,144201,0,"2026-01-13 22:15:36","2026-01-13 22:15:36",NULL
5048,144202,0,"2026-01-13 22:15:36","2026-01-13 22:15:36",NULL
5049,144202,0,"2026-01-13 22:15:36","2026-01-13 22:15:36",NULL
5050,144202,0,"2026-01-13 22:15:36","2026-01-13 22:15:36",NULL
5051,144202,0,"2026-01-13 22:15:36","2026-01-13 22:15:36",NULL
5052,144202,0,"2026-01-13 22:15:36","2026-01-13 22:15:36",NULL
5053,144202,0,"2026-01-13 22:15:36","2026-01-13 22:15:36",NULL
5054,144202,0,"2026-01-13 22:15:36","2026-01-13 22:15:36",NULL
5055,144202,0,"2026-01-13 22:15:36","2026-01-13 22:15:36",NULL
5056,144204,0,"2026-01-13 22:15:36","2026-01-13 22:15:36",NULL
5057,144204,0,"2026-01-13 22:15:36","2026-01-13 22:15:36",NULL
5058,144204,0,"2026-01-13 22:15:36","2026-01-13 22:15:36",NULL
5059,144204,0,"2026-01-13 22:15:36","2026-01-13 22:15:36",NULL
5060,144204,0,"2026-01-13 22:15:36","2026-01-13 22:15:36",NULL
5061,144204,0,"2026-01-13 22:15:36","2026-01-13 22:15:36",NULL
5062,144204,0,"2026-01-13 22:15:36","2026-01-13 22:15:36",NULL
5063,144204,0,"2026-01-13 22:15:36","2026-01-13 22:15:36",NULL
5064,144204,0,"2026-01-13 22:15:36","2026-01-13 22:15:36",NULL
5065,144102,0,"2026-01-13 22:15:36","2026-01-13 22:15:36",NULL
5066,144102,0,"2026-01-13 22:15:36","2026-01-13 22:15:36",NULL
5067,144102,0,"2026-01-13 22:15:36","2026-01-13 22:15:36",NULL
5068,144102,0,"2026-01-13 22:15:36","2026-01-13 22:15:36",NULL
5069,144102,0,"2026-01-13 22:15:36","2026-01-13 22:15:36",NULL
5070,144102,0,"2026-01-13 22:15:36","2026-01-13 22:15:36",NULL
5071,144102,0,"2026-01-13 22:15:36","2026-01-13 22:15:36",NULL
5072,144102,0,"2026-01-13 22:15:36","2026-01-13 22:15:36",NULL
5073,144102,0,"2026-01-13 22:15:36","2026-01-13 22:15:36",NULL
5074,144102,0,"2026-01-13 22:15:36","2026-01-13 22:15:36",NULL
5075,144103,0,"2026-01-13 22:15:36","2026-01-13 22:15:36",NULL
5076,144103,0,"2026-01-13 22:15:36","2026-01-13 22:15:36",NULL
5077,144103,0,"2026-01-13 22:15:36","2026-01-13 22:15:36",NULL
5078,144104,0,"2026-01-13 22:15:36","2026-01-13 22:15:36",NULL
5079,144104,0,"2026-01-13 22:15:36","2026-01-13 22:15:36",NULL
5080,144105,0,"2026-01-13 22:15:36","2026-01-13 22:15:36",NULL
5081,144105,0,"2026-01-13 22:15:36","2026-01-13 22:15:36",NULL
5082,144105,0,"2026-01-13 22:15:36","2026-01-13 22:15:36",NULL
5083,144105,0,"2026-01-13 22:15:36","2026-01-13 22:15:36",NULL
5084,144105,0,"2026-01-13 22:15:36","2026-01-13 22:15:36",NULL
5085,144105,0,"2026-01-13 22:15:36","2026-01-13 22:15:36",NULL
5086,144105,0,"2026-01-13 22:15:36","2026-01-13 22:15:36",NULL
5087,144105,0,"2026-01-13 22:15:36","2026-01-13 22:15:36",NULL
5088,144105,0,"2026-01-13 22:15:36","2026-01-13 22:15:36",NULL
5089,144105,0,"2026-01-13 22:15:36","2026-01-13 22:15:36",NULL
5090,144105,0,"2026-01-13 22:15:36","2026-01-13 22:15:36",NULL
5091,144105,0,"2026-01-13 22:15:36","2026-01-13 22:15:36",NULL
5092,144105,0,"2026-01-13 22:15:36","2026-01-13 22:15:36",NULL
5093,144105,0,"2026-01-13 22:15:36","2026-01-13 22:15:36",NULL
5094,144106,0,"2026-01-13 22:15:36","2026-01-13 22:15:36",NULL
5095,144106,0,"2026-01-13 22:15:36","2026-01-13 22:15:36",NULL
5096,144106,0,"2026-01-13 22:15:36","2026-01-13 22:15:36",NULL
5097,144106,0,"2026-01-13 22:15:36","2026-01-13 22:15:36",NULL
5098,144106,0,"2026-01-13 22:15:36","2026-01-13 22:15:36",NULL
5099,144106,0,"2026-01-13 22:15:36","2026-01-13 22:15:36",NULL
5100,144106,0,"2026-01-13 22:15:36","2026-01-13 22:15:36",NULL
5101,144201,0,"2026-01-13 22:15:36","2026-01-13 22:15:36",NULL
5102,144201,0,"2026-01-13 22:15:36","2026-01-13 22:15:36",NULL
5103,144201,0,"2026-01-13 22:15:36","2026-01-13 22:15:36",NULL
5104,144201,0,"2026-01-13 22:15:36","2026-01-13 22:15:36",NULL
5105,144201,0,"2026-01-13 22:15:36","2026-01-13 22:15:36",NULL
5106,144201,0,"2026-01-13 22:15:36","2026-01-13 22:15:36",NULL
5107,144201,0,"2026-01-13 22:15:36","2026-01-13 22:15:36",NULL
5108,144201,0,"2026-01-13 22:15:36","2026-01-13 22:15:36",NULL
5109,144201,0,"2026-01-13 22:15:36","2026-01-13 22:15:36",NULL
5110,144201,0,"2026-01-13 22:15:36","2026-01-13 22:15:36",NULL
5111,144201,0,"2026-01-13 22:15:36","2026-01-13 22:15:36",NULL
5112,144201,0,"2026-01-13 22:15:36","2026-01-13 22:15:36",NULL
5113,144214,0,"2026-01-13 22:15:36","2026-01-13 22:15:36",NULL
5114,144214,0,"2026-01-13 22:15:36","2026-01-13 22:15:36",NULL
5115,144204,0,"2026-01-13 22:15:36","2026-01-13 22:15:36",NULL
5116,144204,0,"2026-01-13 22:15:36","2026-01-13 22:15:36",NULL
5117,144204,0,"2026-01-13 22:15:36","2026-01-13 22:15:36",NULL
5118,144205,0,"2026-01-13 22:15:36","2026-01-13 22:15:36",NULL
5119,144206,0,"2026-01-13 22:15:36","2026-01-13 22:15:36",NULL
5120,144206,0,"2026-01-13 22:15:36","2026-01-13 22:15:36",NULL
5121,144206,0,"2026-01-13 22:15:36","2026-01-13 22:15:36",NULL
5122,144207,0,"2026-01-13 22:15:36","2026-01-13 22:15:36",NULL
5123,144207,0,"2026-01-13 22:15:36","2026-01-13 22:15:36",NULL
5124,144207,0,"2026-01-13 22:15:36","2026-01-13 22:15:36",NULL
5125,144411,0,"2026-01-13 22:15:36","2026-01-13 22:15:36",NULL
5126,144207,0,"2026-01-13 22:15:36","2026-01-13 22:15:36",NULL
5127,144207,0,"2026-01-13 22:15:36","2026-01-13 22:15:36",NULL
5128,144207,0,"2026-01-13 22:15:36","2026-01-13 22:15:36",NULL
5129,144207,0,"2026-01-13 22:15:36","2026-01-13 22:15:36",NULL
5130,144207,0,"2026-01-13 22:15:36","2026-01-13 22:15:36",NULL
5131,144207,0,"2026-01-13 22:15:36","2026-01-13 22:15:36",NULL
5132,144207,0,"2026-01-13 22:15:36","2026-01-13 22:15:36",NULL
5133,144207,0,"2026-01-13 22:15:36","2026-01-13 22:15:36",NULL
5134,144207,0,"2026-01-13 22:15:36","2026-01-13 22:15:36",NULL
5135,144207,0,"2026-01-13 22:15:36","2026-01-13 22:15:36",NULL
5136,144207,0,"2026-01-13 22:15:36","2026-01-13 22:15:36",NULL
5137,144207,0,"2026-01-13 22:15:36","2026-01-13 22:15:36",NULL
5138,144208,0,"2026-01-13 22:15:36","2026-01-13 22:15:36",NULL
5139,144208,0,"2026-01-13 22:15:36","2026-01-13 22:15:36",NULL
5140,144208,0,"2026-01-13 22:15:36","2026-01-13 22:15:36",NULL
5141,144208,0,"2026-01-13 22:15:36","2026-01-13 22:15:36",NULL
5142,144208,0,"2026-01-13 22:15:36","2026-01-13 22:15:36",NULL
5143,144208,0,"2026-01-13 22:15:36","2026-01-13 22:15:36",NULL
5144,144208,0,"2026-01-13 22:15:36","2026-01-13 22:15:36",NULL
5145,144208,0,"2026-01-13 22:15:36","2026-01-13 22:15:36",NULL
5146,144208,0,"2026-01-13 22:15:36","2026-01-13 22:15:36",NULL
5147,144208,0,"2026-01-13 22:15:36","2026-01-13 22:15:36",NULL
5148,144209,0,"2026-01-13 22:15:36","2026-01-13 22:15:36",NULL
5149,144209,0,"2026-01-13 22:15:36","2026-01-13 22:15:36",NULL
5150,144209,0,"2026-01-13 22:15:36","2026-01-13 22:15:36",NULL
5151,144209,0,"2026-01-13 22:15:36","2026-01-13 22:15:36",NULL
5152,144210,0,"2026-01-13 22:15:36","2026-01-13 22:15:36",NULL
5153,144210,0,"2026-01-13 22:15:36","2026-01-13 22:15:36",NULL
5154,144210,0,"2026-01-13 22:15:36","2026-01-13 22:15:36",NULL
5155,144210,0,"2026-01-13 22:15:36","2026-01-13 22:15:36",NULL
5156,144210,0,"2026-01-13 22:15:36","2026-01-13 22:15:36",NULL
5157,144210,0,"2026-01-13 22:15:36","2026-01-13 22:15:36",NULL
5158,144210,0,"2026-01-13 22:15:36","2026-01-13 22:15:36",NULL
5159,144211,0,"2026-01-13 22:15:36","2026-01-13 22:15:36",NULL
5160,144211,0,"2026-01-13 22:15:36","2026-01-13 22:15:36",NULL
5161,144211,0,"2026-01-13 22:15:36","2026-01-13 22:15:36",NULL
5162,144211,0,"2026-01-13 22:15:36","2026-01-13 22:15:36",NULL
5163,144211,0,"2026-01-13 22:15:36","2026-01-13 22:15:36",NULL
5164,144211,0,"2026-01-13 22:15:36","2026-01-13 22:15:36",NULL
5165,144211,0,"2026-01-13 22:15:36","2026-01-13 22:15:36",NULL
5166,144211,0,"2026-01-13 22:15:36","2026-01-13 22:15:36",NULL
5167,144211,0,"2026-01-13 22:15:36","2026-01-13 22:15:36",NULL
5168,144212,0,"2026-01-13 22:15:36","2026-01-13 22:15:36",NULL
5169,144212,0,"2026-01-13 22:15:36","2026-01-13 22:15:36",NULL
5170,144212,0,"2026-01-13 22:15:36","2026-01-13 22:15:36",NULL
5171,144212,0,"2026-01-13 22:15:36","2026-01-13 22:15:36",NULL
5172,144212,0,"2026-01-13 22:15:36","2026-01-13 22:15:36",NULL
5173,144212,0,"2026-01-13 22:15:36","2026-01-13 22:15:36",NULL
5174,144212,0,"2026-01-13 22:15:36","2026-01-13 22:15:36",NULL
5175,144212,0,"2026-01-13 22:15:36","2026-01-13 22:15:36",NULL
5176,144212,0,"2026-01-13 22:15:36","2026-01-13 22:15:36",NULL
5177,144213,0,"2026-01-13 22:15:36","2026-01-13 22:15:36",NULL
5178,144213,0,"2026-01-13 22:15:36","2026-01-13 22:15:36",NULL
5179,144213,0,"2026-01-13 22:15:36","2026-01-13 22:15:36",NULL
5180,144213,0,"2026-01-13 22:15:36","2026-01-13 22:15:36",NULL
5181,144213,0,"2026-01-13 22:15:36","2026-01-13 22:15:36",NULL
5182,144214,0,"2026-01-13 22:15:36","2026-01-13 22:15:36",NULL
5183,144214,0,"2026-01-13 22:15:36","2026-01-13 22:15:36",NULL
5184,144214,0,"2026-01-13 22:15:36","2026-01-13 22:15:36",NULL
5185,144214,0,"2026-01-13 22:15:36","2026-01-13 22:15:36",NULL
5186,144214,0,"2026-01-13 22:15:36","2026-01-13 22:15:36",NULL
5187,144214,0,"2026-01-13 22:15:36","2026-01-13 22:15:36",NULL
5188,144216,0,"2026-01-13 22:15:36","2026-01-13 22:15:36",NULL
5189,144216,0,"2026-01-13 22:15:36","2026-01-13 22:15:36",NULL
5190,144216,0,"2026-01-13 22:15:36","2026-01-13 22:15:36",NULL
5191,144221,0,"2026-01-13 22:15:36","2026-01-13 22:15:36",NULL
5192,144221,0,"2026-01-13 22:15:36","2026-01-13 22:15:36",NULL
5193,144221,0,"2026-01-13 22:15:36","2026-01-13 22:15:36",NULL
5194,144221,0,"2026-01-13 22:15:36","2026-01-13 22:15:36",NULL
5195,144221,0,"2026-01-13 22:15:36","2026-01-13 22:15:36",NULL
5196,144221,0,"2026-01-13 22:15:36","2026-01-13 22:15:36",NULL
5197,144221,0,"2026-01-13 22:15:36","2026-01-13 22:15:36",NULL
5198,144221,0,"2026-01-13 22:15:36","2026-01-13 22:15:36",NULL
5199,144221,0,"2026-01-13 22:15:36","2026-01-13 22:15:36",NULL
5200,144221,0,"2026-01-13 22:15:36","2026-01-13 22:15:36",NULL
5201,144221,0,"2026-01-13 22:15:36","2026-01-13 22:15:36",NULL
5202,144221,0,"2026-01-13 22:15:36","2026-01-13 22:15:36",NULL
5203,144221,0,"2026-01-13 22:15:36","2026-01-13 22:15:36",NULL
5204,144222,0,"2026-01-13 22:15:36","2026-01-13 22:15:36",NULL
5205,144222,0,"2026-01-13 22:15:36","2026-01-13 22:15:36",NULL
5206,144222,0,"2026-01-13 22:15:36","2026-01-13 22:15:36",NULL
5207,144222,0,"2026-01-13 22:15:36","2026-01-13 22:15:36",NULL
5208,144222,0,"2026-01-13 22:15:36","2026-01-13 22:15:36",NULL
5209,144223,0,"2026-01-13 22:15:36","2026-01-13 22:15:36",NULL
5210,144223,0,"2026-01-13 22:15:36","2026-01-13 22:15:36",NULL
5211,144223,0,"2026-01-13 22:15:36","2026-01-13 22:15:36",NULL
5212,144223,0,"2026-01-13 22:15:36","2026-01-13 22:15:36",NULL
5213,144223,0,"2026-01-13 22:15:36","2026-01-13 22:15:36",NULL
5214,144223,0,"2026-01-13 22:15:36","2026-01-13 22:15:36",NULL
5215,144223,0,"2026-01-13 22:15:36","2026-01-13 22:15:36",NULL
5216,144223,0,"2026-01-13 22:15:36","2026-01-13 22:15:36",NULL
5217,144224,0,"2026-01-13 22:15:36","2026-01-13 22:15:36",NULL
5218,144224,0,"2026-01-13 22:15:36","2026-01-13 22:15:36",NULL
5219,144224,0,"2026-01-13 22:15:36","2026-01-13 22:15:36",NULL
5220,144224,0,"2026-01-13 22:15:36","2026-01-13 22:15:36",NULL
5221,144224,0,"2026-01-13 22:15:36","2026-01-13 22:15:36",NULL
5222,144224,0,"2026-01-13 22:15:36","2026-01-13 22:15:36",NULL
5223,144224,0,"2026-01-13 22:15:36","2026-01-13 22:15:36",NULL
5224,144301,0,"2026-01-13 22:15:36","2026-01-13 22:15:36",NULL
5225,144301,0,"2026-01-13 22:15:36","2026-01-13 22:15:36",NULL
5226,144301,0,"2026-01-13 22:15:36","2026-01-13 22:15:36",NULL
5227,144301,0,"2026-01-13 22:15:36","2026-01-13 22:15:36",NULL
5228,144302,0,"2026-01-13 22:15:36","2026-01-13 22:15:36",NULL
5229,144302,0,"2026-01-13 22:15:36","2026-01-13 22:15:36",NULL
5230,144302,0,"2026-01-13 22:15:36","2026-01-13 22:15:36",NULL
5231,144302,0,"2026-01-13 22:15:36","2026-01-13 22:15:36",NULL
5232,144303,0,"2026-01-13 22:15:36","2026-01-13 22:15:36",NULL
5233,144303,0,"2026-01-13 22:15:36","2026-01-13 22:15:36",NULL
5234,144303,0,"2026-01-13 22:15:36","2026-01-13 22:15:36",NULL
5235,144303,0,"2026-01-13 22:15:36","2026-01-13 22:15:36",NULL
5236,144303,0,"2026-01-13 22:15:37","2026-01-13 22:15:37",NULL
5237,144305,0,"2026-01-13 22:15:37","2026-01-13 22:15:37",NULL
5238,144305,0,"2026-01-13 22:15:37","2026-01-13 22:15:37",NULL
5239,144305,0,"2026-01-13 22:15:37","2026-01-13 22:15:37",NULL
5240,144305,0,"2026-01-13 22:15:37","2026-01-13 22:15:37",NULL
5241,144305,0,"2026-01-13 22:15:37","2026-01-13 22:15:37",NULL
5242,144305,0,"2026-01-13 22:15:37","2026-01-13 22:15:37",NULL
5243,144305,0,"2026-01-13 22:15:37","2026-01-13 22:15:37",NULL
5244,144305,0,"2026-01-13 22:15:37","2026-01-13 22:15:37",NULL
5245,144306,0,"2026-01-13 22:15:37","2026-01-13 22:15:37",NULL
5246,144306,0,"2026-01-13 22:15:37","2026-01-13 22:15:37",NULL
5247,144306,0,"2026-01-13 22:15:37","2026-01-13 22:15:37",NULL
5248,144306,0,"2026-01-13 22:15:37","2026-01-13 22:15:37",NULL
5249,144403,0,"2026-01-13 22:15:37","2026-01-13 22:15:37",NULL
5250,144403,0,"2026-01-13 22:15:37","2026-01-13 22:15:37",NULL
5251,144403,0,"2026-01-13 22:15:37","2026-01-13 22:15:37",NULL
5252,144404,0,"2026-01-13 22:15:37","2026-01-13 22:15:37",NULL
5253,144404,0,"2026-01-13 22:15:37","2026-01-13 22:15:37",NULL
5254,144404,0,"2026-01-13 22:15:37","2026-01-13 22:15:37",NULL
5255,144404,0,"2026-01-13 22:15:37","2026-01-13 22:15:37",NULL
5256,144404,0,"2026-01-13 22:15:37","2026-01-13 22:15:37",NULL
5257,144404,0,"2026-01-13 22:15:37","2026-01-13 22:15:37",NULL
5258,144404,0,"2026-01-13 22:15:37","2026-01-13 22:15:37",NULL
5259,144405,0,"2026-01-13 22:15:37","2026-01-13 22:15:37",NULL
5260,144405,0,"2026-01-13 22:15:37","2026-01-13 22:15:37",NULL
5261,144405,0,"2026-01-13 22:15:37","2026-01-13 22:15:37",NULL
5262,144405,0,"2026-01-13 22:15:37","2026-01-13 22:15:37",NULL
5263,144406,0,"2026-01-13 22:15:37","2026-01-13 22:15:37",NULL
5264,144406,0,"2026-01-13 22:15:37","2026-01-13 22:15:37",NULL
5265,144407,0,"2026-01-13 22:15:37","2026-01-13 22:15:37",NULL
5266,144407,0,"2026-01-13 22:15:37","2026-01-13 22:15:37",NULL
5267,144407,0,"2026-01-13 22:15:37","2026-01-13 22:15:37",NULL
5268,144407,0,"2026-01-13 22:15:37","2026-01-13 22:15:37",NULL
5269,144407,0,"2026-01-13 22:15:37","2026-01-13 22:15:37",NULL
5270,144408,0,"2026-01-13 22:15:37","2026-01-13 22:15:37",NULL
5271,144409,0,"2026-01-13 22:15:37","2026-01-13 22:15:37",NULL
5272,144409,0,"2026-01-13 22:15:37","2026-01-13 22:15:37",NULL
5273,144409,0,"2026-01-13 22:15:37","2026-01-13 22:15:37",NULL
5274,144409,0,"2026-01-13 22:15:37","2026-01-13 22:15:37",NULL
5275,144409,0,"2026-01-13 22:15:37","2026-01-13 22:15:37",NULL
5276,144409,0,"2026-01-13 22:15:37","2026-01-13 22:15:37",NULL
5277,144409,0,"2026-01-13 22:15:37","2026-01-13 22:15:37",NULL
5278,144409,0,"2026-01-13 22:15:37","2026-01-13 22:15:37",NULL
5279,144409,0,"2026-01-13 22:15:37","2026-01-13 22:15:37",NULL
5280,144409,0,"2026-01-13 22:15:37","2026-01-13 22:15:37",NULL
5281,144409,0,"2026-01-13 22:15:37","2026-01-13 22:15:37",NULL
5282,144410,0,"2026-01-13 22:15:37","2026-01-13 22:15:37",NULL
5283,144410,0,"2026-01-13 22:15:37","2026-01-13 22:15:37",NULL
5284,144410,0,"2026-01-13 22:15:37","2026-01-13 22:15:37",NULL
5285,144410,0,"2026-01-13 22:15:37","2026-01-13 22:15:37",NULL
5286,144410,0,"2026-01-13 22:15:37","2026-01-13 22:15:37",NULL
5287,144410,0,"2026-01-13 22:15:37","2026-01-13 22:15:37",NULL
5288,144410,0,"2026-01-13 22:15:37","2026-01-13 22:15:37",NULL
5289,144410,0,"2026-01-13 22:15:37","2026-01-13 22:15:37",NULL
5290,144410,0,"2026-01-13 22:15:37","2026-01-13 22:15:37",NULL
5291,144411,0,"2026-01-13 22:15:37","2026-01-13 22:15:37",NULL
5292,144411,0,"2026-01-13 22:15:37","2026-01-13 22:15:37",NULL
5293,144518,0,"2026-01-13 22:15:37","2026-01-13 22:15:37",NULL
5294,144306,0,"2026-01-13 22:15:37","2026-01-13 22:15:37",NULL
5295,144306,0,"2026-01-13 22:15:37","2026-01-13 22:15:37",NULL
5296,144306,0,"2026-01-13 22:15:37","2026-01-13 22:15:37",NULL
5297,144306,0,"2026-01-13 22:15:37","2026-01-13 22:15:37",NULL
5298,144306,0,"2026-01-13 22:15:37","2026-01-13 22:15:37",NULL
5299,144306,0,"2026-01-13 22:15:37","2026-01-13 22:15:37",NULL
5300,144311,0,"2026-01-13 22:15:37","2026-01-13 22:15:37",NULL
5301,144311,0,"2026-01-13 22:15:37","2026-01-13 22:15:37",NULL
5302,144401,0,"2026-01-13 22:15:37","2026-01-13 22:15:37",NULL
5303,144401,0,"2026-01-13 22:15:37","2026-01-13 22:15:37",NULL
5304,144401,0,"2026-01-13 22:15:37","2026-01-13 22:15:37",NULL
5305,144401,0,"2026-01-13 22:15:37","2026-01-13 22:15:37",NULL
5306,144401,0,"2026-01-13 22:15:37","2026-01-13 22:15:37",NULL
5307,144402,0,"2026-01-13 22:15:37","2026-01-13 22:15:37",NULL
5308,144402,0,"2026-01-13 22:15:37","2026-01-13 22:15:37",NULL
5309,144402,0,"2026-01-13 22:15:37","2026-01-13 22:15:37",NULL
5310,144402,0,"2026-01-13 22:15:37","2026-01-13 22:15:37",NULL
5311,144402,0,"2026-01-13 22:15:37","2026-01-13 22:15:37",NULL
5312,144402,0,"2026-01-13 22:15:37","2026-01-13 22:15:37",NULL
5313,144402,0,"2026-01-13 22:15:37","2026-01-13 22:15:37",NULL
5314,144402,0,"2026-01-13 22:15:37","2026-01-13 22:15:37",NULL
5315,144402,0,"2026-01-13 22:15:37","2026-01-13 22:15:37",NULL
5316,144402,0,"2026-01-13 22:15:37","2026-01-13 22:15:37",NULL
5317,144402,0,"2026-01-13 22:15:37","2026-01-13 22:15:37",NULL
5318,144403,0,"2026-01-13 22:15:37","2026-01-13 22:15:37",NULL
5319,144403,0,"2026-01-13 22:15:37","2026-01-13 22:15:37",NULL
5320,144504,0,"2026-01-13 22:15:37","2026-01-13 22:15:37",NULL
5321,144504,0,"2026-01-13 22:15:37","2026-01-13 22:15:37",NULL
5322,144504,0,"2026-01-13 22:15:37","2026-01-13 22:15:37",NULL
5323,144504,0,"2026-01-13 22:15:37","2026-01-13 22:15:37",NULL
5324,144504,0,"2026-01-13 22:15:37","2026-01-13 22:15:37",NULL
5325,144504,0,"2026-01-13 22:15:37","2026-01-13 22:15:37",NULL
5326,144505,0,"2026-01-13 22:15:37","2026-01-13 22:15:37",NULL
5327,144505,0,"2026-01-13 22:15:37","2026-01-13 22:15:37",NULL
5328,144505,0,"2026-01-13 22:15:37","2026-01-13 22:15:37",NULL
5329,144505,0,"2026-01-13 22:15:37","2026-01-13 22:15:37",NULL
5330,144505,0,"2026-01-13 22:15:37","2026-01-13 22:15:37",NULL
5331,144505,0,"2026-01-13 22:15:37","2026-01-13 22:15:37",NULL
5332,144505,0,"2026-01-13 22:15:37","2026-01-13 22:15:37",NULL
5333,144505,0,"2026-01-13 22:15:37","2026-01-13 22:15:37",NULL
5334,144411,0,"2026-01-13 22:15:37","2026-01-13 22:15:37",NULL
5335,144411,0,"2026-01-13 22:15:37","2026-01-13 22:15:37",NULL
5336,144411,0,"2026-01-13 22:15:37","2026-01-13 22:15:37",NULL
5337,144411,0,"2026-01-13 22:15:37","2026-01-13 22:15:37",NULL
5338,144415,0,"2026-01-13 22:15:37","2026-01-13 22:15:37",NULL
5339,144416,0,"2026-01-13 22:15:37","2026-01-13 22:15:37",NULL
5340,144416,0,"2026-01-13 22:15:37","2026-01-13 22:15:37",NULL
5341,144416,0,"2026-01-13 22:15:37","2026-01-13 22:15:37",NULL
5342,144417,0,"2026-01-13 22:15:37","2026-01-13 22:15:37",NULL
5343,144417,0,"2026-01-13 22:15:37","2026-01-13 22:15:37",NULL
5344,144418,0,"2026-01-13 22:15:37","2026-01-13 22:15:37",NULL
5345,144418,0,"2026-01-13 22:15:37","2026-01-13 22:15:37",NULL
5346,144418,0,"2026-01-13 22:15:37","2026-01-13 22:15:37",NULL
5347,144418,0,"2026-01-13 22:15:37","2026-01-13 22:15:37",NULL
5348,144418,0,"2026-01-13 22:15:37","2026-01-13 22:15:37",NULL
5349,144418,0,"2026-01-13 22:15:37","2026-01-13 22:15:37",NULL
5350,144418,0,"2026-01-13 22:15:37","2026-01-13 22:15:37",NULL
5351,144418,0,"2026-01-13 22:15:37","2026-01-13 22:15:37",NULL
5352,144419,0,"2026-01-13 22:15:37","2026-01-13 22:15:37",NULL
5353,144419,0,"2026-01-13 22:15:37","2026-01-13 22:15:37",NULL
5354,144419,0,"2026-01-13 22:15:37","2026-01-13 22:15:37",NULL
5355,144419,0,"2026-01-13 22:15:37","2026-01-13 22:15:37",NULL
5356,144421,0,"2026-01-13 22:15:37","2026-01-13 22:15:37",NULL
5357,144421,0,"2026-01-13 22:15:37","2026-01-13 22:15:37",NULL
5358,144421,0,"2026-01-13 22:15:37","2026-01-13 22:15:37",NULL
5359,144421,0,"2026-01-13 22:15:37","2026-01-13 22:15:37",NULL
5360,144421,0,"2026-01-13 22:15:37","2026-01-13 22:15:37",NULL
5361,144421,0,"2026-01-13 22:15:37","2026-01-13 22:15:37",NULL
5362,144421,0,"2026-01-13 22:15:37","2026-01-13 22:15:37",NULL
5363,144422,0,"2026-01-13 22:15:37","2026-01-13 22:15:37",NULL
5364,144422,0,"2026-01-13 22:15:37","2026-01-13 22:15:37",NULL
5365,144422,0,"2026-01-13 22:15:37","2026-01-13 22:15:37",NULL
5366,144501,0,"2026-01-13 22:15:37","2026-01-13 22:15:37",NULL
5367,144501,0,"2026-01-13 22:15:37","2026-01-13 22:15:37",NULL
5368,144501,0,"2026-01-13 22:15:37","2026-01-13 22:15:37",NULL
5369,144501,0,"2026-01-13 22:15:37","2026-01-13 22:15:37",NULL
5370,144502,0,"2026-01-13 22:15:37","2026-01-13 22:15:37",NULL
5371,144502,0,"2026-01-13 22:15:37","2026-01-13 22:15:37",NULL
5372,144502,0,"2026-01-13 22:15:37","2026-01-13 22:15:37",NULL
5373,144502,0,"2026-01-13 22:15:37","2026-01-13 22:15:37",NULL
5374,144502,0,"2026-01-13 22:15:37","2026-01-13 22:15:37",NULL
5375,144502,0,"2026-01-13 22:15:37","2026-01-13 22:15:37",NULL
5376,144502,0,"2026-01-13 22:15:37","2026-01-13 22:15:37",NULL
5377,144503,0,"2026-01-13 22:15:37","2026-01-13 22:15:37",NULL
5378,144503,0,"2026-01-13 22:15:37","2026-01-13 22:15:37",NULL
5379,144503,0,"2026-01-13 22:15:37","2026-01-13 22:15:37",NULL
5380,144503,0,"2026-01-13 22:15:37","2026-01-13 22:15:37",NULL
5381,144503,0,"2026-01-13 22:15:37","2026-01-13 22:15:37",NULL
5382,144503,0,"2026-01-13 22:15:37","2026-01-13 22:15:37",NULL
5383,144503,0,"2026-01-13 22:15:37","2026-01-13 22:15:37",NULL
5384,144503,0,"2026-01-13 22:15:37","2026-01-13 22:15:37",NULL
5385,144505,0,"2026-01-13 22:15:37","2026-01-13 22:15:37",NULL
5386,144505,0,"2026-01-13 22:15:37","2026-01-13 22:15:37",NULL
5387,144505,0,"2026-01-13 22:15:37","2026-01-13 22:15:37",NULL
5388,144505,0,"2026-01-13 22:15:37","2026-01-13 22:15:37",NULL
5389,144506,0,"2026-01-13 22:15:37","2026-01-13 22:15:37",NULL
5390,144506,0,"2026-01-13 22:15:37","2026-01-13 22:15:37",NULL
5391,144506,0,"2026-01-13 22:15:37","2026-01-13 22:15:37",NULL
5392,144506,0,"2026-01-13 22:15:37","2026-01-13 22:15:37",NULL
5393,144507,0,"2026-01-13 22:15:37","2026-01-13 22:15:37",NULL
5394,144507,0,"2026-01-13 22:15:37","2026-01-13 22:15:37",NULL
5395,144507,0,"2026-01-13 22:15:37","2026-01-13 22:15:37",NULL
5396,144507,0,"2026-01-13 22:15:37","2026-01-13 22:15:37",NULL
5397,144507,0,"2026-01-13 22:15:37","2026-01-13 22:15:37",NULL
5398,144507,0,"2026-01-13 22:15:37","2026-01-13 22:15:37",NULL
5399,144507,0,"2026-01-13 22:15:37","2026-01-13 22:15:37",NULL
5400,144508,0,"2026-01-13 22:15:37","2026-01-13 22:15:37",NULL
5401,144508,0,"2026-01-13 22:15:37","2026-01-13 22:15:37",NULL
5402,144508,0,"2026-01-13 22:15:37","2026-01-13 22:15:37",NULL
5403,144508,0,"2026-01-13 22:15:37","2026-01-13 22:15:37",NULL
5404,144509,0,"2026-01-13 22:15:37","2026-01-13 22:15:37",NULL
5405,144509,0,"2026-01-13 22:15:37","2026-01-13 22:15:37",NULL
5406,144509,0,"2026-01-13 22:15:37","2026-01-13 22:15:37",NULL
5407,144510,0,"2026-01-13 22:15:37","2026-01-13 22:15:37",NULL
5408,144510,0,"2026-01-13 22:15:37","2026-01-13 22:15:37",NULL
5409,144510,0,"2026-01-13 22:15:37","2026-01-13 22:15:37",NULL
5410,144510,0,"2026-01-13 22:15:37","2026-01-13 22:15:37",NULL
5411,144510,0,"2026-01-13 22:15:37","2026-01-13 22:15:37",NULL
5412,144511,0,"2026-01-13 22:15:37","2026-01-13 22:15:37",NULL
5413,144511,0,"2026-01-13 22:15:37","2026-01-13 22:15:37",NULL
5414,144511,0,"2026-01-13 22:15:37","2026-01-13 22:15:37",NULL
5415,144511,0,"2026-01-13 22:15:37","2026-01-13 22:15:37",NULL
5416,144511,0,"2026-01-13 22:15:37","2026-01-13 22:15:37",NULL
5417,144512,0,"2026-01-13 22:15:37","2026-01-13 22:15:37",NULL
5418,144512,0,"2026-01-13 22:15:37","2026-01-13 22:15:37",NULL
5419,144512,0,"2026-01-13 22:15:37","2026-01-13 22:15:37",NULL
5420,144512,0,"2026-01-13 22:15:37","2026-01-13 22:15:37",NULL
5421,144512,0,"2026-01-13 22:15:37","2026-01-13 22:15:37",NULL
5422,144512,0,"2026-01-13 22:15:37","2026-01-13 22:15:37",NULL
5423,144512,0,"2026-01-13 22:15:37","2026-01-13 22:15:37",NULL
5424,144512,0,"2026-01-13 22:15:37","2026-01-13 22:15:37",NULL
5425,144512,0,"2026-01-13 22:15:37","2026-01-13 22:15:37",NULL
5426,144513,0,"2026-01-13 22:15:37","2026-01-13 22:15:37",NULL
5427,144513,0,"2026-01-13 22:15:37","2026-01-13 22:15:37",NULL
5428,144513,0,"2026-01-13 22:15:37","2026-01-13 22:15:37",NULL
5429,144513,0,"2026-01-13 22:15:37","2026-01-13 22:15:37",NULL
5430,144513,0,"2026-01-13 22:15:37","2026-01-13 22:15:37",NULL
5431,144514,0,"2026-01-13 22:15:37","2026-01-13 22:15:37",NULL
5432,144514,0,"2026-01-13 22:15:37","2026-01-13 22:15:37",NULL
5433,144514,0,"2026-01-13 22:15:37","2026-01-13 22:15:37",NULL
5434,144514,0,"2026-01-13 22:15:37","2026-01-13 22:15:37",NULL
5435,144514,0,"2026-01-13 22:15:37","2026-01-13 22:15:37",NULL
5436,144514,0,"2026-01-13 22:15:37","2026-01-13 22:15:37",NULL
5437,144514,0,"2026-01-13 22:15:37","2026-01-13 22:15:37",NULL
5438,144515,0,"2026-01-13 22:15:37","2026-01-13 22:15:37",NULL
5439,144515,0,"2026-01-13 22:15:37","2026-01-13 22:15:37",NULL
5440,144515,0,"2026-01-13 22:15:37","2026-01-13 22:15:37",NULL
5441,144515,0,"2026-01-13 22:15:37","2026-01-13 22:15:37",NULL
5442,144515,0,"2026-01-13 22:15:37","2026-01-13 22:15:37",NULL
5443,144515,0,"2026-01-13 22:15:37","2026-01-13 22:15:37",NULL
5444,144515,0,"2026-01-13 22:15:37","2026-01-13 22:15:37",NULL
5445,144516,0,"2026-01-13 22:15:37","2026-01-13 22:15:37",NULL
5446,144516,0,"2026-01-13 22:15:37","2026-01-13 22:15:37",NULL
5447,144516,0,"2026-01-13 22:15:37","2026-01-13 22:15:37",NULL
5448,144516,0,"2026-01-13 22:15:37","2026-01-13 22:15:37",NULL
5449,144516,0,"2026-01-13 22:15:37","2026-01-13 22:15:37",NULL
5450,144516,0,"2026-01-13 22:15:37","2026-01-13 22:15:37",NULL
5451,144516,0,"2026-01-13 22:15:37","2026-01-13 22:15:37",NULL
5452,144516,0,"2026-01-13 22:15:37","2026-01-13 22:15:37",NULL
5453,144516,0,"2026-01-13 22:15:37","2026-01-13 22:15:37",NULL
5454,144517,0,"2026-01-13 22:15:37","2026-01-13 22:15:37",NULL
5455,144517,0,"2026-01-13 22:15:37","2026-01-13 22:15:37",NULL
5456,144517,0,"2026-01-13 22:15:37","2026-01-13 22:15:37",NULL
5457,144517,0,"2026-01-13 22:15:37","2026-01-13 22:15:37",NULL
5458,144517,0,"2026-01-13 22:15:37","2026-01-13 22:15:37",NULL
5459,144517,0,"2026-01-13 22:15:37","2026-01-13 22:15:37",NULL
5460,144518,0,"2026-01-13 22:15:37","2026-01-13 22:15:37",NULL
5461,144518,0,"2026-01-13 22:15:37","2026-01-13 22:15:37",NULL
5462,144620,0,"2026-01-13 22:15:37","2026-01-13 22:15:37",NULL
5463,144518,0,"2026-01-13 22:15:37","2026-01-13 22:15:37",NULL
5464,144518,0,"2026-01-13 22:15:37","2026-01-13 22:15:37",NULL
5465,144518,0,"2026-01-13 22:15:37","2026-01-13 22:15:37",NULL
5466,144519,0,"2026-01-13 22:15:37","2026-01-13 22:15:37",NULL
5467,144519,0,"2026-01-13 22:15:37","2026-01-13 22:15:37",NULL
5468,144519,0,"2026-01-13 22:15:37","2026-01-13 22:15:37",NULL
5469,144519,0,"2026-01-13 22:15:37","2026-01-13 22:15:37",NULL
5470,144519,0,"2026-01-13 22:15:37","2026-01-13 22:15:37",NULL
5471,144520,0,"2026-01-13 22:15:37","2026-01-13 22:15:37",NULL
5472,144520,0,"2026-01-13 22:15:37","2026-01-13 22:15:37",NULL
5473,144520,0,"2026-01-13 22:15:37","2026-01-13 22:15:37",NULL
5474,144520,0,"2026-01-13 22:15:37","2026-01-13 22:15:37",NULL
5475,144520,0,"2026-01-13 22:15:37","2026-01-13 22:15:37",NULL
5476,144520,0,"2026-01-13 22:15:37","2026-01-13 22:15:37",NULL
5477,144521,0,"2026-01-13 22:15:37","2026-01-13 22:15:37",NULL
5478,144521,0,"2026-01-13 22:15:37","2026-01-13 22:15:37",NULL
5479,144521,0,"2026-01-13 22:15:37","2026-01-13 22:15:37",NULL
5480,144521,0,"2026-01-13 22:15:37","2026-01-13 22:15:37",NULL
5481,144521,0,"2026-01-13 22:15:37","2026-01-13 22:15:37",NULL
5482,144521,0,"2026-01-13 22:15:37","2026-01-13 22:15:37",NULL
5483,144521,0,"2026-01-13 22:15:37","2026-01-13 22:15:37",NULL
5484,144521,0,"2026-01-13 22:15:37","2026-01-13 22:15:37",NULL
5485,144521,0,"2026-01-13 22:15:37","2026-01-13 22:15:37",NULL
5486,144521,0,"2026-01-13 22:15:37","2026-01-13 22:15:37",NULL
5487,144521,0,"2026-01-13 22:15:37","2026-01-13 22:15:37",NULL
5488,144521,0,"2026-01-13 22:15:37","2026-01-13 22:15:37",NULL
5489,144521,0,"2026-01-13 22:15:37","2026-01-13 22:15:37",NULL
5490,144521,0,"2026-01-13 22:15:37","2026-01-13 22:15:37",NULL
5491,144522,0,"2026-01-13 22:15:37","2026-01-13 22:15:37",NULL
5492,144522,0,"2026-01-13 22:15:37","2026-01-13 22:15:37",NULL
5493,144522,0,"2026-01-13 22:15:37","2026-01-13 22:15:37",NULL
5494,144522,0,"2026-01-13 22:15:37","2026-01-13 22:15:37",NULL
5495,144522,0,"2026-01-13 22:15:37","2026-01-13 22:15:37",NULL
5496,144522,0,"2026-01-13 22:15:37","2026-01-13 22:15:37",NULL
5497,144522,0,"2026-01-13 22:15:37","2026-01-13 22:15:37",NULL
5498,144523,0,"2026-01-13 22:15:37","2026-01-13 22:15:37",NULL
5499,144523,0,"2026-01-13 22:15:37","2026-01-13 22:15:37",NULL
5500,144523,0,"2026-01-13 22:15:37","2026-01-13 22:15:37",NULL
5501,144523,0,"2026-01-13 22:15:37","2026-01-13 22:15:37",NULL
5502,144523,0,"2026-01-13 22:15:37","2026-01-13 22:15:37",NULL
5503,144523,0,"2026-01-13 22:15:37","2026-01-13 22:15:37",NULL
5504,144523,0,"2026-01-13 22:15:37","2026-01-13 22:15:37",NULL
5505,144523,0,"2026-01-13 22:15:37","2026-01-13 22:15:37",NULL
5506,144524,0,"2026-01-13 22:15:37","2026-01-13 22:15:37",NULL
5507,144524,0,"2026-01-13 22:15:37","2026-01-13 22:15:37",NULL
5508,144524,0,"2026-01-13 22:15:37","2026-01-13 22:15:37",NULL
5509,144524,0,"2026-01-13 22:15:37","2026-01-13 22:15:37",NULL
5510,144524,0,"2026-01-13 22:15:37","2026-01-13 22:15:37",NULL
5511,144524,0,"2026-01-13 22:15:37","2026-01-13 22:15:37",NULL
5512,144525,0,"2026-01-13 22:15:37","2026-01-13 22:15:37",NULL
5513,144525,0,"2026-01-13 22:15:37","2026-01-13 22:15:37",NULL
5514,144525,0,"2026-01-13 22:15:37","2026-01-13 22:15:37",NULL
5515,144525,0,"2026-01-13 22:15:37","2026-01-13 22:15:37",NULL
5516,144525,0,"2026-01-13 22:15:37","2026-01-13 22:15:37",NULL
5517,144526,0,"2026-01-13 22:15:37","2026-01-13 22:15:37",NULL
5518,144526,0,"2026-01-13 22:15:37","2026-01-13 22:15:37",NULL
5519,144526,0,"2026-01-13 22:15:37","2026-01-13 22:15:37",NULL
5520,144526,0,"2026-01-13 22:15:37","2026-01-13 22:15:37",NULL
5521,144526,0,"2026-01-13 22:15:37","2026-01-13 22:15:37",NULL
5522,144526,0,"2026-01-13 22:15:37","2026-01-13 22:15:37",NULL
5523,144526,0,"2026-01-13 22:15:37","2026-01-13 22:15:37",NULL
5524,144526,0,"2026-01-13 22:15:37","2026-01-13 22:15:37",NULL
5525,144526,0,"2026-01-13 22:15:37","2026-01-13 22:15:37",NULL
5526,144526,0,"2026-01-13 22:15:37","2026-01-13 22:15:37",NULL
5527,144526,0,"2026-01-13 22:15:37","2026-01-13 22:15:37",NULL
5528,144526,0,"2026-01-13 22:15:37","2026-01-13 22:15:37",NULL
5529,144527,0,"2026-01-13 22:15:37","2026-01-13 22:15:37",NULL
5530,144527,0,"2026-01-13 22:15:37","2026-01-13 22:15:37",NULL
5531,144527,0,"2026-01-13 22:15:37","2026-01-13 22:15:37",NULL
5532,144527,0,"2026-01-13 22:15:37","2026-01-13 22:15:37",NULL
5533,144527,0,"2026-01-13 22:15:37","2026-01-13 22:15:37",NULL
5534,144527,0,"2026-01-13 22:15:37","2026-01-13 22:15:37",NULL
5535,144518,0,"2026-01-13 22:15:37","2026-01-13 22:15:37",NULL
5536,144518,0,"2026-01-13 22:15:37","2026-01-13 22:15:37",NULL
5537,144529,0,"2026-01-13 22:15:37","2026-01-13 22:15:37",NULL
5538,144529,0,"2026-01-13 22:15:37","2026-01-13 22:15:37",NULL
5539,144529,0,"2026-01-13 22:15:37","2026-01-13 22:15:37",NULL
5540,144530,0,"2026-01-13 22:15:37","2026-01-13 22:15:37",NULL
5541,144530,0,"2026-01-13 22:15:37","2026-01-13 22:15:37",NULL
5542,144530,0,"2026-01-13 22:15:37","2026-01-13 22:15:37",NULL
5543,144530,0,"2026-01-13 22:15:37","2026-01-13 22:15:37",NULL
5544,144530,0,"2026-01-13 22:15:37","2026-01-13 22:15:37",NULL
5545,144531,0,"2026-01-13 22:15:37","2026-01-13 22:15:37",NULL
5546,144531,0,"2026-01-13 22:15:37","2026-01-13 22:15:37",NULL
5547,144531,0,"2026-01-13 22:15:37","2026-01-13 22:15:37",NULL
5548,144532,0,"2026-01-13 22:15:37","2026-01-13 22:15:37",NULL
5549,144532,0,"2026-01-13 22:15:37","2026-01-13 22:15:37",NULL
5550,144532,0,"2026-01-13 22:15:37","2026-01-13 22:15:37",NULL
5551,144532,0,"2026-01-13 22:15:37","2026-01-13 22:15:37",NULL
5552,144532,0,"2026-01-13 22:15:37","2026-01-13 22:15:37",NULL
5553,144532,0,"2026-01-13 22:15:37","2026-01-13 22:15:37",NULL
5554,144532,0,"2026-01-13 22:15:37","2026-01-13 22:15:37",NULL
5555,144532,0,"2026-01-13 22:15:37","2026-01-13 22:15:37",NULL
5556,144533,0,"2026-01-13 22:15:37","2026-01-13 22:15:37",NULL
5557,144533,0,"2026-01-13 22:15:37","2026-01-13 22:15:37",NULL
5558,144601,0,"2026-01-13 22:15:37","2026-01-13 22:15:37",NULL
5559,144601,0,"2026-01-13 22:15:37","2026-01-13 22:15:37",NULL
5560,144601,0,"2026-01-13 22:15:37","2026-01-13 22:15:37",NULL
5561,144601,0,"2026-01-13 22:15:37","2026-01-13 22:15:37",NULL
5562,144601,0,"2026-01-13 22:15:37","2026-01-13 22:15:37",NULL
5563,144601,0,"2026-01-13 22:15:37","2026-01-13 22:15:37",NULL
5564,144601,0,"2026-01-13 22:15:37","2026-01-13 22:15:37",NULL
5565,144601,0,"2026-01-13 22:15:37","2026-01-13 22:15:37",NULL
5566,144601,0,"2026-01-13 22:15:37","2026-01-13 22:15:37",NULL
5567,144601,0,"2026-01-13 22:15:37","2026-01-13 22:15:37",NULL
5568,144601,0,"2026-01-13 22:15:37","2026-01-13 22:15:37",NULL
5569,144601,0,"2026-01-13 22:15:37","2026-01-13 22:15:37",NULL
5570,144601,0,"2026-01-13 22:15:37","2026-01-13 22:15:37",NULL
5571,144601,0,"2026-01-13 22:15:37","2026-01-13 22:15:37",NULL
5572,144601,0,"2026-01-13 22:15:37","2026-01-13 22:15:37",NULL
5573,144601,0,"2026-01-13 22:15:37","2026-01-13 22:15:37",NULL
5574,144601,0,"2026-01-13 22:15:37","2026-01-13 22:15:37",NULL
5575,144601,0,"2026-01-13 22:15:37","2026-01-13 22:15:37",NULL
5576,144601,0,"2026-01-13 22:15:37","2026-01-13 22:15:37",NULL
5577,144601,0,"2026-01-13 22:15:37","2026-01-13 22:15:37",NULL
5578,144601,0,"2026-01-13 22:15:37","2026-01-13 22:15:37",NULL
5579,144527,0,"2026-01-13 22:15:37","2026-01-13 22:15:37",NULL
5580,144527,0,"2026-01-13 22:15:37","2026-01-13 22:15:37",NULL
5581,144527,0,"2026-01-13 22:15:37","2026-01-13 22:15:37",NULL
5582,144527,0,"2026-01-13 22:15:37","2026-01-13 22:15:37",NULL
5583,144528,0,"2026-01-13 22:15:37","2026-01-13 22:15:37",NULL
5584,144528,0,"2026-01-13 22:15:37","2026-01-13 22:15:37",NULL
5585,144528,0,"2026-01-13 22:15:37","2026-01-13 22:15:37",NULL
5586,144528,0,"2026-01-13 22:15:37","2026-01-13 22:15:37",NULL
5587,144528,0,"2026-01-13 22:15:37","2026-01-13 22:15:37",NULL
5588,144528,0,"2026-01-13 22:15:37","2026-01-13 22:15:37",NULL
5589,144528,0,"2026-01-13 22:15:37","2026-01-13 22:15:37",NULL
5590,144528,0,"2026-01-13 22:15:37","2026-01-13 22:15:37",NULL
5591,144528,0,"2026-01-13 22:15:37","2026-01-13 22:15:37",NULL
5592,144528,0,"2026-01-13 22:15:37","2026-01-13 22:15:37",NULL
5593,144529,0,"2026-01-13 22:15:37","2026-01-13 22:15:37",NULL
5594,144529,0,"2026-01-13 22:15:37","2026-01-13 22:15:37",NULL
5595,144529,0,"2026-01-13 22:15:37","2026-01-13 22:15:37",NULL
5596,144626,0,"2026-01-13 22:15:37","2026-01-13 22:15:37",NULL
5597,144626,0,"2026-01-13 22:15:37","2026-01-13 22:15:37",NULL
5598,144626,0,"2026-01-13 22:15:37","2026-01-13 22:15:37",NULL
5599,144626,0,"2026-01-13 22:15:37","2026-01-13 22:15:37",NULL
5600,144626,0,"2026-01-13 22:15:37","2026-01-13 22:15:37",NULL
5601,144628,0,"2026-01-13 22:15:37","2026-01-13 22:15:37",NULL
5602,144628,0,"2026-01-13 22:15:37","2026-01-13 22:15:37",NULL
5603,144628,0,"2026-01-13 22:15:37","2026-01-13 22:15:37",NULL
5604,144628,0,"2026-01-13 22:15:37","2026-01-13 22:15:37",NULL
5605,144628,0,"2026-01-13 22:15:37","2026-01-13 22:15:37",NULL
5606,144628,0,"2026-01-13 22:15:37","2026-01-13 22:15:37",NULL
5607,144629,0,"2026-01-13 22:15:37","2026-01-13 22:15:37",NULL
5608,144629,0,"2026-01-13 22:15:37","2026-01-13 22:15:37",NULL
5609,144629,0,"2026-01-13 22:15:37","2026-01-13 22:15:37",NULL
5610,144629,0,"2026-01-13 22:15:37","2026-01-13 22:15:37",NULL
5611,144629,0,"2026-01-13 22:15:37","2026-01-13 22:15:37",NULL
5612,144629,0,"2026-01-13 22:15:37","2026-01-13 22:15:37",NULL
5613,144629,0,"2026-01-13 22:15:37","2026-01-13 22:15:37",NULL
5614,144629,0,"2026-01-13 22:15:37","2026-01-13 22:15:37",NULL
5615,144629,0,"2026-01-13 22:15:37","2026-01-13 22:15:37",NULL
5616,144629,0,"2026-01-13 22:15:37","2026-01-13 22:15:37",NULL
5617,144629,0,"2026-01-13 22:15:37","2026-01-13 22:15:37",NULL
5618,144630,0,"2026-01-13 22:15:37","2026-01-13 22:15:37",NULL
5619,144630,0,"2026-01-13 22:15:37","2026-01-13 22:15:37",NULL
5620,144602,0,"2026-01-13 22:15:37","2026-01-13 22:15:37",NULL
5621,144603,0,"2026-01-13 22:15:37","2026-01-13 22:15:37",NULL
5622,144606,0,"2026-01-13 22:15:37","2026-01-13 22:15:37",NULL
5623,144620,0,"2026-01-13 22:15:37","2026-01-13 22:15:37",NULL
5624,144620,0,"2026-01-13 22:15:37","2026-01-13 22:15:37",NULL
5625,144620,0,"2026-01-13 22:15:37","2026-01-13 22:15:37",NULL
5626,144620,0,"2026-01-13 22:15:37","2026-01-13 22:15:37",NULL
5627,144620,0,"2026-01-13 22:15:37","2026-01-13 22:15:37",NULL
5628,145029,0,"2026-01-13 22:15:37","2026-01-13 22:15:37",NULL
5629,144620,0,"2026-01-13 22:15:37","2026-01-13 22:15:37",NULL
5630,144620,0,"2026-01-13 22:15:37","2026-01-13 22:15:37",NULL
5631,144620,0,"2026-01-13 22:15:37","2026-01-13 22:15:37",NULL
5632,144621,0,"2026-01-13 22:15:37","2026-01-13 22:15:37",NULL
5633,144621,0,"2026-01-13 22:15:37","2026-01-13 22:15:37",NULL
5634,144621,0,"2026-01-13 22:15:37","2026-01-13 22:15:37",NULL
5635,144621,0,"2026-01-13 22:15:37","2026-01-13 22:15:37",NULL
5636,144621,0,"2026-01-13 22:15:37","2026-01-13 22:15:37",NULL
5637,144622,0,"2026-01-13 22:15:37","2026-01-13 22:15:37",NULL
5638,144622,0,"2026-01-13 22:15:37","2026-01-13 22:15:37",NULL
5639,144622,0,"2026-01-13 22:15:37","2026-01-13 22:15:37",NULL
5640,144622,0,"2026-01-13 22:15:37","2026-01-13 22:15:37",NULL
5641,144622,0,"2026-01-13 22:15:37","2026-01-13 22:15:37",NULL
5642,144622,0,"2026-01-13 22:15:37","2026-01-13 22:15:37",NULL
5643,144622,0,"2026-01-13 22:15:37","2026-01-13 22:15:37",NULL
5644,144622,0,"2026-01-13 22:15:37","2026-01-13 22:15:37",NULL
5645,144622,0,"2026-01-13 22:15:37","2026-01-13 22:15:37",NULL
5646,144623,0,"2026-01-13 22:15:37","2026-01-13 22:15:37",NULL
5647,144623,0,"2026-01-13 22:15:37","2026-01-13 22:15:37",NULL
5648,144623,0,"2026-01-13 22:15:37","2026-01-13 22:15:37",NULL
5649,144623,0,"2026-01-13 22:15:37","2026-01-13 22:15:37",NULL
5650,144623,0,"2026-01-13 22:15:37","2026-01-13 22:15:37",NULL
5651,144623,0,"2026-01-13 22:15:37","2026-01-13 22:15:37",NULL
5652,144623,0,"2026-01-13 22:15:37","2026-01-13 22:15:37",NULL
5653,144623,0,"2026-01-13 22:15:37","2026-01-13 22:15:37",NULL
5654,144624,0,"2026-01-13 22:15:37","2026-01-13 22:15:37",NULL
5655,144624,0,"2026-01-13 22:15:37","2026-01-13 22:15:37",NULL
5656,144624,0,"2026-01-13 22:15:37","2026-01-13 22:15:37",NULL
5657,144624,0,"2026-01-13 22:15:37","2026-01-13 22:15:37",NULL
5658,144624,0,"2026-01-13 22:15:37","2026-01-13 22:15:37",NULL
5659,144625,0,"2026-01-13 22:15:37","2026-01-13 22:15:37",NULL
5660,144625,0,"2026-01-13 22:15:37","2026-01-13 22:15:37",NULL
5661,144625,0,"2026-01-13 22:15:37","2026-01-13 22:15:37",NULL
5662,144625,0,"2026-01-13 22:15:37","2026-01-13 22:15:37",NULL
5663,144626,0,"2026-01-13 22:15:37","2026-01-13 22:15:37",NULL
5664,144626,0,"2026-01-13 22:15:37","2026-01-13 22:15:37",NULL
5665,144626,0,"2026-01-13 22:15:37","2026-01-13 22:15:37",NULL
5666,144630,0,"2026-01-13 22:15:37","2026-01-13 22:15:37",NULL
5667,144630,0,"2026-01-13 22:15:37","2026-01-13 22:15:37",NULL
5668,144630,0,"2026-01-13 22:15:37","2026-01-13 22:15:37",NULL
5669,144630,0,"2026-01-13 22:15:37","2026-01-13 22:15:37",NULL
5670,144630,0,"2026-01-13 22:15:37","2026-01-13 22:15:37",NULL
5671,144630,0,"2026-01-13 22:15:37","2026-01-13 22:15:37",NULL
5672,144631,0,"2026-01-13 22:15:37","2026-01-13 22:15:37",NULL
5673,144631,0,"2026-01-13 22:15:37","2026-01-13 22:15:37",NULL
5674,144632,0,"2026-01-13 22:15:37","2026-01-13 22:15:37",NULL
5675,144632,0,"2026-01-13 22:15:37","2026-01-13 22:15:37",NULL
5676,144632,0,"2026-01-13 22:15:37","2026-01-13 22:15:37",NULL
5677,144632,0,"2026-01-13 22:15:37","2026-01-13 22:15:37",NULL
5678,144632,0,"2026-01-13 22:15:37","2026-01-13 22:15:37",NULL
5679,144632,0,"2026-01-13 22:15:37","2026-01-13 22:15:37",NULL
5680,144632,0,"2026-01-13 22:15:37","2026-01-13 22:15:37",NULL
5681,144632,0,"2026-01-13 22:15:37","2026-01-13 22:15:37",NULL
5682,144633,0,"2026-01-13 22:15:37","2026-01-13 22:15:37",NULL
5683,144633,0,"2026-01-13 22:15:37","2026-01-13 22:15:37",NULL
5684,144633,0,"2026-01-13 22:15:37","2026-01-13 22:15:37",NULL
5685,144701,0,"2026-01-13 22:15:37","2026-01-13 22:15:37",NULL
5686,144701,0,"2026-01-13 22:15:38","2026-01-13 22:15:38",NULL
5687,144701,0,"2026-01-13 22:15:38","2026-01-13 22:15:38",NULL
5688,144701,0,"2026-01-13 22:15:38","2026-01-13 22:15:38",NULL
5689,144701,0,"2026-01-13 22:15:38","2026-01-13 22:15:38",NULL
5690,144701,0,"2026-01-13 22:15:38","2026-01-13 22:15:38",NULL
5691,144701,0,"2026-01-13 22:15:38","2026-01-13 22:15:38",NULL
5692,144701,0,"2026-01-13 22:15:38","2026-01-13 22:15:38",NULL
5693,144701,0,"2026-01-13 22:15:38","2026-01-13 22:15:38",NULL
5694,144701,0,"2026-01-13 22:15:38","2026-01-13 22:15:38",NULL
5695,144702,0,"2026-01-13 22:15:38","2026-01-13 22:15:38",NULL
5696,144702,0,"2026-01-13 22:15:38","2026-01-13 22:15:38",NULL
5697,144702,0,"2026-01-13 22:15:38","2026-01-13 22:15:38",NULL
5698,144702,0,"2026-01-13 22:15:38","2026-01-13 22:15:38",NULL
5699,144702,0,"2026-01-13 22:15:38","2026-01-13 22:15:38",NULL
5700,144702,0,"2026-01-13 22:15:38","2026-01-13 22:15:38",NULL
5701,144702,0,"2026-01-13 22:15:38","2026-01-13 22:15:38",NULL
5702,144702,0,"2026-01-13 22:15:38","2026-01-13 22:15:38",NULL
5703,144702,0,"2026-01-13 22:15:38","2026-01-13 22:15:38",NULL
5704,144702,0,"2026-01-13 22:15:38","2026-01-13 22:15:38",NULL
5705,144702,0,"2026-01-13 22:15:38","2026-01-13 22:15:38",NULL
5706,144702,0,"2026-01-13 22:15:38","2026-01-13 22:15:38",NULL
5707,144703,0,"2026-01-13 22:15:38","2026-01-13 22:15:38",NULL
5708,144703,0,"2026-01-13 22:15:38","2026-01-13 22:15:38",NULL
5709,144703,0,"2026-01-13 22:15:38","2026-01-13 22:15:38",NULL
5710,144703,0,"2026-01-13 22:15:38","2026-01-13 22:15:38",NULL
5711,144703,0,"2026-01-13 22:15:38","2026-01-13 22:15:38",NULL
5712,144703,0,"2026-01-13 22:15:38","2026-01-13 22:15:38",NULL
5713,144703,0,"2026-01-13 22:15:38","2026-01-13 22:15:38",NULL
5714,144703,0,"2026-01-13 22:15:38","2026-01-13 22:15:38",NULL
5715,144703,0,"2026-01-13 22:15:38","2026-01-13 22:15:38",NULL
5716,144703,0,"2026-01-13 22:15:38","2026-01-13 22:15:38",NULL
5717,144801,0,"2026-01-13 22:15:38","2026-01-13 22:15:38",NULL
5718,144801,0,"2026-01-13 22:15:38","2026-01-13 22:15:38",NULL
5719,144801,0,"2026-01-13 22:15:38","2026-01-13 22:15:38",NULL
5720,144801,0,"2026-01-13 22:15:38","2026-01-13 22:15:38",NULL
5721,144802,0,"2026-01-13 22:15:38","2026-01-13 22:15:38",NULL
5722,144802,0,"2026-01-13 22:15:38","2026-01-13 22:15:38",NULL
5723,144802,0,"2026-01-13 22:15:38","2026-01-13 22:15:38",NULL
5724,144802,0,"2026-01-13 22:15:38","2026-01-13 22:15:38",NULL
5725,144802,0,"2026-01-13 22:15:38","2026-01-13 22:15:38",NULL
5726,144803,0,"2026-01-13 22:15:38","2026-01-13 22:15:38",NULL
5727,144803,0,"2026-01-13 22:15:38","2026-01-13 22:15:38",NULL
5728,144804,0,"2026-01-13 22:15:38","2026-01-13 22:15:38",NULL
5729,144804,0,"2026-01-13 22:15:38","2026-01-13 22:15:38",NULL
5730,144804,0,"2026-01-13 22:15:38","2026-01-13 22:15:38",NULL
5731,144804,0,"2026-01-13 22:15:38","2026-01-13 22:15:38",NULL
5732,144804,0,"2026-01-13 22:15:38","2026-01-13 22:15:38",NULL
5733,144804,0,"2026-01-13 22:15:38","2026-01-13 22:15:38",NULL
5734,144804,0,"2026-01-13 22:15:38","2026-01-13 22:15:38",NULL
5735,144804,0,"2026-01-13 22:15:38","2026-01-13 22:15:38",NULL
5736,144804,0,"2026-01-13 22:15:38","2026-01-13 22:15:38",NULL
5737,144805,0,"2026-01-13 22:15:38","2026-01-13 22:15:38",NULL
5738,144805,0,"2026-01-13 22:15:38","2026-01-13 22:15:38",NULL
5739,144805,0,"2026-01-13 22:15:38","2026-01-13 22:15:38",NULL
5740,144806,0,"2026-01-13 22:15:38","2026-01-13 22:15:38",NULL
5741,144806,0,"2026-01-13 22:15:38","2026-01-13 22:15:38",NULL
5742,144819,0,"2026-01-13 22:15:38","2026-01-13 22:15:38",NULL
5743,144819,0,"2026-01-13 22:15:38","2026-01-13 22:15:38",NULL
5744,144819,0,"2026-01-13 22:15:38","2026-01-13 22:15:38",NULL
5745,145001,0,"2026-01-13 22:15:38","2026-01-13 22:15:38",NULL
5746,145001,0,"2026-01-13 22:15:38","2026-01-13 22:15:38",NULL
5747,145001,0,"2026-01-13 22:15:38","2026-01-13 22:15:38",NULL
5748,145001,0,"2026-01-13 22:15:38","2026-01-13 22:15:38",NULL
5749,145001,0,"2026-01-13 22:15:38","2026-01-13 22:15:38",NULL
5750,145001,0,"2026-01-13 22:15:38","2026-01-13 22:15:38",NULL
5751,145001,0,"2026-01-13 22:15:38","2026-01-13 22:15:38",NULL
5752,145001,0,"2026-01-13 22:15:38","2026-01-13 22:15:38",NULL
5753,145001,0,"2026-01-13 22:15:38","2026-01-13 22:15:38",NULL
5754,145001,0,"2026-01-13 22:15:38","2026-01-13 22:15:38",NULL
5755,145001,0,"2026-01-13 22:15:38","2026-01-13 22:15:38",NULL
5756,145001,0,"2026-01-13 22:15:38","2026-01-13 22:15:38",NULL
5757,145001,0,"2026-01-13 22:15:38","2026-01-13 22:15:38",NULL
5758,145001,0,"2026-01-13 22:15:38","2026-01-13 22:15:38",NULL
5759,145001,0,"2026-01-13 22:15:38","2026-01-13 22:15:38",NULL
5760,145001,0,"2026-01-13 22:15:38","2026-01-13 22:15:38",NULL
5761,145001,0,"2026-01-13 22:15:38","2026-01-13 22:15:38",NULL
5762,145001,0,"2026-01-13 22:15:38","2026-01-13 22:15:38",NULL
5763,145001,0,"2026-01-13 22:15:38","2026-01-13 22:15:38",NULL
5764,145001,0,"2026-01-13 22:15:38","2026-01-13 22:15:38",NULL
5765,145022,0,"2026-01-13 22:15:38","2026-01-13 22:15:38",NULL
5766,145022,0,"2026-01-13 22:15:38","2026-01-13 22:15:38",NULL
5767,145022,0,"2026-01-13 22:15:38","2026-01-13 22:15:38",NULL
5768,145022,0,"2026-01-13 22:15:38","2026-01-13 22:15:38",NULL
5769,145022,0,"2026-01-13 22:15:38","2026-01-13 22:15:38",NULL
5770,145023,0,"2026-01-13 22:15:38","2026-01-13 22:15:38",NULL
5771,145023,0,"2026-01-13 22:15:38","2026-01-13 22:15:38",NULL
5772,145023,0,"2026-01-13 22:15:38","2026-01-13 22:15:38",NULL
5773,145023,0,"2026-01-13 22:15:38","2026-01-13 22:15:38",NULL
5774,145023,0,"2026-01-13 22:15:38","2026-01-13 22:15:38",NULL
5775,145023,0,"2026-01-13 22:15:38","2026-01-13 22:15:38",NULL
5776,145024,0,"2026-01-13 22:15:38","2026-01-13 22:15:38",NULL
5777,145024,0,"2026-01-13 22:15:38","2026-01-13 22:15:38",NULL
5778,145025,0,"2026-01-13 22:15:38","2026-01-13 22:15:38",NULL
5779,145025,0,"2026-01-13 22:15:38","2026-01-13 22:15:38",NULL
5780,145025,0,"2026-01-13 22:15:38","2026-01-13 22:15:38",NULL
5781,145025,0,"2026-01-13 22:15:38","2026-01-13 22:15:38",NULL
5782,145025,0,"2026-01-13 22:15:38","2026-01-13 22:15:38",NULL
5783,145025,0,"2026-01-13 22:15:38","2026-01-13 22:15:38",NULL
5784,145025,0,"2026-01-13 22:15:38","2026-01-13 22:15:38",NULL
5785,145025,0,"2026-01-13 22:15:38","2026-01-13 22:15:38",NULL
5786,145025,0,"2026-01-13 22:15:38","2026-01-13 22:15:38",NULL
5787,145025,0,"2026-01-13 22:15:38","2026-01-13 22:15:38",NULL
5788,145025,0,"2026-01-13 22:15:38","2026-01-13 22:15:38",NULL
5789,145025,0,"2026-01-13 22:15:38","2026-01-13 22:15:38",NULL
5790,145026,0,"2026-01-13 22:15:38","2026-01-13 22:15:38",NULL
5791,145026,0,"2026-01-13 22:15:38","2026-01-13 22:15:38",NULL
5792,145026,0,"2026-01-13 22:15:38","2026-01-13 22:15:38",NULL
5793,145027,0,"2026-01-13 22:15:38","2026-01-13 22:15:38",NULL
5794,145027,0,"2026-01-13 22:15:38","2026-01-13 22:15:38",NULL
5795,145027,0,"2026-01-13 22:15:38","2026-01-13 22:15:38",NULL
5796,147006,0,"2026-01-13 22:15:38","2026-01-13 22:15:38",NULL
5797,145029,0,"2026-01-13 22:15:38","2026-01-13 22:15:38",NULL
5798,146022,0,"2026-01-13 22:15:38","2026-01-13 22:15:38",NULL
5799,146022,0,"2026-01-13 22:15:38","2026-01-13 22:15:38",NULL
5800,146023,0,"2026-01-13 22:15:38","2026-01-13 22:15:38",NULL
5801,146023,0,"2026-01-13 22:15:38","2026-01-13 22:15:38",NULL
5802,146023,0,"2026-01-13 22:15:38","2026-01-13 22:15:38",NULL
5803,146023,0,"2026-01-13 22:15:38","2026-01-13 22:15:38",NULL
5804,146023,0,"2026-01-13 22:15:38","2026-01-13 22:15:38",NULL
5805,146024,0,"2026-01-13 22:15:38","2026-01-13 22:15:38",NULL
5806,146024,0,"2026-01-13 22:15:38","2026-01-13 22:15:38",NULL
5807,146024,0,"2026-01-13 22:15:38","2026-01-13 22:15:38",NULL
5808,146024,0,"2026-01-13 22:15:38","2026-01-13 22:15:38",NULL
5809,146024,0,"2026-01-13 22:15:38","2026-01-13 22:15:38",NULL
5810,146024,0,"2026-01-13 22:15:38","2026-01-13 22:15:38",NULL
5811,146024,0,"2026-01-13 22:15:38","2026-01-13 22:15:38",NULL
5812,146101,0,"2026-01-13 22:15:38","2026-01-13 22:15:38",NULL
5813,146101,0,"2026-01-13 22:15:38","2026-01-13 22:15:38",NULL
5814,146101,0,"2026-01-13 22:15:38","2026-01-13 22:15:38",NULL
5815,146101,0,"2026-01-13 22:15:38","2026-01-13 22:15:38",NULL
5816,146102,0,"2026-01-13 22:15:38","2026-01-13 22:15:38",NULL
5817,146102,0,"2026-01-13 22:15:38","2026-01-13 22:15:38",NULL
5818,146102,0,"2026-01-13 22:15:38","2026-01-13 22:15:38",NULL
5819,146102,0,"2026-01-13 22:15:38","2026-01-13 22:15:38",NULL
5820,146102,0,"2026-01-13 22:15:38","2026-01-13 22:15:38",NULL
5821,146102,0,"2026-01-13 22:15:38","2026-01-13 22:15:38",NULL
5822,146102,0,"2026-01-13 22:15:38","2026-01-13 22:15:38",NULL
5823,146102,0,"2026-01-13 22:15:38","2026-01-13 22:15:38",NULL
5824,146102,0,"2026-01-13 22:15:38","2026-01-13 22:15:38",NULL
5825,146102,0,"2026-01-13 22:15:38","2026-01-13 22:15:38",NULL
5826,146102,0,"2026-01-13 22:15:38","2026-01-13 22:15:38",NULL
5827,146103,0,"2026-01-13 22:15:38","2026-01-13 22:15:38",NULL
5828,146103,0,"2026-01-13 22:15:38","2026-01-13 22:15:38",NULL
5829,146103,0,"2026-01-13 22:15:38","2026-01-13 22:15:38",NULL
5830,146104,0,"2026-01-13 22:15:38","2026-01-13 22:15:38",NULL
5831,146104,0,"2026-01-13 22:15:38","2026-01-13 22:15:38",NULL
5832,146104,0,"2026-01-13 22:15:38","2026-01-13 22:15:38",NULL
5833,146104,0,"2026-01-13 22:15:38","2026-01-13 22:15:38",NULL
5834,146104,0,"2026-01-13 22:15:38","2026-01-13 22:15:38",NULL
5835,146104,0,"2026-01-13 22:15:38","2026-01-13 22:15:38",NULL
5836,146104,0,"2026-01-13 22:15:38","2026-01-13 22:15:38",NULL
5837,146104,0,"2026-01-13 22:15:38","2026-01-13 22:15:38",NULL
5838,146105,0,"2026-01-13 22:15:38","2026-01-13 22:15:38",NULL
5839,146105,0,"2026-01-13 22:15:38","2026-01-13 22:15:38",NULL
5840,146105,0,"2026-01-13 22:15:38","2026-01-13 22:15:38",NULL
5841,146106,0,"2026-01-13 22:15:38","2026-01-13 22:15:38",NULL
5842,146106,0,"2026-01-13 22:15:38","2026-01-13 22:15:38",NULL
5843,145029,0,"2026-01-13 22:15:38","2026-01-13 22:15:38",NULL
5844,145101,0,"2026-01-13 22:15:38","2026-01-13 22:15:38",NULL
5845,145101,0,"2026-01-13 22:15:38","2026-01-13 22:15:38",NULL
5846,145101,0,"2026-01-13 22:15:38","2026-01-13 22:15:38",NULL
5847,145101,0,"2026-01-13 22:15:38","2026-01-13 22:15:38",NULL
5848,145101,0,"2026-01-13 22:15:38","2026-01-13 22:15:38",NULL
5849,146001,0,"2026-01-13 22:15:38","2026-01-13 22:15:38",NULL
5850,146001,0,"2026-01-13 22:15:38","2026-01-13 22:15:38",NULL
5851,146001,0,"2026-01-13 22:15:38","2026-01-13 22:15:38",NULL
5852,146001,0,"2026-01-13 22:15:38","2026-01-13 22:15:38",NULL
5853,146001,0,"2026-01-13 22:15:38","2026-01-13 22:15:38",NULL
5854,146001,0,"2026-01-13 22:15:38","2026-01-13 22:15:38",NULL
5855,146001,0,"2026-01-13 22:15:38","2026-01-13 22:15:38",NULL
5856,146001,0,"2026-01-13 22:15:38","2026-01-13 22:15:38",NULL
5857,146001,0,"2026-01-13 22:15:38","2026-01-13 22:15:38",NULL
5858,146021,0,"2026-01-13 22:15:38","2026-01-13 22:15:38",NULL
5859,146021,0,"2026-01-13 22:15:38","2026-01-13 22:15:38",NULL
5860,146021,0,"2026-01-13 22:15:38","2026-01-13 22:15:38",NULL
5861,146021,0,"2026-01-13 22:15:38","2026-01-13 22:15:38",NULL
5862,146021,0,"2026-01-13 22:15:38","2026-01-13 22:15:38",NULL
5863,146022,0,"2026-01-13 22:15:38","2026-01-13 22:15:38",NULL
5864,146022,0,"2026-01-13 22:15:38","2026-01-13 22:15:38",NULL
5865,146022,0,"2026-01-13 22:15:38","2026-01-13 22:15:38",NULL
5866,146022,0,"2026-01-13 22:15:38","2026-01-13 22:15:38",NULL
5867,146113,0,"2026-01-13 22:15:38","2026-01-13 22:15:38",NULL
5868,146113,0,"2026-01-13 22:15:38","2026-01-13 22:15:38",NULL
5869,146113,0,"2026-01-13 22:15:38","2026-01-13 22:15:38",NULL
5870,146113,0,"2026-01-13 22:15:38","2026-01-13 22:15:38",NULL
5871,146113,0,"2026-01-13 22:15:38","2026-01-13 22:15:38",NULL
5872,146113,0,"2026-01-13 22:15:38","2026-01-13 22:15:38",NULL
5873,146113,0,"2026-01-13 22:15:38","2026-01-13 22:15:38",NULL
5874,146113,0,"2026-01-13 22:15:38","2026-01-13 22:15:38",NULL
5875,146113,0,"2026-01-13 22:15:38","2026-01-13 22:15:38",NULL
5876,146113,0,"2026-01-13 22:15:38","2026-01-13 22:15:38",NULL
5877,146114,0,"2026-01-13 22:15:38","2026-01-13 22:15:38",NULL
5878,146114,0,"2026-01-13 22:15:38","2026-01-13 22:15:38",NULL
5879,146114,0,"2026-01-13 22:15:38","2026-01-13 22:15:38",NULL
5880,146115,0,"2026-01-13 22:15:38","2026-01-13 22:15:38",NULL
5881,146115,0,"2026-01-13 22:15:38","2026-01-13 22:15:38",NULL
5882,146115,0,"2026-01-13 22:15:38","2026-01-13 22:15:38",NULL
5883,146116,0,"2026-01-13 22:15:38","2026-01-13 22:15:38",NULL
5884,146116,0,"2026-01-13 22:15:38","2026-01-13 22:15:38",NULL
5885,146116,0,"2026-01-13 22:15:38","2026-01-13 22:15:38",NULL
5886,146116,0,"2026-01-13 22:15:38","2026-01-13 22:15:38",NULL
5887,147001,0,"2026-01-13 22:15:38","2026-01-13 22:15:38",NULL
5888,147001,0,"2026-01-13 22:15:38","2026-01-13 22:15:38",NULL
5889,147001,0,"2026-01-13 22:15:38","2026-01-13 22:15:38",NULL
5890,146106,0,"2026-01-13 22:15:38","2026-01-13 22:15:38",NULL
5891,146107,0,"2026-01-13 22:15:38","2026-01-13 22:15:38",NULL
5892,146107,0,"2026-01-13 22:15:38","2026-01-13 22:15:38",NULL
5893,146107,0,"2026-01-13 22:15:38","2026-01-13 22:15:38",NULL
5894,146108,0,"2026-01-13 22:15:38","2026-01-13 22:15:38",NULL
5895,146108,0,"2026-01-13 22:15:38","2026-01-13 22:15:38",NULL
5896,146108,0,"2026-01-13 22:15:38","2026-01-13 22:15:38",NULL
5897,146108,0,"2026-01-13 22:15:38","2026-01-13 22:15:38",NULL
5898,146108,0,"2026-01-13 22:15:38","2026-01-13 22:15:38",NULL
5899,146108,0,"2026-01-13 22:15:38","2026-01-13 22:15:38",NULL
5900,146109,0,"2026-01-13 22:15:38","2026-01-13 22:15:38",NULL
5901,146109,0,"2026-01-13 22:15:38","2026-01-13 22:15:38",NULL
5902,146109,0,"2026-01-13 22:15:38","2026-01-13 22:15:38",NULL
5903,146109,0,"2026-01-13 22:15:38","2026-01-13 22:15:38",NULL
5904,146109,0,"2026-01-13 22:15:38","2026-01-13 22:15:38",NULL
5905,146109,0,"2026-01-13 22:15:38","2026-01-13 22:15:38",NULL
5906,146109,0,"2026-01-13 22:15:38","2026-01-13 22:15:38",NULL
5907,146109,0,"2026-01-13 22:15:38","2026-01-13 22:15:38",NULL
5908,146109,0,"2026-01-13 22:15:38","2026-01-13 22:15:38",NULL
5909,146109,0,"2026-01-13 22:15:38","2026-01-13 22:15:38",NULL
5910,146110,0,"2026-01-13 22:15:38","2026-01-13 22:15:38",NULL
5911,146110,0,"2026-01-13 22:15:38","2026-01-13 22:15:38",NULL
5912,146110,0,"2026-01-13 22:15:38","2026-01-13 22:15:38",NULL
5913,146110,0,"2026-01-13 22:15:38","2026-01-13 22:15:38",NULL
5914,146110,0,"2026-01-13 22:15:38","2026-01-13 22:15:38",NULL
5915,146111,0,"2026-01-13 22:15:38","2026-01-13 22:15:38",NULL
5916,146111,0,"2026-01-13 22:15:38","2026-01-13 22:15:38",NULL
5917,146111,0,"2026-01-13 22:15:38","2026-01-13 22:15:38",NULL
5918,146111,0,"2026-01-13 22:15:38","2026-01-13 22:15:38",NULL
5919,146111,0,"2026-01-13 22:15:38","2026-01-13 22:15:38",NULL
5920,146111,0,"2026-01-13 22:15:38","2026-01-13 22:15:38",NULL
5921,146111,0,"2026-01-13 22:15:38","2026-01-13 22:15:38",NULL
5922,146111,0,"2026-01-13 22:15:38","2026-01-13 22:15:38",NULL
5923,146111,0,"2026-01-13 22:15:38","2026-01-13 22:15:38",NULL
5924,146111,0,"2026-01-13 22:15:38","2026-01-13 22:15:38",NULL
5925,146112,0,"2026-01-13 22:15:38","2026-01-13 22:15:38",NULL
5926,146112,0,"2026-01-13 22:15:38","2026-01-13 22:15:38",NULL
5927,146112,0,"2026-01-13 22:15:38","2026-01-13 22:15:38",NULL
5928,146112,0,"2026-01-13 22:15:38","2026-01-13 22:15:38",NULL
5929,146112,0,"2026-01-13 22:15:38","2026-01-13 22:15:38",NULL
5930,146112,0,"2026-01-13 22:15:38","2026-01-13 22:15:38",NULL
5931,146112,0,"2026-01-13 22:15:38","2026-01-13 22:15:38",NULL
5932,146112,0,"2026-01-13 22:15:38","2026-01-13 22:15:38",NULL
5933,146112,0,"2026-01-13 22:15:38","2026-01-13 22:15:38",NULL
5934,146112,0,"2026-01-13 22:15:38","2026-01-13 22:15:38",NULL
5935,146112,0,"2026-01-13 22:15:38","2026-01-13 22:15:38",NULL
5936,146113,0,"2026-01-13 22:15:38","2026-01-13 22:15:38",NULL
5937,147104,0,"2026-01-13 22:15:38","2026-01-13 22:15:38",NULL
5938,147104,0,"2026-01-13 22:15:38","2026-01-13 22:15:38",NULL
5939,147001,0,"2026-01-13 22:15:38","2026-01-13 22:15:38",NULL
5940,147001,0,"2026-01-13 22:15:38","2026-01-13 22:15:38",NULL
5941,147001,0,"2026-01-13 22:15:38","2026-01-13 22:15:38",NULL
5942,147001,0,"2026-01-13 22:15:38","2026-01-13 22:15:38",NULL
5943,147001,0,"2026-01-13 22:15:38","2026-01-13 22:15:38",NULL
5944,147001,0,"2026-01-13 22:15:38","2026-01-13 22:15:38",NULL
5945,147001,0,"2026-01-13 22:15:38","2026-01-13 22:15:38",NULL
5946,147002,0,"2026-01-13 22:15:38","2026-01-13 22:15:38",NULL
5947,147002,0,"2026-01-13 22:15:38","2026-01-13 22:15:38",NULL
5948,147003,0,"2026-01-13 22:15:38","2026-01-13 22:15:38",NULL
5949,147003,0,"2026-01-13 22:15:38","2026-01-13 22:15:38",NULL
5950,147004,0,"2026-01-13 22:15:38","2026-01-13 22:15:38",NULL
5951,147004,0,"2026-01-13 22:15:38","2026-01-13 22:15:38",NULL
5952,147004,0,"2026-01-13 22:15:38","2026-01-13 22:15:38",NULL
5953,147004,0,"2026-01-13 22:15:38","2026-01-13 22:15:38",NULL
5954,147004,0,"2026-01-13 22:15:38","2026-01-13 22:15:38",NULL
5955,147005,0,"2026-01-13 22:15:38","2026-01-13 22:15:38",NULL
5956,147005,0,"2026-01-13 22:15:38","2026-01-13 22:15:38",NULL
5957,147005,0,"2026-01-13 22:15:38","2026-01-13 22:15:38",NULL
5958,147006,0,"2026-01-13 22:15:38","2026-01-13 22:15:38",NULL
5959,147006,0,"2026-01-13 22:15:38","2026-01-13 22:15:38",NULL
5960,147006,0,"2026-01-13 22:15:38","2026-01-13 22:15:38",NULL
5961,147006,0,"2026-01-13 22:15:38","2026-01-13 22:15:38",NULL
5962,147006,0,"2026-01-13 22:15:38","2026-01-13 22:15:38",NULL
5963,147301,0,"2026-01-13 22:15:38","2026-01-13 22:15:38",NULL
5964,147007,0,"2026-01-13 22:15:38","2026-01-13 22:15:38",NULL
5965,147007,0,"2026-01-13 22:15:38","2026-01-13 22:15:38",NULL
5966,147007,0,"2026-01-13 22:15:38","2026-01-13 22:15:38",NULL
5967,147007,0,"2026-01-13 22:15:38","2026-01-13 22:15:38",NULL
5968,147007,0,"2026-01-13 22:15:38","2026-01-13 22:15:38",NULL
5969,147007,0,"2026-01-13 22:15:38","2026-01-13 22:15:38",NULL
5970,147007,0,"2026-01-13 22:15:38","2026-01-13 22:15:38",NULL
5971,147007,0,"2026-01-13 22:15:38","2026-01-13 22:15:38",NULL
5972,147021,0,"2026-01-13 22:15:38","2026-01-13 22:15:38",NULL
5973,147021,0,"2026-01-13 22:15:38","2026-01-13 22:15:38",NULL
5974,147021,0,"2026-01-13 22:15:38","2026-01-13 22:15:38",NULL
5975,147021,0,"2026-01-13 22:15:38","2026-01-13 22:15:38",NULL
5976,147021,0,"2026-01-13 22:15:38","2026-01-13 22:15:38",NULL
5977,147021,0,"2026-01-13 22:15:38","2026-01-13 22:15:38",NULL
5978,147101,0,"2026-01-13 22:15:38","2026-01-13 22:15:38",NULL
5979,147101,0,"2026-01-13 22:15:38","2026-01-13 22:15:38",NULL
5980,147101,0,"2026-01-13 22:15:38","2026-01-13 22:15:38",NULL
5981,147101,0,"2026-01-13 22:15:38","2026-01-13 22:15:38",NULL
5982,147101,0,"2026-01-13 22:15:38","2026-01-13 22:15:38",NULL
5983,147101,0,"2026-01-13 22:15:38","2026-01-13 22:15:38",NULL
5984,147101,0,"2026-01-13 22:15:38","2026-01-13 22:15:38",NULL
5985,147101,0,"2026-01-13 22:15:38","2026-01-13 22:15:38",NULL
5986,147101,0,"2026-01-13 22:15:38","2026-01-13 22:15:38",NULL
5987,147101,0,"2026-01-13 22:15:38","2026-01-13 22:15:38",NULL
5988,147101,0,"2026-01-13 22:15:38","2026-01-13 22:15:38",NULL
5989,147101,0,"2026-01-13 22:15:38","2026-01-13 22:15:38",NULL
5990,147101,0,"2026-01-13 22:15:38","2026-01-13 22:15:38",NULL
5991,147101,0,"2026-01-13 22:15:38","2026-01-13 22:15:38",NULL
5992,147101,0,"2026-01-13 22:15:38","2026-01-13 22:15:38",NULL
5993,147101,0,"2026-01-13 22:15:38","2026-01-13 22:15:38",NULL
5994,147101,0,"2026-01-13 22:15:38","2026-01-13 22:15:38",NULL
5995,147101,0,"2026-01-13 22:15:38","2026-01-13 22:15:38",NULL
5996,147102,0,"2026-01-13 22:15:38","2026-01-13 22:15:38",NULL
5997,147102,0,"2026-01-13 22:15:38","2026-01-13 22:15:38",NULL
5998,147102,0,"2026-01-13 22:15:38","2026-01-13 22:15:38",NULL
5999,147102,0,"2026-01-13 22:15:38","2026-01-13 22:15:38",NULL
6000,147102,0,"2026-01-13 22:15:38","2026-01-13 22:15:38",NULL
6001,147102,0,"2026-01-13 22:15:38","2026-01-13 22:15:38",NULL
6002,147102,0,"2026-01-13 22:15:38","2026-01-13 22:15:38",NULL
6003,147102,0,"2026-01-13 22:15:38","2026-01-13 22:15:38",NULL
6004,147103,0,"2026-01-13 22:15:38","2026-01-13 22:15:38",NULL
6005,147103,0,"2026-01-13 22:15:38","2026-01-13 22:15:38",NULL
6006,147104,0,"2026-01-13 22:15:38","2026-01-13 22:15:38",NULL
6007,147104,0,"2026-01-13 22:15:38","2026-01-13 22:15:38",NULL
6008,147104,0,"2026-01-13 22:15:38","2026-01-13 22:15:38",NULL
6009,147105,0,"2026-01-13 22:15:38","2026-01-13 22:15:38",NULL
6010,147105,0,"2026-01-13 22:15:38","2026-01-13 22:15:38",NULL
6011,147105,0,"2026-01-13 22:15:38","2026-01-13 22:15:38",NULL
6012,147105,0,"2026-01-13 22:15:38","2026-01-13 22:15:38",NULL
6013,147105,0,"2026-01-13 22:15:38","2026-01-13 22:15:38",NULL
6014,147105,0,"2026-01-13 22:15:38","2026-01-13 22:15:38",NULL
6015,147105,0,"2026-01-13 22:15:38","2026-01-13 22:15:38",NULL
6016,147105,0,"2026-01-13 22:15:38","2026-01-13 22:15:38",NULL
6017,147105,0,"2026-01-13 22:15:38","2026-01-13 22:15:38",NULL
6018,147105,0,"2026-01-13 22:15:38","2026-01-13 22:15:38",NULL
6019,147105,0,"2026-01-13 22:15:38","2026-01-13 22:15:38",NULL
6020,147105,0,"2026-01-13 22:15:38","2026-01-13 22:15:38",NULL
6021,147105,0,"2026-01-13 22:15:38","2026-01-13 22:15:38",NULL
6022,147105,0,"2026-01-13 22:15:38","2026-01-13 22:15:38",NULL
6023,147105,0,"2026-01-13 22:15:38","2026-01-13 22:15:38",NULL
6024,147105,0,"2026-01-13 22:15:38","2026-01-13 22:15:38",NULL
6025,147111,0,"2026-01-13 22:15:38","2026-01-13 22:15:38",NULL
6026,147111,0,"2026-01-13 22:15:38","2026-01-13 22:15:38",NULL
6027,147111,0,"2026-01-13 22:15:38","2026-01-13 22:15:38",NULL
6028,147111,0,"2026-01-13 22:15:38","2026-01-13 22:15:38",NULL
6029,147111,0,"2026-01-13 22:15:38","2026-01-13 22:15:38",NULL
6030,147111,0,"2026-01-13 22:15:38","2026-01-13 22:15:38",NULL
6031,147111,0,"2026-01-13 22:15:38","2026-01-13 22:15:38",NULL
6032,147111,0,"2026-01-13 22:15:38","2026-01-13 22:15:38",NULL
6033,147111,0,"2026-01-13 22:15:38","2026-01-13 22:15:38",NULL
6034,147111,0,"2026-01-13 22:15:38","2026-01-13 22:15:38",NULL
6035,147111,0,"2026-01-13 22:15:38","2026-01-13 22:15:38",NULL
6036,147201,0,"2026-01-13 22:15:38","2026-01-13 22:15:38",NULL
6037,147201,0,"2026-01-13 22:15:38","2026-01-13 22:15:38",NULL
6038,147201,0,"2026-01-13 22:15:38","2026-01-13 22:15:38",NULL
6039,147201,0,"2026-01-13 22:15:38","2026-01-13 22:15:38",NULL
6040,147201,0,"2026-01-13 22:15:38","2026-01-13 22:15:38",NULL
6041,147201,0,"2026-01-13 22:15:38","2026-01-13 22:15:38",NULL
6042,147201,0,"2026-01-13 22:15:38","2026-01-13 22:15:38",NULL
6043,147201,0,"2026-01-13 22:15:38","2026-01-13 22:15:38",NULL
6044,147201,0,"2026-01-13 22:15:38","2026-01-13 22:15:38",NULL
6045,147201,0,"2026-01-13 22:15:38","2026-01-13 22:15:38",NULL
6046,147201,0,"2026-01-13 22:15:38","2026-01-13 22:15:38",NULL
6047,147201,0,"2026-01-13 22:15:38","2026-01-13 22:15:38",NULL
6048,147201,0,"2026-01-13 22:15:38","2026-01-13 22:15:38",NULL
6049,147201,0,"2026-01-13 22:15:38","2026-01-13 22:15:38",NULL
6050,147201,0,"2026-01-13 22:15:38","2026-01-13 22:15:38",NULL
6051,147201,0,"2026-01-13 22:15:38","2026-01-13 22:15:38",NULL
6052,147201,0,"2026-01-13 22:15:38","2026-01-13 22:15:38",NULL
6053,147201,0,"2026-01-13 22:15:38","2026-01-13 22:15:38",NULL
6054,147201,0,"2026-01-13 22:15:38","2026-01-13 22:15:38",NULL
6055,147201,0,"2026-01-13 22:15:38","2026-01-13 22:15:38",NULL
6056,147201,0,"2026-01-13 22:15:38","2026-01-13 22:15:38",NULL
6057,147201,0,"2026-01-13 22:15:38","2026-01-13 22:15:38",NULL
6058,147201,0,"2026-01-13 22:15:38","2026-01-13 22:15:38",NULL
6059,147202,0,"2026-01-13 22:15:38","2026-01-13 22:15:38",NULL
6060,147202,0,"2026-01-13 22:15:38","2026-01-13 22:15:38",NULL
6061,147202,0,"2026-01-13 22:15:38","2026-01-13 22:15:38",NULL
6062,147202,0,"2026-01-13 22:15:38","2026-01-13 22:15:38",NULL
6063,147202,0,"2026-01-13 22:15:38","2026-01-13 22:15:38",NULL
6064,147202,0,"2026-01-13 22:15:38","2026-01-13 22:15:38",NULL
6065,147202,0,"2026-01-13 22:15:38","2026-01-13 22:15:38",NULL
6066,147202,0,"2026-01-13 22:15:38","2026-01-13 22:15:38",NULL
6067,147202,0,"2026-01-13 22:15:38","2026-01-13 22:15:38",NULL
6068,147202,0,"2026-01-13 22:15:38","2026-01-13 22:15:38",NULL
6069,147202,0,"2026-01-13 22:15:38","2026-01-13 22:15:38",NULL
6070,147202,0,"2026-01-13 22:15:38","2026-01-13 22:15:38",NULL
6071,147202,0,"2026-01-13 22:15:38","2026-01-13 22:15:38",NULL
6072,147203,0,"2026-01-13 22:15:38","2026-01-13 22:15:38",NULL
6073,147203,0,"2026-01-13 22:15:38","2026-01-13 22:15:38",NULL
6074,147203,0,"2026-01-13 22:15:38","2026-01-13 22:15:38",NULL
6075,147203,0,"2026-01-13 22:15:38","2026-01-13 22:15:38",NULL
6076,147203,0,"2026-01-13 22:15:38","2026-01-13 22:15:38",NULL
6077,147203,0,"2026-01-13 22:15:38","2026-01-13 22:15:38",NULL
6078,147203,0,"2026-01-13 22:15:38","2026-01-13 22:15:38",NULL
6079,148002,0,"2026-01-13 22:15:38","2026-01-13 22:15:38",NULL
6080,148002,0,"2026-01-13 22:15:38","2026-01-13 22:15:38",NULL
6081,148002,0,"2026-01-13 22:15:38","2026-01-13 22:15:38",NULL
6082,148002,0,"2026-01-13 22:15:38","2026-01-13 22:15:38",NULL
6083,148002,0,"2026-01-13 22:15:38","2026-01-13 22:15:38",NULL
6084,148002,0,"2026-01-13 22:15:38","2026-01-13 22:15:38",NULL
6085,148002,0,"2026-01-13 22:15:38","2026-01-13 22:15:38",NULL
6086,148002,0,"2026-01-13 22:15:38","2026-01-13 22:15:38",NULL
6087,148002,0,"2026-01-13 22:15:38","2026-01-13 22:15:38",NULL
6088,148017,0,"2026-01-13 22:15:38","2026-01-13 22:15:38",NULL
6089,148017,0,"2026-01-13 22:15:38","2026-01-13 22:15:38",NULL
6090,148017,0,"2026-01-13 22:15:38","2026-01-13 22:15:38",NULL
6091,148017,0,"2026-01-13 22:15:38","2026-01-13 22:15:38",NULL
6092,148017,0,"2026-01-13 22:15:38","2026-01-13 22:15:38",NULL
6093,148017,0,"2026-01-13 22:15:38","2026-01-13 22:15:38",NULL
6094,148018,0,"2026-01-13 22:15:38","2026-01-13 22:15:38",NULL
6095,148018,0,"2026-01-13 22:15:38","2026-01-13 22:15:38",NULL
6096,148018,0,"2026-01-13 22:15:38","2026-01-13 22:15:38",NULL
6097,148019,0,"2026-01-13 22:15:38","2026-01-13 22:15:38",NULL
6098,148019,0,"2026-01-13 22:15:38","2026-01-13 22:15:38",NULL
6099,148019,0,"2026-01-13 22:15:38","2026-01-13 22:15:38",NULL
6100,148020,0,"2026-01-13 22:15:38","2026-01-13 22:15:38",NULL
6101,148020,0,"2026-01-13 22:15:38","2026-01-13 22:15:38",NULL
6102,148020,0,"2026-01-13 22:15:38","2026-01-13 22:15:38",NULL
6103,148020,0,"2026-01-13 22:15:38","2026-01-13 22:15:38",NULL
6104,148020,0,"2026-01-13 22:15:38","2026-01-13 22:15:38",NULL
6105,148020,0,"2026-01-13 22:15:38","2026-01-13 22:15:38",NULL
6106,148020,0,"2026-01-13 22:15:38","2026-01-13 22:15:38",NULL
6107,148020,0,"2026-01-13 22:15:38","2026-01-13 22:15:38",NULL
6108,148020,0,"2026-01-13 22:15:38","2026-01-13 22:15:38",NULL
6109,148020,0,"2026-01-13 22:15:38","2026-01-13 22:15:38",NULL
6110,148020,0,"2026-01-13 22:15:38","2026-01-13 22:15:38",NULL
6111,148021,0,"2026-01-13 22:15:38","2026-01-13 22:15:38",NULL
6112,148021,0,"2026-01-13 22:15:38","2026-01-13 22:15:38",NULL
6113,148021,0,"2026-01-13 22:15:38","2026-01-13 22:15:38",NULL
6114,148021,0,"2026-01-13 22:15:38","2026-01-13 22:15:38",NULL
6115,148021,0,"2026-01-13 22:15:38","2026-01-13 22:15:38",NULL
6116,148022,0,"2026-01-13 22:15:38","2026-01-13 22:15:38",NULL
6117,148022,0,"2026-01-13 22:15:38","2026-01-13 22:15:38",NULL
6118,148022,0,"2026-01-13 22:15:38","2026-01-13 22:15:38",NULL
6119,148022,0,"2026-01-13 22:15:38","2026-01-13 22:15:38",NULL
6120,148022,0,"2026-01-13 22:15:38","2026-01-13 22:15:38",NULL
6121,148022,0,"2026-01-13 22:15:38","2026-01-13 22:15:38",NULL
6122,148022,0,"2026-01-13 22:15:38","2026-01-13 22:15:38",NULL
6123,148022,0,"2026-01-13 22:15:38","2026-01-13 22:15:38",NULL
6124,148023,0,"2026-01-13 22:15:38","2026-01-13 22:15:38",NULL
6125,148023,0,"2026-01-13 22:15:38","2026-01-13 22:15:38",NULL
6126,148023,0,"2026-01-13 22:15:38","2026-01-13 22:15:38",NULL
6127,148023,0,"2026-01-13 22:15:38","2026-01-13 22:15:38",NULL
6128,148023,0,"2026-01-13 22:15:38","2026-01-13 22:15:38",NULL
6129,147203,0,"2026-01-13 22:15:38","2026-01-13 22:15:38",NULL
6130,147203,0,"2026-01-13 22:15:38","2026-01-13 22:15:38",NULL
6131,147203,0,"2026-01-13 22:15:38","2026-01-13 22:15:38",NULL
6132,147203,0,"2026-01-13 22:15:38","2026-01-13 22:15:38",NULL
6133,147301,0,"2026-01-13 22:15:38","2026-01-13 22:15:38",NULL
6134,147301,0,"2026-01-13 22:15:38","2026-01-13 22:15:38",NULL
6135,147301,0,"2026-01-13 22:15:38","2026-01-13 22:15:38",NULL
6136,148104,0,"2026-01-13 22:15:38","2026-01-13 22:15:38",NULL
6137,147301,0,"2026-01-13 22:15:38","2026-01-13 22:15:38",NULL
6138,148001,0,"2026-01-13 22:15:38","2026-01-13 22:15:38",NULL
6139,148001,0,"2026-01-13 22:15:38","2026-01-13 22:15:38",NULL
6140,148001,0,"2026-01-13 22:15:38","2026-01-13 22:15:38",NULL
6141,148001,0,"2026-01-13 22:15:38","2026-01-13 22:15:38",NULL
6142,148001,0,"2026-01-13 22:15:38","2026-01-13 22:15:38",NULL
6143,148002,0,"2026-01-13 22:15:38","2026-01-13 22:15:38",NULL
6144,148002,0,"2026-01-13 22:15:38","2026-01-13 22:15:38",NULL
6145,148002,0,"2026-01-13 22:15:38","2026-01-13 22:15:38",NULL
6146,148002,0,"2026-01-13 22:15:38","2026-01-13 22:15:38",NULL
6147,148002,0,"2026-01-13 22:15:38","2026-01-13 22:15:38",NULL
6148,148026,0,"2026-01-13 22:15:38","2026-01-13 22:15:38",NULL
6149,148026,0,"2026-01-13 22:15:38","2026-01-13 22:15:38",NULL
6150,148026,0,"2026-01-13 22:15:38","2026-01-13 22:15:38",NULL
6151,148026,0,"2026-01-13 22:15:38","2026-01-13 22:15:38",NULL
6152,148026,0,"2026-01-13 22:15:39","2026-01-13 22:15:39",NULL
6153,148026,0,"2026-01-13 22:15:39","2026-01-13 22:15:39",NULL
6154,148026,0,"2026-01-13 22:15:39","2026-01-13 22:15:39",NULL
6155,148026,0,"2026-01-13 22:15:39","2026-01-13 22:15:39",NULL
6156,148026,0,"2026-01-13 22:15:39","2026-01-13 22:15:39",NULL
6157,148026,0,"2026-01-13 22:15:39","2026-01-13 22:15:39",NULL
6158,148026,0,"2026-01-13 22:15:39","2026-01-13 22:15:39",NULL
6159,148026,0,"2026-01-13 22:15:39","2026-01-13 22:15:39",NULL
6160,148026,0,"2026-01-13 22:15:39","2026-01-13 22:15:39",NULL
6161,148026,0,"2026-01-13 22:15:39","2026-01-13 22:15:39",NULL
6162,148027,0,"2026-01-13 22:15:39","2026-01-13 22:15:39",NULL
6163,148027,0,"2026-01-13 22:15:39","2026-01-13 22:15:39",NULL
6164,148027,0,"2026-01-13 22:15:39","2026-01-13 22:15:39",NULL
6165,148027,0,"2026-01-13 22:15:39","2026-01-13 22:15:39",NULL
6166,148027,0,"2026-01-13 22:15:39","2026-01-13 22:15:39",NULL
6167,148028,0,"2026-01-13 22:15:39","2026-01-13 22:15:39",NULL
6168,148028,0,"2026-01-13 22:15:39","2026-01-13 22:15:39",NULL
6169,148028,0,"2026-01-13 22:15:39","2026-01-13 22:15:39",NULL
6170,148028,0,"2026-01-13 22:15:39","2026-01-13 22:15:39",NULL
6171,148028,0,"2026-01-13 22:15:39","2026-01-13 22:15:39",NULL
6172,148028,0,"2026-01-13 22:15:39","2026-01-13 22:15:39",NULL
6173,148028,0,"2026-01-13 22:15:39","2026-01-13 22:15:39",NULL
6174,148028,0,"2026-01-13 22:15:39","2026-01-13 22:15:39",NULL
6175,148028,0,"2026-01-13 22:15:39","2026-01-13 22:15:39",NULL
6176,148028,0,"2026-01-13 22:15:39","2026-01-13 22:15:39",NULL
6177,148029,0,"2026-01-13 22:15:39","2026-01-13 22:15:39",NULL
6178,148029,0,"2026-01-13 22:15:39","2026-01-13 22:15:39",NULL
6179,148029,0,"2026-01-13 22:15:39","2026-01-13 22:15:39",NULL
6180,148030,0,"2026-01-13 22:15:39","2026-01-13 22:15:39",NULL
6181,148030,0,"2026-01-13 22:15:39","2026-01-13 22:15:39",NULL
6182,148023,0,"2026-01-13 22:15:39","2026-01-13 22:15:39",NULL
6183,148023,0,"2026-01-13 22:15:39","2026-01-13 22:15:39",NULL
6184,148023,0,"2026-01-13 22:15:39","2026-01-13 22:15:39",NULL
6185,148023,0,"2026-01-13 22:15:39","2026-01-13 22:15:39",NULL
6186,148023,0,"2026-01-13 22:15:39","2026-01-13 22:15:39",NULL
6187,148023,0,"2026-01-13 22:15:39","2026-01-13 22:15:39",NULL
6188,148023,0,"2026-01-13 22:15:39","2026-01-13 22:15:39",NULL
6189,148023,0,"2026-01-13 22:15:39","2026-01-13 22:15:39",NULL
6190,148023,0,"2026-01-13 22:15:39","2026-01-13 22:15:39",NULL
6191,148023,0,"2026-01-13 22:15:39","2026-01-13 22:15:39",NULL
6192,148023,0,"2026-01-13 22:15:39","2026-01-13 22:15:39",NULL
6193,148023,0,"2026-01-13 22:15:39","2026-01-13 22:15:39",NULL
6194,148024,0,"2026-01-13 22:15:39","2026-01-13 22:15:39",NULL
6195,148024,0,"2026-01-13 22:15:39","2026-01-13 22:15:39",NULL
6196,148024,0,"2026-01-13 22:15:39","2026-01-13 22:15:39",NULL
6197,148024,0,"2026-01-13 22:15:39","2026-01-13 22:15:39",NULL
6198,148024,0,"2026-01-13 22:15:39","2026-01-13 22:15:39",NULL
6199,148024,0,"2026-01-13 22:15:39","2026-01-13 22:15:39",NULL
6200,148024,0,"2026-01-13 22:15:39","2026-01-13 22:15:39",NULL
6201,148024,0,"2026-01-13 22:15:39","2026-01-13 22:15:39",NULL
6202,148024,0,"2026-01-13 22:15:39","2026-01-13 22:15:39",NULL
6203,148024,0,"2026-01-13 22:15:39","2026-01-13 22:15:39",NULL
6204,148024,0,"2026-01-13 22:15:39","2026-01-13 22:15:39",NULL
6205,148024,0,"2026-01-13 22:15:39","2026-01-13 22:15:39",NULL
6206,148024,0,"2026-01-13 22:15:39","2026-01-13 22:15:39",NULL
6207,148024,0,"2026-01-13 22:15:39","2026-01-13 22:15:39",NULL
6208,148024,0,"2026-01-13 22:15:39","2026-01-13 22:15:39",NULL
6209,148024,0,"2026-01-13 22:15:39","2026-01-13 22:15:39",NULL
6210,148025,0,"2026-01-13 22:15:39","2026-01-13 22:15:39",NULL
6211,148025,0,"2026-01-13 22:15:39","2026-01-13 22:15:39",NULL
6212,148025,0,"2026-01-13 22:15:39","2026-01-13 22:15:39",NULL
6213,148025,0,"2026-01-13 22:15:39","2026-01-13 22:15:39",NULL
6214,148025,0,"2026-01-13 22:15:39","2026-01-13 22:15:39",NULL
6215,148025,0,"2026-01-13 22:15:39","2026-01-13 22:15:39",NULL
6216,148025,0,"2026-01-13 22:15:39","2026-01-13 22:15:39",NULL
6217,148025,0,"2026-01-13 22:15:39","2026-01-13 22:15:39",NULL
6218,148025,0,"2026-01-13 22:15:39","2026-01-13 22:15:39",NULL
6219,148025,0,"2026-01-13 22:15:39","2026-01-13 22:15:39",NULL
6220,148025,0,"2026-01-13 22:15:39","2026-01-13 22:15:39",NULL
6221,148026,0,"2026-01-13 22:15:39","2026-01-13 22:15:39",NULL
6222,148026,0,"2026-01-13 22:15:39","2026-01-13 22:15:39",NULL
6223,148100,0,"2026-01-13 22:15:39","2026-01-13 22:15:39",NULL
6224,148100,0,"2026-01-13 22:15:39","2026-01-13 22:15:39",NULL
6225,148100,0,"2026-01-13 22:15:39","2026-01-13 22:15:39",NULL
6226,148100,0,"2026-01-13 22:15:39","2026-01-13 22:15:39",NULL
6227,148100,0,"2026-01-13 22:15:39","2026-01-13 22:15:39",NULL
6228,148100,0,"2026-01-13 22:15:39","2026-01-13 22:15:39",NULL
6229,148100,0,"2026-01-13 22:15:39","2026-01-13 22:15:39",NULL
6230,148101,0,"2026-01-13 22:15:39","2026-01-13 22:15:39",NULL
6231,148101,0,"2026-01-13 22:15:39","2026-01-13 22:15:39",NULL
6232,148101,0,"2026-01-13 22:15:39","2026-01-13 22:15:39",NULL
6233,148101,0,"2026-01-13 22:15:39","2026-01-13 22:15:39",NULL
6234,148101,0,"2026-01-13 22:15:39","2026-01-13 22:15:39",NULL
6235,148101,0,"2026-01-13 22:15:39","2026-01-13 22:15:39",NULL
6236,148102,0,"2026-01-13 22:15:39","2026-01-13 22:15:39",NULL
6237,148030,0,"2026-01-13 22:15:39","2026-01-13 22:15:39",NULL
6238,148030,0,"2026-01-13 22:15:39","2026-01-13 22:15:39",NULL
6239,148030,0,"2026-01-13 22:15:39","2026-01-13 22:15:39",NULL
6240,148030,0,"2026-01-13 22:15:39","2026-01-13 22:15:39",NULL
6241,148030,0,"2026-01-13 22:15:39","2026-01-13 22:15:39",NULL
6242,148030,0,"2026-01-13 22:15:39","2026-01-13 22:15:39",NULL
6243,148030,0,"2026-01-13 22:15:39","2026-01-13 22:15:39",NULL
6244,148031,0,"2026-01-13 22:15:39","2026-01-13 22:15:39",NULL
6245,148031,0,"2026-01-13 22:15:39","2026-01-13 22:15:39",NULL
6246,148031,0,"2026-01-13 22:15:39","2026-01-13 22:15:39",NULL
6247,148031,0,"2026-01-13 22:15:39","2026-01-13 22:15:39",NULL
6248,148031,0,"2026-01-13 22:15:39","2026-01-13 22:15:39",NULL
6249,148031,0,"2026-01-13 22:15:39","2026-01-13 22:15:39",NULL
6250,148031,0,"2026-01-13 22:15:39","2026-01-13 22:15:39",NULL
6251,148031,0,"2026-01-13 22:15:39","2026-01-13 22:15:39",NULL
6252,148031,0,"2026-01-13 22:15:39","2026-01-13 22:15:39",NULL
6253,148031,0,"2026-01-13 22:15:39","2026-01-13 22:15:39",NULL
6254,148031,0,"2026-01-13 22:15:39","2026-01-13 22:15:39",NULL
6255,148031,0,"2026-01-13 22:15:39","2026-01-13 22:15:39",NULL
6256,148033,0,"2026-01-13 22:15:39","2026-01-13 22:15:39",NULL
6257,148033,0,"2026-01-13 22:15:39","2026-01-13 22:15:39",NULL
6258,148033,0,"2026-01-13 22:15:39","2026-01-13 22:15:39",NULL
6259,148033,0,"2026-01-13 22:15:39","2026-01-13 22:15:39",NULL
6260,148033,0,"2026-01-13 22:15:39","2026-01-13 22:15:39",NULL
6261,148033,0,"2026-01-13 22:15:39","2026-01-13 22:15:39",NULL
6262,148033,0,"2026-01-13 22:15:39","2026-01-13 22:15:39",NULL
6263,148033,0,"2026-01-13 22:15:39","2026-01-13 22:15:39",NULL
6264,148033,0,"2026-01-13 22:15:39","2026-01-13 22:15:39",NULL
6265,148033,0,"2026-01-13 22:15:39","2026-01-13 22:15:39",NULL
6266,148033,0,"2026-01-13 22:15:39","2026-01-13 22:15:39",NULL
6267,148033,0,"2026-01-13 22:15:39","2026-01-13 22:15:39",NULL
6268,148033,0,"2026-01-13 22:15:39","2026-01-13 22:15:39",NULL
6269,148033,0,"2026-01-13 22:15:39","2026-01-13 22:15:39",NULL
6270,148033,0,"2026-01-13 22:15:39","2026-01-13 22:15:39",NULL
6271,148034,0,"2026-01-13 22:15:39","2026-01-13 22:15:39",NULL
6272,148034,0,"2026-01-13 22:15:39","2026-01-13 22:15:39",NULL
6273,148034,0,"2026-01-13 22:15:39","2026-01-13 22:15:39",NULL
6274,148034,0,"2026-01-13 22:15:39","2026-01-13 22:15:39",NULL
6275,148034,0,"2026-01-13 22:15:39","2026-01-13 22:15:39",NULL
6276,148034,0,"2026-01-13 22:15:39","2026-01-13 22:15:39",NULL
6277,148034,0,"2026-01-13 22:15:39","2026-01-13 22:15:39",NULL
6278,148034,0,"2026-01-13 22:15:39","2026-01-13 22:15:39",NULL
6279,148034,0,"2026-01-13 22:15:39","2026-01-13 22:15:39",NULL
6280,148035,0,"2026-01-13 22:15:39","2026-01-13 22:15:39",NULL
6281,148035,0,"2026-01-13 22:15:39","2026-01-13 22:15:39",NULL
6282,148035,0,"2026-01-13 22:15:39","2026-01-13 22:15:39",NULL
6283,148035,0,"2026-01-13 22:15:39","2026-01-13 22:15:39",NULL
6284,148035,0,"2026-01-13 22:15:39","2026-01-13 22:15:39",NULL
6285,148035,0,"2026-01-13 22:15:39","2026-01-13 22:15:39",NULL
6286,148035,0,"2026-01-13 22:15:39","2026-01-13 22:15:39",NULL
6287,148035,0,"2026-01-13 22:15:39","2026-01-13 22:15:39",NULL
6288,148035,0,"2026-01-13 22:15:39","2026-01-13 22:15:39",NULL
6289,148035,0,"2026-01-13 22:15:39","2026-01-13 22:15:39",NULL
6290,148035,0,"2026-01-13 22:15:39","2026-01-13 22:15:39",NULL
6291,148035,0,"2026-01-13 22:15:39","2026-01-13 22:15:39",NULL
6292,148100,0,"2026-01-13 22:15:39","2026-01-13 22:15:39",NULL
6293,148100,0,"2026-01-13 22:15:39","2026-01-13 22:15:39",NULL
6294,148100,0,"2026-01-13 22:15:39","2026-01-13 22:15:39",NULL
6295,148102,0,"2026-01-13 22:15:39","2026-01-13 22:15:39",NULL
6296,148102,0,"2026-01-13 22:15:39","2026-01-13 22:15:39",NULL
6297,148102,0,"2026-01-13 22:15:39","2026-01-13 22:15:39",NULL
6298,148102,0,"2026-01-13 22:15:39","2026-01-13 22:15:39",NULL
6299,148103,0,"2026-01-13 22:15:39","2026-01-13 22:15:39",NULL
6300,148103,0,"2026-01-13 22:15:39","2026-01-13 22:15:39",NULL
6301,148103,0,"2026-01-13 22:15:39","2026-01-13 22:15:39",NULL
6302,148103,0,"2026-01-13 22:15:39","2026-01-13 22:15:39",NULL
6303,148104,0,"2026-01-13 22:15:39","2026-01-13 22:15:39",NULL
6304,148104,0,"2026-01-13 22:15:39","2026-01-13 22:15:39",NULL
6305,148104,0,"2026-01-13 22:15:39","2026-01-13 22:15:39",NULL
6306,148104,0,"2026-01-13 22:15:39","2026-01-13 22:15:39",NULL
6307,148104,0,"2026-01-13 22:15:39","2026-01-13 22:15:39",NULL
6308,148104,0,"2026-01-13 22:15:39","2026-01-13 22:15:39",NULL
6309,151208,0,"2026-01-13 22:15:39","2026-01-13 22:15:39",NULL
6310,148104,0,"2026-01-13 22:15:39","2026-01-13 22:15:39",NULL
6311,148104,0,"2026-01-13 22:15:39","2026-01-13 22:15:39",NULL
6312,148105,0,"2026-01-13 22:15:39","2026-01-13 22:15:39",NULL
6313,148105,0,"2026-01-13 22:15:39","2026-01-13 22:15:39",NULL
6314,148105,0,"2026-01-13 22:15:39","2026-01-13 22:15:39",NULL
6315,148105,0,"2026-01-13 22:15:39","2026-01-13 22:15:39",NULL
6316,148105,0,"2026-01-13 22:15:39","2026-01-13 22:15:39",NULL
6317,148105,0,"2026-01-13 22:15:39","2026-01-13 22:15:39",NULL
6318,148105,0,"2026-01-13 22:15:39","2026-01-13 22:15:39",NULL
6319,148105,0,"2026-01-13 22:15:39","2026-01-13 22:15:39",NULL
6320,148105,0,"2026-01-13 22:15:39","2026-01-13 22:15:39",NULL
6321,148105,0,"2026-01-13 22:15:39","2026-01-13 22:15:39",NULL
6322,148106,0,"2026-01-13 22:15:39","2026-01-13 22:15:39",NULL
6323,148106,0,"2026-01-13 22:15:39","2026-01-13 22:15:39",NULL
6324,148106,0,"2026-01-13 22:15:39","2026-01-13 22:15:39",NULL
6325,148106,0,"2026-01-13 22:15:39","2026-01-13 22:15:39",NULL
6326,148106,0,"2026-01-13 22:15:39","2026-01-13 22:15:39",NULL
6327,148106,0,"2026-01-13 22:15:39","2026-01-13 22:15:39",NULL
6328,148106,0,"2026-01-13 22:15:39","2026-01-13 22:15:39",NULL
6329,148106,0,"2026-01-13 22:15:39","2026-01-13 22:15:39",NULL
6330,148106,0,"2026-01-13 22:15:39","2026-01-13 22:15:39",NULL
6331,148106,0,"2026-01-13 22:15:39","2026-01-13 22:15:39",NULL
6332,148106,0,"2026-01-13 22:15:39","2026-01-13 22:15:39",NULL
6333,148107,0,"2026-01-13 22:15:39","2026-01-13 22:15:39",NULL
6334,148107,0,"2026-01-13 22:15:39","2026-01-13 22:15:39",NULL
6335,148107,0,"2026-01-13 22:15:39","2026-01-13 22:15:39",NULL
6336,148107,0,"2026-01-13 22:15:39","2026-01-13 22:15:39",NULL
6337,148107,0,"2026-01-13 22:15:39","2026-01-13 22:15:39",NULL
6338,148107,0,"2026-01-13 22:15:39","2026-01-13 22:15:39",NULL
6339,148108,0,"2026-01-13 22:15:39","2026-01-13 22:15:39",NULL
6340,148108,0,"2026-01-13 22:15:39","2026-01-13 22:15:39",NULL
6341,148108,0,"2026-01-13 22:15:39","2026-01-13 22:15:39",NULL
6342,148108,0,"2026-01-13 22:15:39","2026-01-13 22:15:39",NULL
6343,148108,0,"2026-01-13 22:15:39","2026-01-13 22:15:39",NULL
6344,148108,0,"2026-01-13 22:15:39","2026-01-13 22:15:39",NULL
6345,148108,0,"2026-01-13 22:15:39","2026-01-13 22:15:39",NULL
6346,148108,0,"2026-01-13 22:15:39","2026-01-13 22:15:39",NULL
6347,148108,0,"2026-01-13 22:15:39","2026-01-13 22:15:39",NULL
6348,148109,0,"2026-01-13 22:15:39","2026-01-13 22:15:39",NULL
6349,148109,0,"2026-01-13 22:15:39","2026-01-13 22:15:39",NULL
6350,148109,0,"2026-01-13 22:15:39","2026-01-13 22:15:39",NULL
6351,148109,0,"2026-01-13 22:15:39","2026-01-13 22:15:39",NULL
6352,148109,0,"2026-01-13 22:15:39","2026-01-13 22:15:39",NULL
6353,148109,0,"2026-01-13 22:15:39","2026-01-13 22:15:39",NULL
6354,148109,0,"2026-01-13 22:15:39","2026-01-13 22:15:39",NULL
6355,151001,0,"2026-01-13 22:15:39","2026-01-13 22:15:39",NULL
6356,151001,0,"2026-01-13 22:15:39","2026-01-13 22:15:39",NULL
6357,151001,0,"2026-01-13 22:15:39","2026-01-13 22:15:39",NULL
6358,151001,0,"2026-01-13 22:15:39","2026-01-13 22:15:39",NULL
6359,151001,0,"2026-01-13 22:15:39","2026-01-13 22:15:39",NULL
6360,151002,0,"2026-01-13 22:15:39","2026-01-13 22:15:39",NULL
6361,151002,0,"2026-01-13 22:15:39","2026-01-13 22:15:39",NULL
6362,151002,0,"2026-01-13 22:15:39","2026-01-13 22:15:39",NULL
6363,151003,0,"2026-01-13 22:15:39","2026-01-13 22:15:39",NULL
6364,151004,0,"2026-01-13 22:15:39","2026-01-13 22:15:39",NULL
6365,151005,0,"2026-01-13 22:15:39","2026-01-13 22:15:39",NULL
6366,151005,0,"2026-01-13 22:15:39","2026-01-13 22:15:39",NULL
6367,151005,0,"2026-01-13 22:15:39","2026-01-13 22:15:39",NULL
6368,151005,0,"2026-01-13 22:15:39","2026-01-13 22:15:39",NULL
6369,151005,0,"2026-01-13 22:15:39","2026-01-13 22:15:39",NULL
6370,151005,0,"2026-01-13 22:15:39","2026-01-13 22:15:39",NULL
6371,151005,0,"2026-01-13 22:15:39","2026-01-13 22:15:39",NULL
6372,151005,0,"2026-01-13 22:15:39","2026-01-13 22:15:39",NULL
6373,151005,0,"2026-01-13 22:15:39","2026-01-13 22:15:39",NULL
6374,151005,0,"2026-01-13 22:15:39","2026-01-13 22:15:39",NULL
6375,151005,0,"2026-01-13 22:15:39","2026-01-13 22:15:39",NULL
6376,151005,0,"2026-01-13 22:15:39","2026-01-13 22:15:39",NULL
6377,151005,0,"2026-01-13 22:15:39","2026-01-13 22:15:39",NULL
6378,151005,0,"2026-01-13 22:15:39","2026-01-13 22:15:39",NULL
6379,151005,0,"2026-01-13 22:15:39","2026-01-13 22:15:39",NULL
6380,151005,0,"2026-01-13 22:15:39","2026-01-13 22:15:39",NULL
6381,151101,0,"2026-01-13 22:15:39","2026-01-13 22:15:39",NULL
6382,151101,0,"2026-01-13 22:15:39","2026-01-13 22:15:39",NULL
6383,151101,0,"2026-01-13 22:15:39","2026-01-13 22:15:39",NULL
6384,151101,0,"2026-01-13 22:15:39","2026-01-13 22:15:39",NULL
6385,151101,0,"2026-01-13 22:15:39","2026-01-13 22:15:39",NULL
6386,151101,0,"2026-01-13 22:15:39","2026-01-13 22:15:39",NULL
6387,151101,0,"2026-01-13 22:15:39","2026-01-13 22:15:39",NULL
6388,151101,0,"2026-01-13 22:15:39","2026-01-13 22:15:39",NULL
6389,151101,0,"2026-01-13 22:15:39","2026-01-13 22:15:39",NULL
6390,151101,0,"2026-01-13 22:15:39","2026-01-13 22:15:39",NULL
6391,151101,0,"2026-01-13 22:15:39","2026-01-13 22:15:39",NULL
6392,151102,0,"2026-01-13 22:15:39","2026-01-13 22:15:39",NULL
6393,151102,0,"2026-01-13 22:15:39","2026-01-13 22:15:39",NULL
6394,151102,0,"2026-01-13 22:15:39","2026-01-13 22:15:39",NULL
6395,151102,0,"2026-01-13 22:15:39","2026-01-13 22:15:39",NULL
6396,151102,0,"2026-01-13 22:15:39","2026-01-13 22:15:39",NULL
6397,151102,0,"2026-01-13 22:15:39","2026-01-13 22:15:39",NULL
6398,151102,0,"2026-01-13 22:15:39","2026-01-13 22:15:39",NULL
6399,151102,0,"2026-01-13 22:15:39","2026-01-13 22:15:39",NULL
6400,151103,0,"2026-01-13 22:15:39","2026-01-13 22:15:39",NULL
6401,151103,0,"2026-01-13 22:15:39","2026-01-13 22:15:39",NULL
6402,151103,0,"2026-01-13 22:15:39","2026-01-13 22:15:39",NULL
6403,151103,0,"2026-01-13 22:15:39","2026-01-13 22:15:39",NULL
6404,151103,0,"2026-01-13 22:15:39","2026-01-13 22:15:39",NULL
6405,151103,0,"2026-01-13 22:15:39","2026-01-13 22:15:39",NULL
6406,151103,0,"2026-01-13 22:15:39","2026-01-13 22:15:39",NULL
6407,151103,0,"2026-01-13 22:15:39","2026-01-13 22:15:39",NULL
6408,151103,0,"2026-01-13 22:15:39","2026-01-13 22:15:39",NULL
6409,151103,0,"2026-01-13 22:15:39","2026-01-13 22:15:39",NULL
6410,151103,0,"2026-01-13 22:15:39","2026-01-13 22:15:39",NULL
6411,151103,0,"2026-01-13 22:15:39","2026-01-13 22:15:39",NULL
6412,151103,0,"2026-01-13 22:15:39","2026-01-13 22:15:39",NULL
6413,151103,0,"2026-01-13 22:15:39","2026-01-13 22:15:39",NULL
6414,151103,0,"2026-01-13 22:15:39","2026-01-13 22:15:39",NULL
6415,151103,0,"2026-01-13 22:15:39","2026-01-13 22:15:39",NULL
6416,151104,0,"2026-01-13 22:15:39","2026-01-13 22:15:39",NULL
6417,151104,0,"2026-01-13 22:15:39","2026-01-13 22:15:39",NULL
6418,151104,0,"2026-01-13 22:15:39","2026-01-13 22:15:39",NULL
6419,151104,0,"2026-01-13 22:15:39","2026-01-13 22:15:39",NULL
6420,151104,0,"2026-01-13 22:15:39","2026-01-13 22:15:39",NULL
6421,151105,0,"2026-01-13 22:15:39","2026-01-13 22:15:39",NULL
6422,151106,0,"2026-01-13 22:15:39","2026-01-13 22:15:39",NULL
6423,151106,0,"2026-01-13 22:15:39","2026-01-13 22:15:39",NULL
6424,151106,0,"2026-01-13 22:15:39","2026-01-13 22:15:39",NULL
6425,151108,0,"2026-01-13 22:15:39","2026-01-13 22:15:39",NULL
6426,151108,0,"2026-01-13 22:15:39","2026-01-13 22:15:39",NULL
6427,151108,0,"2026-01-13 22:15:39","2026-01-13 22:15:39",NULL
6428,151108,0,"2026-01-13 22:15:39","2026-01-13 22:15:39",NULL
6429,151108,0,"2026-01-13 22:15:39","2026-01-13 22:15:39",NULL
6430,151108,0,"2026-01-13 22:15:39","2026-01-13 22:15:39",NULL
6431,151108,0,"2026-01-13 22:15:39","2026-01-13 22:15:39",NULL
6432,151111,0,"2026-01-13 22:15:39","2026-01-13 22:15:39",NULL
6433,151111,0,"2026-01-13 22:15:39","2026-01-13 22:15:39",NULL
6434,151111,0,"2026-01-13 22:15:39","2026-01-13 22:15:39",NULL
6435,151111,0,"2026-01-13 22:15:39","2026-01-13 22:15:39",NULL
6436,151111,0,"2026-01-13 22:15:39","2026-01-13 22:15:39",NULL
6437,151201,0,"2026-01-13 22:15:39","2026-01-13 22:15:39",NULL
6438,151201,0,"2026-01-13 22:15:39","2026-01-13 22:15:39",NULL
6439,151005,0,"2026-01-13 22:15:39","2026-01-13 22:15:39",NULL
6440,151005,0,"2026-01-13 22:15:39","2026-01-13 22:15:39",NULL
6441,151005,0,"2026-01-13 22:15:39","2026-01-13 22:15:39",NULL
6442,151202,0,"2026-01-13 22:15:39","2026-01-13 22:15:39",NULL
6443,151202,0,"2026-01-13 22:15:39","2026-01-13 22:15:39",NULL
6444,151202,0,"2026-01-13 22:15:39","2026-01-13 22:15:39",NULL
6445,151203,0,"2026-01-13 22:15:39","2026-01-13 22:15:39",NULL
6446,151203,0,"2026-01-13 22:15:39","2026-01-13 22:15:39",NULL
6447,151204,0,"2026-01-13 22:15:39","2026-01-13 22:15:39",NULL
6448,151204,0,"2026-01-13 22:15:39","2026-01-13 22:15:39",NULL
6449,151204,0,"2026-01-13 22:15:39","2026-01-13 22:15:39",NULL
6450,151204,0,"2026-01-13 22:15:39","2026-01-13 22:15:39",NULL
6451,151204,0,"2026-01-13 22:15:39","2026-01-13 22:15:39",NULL
6452,151204,0,"2026-01-13 22:15:39","2026-01-13 22:15:39",NULL
6453,151204,0,"2026-01-13 22:15:39","2026-01-13 22:15:39",NULL
6454,151204,0,"2026-01-13 22:15:39","2026-01-13 22:15:39",NULL
6455,151204,0,"2026-01-13 22:15:39","2026-01-13 22:15:39",NULL
6456,151205,0,"2026-01-13 22:15:39","2026-01-13 22:15:39",NULL
6457,151205,0,"2026-01-13 22:15:39","2026-01-13 22:15:39",NULL
6458,151205,0,"2026-01-13 22:15:39","2026-01-13 22:15:39",NULL
6459,151205,0,"2026-01-13 22:15:39","2026-01-13 22:15:39",NULL
6460,151205,0,"2026-01-13 22:15:39","2026-01-13 22:15:39",NULL
6461,151205,0,"2026-01-13 22:15:39","2026-01-13 22:15:39",NULL
6462,151206,0,"2026-01-13 22:15:39","2026-01-13 22:15:39",NULL
6463,151206,0,"2026-01-13 22:15:39","2026-01-13 22:15:39",NULL
6464,151206,0,"2026-01-13 22:15:39","2026-01-13 22:15:39",NULL
6465,151206,0,"2026-01-13 22:15:39","2026-01-13 22:15:39",NULL
6466,151206,0,"2026-01-13 22:15:39","2026-01-13 22:15:39",NULL
6467,151207,0,"2026-01-13 22:15:39","2026-01-13 22:15:39",NULL
6468,151207,0,"2026-01-13 22:15:39","2026-01-13 22:15:39",NULL
6469,151207,0,"2026-01-13 22:15:39","2026-01-13 22:15:39",NULL
6470,151207,0,"2026-01-13 22:15:39","2026-01-13 22:15:39",NULL
6471,151207,0,"2026-01-13 22:15:39","2026-01-13 22:15:39",NULL
6472,151207,0,"2026-01-13 22:15:39","2026-01-13 22:15:39",NULL
6473,151207,0,"2026-01-13 22:15:39","2026-01-13 22:15:39",NULL
6474,151207,0,"2026-01-13 22:15:39","2026-01-13 22:15:39",NULL
6475,151207,0,"2026-01-13 22:15:39","2026-01-13 22:15:39",NULL
6476,151208,0,"2026-01-13 22:15:39","2026-01-13 22:15:39",NULL
6477,151208,0,"2026-01-13 22:15:39","2026-01-13 22:15:39",NULL
6478,151208,0,"2026-01-13 22:15:39","2026-01-13 22:15:39",NULL
6479,151208,0,"2026-01-13 22:15:39","2026-01-13 22:15:39",NULL
6480,151505,0,"2026-01-13 22:15:39","2026-01-13 22:15:39",NULL
6481,151208,0,"2026-01-13 22:15:39","2026-01-13 22:15:39",NULL
6482,151209,0,"2026-01-13 22:15:39","2026-01-13 22:15:39",NULL
6483,151209,0,"2026-01-13 22:15:39","2026-01-13 22:15:39",NULL
6484,151209,0,"2026-01-13 22:15:39","2026-01-13 22:15:39",NULL
6485,151209,0,"2026-01-13 22:15:39","2026-01-13 22:15:39",NULL
6486,151209,0,"2026-01-13 22:15:39","2026-01-13 22:15:39",NULL
6487,151209,0,"2026-01-13 22:15:39","2026-01-13 22:15:39",NULL
6488,151210,0,"2026-01-13 22:15:39","2026-01-13 22:15:39",NULL
6489,151210,0,"2026-01-13 22:15:39","2026-01-13 22:15:39",NULL
6490,151210,0,"2026-01-13 22:15:39","2026-01-13 22:15:39",NULL
6491,151210,0,"2026-01-13 22:15:39","2026-01-13 22:15:39",NULL
6492,151210,0,"2026-01-13 22:15:39","2026-01-13 22:15:39",NULL
6493,151201,0,"2026-01-13 22:15:39","2026-01-13 22:15:39",NULL
6494,151201,0,"2026-01-13 22:15:39","2026-01-13 22:15:39",NULL
6495,151201,0,"2026-01-13 22:15:39","2026-01-13 22:15:39",NULL
6496,151201,0,"2026-01-13 22:15:39","2026-01-13 22:15:39",NULL
6497,151201,0,"2026-01-13 22:15:39","2026-01-13 22:15:39",NULL
6498,151201,0,"2026-01-13 22:15:39","2026-01-13 22:15:39",NULL
6499,151201,0,"2026-01-13 22:15:39","2026-01-13 22:15:39",NULL
6500,151201,0,"2026-01-13 22:15:39","2026-01-13 22:15:39",NULL
6501,151201,0,"2026-01-13 22:15:39","2026-01-13 22:15:39",NULL
6502,151201,0,"2026-01-13 22:15:39","2026-01-13 22:15:39",NULL
6503,151201,0,"2026-01-13 22:15:39","2026-01-13 22:15:39",NULL
6504,151201,0,"2026-01-13 22:15:39","2026-01-13 22:15:39",NULL
6505,151201,0,"2026-01-13 22:15:39","2026-01-13 22:15:39",NULL
6506,151201,0,"2026-01-13 22:15:39","2026-01-13 22:15:39",NULL
6507,151201,0,"2026-01-13 22:15:39","2026-01-13 22:15:39",NULL
6508,151202,0,"2026-01-13 22:15:39","2026-01-13 22:15:39",NULL
6509,151202,0,"2026-01-13 22:15:39","2026-01-13 22:15:39",NULL
6510,151202,0,"2026-01-13 22:15:39","2026-01-13 22:15:39",NULL
6511,151202,0,"2026-01-13 22:15:39","2026-01-13 22:15:39",NULL
6512,151202,0,"2026-01-13 22:15:39","2026-01-13 22:15:39",NULL
6513,151202,0,"2026-01-13 22:15:39","2026-01-13 22:15:39",NULL
6514,151202,0,"2026-01-13 22:15:39","2026-01-13 22:15:39",NULL
6515,151213,0,"2026-01-13 22:15:39","2026-01-13 22:15:39",NULL
6516,151213,0,"2026-01-13 22:15:39","2026-01-13 22:15:39",NULL
6517,151213,0,"2026-01-13 22:15:39","2026-01-13 22:15:39",NULL
6518,151301,0,"2026-01-13 22:15:39","2026-01-13 22:15:39",NULL
6519,151301,0,"2026-01-13 22:15:39","2026-01-13 22:15:39",NULL
6520,151301,0,"2026-01-13 22:15:39","2026-01-13 22:15:39",NULL
6521,151301,0,"2026-01-13 22:15:39","2026-01-13 22:15:39",NULL
6522,151301,0,"2026-01-13 22:15:39","2026-01-13 22:15:39",NULL
6523,151301,0,"2026-01-13 22:15:39","2026-01-13 22:15:39",NULL
6524,151301,0,"2026-01-13 22:15:39","2026-01-13 22:15:39",NULL
6525,151301,0,"2026-01-13 22:15:39","2026-01-13 22:15:39",NULL
6526,151302,0,"2026-01-13 22:15:39","2026-01-13 22:15:39",NULL
6527,151302,0,"2026-01-13 22:15:39","2026-01-13 22:15:39",NULL
6528,151302,0,"2026-01-13 22:15:39","2026-01-13 22:15:39",NULL
6529,151302,0,"2026-01-13 22:15:39","2026-01-13 22:15:39",NULL
6530,151302,0,"2026-01-13 22:15:39","2026-01-13 22:15:39",NULL
6531,151302,0,"2026-01-13 22:15:39","2026-01-13 22:15:39",NULL
6532,151302,0,"2026-01-13 22:15:39","2026-01-13 22:15:39",NULL
6533,151302,0,"2026-01-13 22:15:39","2026-01-13 22:15:39",NULL
6534,151302,0,"2026-01-13 22:15:39","2026-01-13 22:15:39",NULL
6535,151302,0,"2026-01-13 22:15:39","2026-01-13 22:15:39",NULL
6536,151302,0,"2026-01-13 22:15:39","2026-01-13 22:15:39",NULL
6537,151302,0,"2026-01-13 22:15:39","2026-01-13 22:15:39",NULL
6538,151210,0,"2026-01-13 22:15:39","2026-01-13 22:15:39",NULL
6539,151210,0,"2026-01-13 22:15:39","2026-01-13 22:15:39",NULL
6540,151210,0,"2026-01-13 22:15:39","2026-01-13 22:15:39",NULL
6541,151210,0,"2026-01-13 22:15:39","2026-01-13 22:15:39",NULL
6542,151210,0,"2026-01-13 22:15:39","2026-01-13 22:15:39",NULL
6543,151210,0,"2026-01-13 22:15:39","2026-01-13 22:15:39",NULL
6544,151210,0,"2026-01-13 22:15:39","2026-01-13 22:15:39",NULL
6545,151210,0,"2026-01-13 22:15:39","2026-01-13 22:15:39",NULL
6546,151210,0,"2026-01-13 22:15:39","2026-01-13 22:15:39",NULL
6547,151210,0,"2026-01-13 22:15:39","2026-01-13 22:15:39",NULL
6548,151211,0,"2026-01-13 22:15:39","2026-01-13 22:15:39",NULL
6549,151211,0,"2026-01-13 22:15:39","2026-01-13 22:15:39",NULL
6550,151211,0,"2026-01-13 22:15:39","2026-01-13 22:15:39",NULL
6551,151211,0,"2026-01-13 22:15:39","2026-01-13 22:15:39",NULL
6552,151211,0,"2026-01-13 22:15:39","2026-01-13 22:15:39",NULL
6553,151211,0,"2026-01-13 22:15:39","2026-01-13 22:15:39",NULL
6554,151211,0,"2026-01-13 22:15:39","2026-01-13 22:15:39",NULL
6555,151212,0,"2026-01-13 22:15:39","2026-01-13 22:15:39",NULL
6556,151212,0,"2026-01-13 22:15:39","2026-01-13 22:15:39",NULL
6557,151212,0,"2026-01-13 22:15:39","2026-01-13 22:15:39",NULL
6558,151212,0,"2026-01-13 22:15:39","2026-01-13 22:15:39",NULL
6559,151212,0,"2026-01-13 22:15:39","2026-01-13 22:15:39",NULL
6560,151212,0,"2026-01-13 22:15:39","2026-01-13 22:15:39",NULL
6561,151212,0,"2026-01-13 22:15:39","2026-01-13 22:15:39",NULL
6562,151212,0,"2026-01-13 22:15:39","2026-01-13 22:15:39",NULL
6563,151213,0,"2026-01-13 22:15:39","2026-01-13 22:15:39",NULL
6564,151213,0,"2026-01-13 22:15:39","2026-01-13 22:15:39",NULL
6565,151213,0,"2026-01-13 22:15:39","2026-01-13 22:15:39",NULL
6566,151213,0,"2026-01-13 22:15:39","2026-01-13 22:15:39",NULL
6567,151213,0,"2026-01-13 22:15:39","2026-01-13 22:15:39",NULL
6568,151213,0,"2026-01-13 22:15:39","2026-01-13 22:15:39",NULL
6569,151213,0,"2026-01-13 22:15:39","2026-01-13 22:15:39",NULL
6570,151213,0,"2026-01-13 22:15:39","2026-01-13 22:15:39",NULL
6571,151213,0,"2026-01-13 22:15:39","2026-01-13 22:15:39",NULL
6572,151213,0,"2026-01-13 22:15:39","2026-01-13 22:15:39",NULL
6573,151213,0,"2026-01-13 22:15:39","2026-01-13 22:15:39",NULL
6574,151213,0,"2026-01-13 22:15:39","2026-01-13 22:15:39",NULL
6575,151213,0,"2026-01-13 22:15:39","2026-01-13 22:15:39",NULL
6576,151302,0,"2026-01-13 22:15:39","2026-01-13 22:15:39",NULL
6577,151302,0,"2026-01-13 22:15:39","2026-01-13 22:15:39",NULL
6578,151302,0,"2026-01-13 22:15:39","2026-01-13 22:15:39",NULL
6579,151401,0,"2026-01-13 22:15:39","2026-01-13 22:15:39",NULL
6580,151401,0,"2026-01-13 22:15:39","2026-01-13 22:15:39",NULL
6581,151401,0,"2026-01-13 22:15:39","2026-01-13 22:15:39",NULL
6582,151401,0,"2026-01-13 22:15:39","2026-01-13 22:15:39",NULL
6583,151401,0,"2026-01-13 22:15:39","2026-01-13 22:15:39",NULL
6584,151401,0,"2026-01-13 22:15:39","2026-01-13 22:15:39",NULL
6585,151401,0,"2026-01-13 22:15:39","2026-01-13 22:15:39",NULL
6586,151401,0,"2026-01-13 22:15:39","2026-01-13 22:15:39",NULL
6587,151401,0,"2026-01-13 22:15:39","2026-01-13 22:15:39",NULL
6588,151401,0,"2026-01-13 22:15:39","2026-01-13 22:15:39",NULL
6589,151401,0,"2026-01-13 22:15:39","2026-01-13 22:15:39",NULL
6590,151401,0,"2026-01-13 22:15:39","2026-01-13 22:15:39",NULL
6591,151401,0,"2026-01-13 22:15:39","2026-01-13 22:15:39",NULL
6592,151401,0,"2026-01-13 22:15:39","2026-01-13 22:15:39",NULL
6593,151401,0,"2026-01-13 22:15:39","2026-01-13 22:15:39",NULL
6594,151401,0,"2026-01-13 22:15:39","2026-01-13 22:15:39",NULL
6595,151501,0,"2026-01-13 22:15:39","2026-01-13 22:15:39",NULL
6596,151501,0,"2026-01-13 22:15:39","2026-01-13 22:15:39",NULL
6597,151501,0,"2026-01-13 22:15:39","2026-01-13 22:15:39",NULL
6598,151501,0,"2026-01-13 22:15:39","2026-01-13 22:15:39",NULL
6599,151501,0,"2026-01-13 22:15:39","2026-01-13 22:15:39",NULL
6600,151501,0,"2026-01-13 22:15:39","2026-01-13 22:15:39",NULL
6601,151501,0,"2026-01-13 22:15:39","2026-01-13 22:15:39",NULL
6602,151501,0,"2026-01-13 22:15:39","2026-01-13 22:15:39",NULL
6603,151502,0,"2026-01-13 22:15:39","2026-01-13 22:15:39",NULL
6604,151502,0,"2026-01-13 22:15:39","2026-01-13 22:15:39",NULL
6605,151502,0,"2026-01-13 22:15:39","2026-01-13 22:15:39",NULL
6606,151502,0,"2026-01-13 22:15:39","2026-01-13 22:15:39",NULL
6607,151502,0,"2026-01-13 22:15:39","2026-01-13 22:15:39",NULL
6608,151502,0,"2026-01-13 22:15:39","2026-01-13 22:15:39",NULL
6609,151502,0,"2026-01-13 22:15:40","2026-01-13 22:15:40",NULL
6610,151502,0,"2026-01-13 22:15:40","2026-01-13 22:15:40",NULL
6611,151502,0,"2026-01-13 22:15:40","2026-01-13 22:15:40",NULL
6612,151502,0,"2026-01-13 22:15:40","2026-01-13 22:15:40",NULL
6613,151502,0,"2026-01-13 22:15:40","2026-01-13 22:15:40",NULL
6614,151502,0,"2026-01-13 22:15:40","2026-01-13 22:15:40",NULL
6615,151502,0,"2026-01-13 22:15:40","2026-01-13 22:15:40",NULL
6616,151502,0,"2026-01-13 22:15:40","2026-01-13 22:15:40",NULL
6617,151502,0,"2026-01-13 22:15:40","2026-01-13 22:15:40",NULL
6618,151502,0,"2026-01-13 22:15:40","2026-01-13 22:15:40",NULL
6619,151503,0,"2026-01-13 22:15:40","2026-01-13 22:15:40",NULL
6620,151503,0,"2026-01-13 22:15:40","2026-01-13 22:15:40",NULL
6621,151503,0,"2026-01-13 22:15:40","2026-01-13 22:15:40",NULL
6622,151503,0,"2026-01-13 22:15:40","2026-01-13 22:15:40",NULL
6623,151503,0,"2026-01-13 22:15:40","2026-01-13 22:15:40",NULL
6624,151503,0,"2026-01-13 22:15:40","2026-01-13 22:15:40",NULL
6625,151503,0,"2026-01-13 22:15:40","2026-01-13 22:15:40",NULL
6626,151503,0,"2026-01-13 22:15:40","2026-01-13 22:15:40",NULL
6627,151504,0,"2026-01-13 22:15:40","2026-01-13 22:15:40",NULL
6628,151504,0,"2026-01-13 22:15:40","2026-01-13 22:15:40",NULL
6629,151504,0,"2026-01-13 22:15:40","2026-01-13 22:15:40",NULL
6630,151504,0,"2026-01-13 22:15:40","2026-01-13 22:15:40",NULL
6631,151504,0,"2026-01-13 22:15:40","2026-01-13 22:15:40",NULL
6632,151504,0,"2026-01-13 22:15:40","2026-01-13 22:15:40",NULL
6633,151504,0,"2026-01-13 22:15:40","2026-01-13 22:15:40",NULL
6634,151504,0,"2026-01-13 22:15:40","2026-01-13 22:15:40",NULL
6635,151504,0,"2026-01-13 22:15:40","2026-01-13 22:15:40",NULL
6636,151504,0,"2026-01-13 22:15:40","2026-01-13 22:15:40",NULL
6637,151504,0,"2026-01-13 22:15:40","2026-01-13 22:15:40",NULL
6638,151505,0,"2026-01-13 22:15:40","2026-01-13 22:15:40",NULL
6639,151505,0,"2026-01-13 22:15:40","2026-01-13 22:15:40",NULL
6640,151505,0,"2026-01-13 22:15:40","2026-01-13 22:15:40",NULL
6641,151505,0,"2026-01-13 22:15:40","2026-01-13 22:15:40",NULL
6642,151505,0,"2026-01-13 22:15:40","2026-01-13 22:15:40",NULL
6643,151505,0,"2026-01-13 22:15:40","2026-01-13 22:15:40",NULL
6644,151505,0,"2026-01-13 22:15:40","2026-01-13 22:15:40",NULL
6645,151505,0,"2026-01-13 22:15:40","2026-01-13 22:15:40",NULL
6646,151505,0,"2026-01-13 22:15:40","2026-01-13 22:15:40",NULL
6647,151505,0,"2026-01-13 22:15:40","2026-01-13 22:15:40",NULL
6648,151505,0,"2026-01-13 22:15:40","2026-01-13 22:15:40",NULL
6649,151505,0,"2026-01-13 22:15:40","2026-01-13 22:15:40",NULL
6650,151505,0,"2026-01-13 22:15:40","2026-01-13 22:15:40",NULL
6651,151505,0,"2026-01-13 22:15:40","2026-01-13 22:15:40",NULL
6652,151505,0,"2026-01-13 22:15:40","2026-01-13 22:15:40",NULL
6653,152026,0,"2026-01-13 22:15:40","2026-01-13 22:15:40",NULL
6654,151505,0,"2026-01-13 22:15:40","2026-01-13 22:15:40",NULL
6655,151505,0,"2026-01-13 22:15:40","2026-01-13 22:15:40",NULL
6656,151505,0,"2026-01-13 22:15:40","2026-01-13 22:15:40",NULL
6657,151506,0,"2026-01-13 22:15:40","2026-01-13 22:15:40",NULL
6658,151506,0,"2026-01-13 22:15:40","2026-01-13 22:15:40",NULL
6659,151506,0,"2026-01-13 22:15:40","2026-01-13 22:15:40",NULL
6660,151506,0,"2026-01-13 22:15:40","2026-01-13 22:15:40",NULL
6661,151506,0,"2026-01-13 22:15:40","2026-01-13 22:15:40",NULL
6662,151506,0,"2026-01-13 22:15:40","2026-01-13 22:15:40",NULL
6663,151506,0,"2026-01-13 22:15:40","2026-01-13 22:15:40",NULL
6664,151506,0,"2026-01-13 22:15:40","2026-01-13 22:15:40",NULL
6665,151506,0,"2026-01-13 22:15:40","2026-01-13 22:15:40",NULL
6666,151506,0,"2026-01-13 22:15:40","2026-01-13 22:15:40",NULL
6667,151506,0,"2026-01-13 22:15:40","2026-01-13 22:15:40",NULL
6668,151506,0,"2026-01-13 22:15:40","2026-01-13 22:15:40",NULL
6669,151506,0,"2026-01-13 22:15:40","2026-01-13 22:15:40",NULL
6670,151507,0,"2026-01-13 22:15:40","2026-01-13 22:15:40",NULL
6671,151507,0,"2026-01-13 22:15:40","2026-01-13 22:15:40",NULL
6672,151507,0,"2026-01-13 22:15:40","2026-01-13 22:15:40",NULL
6673,151507,0,"2026-01-13 22:15:40","2026-01-13 22:15:40",NULL
6674,151507,0,"2026-01-13 22:15:40","2026-01-13 22:15:40",NULL
6675,151507,0,"2026-01-13 22:15:40","2026-01-13 22:15:40",NULL
6676,151507,0,"2026-01-13 22:15:40","2026-01-13 22:15:40",NULL
6677,151507,0,"2026-01-13 22:15:40","2026-01-13 22:15:40",NULL
6678,151507,0,"2026-01-13 22:15:40","2026-01-13 22:15:40",NULL
6679,151507,0,"2026-01-13 22:15:40","2026-01-13 22:15:40",NULL
6680,151508,0,"2026-01-13 22:15:40","2026-01-13 22:15:40",NULL
6681,151508,0,"2026-01-13 22:15:40","2026-01-13 22:15:40",NULL
6682,151508,0,"2026-01-13 22:15:40","2026-01-13 22:15:40",NULL
6683,151508,0,"2026-01-13 22:15:40","2026-01-13 22:15:40",NULL
6684,151508,0,"2026-01-13 22:15:40","2026-01-13 22:15:40",NULL
6685,151508,0,"2026-01-13 22:15:40","2026-01-13 22:15:40",NULL
6686,151508,0,"2026-01-13 22:15:40","2026-01-13 22:15:40",NULL
6687,151509,0,"2026-01-13 22:15:40","2026-01-13 22:15:40",NULL
6688,151509,0,"2026-01-13 22:15:40","2026-01-13 22:15:40",NULL
6689,151509,0,"2026-01-13 22:15:40","2026-01-13 22:15:40",NULL
6690,151509,0,"2026-01-13 22:15:40","2026-01-13 22:15:40",NULL
6691,151509,0,"2026-01-13 22:15:40","2026-01-13 22:15:40",NULL
6692,151509,0,"2026-01-13 22:15:40","2026-01-13 22:15:40",NULL
6693,151509,0,"2026-01-13 22:15:40","2026-01-13 22:15:40",NULL
6694,151509,0,"2026-01-13 22:15:40","2026-01-13 22:15:40",NULL
6695,151509,0,"2026-01-13 22:15:40","2026-01-13 22:15:40",NULL
6696,151509,0,"2026-01-13 22:15:40","2026-01-13 22:15:40",NULL
6697,151509,0,"2026-01-13 22:15:40","2026-01-13 22:15:40",NULL
6698,151509,0,"2026-01-13 22:15:40","2026-01-13 22:15:40",NULL
6699,151509,0,"2026-01-13 22:15:40","2026-01-13 22:15:40",NULL
6700,151510,0,"2026-01-13 22:15:40","2026-01-13 22:15:40",NULL
6701,151510,0,"2026-01-13 22:15:40","2026-01-13 22:15:40",NULL
6702,151510,0,"2026-01-13 22:15:40","2026-01-13 22:15:40",NULL
6703,151510,0,"2026-01-13 22:15:40","2026-01-13 22:15:40",NULL
6704,151510,0,"2026-01-13 22:15:40","2026-01-13 22:15:40",NULL
6705,152001,0,"2026-01-13 22:15:40","2026-01-13 22:15:40",NULL
6706,152001,0,"2026-01-13 22:15:40","2026-01-13 22:15:40",NULL
6707,152001,0,"2026-01-13 22:15:40","2026-01-13 22:15:40",NULL
6708,152002,0,"2026-01-13 22:15:40","2026-01-13 22:15:40",NULL
6709,152002,0,"2026-01-13 22:15:40","2026-01-13 22:15:40",NULL
6710,152002,0,"2026-01-13 22:15:40","2026-01-13 22:15:40",NULL
6711,152002,0,"2026-01-13 22:15:40","2026-01-13 22:15:40",NULL
6712,151505,0,"2026-01-13 22:15:40","2026-01-13 22:15:40",NULL
6713,152005,0,"2026-01-13 22:15:40","2026-01-13 22:15:40",NULL
6714,152005,0,"2026-01-13 22:15:40","2026-01-13 22:15:40",NULL
6715,152005,0,"2026-01-13 22:15:40","2026-01-13 22:15:40",NULL
6716,152005,0,"2026-01-13 22:15:40","2026-01-13 22:15:40",NULL
6717,152021,0,"2026-01-13 22:15:40","2026-01-13 22:15:40",NULL
6718,152021,0,"2026-01-13 22:15:40","2026-01-13 22:15:40",NULL
6719,152021,0,"2026-01-13 22:15:40","2026-01-13 22:15:40",NULL
6720,152021,0,"2026-01-13 22:15:40","2026-01-13 22:15:40",NULL
6721,152021,0,"2026-01-13 22:15:40","2026-01-13 22:15:40",NULL
6722,152021,0,"2026-01-13 22:15:40","2026-01-13 22:15:40",NULL
6723,152022,0,"2026-01-13 22:15:40","2026-01-13 22:15:40",NULL
6724,152022,0,"2026-01-13 22:15:40","2026-01-13 22:15:40",NULL
6725,152022,0,"2026-01-13 22:15:40","2026-01-13 22:15:40",NULL
6726,152022,0,"2026-01-13 22:15:40","2026-01-13 22:15:40",NULL
6727,152022,0,"2026-01-13 22:15:40","2026-01-13 22:15:40",NULL
6728,152022,0,"2026-01-13 22:15:40","2026-01-13 22:15:40",NULL
6729,152022,0,"2026-01-13 22:15:40","2026-01-13 22:15:40",NULL
6730,152022,0,"2026-01-13 22:15:40","2026-01-13 22:15:40",NULL
6731,152022,0,"2026-01-13 22:15:40","2026-01-13 22:15:40",NULL
6732,152022,0,"2026-01-13 22:15:40","2026-01-13 22:15:40",NULL
6733,152022,0,"2026-01-13 22:15:40","2026-01-13 22:15:40",NULL
6734,152023,0,"2026-01-13 22:15:40","2026-01-13 22:15:40",NULL
6735,152023,0,"2026-01-13 22:15:40","2026-01-13 22:15:40",NULL
6736,152023,0,"2026-01-13 22:15:40","2026-01-13 22:15:40",NULL
6737,152023,0,"2026-01-13 22:15:40","2026-01-13 22:15:40",NULL
6738,152023,0,"2026-01-13 22:15:40","2026-01-13 22:15:40",NULL
6739,152023,0,"2026-01-13 22:15:40","2026-01-13 22:15:40",NULL
6740,152023,0,"2026-01-13 22:15:40","2026-01-13 22:15:40",NULL
6741,152023,0,"2026-01-13 22:15:40","2026-01-13 22:15:40",NULL
6742,152024,0,"2026-01-13 22:15:40","2026-01-13 22:15:40",NULL
6743,152024,0,"2026-01-13 22:15:40","2026-01-13 22:15:40",NULL
6744,152024,0,"2026-01-13 22:15:40","2026-01-13 22:15:40",NULL
6745,152024,0,"2026-01-13 22:15:40","2026-01-13 22:15:40",NULL
6746,152024,0,"2026-01-13 22:15:40","2026-01-13 22:15:40",NULL
6747,152024,0,"2026-01-13 22:15:40","2026-01-13 22:15:40",NULL
6748,152024,0,"2026-01-13 22:15:40","2026-01-13 22:15:40",NULL
6749,152024,0,"2026-01-13 22:15:40","2026-01-13 22:15:40",NULL
6750,152024,0,"2026-01-13 22:15:40","2026-01-13 22:15:40",NULL
6751,152024,0,"2026-01-13 22:15:40","2026-01-13 22:15:40",NULL
6752,152024,0,"2026-01-13 22:15:40","2026-01-13 22:15:40",NULL
6753,152024,0,"2026-01-13 22:15:40","2026-01-13 22:15:40",NULL
6754,152024,0,"2026-01-13 22:15:40","2026-01-13 22:15:40",NULL
6755,152002,0,"2026-01-13 22:15:40","2026-01-13 22:15:40",NULL
6756,152002,0,"2026-01-13 22:15:40","2026-01-13 22:15:40",NULL
6757,152002,0,"2026-01-13 22:15:40","2026-01-13 22:15:40",NULL
6758,152002,0,"2026-01-13 22:15:40","2026-01-13 22:15:40",NULL
6759,152002,0,"2026-01-13 22:15:40","2026-01-13 22:15:40",NULL
6760,152002,0,"2026-01-13 22:15:40","2026-01-13 22:15:40",NULL
6761,152002,0,"2026-01-13 22:15:40","2026-01-13 22:15:40",NULL
6762,152002,0,"2026-01-13 22:15:40","2026-01-13 22:15:40",NULL
6763,152003,0,"2026-01-13 22:15:40","2026-01-13 22:15:40",NULL
6764,152003,0,"2026-01-13 22:15:40","2026-01-13 22:15:40",NULL
6765,152003,0,"2026-01-13 22:15:40","2026-01-13 22:15:40",NULL
6766,152003,0,"2026-01-13 22:15:40","2026-01-13 22:15:40",NULL
6767,152003,0,"2026-01-13 22:15:40","2026-01-13 22:15:40",NULL
6768,152004,0,"2026-01-13 22:15:40","2026-01-13 22:15:40",NULL
6769,152004,0,"2026-01-13 22:15:40","2026-01-13 22:15:40",NULL
6770,152004,0,"2026-01-13 22:15:40","2026-01-13 22:15:40",NULL
6771,152004,0,"2026-01-13 22:15:40","2026-01-13 22:15:40",NULL
6772,152004,0,"2026-01-13 22:15:40","2026-01-13 22:15:40",NULL
6773,152004,0,"2026-01-13 22:15:40","2026-01-13 22:15:40",NULL
6774,152004,0,"2026-01-13 22:15:40","2026-01-13 22:15:40",NULL
6775,152004,0,"2026-01-13 22:15:40","2026-01-13 22:15:40",NULL
6776,152004,0,"2026-01-13 22:15:40","2026-01-13 22:15:40",NULL
6777,152005,0,"2026-01-13 22:15:40","2026-01-13 22:15:40",NULL
6778,152005,0,"2026-01-13 22:15:40","2026-01-13 22:15:40",NULL
6779,152005,0,"2026-01-13 22:15:40","2026-01-13 22:15:40",NULL
6780,152005,0,"2026-01-13 22:15:40","2026-01-13 22:15:40",NULL
6781,152032,0,"2026-01-13 22:15:40","2026-01-13 22:15:40",NULL
6782,152032,0,"2026-01-13 22:15:40","2026-01-13 22:15:40",NULL
6783,152032,0,"2026-01-13 22:15:40","2026-01-13 22:15:40",NULL
6784,152032,0,"2026-01-13 22:15:40","2026-01-13 22:15:40",NULL
6785,152032,0,"2026-01-13 22:15:40","2026-01-13 22:15:40",NULL
6786,152032,0,"2026-01-13 22:15:40","2026-01-13 22:15:40",NULL
6787,152033,0,"2026-01-13 22:15:40","2026-01-13 22:15:40",NULL
6788,152033,0,"2026-01-13 22:15:40","2026-01-13 22:15:40",NULL
6789,152033,0,"2026-01-13 22:15:40","2026-01-13 22:15:40",NULL
6790,152033,0,"2026-01-13 22:15:40","2026-01-13 22:15:40",NULL
6791,152033,0,"2026-01-13 22:15:40","2026-01-13 22:15:40",NULL
6792,152033,0,"2026-01-13 22:15:40","2026-01-13 22:15:40",NULL
6793,152033,0,"2026-01-13 22:15:40","2026-01-13 22:15:40",NULL
6794,152101,0,"2026-01-13 22:15:40","2026-01-13 22:15:40",NULL
6795,152101,0,"2026-01-13 22:15:40","2026-01-13 22:15:40",NULL
6796,152101,0,"2026-01-13 22:15:40","2026-01-13 22:15:40",NULL
6797,152101,0,"2026-01-13 22:15:40","2026-01-13 22:15:40",NULL
6798,152024,0,"2026-01-13 22:15:40","2026-01-13 22:15:40",NULL
6799,152025,0,"2026-01-13 22:15:40","2026-01-13 22:15:40",NULL
6800,152025,0,"2026-01-13 22:15:40","2026-01-13 22:15:40",NULL
6801,152025,0,"2026-01-13 22:15:40","2026-01-13 22:15:40",NULL
6802,152025,0,"2026-01-13 22:15:40","2026-01-13 22:15:40",NULL
6803,152025,0,"2026-01-13 22:15:40","2026-01-13 22:15:40",NULL
6804,152025,0,"2026-01-13 22:15:40","2026-01-13 22:15:40",NULL
6805,152025,0,"2026-01-13 22:15:40","2026-01-13 22:15:40",NULL
6806,152025,0,"2026-01-13 22:15:40","2026-01-13 22:15:40",NULL
6807,152026,0,"2026-01-13 22:15:40","2026-01-13 22:15:40",NULL
6808,152026,0,"2026-01-13 22:15:40","2026-01-13 22:15:40",NULL
6809,152026,0,"2026-01-13 22:15:40","2026-01-13 22:15:40",NULL
6810,152026,0,"2026-01-13 22:15:40","2026-01-13 22:15:40",NULL
6811,152026,0,"2026-01-13 22:15:40","2026-01-13 22:15:40",NULL
6812,152026,0,"2026-01-13 22:15:40","2026-01-13 22:15:40",NULL
6813,152026,0,"2026-01-13 22:15:40","2026-01-13 22:15:40",NULL
6814,152026,0,"2026-01-13 22:15:40","2026-01-13 22:15:40",NULL
6815,152026,0,"2026-01-13 22:15:40","2026-01-13 22:15:40",NULL
6816,152026,0,"2026-01-13 22:15:40","2026-01-13 22:15:40",NULL
6817,152026,0,"2026-01-13 22:15:40","2026-01-13 22:15:40",NULL
6818,152026,0,"2026-01-13 22:15:40","2026-01-13 22:15:40",NULL
6819,152026,0,"2026-01-13 22:15:40","2026-01-13 22:15:40",NULL
6820,152026,0,"2026-01-13 22:15:40","2026-01-13 22:15:40",NULL
6821,152026,0,"2026-01-13 22:15:40","2026-01-13 22:15:40",NULL
6822,152026,0,"2026-01-13 22:15:40","2026-01-13 22:15:40",NULL
6823,152128,0,"2026-01-13 22:15:40","2026-01-13 22:15:40",NULL
6824,152026,0,"2026-01-13 22:15:40","2026-01-13 22:15:40",NULL
6825,152026,0,"2026-01-13 22:15:40","2026-01-13 22:15:40",NULL
6826,152026,0,"2026-01-13 22:15:40","2026-01-13 22:15:40",NULL
6827,152028,0,"2026-01-13 22:15:40","2026-01-13 22:15:40",NULL
6828,152028,0,"2026-01-13 22:15:40","2026-01-13 22:15:40",NULL
6829,152028,0,"2026-01-13 22:15:40","2026-01-13 22:15:40",NULL
6830,152028,0,"2026-01-13 22:15:40","2026-01-13 22:15:40",NULL
6831,152028,0,"2026-01-13 22:15:40","2026-01-13 22:15:40",NULL
6832,152028,0,"2026-01-13 22:15:40","2026-01-13 22:15:40",NULL
6833,152028,0,"2026-01-13 22:15:40","2026-01-13 22:15:40",NULL
6834,152028,0,"2026-01-13 22:15:40","2026-01-13 22:15:40",NULL
6835,152028,0,"2026-01-13 22:15:40","2026-01-13 22:15:40",NULL
6836,152028,0,"2026-01-13 22:15:40","2026-01-13 22:15:40",NULL
6837,152028,0,"2026-01-13 22:15:40","2026-01-13 22:15:40",NULL
6838,152028,0,"2026-01-13 22:15:40","2026-01-13 22:15:40",NULL
6839,152031,0,"2026-01-13 22:15:40","2026-01-13 22:15:40",NULL
6840,152031,0,"2026-01-13 22:15:40","2026-01-13 22:15:40",NULL
6841,152031,0,"2026-01-13 22:15:40","2026-01-13 22:15:40",NULL
6842,152031,0,"2026-01-13 22:15:40","2026-01-13 22:15:40",NULL
6843,152031,0,"2026-01-13 22:15:40","2026-01-13 22:15:40",NULL
6844,152031,0,"2026-01-13 22:15:40","2026-01-13 22:15:40",NULL
6845,152031,0,"2026-01-13 22:15:40","2026-01-13 22:15:40",NULL
6846,152031,0,"2026-01-13 22:15:40","2026-01-13 22:15:40",NULL
6847,152032,0,"2026-01-13 22:15:40","2026-01-13 22:15:40",NULL
6848,152032,0,"2026-01-13 22:15:40","2026-01-13 22:15:40",NULL
6849,152032,0,"2026-01-13 22:15:40","2026-01-13 22:15:40",NULL
6850,152032,0,"2026-01-13 22:15:40","2026-01-13 22:15:40",NULL
6851,152032,0,"2026-01-13 22:15:40","2026-01-13 22:15:40",NULL
6852,152101,0,"2026-01-13 22:15:40","2026-01-13 22:15:40",NULL
6853,152101,0,"2026-01-13 22:15:40","2026-01-13 22:15:40",NULL
6854,152101,0,"2026-01-13 22:15:40","2026-01-13 22:15:40",NULL
6855,152101,0,"2026-01-13 22:15:40","2026-01-13 22:15:40",NULL
6856,152101,0,"2026-01-13 22:15:40","2026-01-13 22:15:40",NULL
6857,152101,0,"2026-01-13 22:15:40","2026-01-13 22:15:40",NULL
6858,152101,0,"2026-01-13 22:15:40","2026-01-13 22:15:40",NULL
6859,152101,0,"2026-01-13 22:15:40","2026-01-13 22:15:40",NULL
6860,152107,0,"2026-01-13 22:15:40","2026-01-13 22:15:40",NULL
6861,152107,0,"2026-01-13 22:15:40","2026-01-13 22:15:40",NULL
6862,152107,0,"2026-01-13 22:15:40","2026-01-13 22:15:40",NULL
6863,152107,0,"2026-01-13 22:15:40","2026-01-13 22:15:40",NULL
6864,152107,0,"2026-01-13 22:15:40","2026-01-13 22:15:40",NULL
6865,152107,0,"2026-01-13 22:15:40","2026-01-13 22:15:40",NULL
6866,152107,0,"2026-01-13 22:15:40","2026-01-13 22:15:40",NULL
6867,152107,0,"2026-01-13 22:15:40","2026-01-13 22:15:40",NULL
6868,152107,0,"2026-01-13 22:15:40","2026-01-13 22:15:40",NULL
6869,152107,0,"2026-01-13 22:15:40","2026-01-13 22:15:40",NULL
6870,152112,0,"2026-01-13 22:15:40","2026-01-13 22:15:40",NULL
6871,152112,0,"2026-01-13 22:15:40","2026-01-13 22:15:40",NULL
6872,152112,0,"2026-01-13 22:15:40","2026-01-13 22:15:40",NULL
6873,152112,0,"2026-01-13 22:15:40","2026-01-13 22:15:40",NULL
6874,152112,0,"2026-01-13 22:15:40","2026-01-13 22:15:40",NULL
6875,152112,0,"2026-01-13 22:15:40","2026-01-13 22:15:40",NULL
6876,152112,0,"2026-01-13 22:15:40","2026-01-13 22:15:40",NULL
6877,152112,0,"2026-01-13 22:15:40","2026-01-13 22:15:40",NULL
6878,152112,0,"2026-01-13 22:15:40","2026-01-13 22:15:40",NULL
6879,152112,0,"2026-01-13 22:15:40","2026-01-13 22:15:40",NULL
6880,152112,0,"2026-01-13 22:15:40","2026-01-13 22:15:40",NULL
6881,152112,0,"2026-01-13 22:15:40","2026-01-13 22:15:40",NULL
6882,152112,0,"2026-01-13 22:15:40","2026-01-13 22:15:40",NULL
6883,152113,0,"2026-01-13 22:15:40","2026-01-13 22:15:40",NULL
6884,152113,0,"2026-01-13 22:15:40","2026-01-13 22:15:40",NULL
6885,152113,0,"2026-01-13 22:15:40","2026-01-13 22:15:40",NULL
6886,152113,0,"2026-01-13 22:15:40","2026-01-13 22:15:40",NULL
6887,152113,0,"2026-01-13 22:15:40","2026-01-13 22:15:40",NULL
6888,152113,0,"2026-01-13 22:15:40","2026-01-13 22:15:40",NULL
6889,152113,0,"2026-01-13 22:15:40","2026-01-13 22:15:40",NULL
6890,152113,0,"2026-01-13 22:15:40","2026-01-13 22:15:40",NULL
6891,152113,0,"2026-01-13 22:15:40","2026-01-13 22:15:40",NULL
6892,152113,0,"2026-01-13 22:15:40","2026-01-13 22:15:40",NULL
6893,152113,0,"2026-01-13 22:15:40","2026-01-13 22:15:40",NULL
6894,152113,0,"2026-01-13 22:15:40","2026-01-13 22:15:40",NULL
6895,152113,0,"2026-01-13 22:15:40","2026-01-13 22:15:40",NULL
6896,152114,0,"2026-01-13 22:15:40","2026-01-13 22:15:40",NULL
6897,152114,0,"2026-01-13 22:15:40","2026-01-13 22:15:40",NULL
6898,152114,0,"2026-01-13 22:15:40","2026-01-13 22:15:40",NULL
6899,152114,0,"2026-01-13 22:15:40","2026-01-13 22:15:40",NULL
6900,152114,0,"2026-01-13 22:15:40","2026-01-13 22:15:40",NULL
6901,152114,0,"2026-01-13 22:15:40","2026-01-13 22:15:40",NULL
6902,152114,0,"2026-01-13 22:15:40","2026-01-13 22:15:40",NULL
6903,152114,0,"2026-01-13 22:15:40","2026-01-13 22:15:40",NULL
6904,152114,0,"2026-01-13 22:15:40","2026-01-13 22:15:40",NULL
6905,152114,0,"2026-01-13 22:15:40","2026-01-13 22:15:40",NULL
6906,152114,0,"2026-01-13 22:15:40","2026-01-13 22:15:40",NULL
6907,152115,0,"2026-01-13 22:15:40","2026-01-13 22:15:40",NULL
6908,152115,0,"2026-01-13 22:15:40","2026-01-13 22:15:40",NULL
6909,152115,0,"2026-01-13 22:15:40","2026-01-13 22:15:40",NULL
6910,152115,0,"2026-01-13 22:15:40","2026-01-13 22:15:40",NULL
6911,152115,0,"2026-01-13 22:15:40","2026-01-13 22:15:40",NULL
6912,152115,0,"2026-01-13 22:15:40","2026-01-13 22:15:40",NULL
6913,152115,0,"2026-01-13 22:15:40","2026-01-13 22:15:40",NULL
6914,152116,0,"2026-01-13 22:15:40","2026-01-13 22:15:40",NULL
6915,152116,0,"2026-01-13 22:15:40","2026-01-13 22:15:40",NULL
6916,152116,0,"2026-01-13 22:15:40","2026-01-13 22:15:40",NULL
6917,152116,0,"2026-01-13 22:15:40","2026-01-13 22:15:40",NULL
6918,152116,0,"2026-01-13 22:15:40","2026-01-13 22:15:40",NULL
6919,152116,0,"2026-01-13 22:15:40","2026-01-13 22:15:40",NULL
6920,152116,0,"2026-01-13 22:15:40","2026-01-13 22:15:40",NULL
6921,152116,0,"2026-01-13 22:15:40","2026-01-13 22:15:40",NULL
6922,152116,0,"2026-01-13 22:15:40","2026-01-13 22:15:40",NULL
6923,152116,0,"2026-01-13 22:15:40","2026-01-13 22:15:40",NULL
6924,152116,0,"2026-01-13 22:15:40","2026-01-13 22:15:40",NULL
6925,152116,0,"2026-01-13 22:15:40","2026-01-13 22:15:40",NULL
6926,152116,0,"2026-01-13 22:15:40","2026-01-13 22:15:40",NULL
6927,152116,0,"2026-01-13 22:15:40","2026-01-13 22:15:40",NULL
6928,152116,0,"2026-01-13 22:15:40","2026-01-13 22:15:40",NULL
6929,152116,0,"2026-01-13 22:15:40","2026-01-13 22:15:40",NULL
6930,152116,0,"2026-01-13 22:15:40","2026-01-13 22:15:40",NULL
6931,152116,0,"2026-01-13 22:15:40","2026-01-13 22:15:40",NULL
6932,152116,0,"2026-01-13 22:15:40","2026-01-13 22:15:40",NULL
6933,152116,0,"2026-01-13 22:15:40","2026-01-13 22:15:40",NULL
6934,152116,0,"2026-01-13 22:15:40","2026-01-13 22:15:40",NULL
6935,152116,0,"2026-01-13 22:15:40","2026-01-13 22:15:40",NULL
6936,152116,0,"2026-01-13 22:15:40","2026-01-13 22:15:40",NULL
6937,152116,0,"2026-01-13 22:15:40","2026-01-13 22:15:40",NULL
6938,152116,0,"2026-01-13 22:15:40","2026-01-13 22:15:40",NULL
6939,152116,0,"2026-01-13 22:15:40","2026-01-13 22:15:40",NULL
6940,152116,0,"2026-01-13 22:15:40","2026-01-13 22:15:40",NULL
6941,152116,0,"2026-01-13 22:15:40","2026-01-13 22:15:40",NULL
6942,152116,0,"2026-01-13 22:15:40","2026-01-13 22:15:40",NULL
6943,152117,0,"2026-01-13 22:15:40","2026-01-13 22:15:40",NULL
6944,152117,0,"2026-01-13 22:15:40","2026-01-13 22:15:40",NULL
6945,152117,0,"2026-01-13 22:15:40","2026-01-13 22:15:40",NULL
6946,152117,0,"2026-01-13 22:15:40","2026-01-13 22:15:40",NULL
6947,152117,0,"2026-01-13 22:15:40","2026-01-13 22:15:40",NULL
6948,152117,0,"2026-01-13 22:15:40","2026-01-13 22:15:40",NULL
6949,152117,0,"2026-01-13 22:15:40","2026-01-13 22:15:40",NULL
6950,152117,0,"2026-01-13 22:15:40","2026-01-13 22:15:40",NULL
6951,152117,0,"2026-01-13 22:15:40","2026-01-13 22:15:40",NULL
6952,152117,0,"2026-01-13 22:15:40","2026-01-13 22:15:40",NULL
6953,152117,0,"2026-01-13 22:15:40","2026-01-13 22:15:40",NULL
6954,152117,0,"2026-01-13 22:15:40","2026-01-13 22:15:40",NULL
6955,152117,0,"2026-01-13 22:15:40","2026-01-13 22:15:40",NULL
6956,152118,0,"2026-01-13 22:15:40","2026-01-13 22:15:40",NULL
6957,152121,0,"2026-01-13 22:15:40","2026-01-13 22:15:40",NULL
6958,152121,0,"2026-01-13 22:15:40","2026-01-13 22:15:40",NULL
6959,152121,0,"2026-01-13 22:15:40","2026-01-13 22:15:40",NULL
6960,152121,0,"2026-01-13 22:15:40","2026-01-13 22:15:40",NULL
6961,152121,0,"2026-01-13 22:15:40","2026-01-13 22:15:40",NULL
6962,152121,0,"2026-01-13 22:15:40","2026-01-13 22:15:40",NULL
6963,152121,0,"2026-01-13 22:15:40","2026-01-13 22:15:40",NULL
6964,152121,0,"2026-01-13 22:15:40","2026-01-13 22:15:40",NULL
6965,152121,0,"2026-01-13 22:15:40","2026-01-13 22:15:40",NULL
6966,152122,0,"2026-01-13 22:15:40","2026-01-13 22:15:40",NULL
6967,152122,0,"2026-01-13 22:15:40","2026-01-13 22:15:40",NULL
6968,152122,0,"2026-01-13 22:15:40","2026-01-13 22:15:40",NULL
6969,152122,0,"2026-01-13 22:15:40","2026-01-13 22:15:40",NULL
6970,152122,0,"2026-01-13 22:15:40","2026-01-13 22:15:40",NULL
6971,152122,0,"2026-01-13 22:15:40","2026-01-13 22:15:40",NULL
6972,152122,0,"2026-01-13 22:15:40","2026-01-13 22:15:40",NULL
6973,152122,0,"2026-01-13 22:15:40","2026-01-13 22:15:40",NULL
6974,152122,0,"2026-01-13 22:15:40","2026-01-13 22:15:40",NULL
6975,152122,0,"2026-01-13 22:15:40","2026-01-13 22:15:40",NULL
6976,152123,0,"2026-01-13 22:15:40","2026-01-13 22:15:40",NULL
6977,152123,0,"2026-01-13 22:15:40","2026-01-13 22:15:40",NULL
6978,152123,0,"2026-01-13 22:15:40","2026-01-13 22:15:40",NULL
6979,152123,0,"2026-01-13 22:15:40","2026-01-13 22:15:40",NULL
6980,152123,0,"2026-01-13 22:15:40","2026-01-13 22:15:40",NULL
6981,152123,0,"2026-01-13 22:15:40","2026-01-13 22:15:40",NULL
6982,152123,0,"2026-01-13 22:15:40","2026-01-13 22:15:40",NULL
6983,152123,0,"2026-01-13 22:15:40","2026-01-13 22:15:40",NULL
6984,152123,0,"2026-01-13 22:15:40","2026-01-13 22:15:40",NULL
6985,152123,0,"2026-01-13 22:15:40","2026-01-13 22:15:40",NULL
6986,152123,0,"2026-01-13 22:15:40","2026-01-13 22:15:40",NULL
6987,152123,0,"2026-01-13 22:15:40","2026-01-13 22:15:40",NULL
6988,152123,0,"2026-01-13 22:15:40","2026-01-13 22:15:40",NULL
6989,152123,0,"2026-01-13 22:15:40","2026-01-13 22:15:40",NULL
6990,152116,0,"2026-01-13 22:15:40","2026-01-13 22:15:40",NULL
6991,152116,0,"2026-01-13 22:15:40","2026-01-13 22:15:40",NULL
6992,152116,0,"2026-01-13 22:15:40","2026-01-13 22:15:40",NULL
6993,152128,0,"2026-01-13 22:15:40","2026-01-13 22:15:40",NULL
6994,171018,0,"2026-01-13 22:15:40","2026-01-13 22:15:40",NULL
6995,152128,0,"2026-01-13 22:15:40","2026-01-13 22:15:40",NULL
6996,152128,0,"2026-01-13 22:15:40","2026-01-13 22:15:40",NULL
6997,152128,0,"2026-01-13 22:15:40","2026-01-13 22:15:40",NULL
6998,152128,0,"2026-01-13 22:15:40","2026-01-13 22:15:40",NULL
6999,152128,0,"2026-01-13 22:15:40","2026-01-13 22:15:40",NULL
7000,152132,0,"2026-01-13 22:15:40","2026-01-13 22:15:40",NULL
7001,152132,0,"2026-01-13 22:15:40","2026-01-13 22:15:40",NULL
7002,152132,0,"2026-01-13 22:15:40","2026-01-13 22:15:40",NULL
7003,152132,0,"2026-01-13 22:15:40","2026-01-13 22:15:40",NULL
7004,152132,0,"2026-01-13 22:15:40","2026-01-13 22:15:40",NULL
7005,152132,0,"2026-01-13 22:15:40","2026-01-13 22:15:40",NULL
7006,152132,0,"2026-01-13 22:15:40","2026-01-13 22:15:40",NULL
7007,152132,0,"2026-01-13 22:15:40","2026-01-13 22:15:40",NULL
7008,152132,0,"2026-01-13 22:15:40","2026-01-13 22:15:40",NULL
7009,152132,0,"2026-01-13 22:15:40","2026-01-13 22:15:40",NULL
7010,152132,0,"2026-01-13 22:15:40","2026-01-13 22:15:40",NULL
7011,152132,0,"2026-01-13 22:15:40","2026-01-13 22:15:40",NULL
7012,160001,0,"2026-01-13 22:15:40","2026-01-13 22:15:40",NULL
7013,160001,0,"2026-01-13 22:15:40","2026-01-13 22:15:40",NULL
7014,160001,0,"2026-01-13 22:15:40","2026-01-13 22:15:40",NULL
7015,160002,0,"2026-01-13 22:15:40","2026-01-13 22:15:40",NULL
7016,160002,0,"2026-01-13 22:15:40","2026-01-13 22:15:40",NULL
7017,160002,0,"2026-01-13 22:15:40","2026-01-13 22:15:40",NULL
7018,160003,0,"2026-01-13 22:15:40","2026-01-13 22:15:40",NULL
7019,160003,0,"2026-01-13 22:15:40","2026-01-13 22:15:40",NULL
7020,160003,0,"2026-01-13 22:15:40","2026-01-13 22:15:40",NULL
7021,160004,0,"2026-01-13 22:15:40","2026-01-13 22:15:40",NULL
7022,160009,0,"2026-01-13 22:15:40","2026-01-13 22:15:40",NULL
7023,160009,0,"2026-01-13 22:15:40","2026-01-13 22:15:40",NULL
7024,160011,0,"2026-01-13 22:15:40","2026-01-13 22:15:40",NULL
7025,160011,0,"2026-01-13 22:15:40","2026-01-13 22:15:40",NULL
7026,160012,0,"2026-01-13 22:15:40","2026-01-13 22:15:40",NULL
7027,160012,0,"2026-01-13 22:15:40","2026-01-13 22:15:40",NULL
7028,160014,0,"2026-01-13 22:15:40","2026-01-13 22:15:40",NULL
7029,160014,0,"2026-01-13 22:15:40","2026-01-13 22:15:40",NULL
7030,152123,0,"2026-01-13 22:15:40","2026-01-13 22:15:40",NULL
7031,152123,0,"2026-01-13 22:15:40","2026-01-13 22:15:40",NULL
7032,152124,0,"2026-01-13 22:15:40","2026-01-13 22:15:40",NULL
7033,152124,0,"2026-01-13 22:15:40","2026-01-13 22:15:40",NULL
7034,152124,0,"2026-01-13 22:15:40","2026-01-13 22:15:40",NULL
7035,152124,0,"2026-01-13 22:15:40","2026-01-13 22:15:40",NULL
7036,152124,0,"2026-01-13 22:15:40","2026-01-13 22:15:40",NULL
7037,152124,0,"2026-01-13 22:15:40","2026-01-13 22:15:40",NULL
7038,152124,0,"2026-01-13 22:15:40","2026-01-13 22:15:40",NULL
7039,152124,0,"2026-01-13 22:15:40","2026-01-13 22:15:40",NULL
7040,152124,0,"2026-01-13 22:15:40","2026-01-13 22:15:40",NULL
7041,152124,0,"2026-01-13 22:15:40","2026-01-13 22:15:40",NULL
7042,152124,0,"2026-01-13 22:15:40","2026-01-13 22:15:40",NULL
7043,152124,0,"2026-01-13 22:15:40","2026-01-13 22:15:40",NULL
7044,152124,0,"2026-01-13 22:15:40","2026-01-13 22:15:40",NULL
7045,152128,0,"2026-01-13 22:15:40","2026-01-13 22:15:40",NULL
7046,152128,0,"2026-01-13 22:15:40","2026-01-13 22:15:40",NULL
7047,152128,0,"2026-01-13 22:15:40","2026-01-13 22:15:40",NULL
7048,152128,0,"2026-01-13 22:15:40","2026-01-13 22:15:40",NULL
7049,152128,0,"2026-01-13 22:15:40","2026-01-13 22:15:40",NULL
7050,152128,0,"2026-01-13 22:15:40","2026-01-13 22:15:40",NULL
7051,152128,0,"2026-01-13 22:15:40","2026-01-13 22:15:40",NULL
7052,171002,0,"2026-01-13 22:15:40","2026-01-13 22:15:40",NULL
7053,171003,0,"2026-01-13 22:15:40","2026-01-13 22:15:40",NULL
7054,171003,0,"2026-01-13 22:15:40","2026-01-13 22:15:40",NULL
7055,160014,0,"2026-01-13 22:15:40","2026-01-13 22:15:40",NULL
7056,160014,0,"2026-01-13 22:15:40","2026-01-13 22:15:40",NULL
7057,160014,0,"2026-01-13 22:15:40","2026-01-13 22:15:40",NULL
7058,160015,0,"2026-01-13 22:15:40","2026-01-13 22:15:40",NULL
7059,160015,0,"2026-01-13 22:15:40","2026-01-13 22:15:40",NULL
7060,160017,0,"2026-01-13 22:15:41","2026-01-13 22:15:41",NULL
7061,160018,0,"2026-01-13 22:15:41","2026-01-13 22:15:41",NULL
7062,160018,0,"2026-01-13 22:15:41","2026-01-13 22:15:41",NULL
7063,160019,0,"2026-01-13 22:15:41","2026-01-13 22:15:41",NULL
7064,160019,0,"2026-01-13 22:15:41","2026-01-13 22:15:41",NULL
7065,160019,0,"2026-01-13 22:15:41","2026-01-13 22:15:41",NULL
7066,160019,0,"2026-01-13 22:15:41","2026-01-13 22:15:41",NULL
7067,160020,0,"2026-01-13 22:15:41","2026-01-13 22:15:41",NULL
7068,160022,0,"2026-01-13 22:15:41","2026-01-13 22:15:41",NULL
7069,160022,0,"2026-01-13 22:15:41","2026-01-13 22:15:41",NULL
7070,160022,0,"2026-01-13 22:15:41","2026-01-13 22:15:41",NULL
7071,160022,0,"2026-01-13 22:15:41","2026-01-13 22:15:41",NULL
7072,160023,0,"2026-01-13 22:15:41","2026-01-13 22:15:41",NULL
7073,160025,0,"2026-01-13 22:15:41","2026-01-13 22:15:41",NULL
7074,160030,0,"2026-01-13 22:15:41","2026-01-13 22:15:41",NULL
7075,160030,0,"2026-01-13 22:15:41","2026-01-13 22:15:41",NULL
7076,160030,0,"2026-01-13 22:15:41","2026-01-13 22:15:41",NULL
7077,160036,0,"2026-01-13 22:15:41","2026-01-13 22:15:41",NULL
7078,160036,0,"2026-01-13 22:15:41","2026-01-13 22:15:41",NULL
7079,160036,0,"2026-01-13 22:15:41","2026-01-13 22:15:41",NULL
7080,160047,0,"2026-01-13 22:15:41","2026-01-13 22:15:41",NULL
7081,160047,0,"2026-01-13 22:15:41","2026-01-13 22:15:41",NULL
7082,160055,0,"2026-01-13 22:15:41","2026-01-13 22:15:41",NULL
7083,160055,0,"2026-01-13 22:15:41","2026-01-13 22:15:41",NULL
7084,160055,0,"2026-01-13 22:15:41","2026-01-13 22:15:41",NULL
7085,160055,0,"2026-01-13 22:15:41","2026-01-13 22:15:41",NULL
7086,160059,0,"2026-01-13 22:15:41","2026-01-13 22:15:41",NULL
7087,160059,0,"2026-01-13 22:15:41","2026-01-13 22:15:41",NULL
7088,160062,0,"2026-01-13 22:15:41","2026-01-13 22:15:41",NULL
7089,160062,0,"2026-01-13 22:15:41","2026-01-13 22:15:41",NULL
7090,160062,0,"2026-01-13 22:15:41","2026-01-13 22:15:41",NULL
7091,160062,0,"2026-01-13 22:15:41","2026-01-13 22:15:41",NULL
7092,160071,0,"2026-01-13 22:15:41","2026-01-13 22:15:41",NULL
7093,160101,0,"2026-01-13 22:15:41","2026-01-13 22:15:41",NULL
7094,160101,0,"2026-01-13 22:15:41","2026-01-13 22:15:41",NULL
7095,160101,0,"2026-01-13 22:15:41","2026-01-13 22:15:41",NULL
7096,160101,0,"2026-01-13 22:15:41","2026-01-13 22:15:41",NULL
7097,160102,0,"2026-01-13 22:15:41","2026-01-13 22:15:41",NULL
7098,160102,0,"2026-01-13 22:15:41","2026-01-13 22:15:41",NULL
7099,160103,0,"2026-01-13 22:15:41","2026-01-13 22:15:41",NULL
7100,160104,0,"2026-01-13 22:15:41","2026-01-13 22:15:41",NULL
7101,171001,0,"2026-01-13 22:15:41","2026-01-13 22:15:41",NULL
7102,171001,0,"2026-01-13 22:15:41","2026-01-13 22:15:41",NULL
7103,171001,0,"2026-01-13 22:15:41","2026-01-13 22:15:41",NULL
7104,171001,0,"2026-01-13 22:15:41","2026-01-13 22:15:41",NULL
7105,171001,0,"2026-01-13 22:15:41","2026-01-13 22:15:41",NULL
7106,171001,0,"2026-01-13 22:15:41","2026-01-13 22:15:41",NULL
7107,171001,0,"2026-01-13 22:15:41","2026-01-13 22:15:41",NULL
7108,171002,0,"2026-01-13 22:15:41","2026-01-13 22:15:41",NULL
7109,171002,0,"2026-01-13 22:15:41","2026-01-13 22:15:41",NULL
7110,171003,0,"2026-01-13 22:15:41","2026-01-13 22:15:41",NULL
7111,171003,0,"2026-01-13 22:15:41","2026-01-13 22:15:41",NULL
7112,171004,0,"2026-01-13 22:15:41","2026-01-13 22:15:41",NULL
7113,171004,0,"2026-01-13 22:15:41","2026-01-13 22:15:41",NULL
7114,171005,0,"2026-01-13 22:15:41","2026-01-13 22:15:41",NULL
7115,171005,0,"2026-01-13 22:15:41","2026-01-13 22:15:41",NULL
7116,171005,0,"2026-01-13 22:15:41","2026-01-13 22:15:41",NULL
7117,171006,0,"2026-01-13 22:15:41","2026-01-13 22:15:41",NULL
7118,171006,0,"2026-01-13 22:15:41","2026-01-13 22:15:41",NULL
7119,171006,0,"2026-01-13 22:15:41","2026-01-13 22:15:41",NULL
7120,171006,0,"2026-01-13 22:15:41","2026-01-13 22:15:41",NULL
7121,171007,0,"2026-01-13 22:15:41","2026-01-13 22:15:41",NULL
7122,171007,0,"2026-01-13 22:15:41","2026-01-13 22:15:41",NULL
7123,171007,0,"2026-01-13 22:15:41","2026-01-13 22:15:41",NULL
7124,171007,0,"2026-01-13 22:15:41","2026-01-13 22:15:41",NULL
7125,171007,0,"2026-01-13 22:15:41","2026-01-13 22:15:41",NULL
7126,171007,0,"2026-01-13 22:15:41","2026-01-13 22:15:41",NULL
7127,171007,0,"2026-01-13 22:15:41","2026-01-13 22:15:41",NULL
7128,171007,0,"2026-01-13 22:15:41","2026-01-13 22:15:41",NULL
7129,171007,0,"2026-01-13 22:15:41","2026-01-13 22:15:41",NULL
7130,171008,0,"2026-01-13 22:15:41","2026-01-13 22:15:41",NULL
7131,171009,0,"2026-01-13 22:15:41","2026-01-13 22:15:41",NULL
7132,171009,0,"2026-01-13 22:15:41","2026-01-13 22:15:41",NULL
7133,171009,0,"2026-01-13 22:15:41","2026-01-13 22:15:41",NULL
7134,171009,0,"2026-01-13 22:15:41","2026-01-13 22:15:41",NULL
7135,171010,0,"2026-01-13 22:15:41","2026-01-13 22:15:41",NULL
7136,171011,0,"2026-01-13 22:15:41","2026-01-13 22:15:41",NULL
7137,171011,0,"2026-01-13 22:15:41","2026-01-13 22:15:41",NULL
7138,171011,0,"2026-01-13 22:15:41","2026-01-13 22:15:41",NULL
7139,171011,0,"2026-01-13 22:15:41","2026-01-13 22:15:41",NULL
7140,171011,0,"2026-01-13 22:15:41","2026-01-13 22:15:41",NULL
7141,171011,0,"2026-01-13 22:15:41","2026-01-13 22:15:41",NULL
7142,171011,0,"2026-01-13 22:15:41","2026-01-13 22:15:41",NULL
7143,171011,0,"2026-01-13 22:15:41","2026-01-13 22:15:41",NULL
7144,171011,0,"2026-01-13 22:15:41","2026-01-13 22:15:41",NULL
7145,171011,0,"2026-01-13 22:15:41","2026-01-13 22:15:41",NULL
7146,171011,0,"2026-01-13 22:15:41","2026-01-13 22:15:41",NULL
7147,171011,0,"2026-01-13 22:15:41","2026-01-13 22:15:41",NULL
7148,171011,0,"2026-01-13 22:15:41","2026-01-13 22:15:41",NULL
7149,171012,0,"2026-01-13 22:15:41","2026-01-13 22:15:41",NULL
7150,171012,0,"2026-01-13 22:15:41","2026-01-13 22:15:41",NULL
7151,171012,0,"2026-01-13 22:15:41","2026-01-13 22:15:41",NULL
7152,171012,0,"2026-01-13 22:15:41","2026-01-13 22:15:41",NULL
7153,171012,0,"2026-01-13 22:15:41","2026-01-13 22:15:41",NULL
7154,171012,0,"2026-01-13 22:15:41","2026-01-13 22:15:41",NULL
7155,171012,0,"2026-01-13 22:15:41","2026-01-13 22:15:41",NULL
7156,171012,0,"2026-01-13 22:15:41","2026-01-13 22:15:41",NULL
7157,171013,0,"2026-01-13 22:15:41","2026-01-13 22:15:41",NULL
7158,171018,0,"2026-01-13 22:15:41","2026-01-13 22:15:41",NULL
7159,171018,0,"2026-01-13 22:15:41","2026-01-13 22:15:41",NULL
7160,171018,0,"2026-01-13 22:15:41","2026-01-13 22:15:41",NULL
7161,171225,0,"2026-01-13 22:15:41","2026-01-13 22:15:41",NULL
7162,171018,0,"2026-01-13 22:15:41","2026-01-13 22:15:41",NULL
7163,171018,0,"2026-01-13 22:15:41","2026-01-13 22:15:41",NULL
7164,171018,0,"2026-01-13 22:15:41","2026-01-13 22:15:41",NULL
7165,171019,0,"2026-01-13 22:15:41","2026-01-13 22:15:41",NULL
7166,171019,0,"2026-01-13 22:15:41","2026-01-13 22:15:41",NULL
7167,171019,0,"2026-01-13 22:15:41","2026-01-13 22:15:41",NULL
7168,171019,0,"2026-01-13 22:15:41","2026-01-13 22:15:41",NULL
7169,171019,0,"2026-01-13 22:15:41","2026-01-13 22:15:41",NULL
7170,171019,0,"2026-01-13 22:15:41","2026-01-13 22:15:41",NULL
7171,171019,0,"2026-01-13 22:15:41","2026-01-13 22:15:41",NULL
7172,171102,0,"2026-01-13 22:15:41","2026-01-13 22:15:41",NULL
7173,171102,0,"2026-01-13 22:15:41","2026-01-13 22:15:41",NULL
7174,171102,0,"2026-01-13 22:15:41","2026-01-13 22:15:41",NULL
7175,171102,0,"2026-01-13 22:15:41","2026-01-13 22:15:41",NULL
7176,171102,0,"2026-01-13 22:15:41","2026-01-13 22:15:41",NULL
7177,171102,0,"2026-01-13 22:15:41","2026-01-13 22:15:41",NULL
7178,171102,0,"2026-01-13 22:15:41","2026-01-13 22:15:41",NULL
7179,171102,0,"2026-01-13 22:15:41","2026-01-13 22:15:41",NULL
7180,171102,0,"2026-01-13 22:15:41","2026-01-13 22:15:41",NULL
7181,171102,0,"2026-01-13 22:15:41","2026-01-13 22:15:41",NULL
7182,171102,0,"2026-01-13 22:15:41","2026-01-13 22:15:41",NULL
7183,171201,0,"2026-01-13 22:15:41","2026-01-13 22:15:41",NULL
7184,171201,0,"2026-01-13 22:15:41","2026-01-13 22:15:41",NULL
7185,171201,0,"2026-01-13 22:15:41","2026-01-13 22:15:41",NULL
7186,171201,0,"2026-01-13 22:15:41","2026-01-13 22:15:41",NULL
7187,171202,0,"2026-01-13 22:15:41","2026-01-13 22:15:41",NULL
7188,171202,0,"2026-01-13 22:15:41","2026-01-13 22:15:41",NULL
7189,171202,0,"2026-01-13 22:15:41","2026-01-13 22:15:41",NULL
7190,171202,0,"2026-01-13 22:15:41","2026-01-13 22:15:41",NULL
7191,171202,0,"2026-01-13 22:15:41","2026-01-13 22:15:41",NULL
7192,171202,0,"2026-01-13 22:15:41","2026-01-13 22:15:41",NULL
7193,171202,0,"2026-01-13 22:15:41","2026-01-13 22:15:41",NULL
7194,171202,0,"2026-01-13 22:15:41","2026-01-13 22:15:41",NULL
7195,171202,0,"2026-01-13 22:15:41","2026-01-13 22:15:41",NULL
7196,171202,0,"2026-01-13 22:15:41","2026-01-13 22:15:41",NULL
7197,171202,0,"2026-01-13 22:15:41","2026-01-13 22:15:41",NULL
7198,171202,0,"2026-01-13 22:15:41","2026-01-13 22:15:41",NULL
7199,171202,0,"2026-01-13 22:15:41","2026-01-13 22:15:41",NULL
7200,171202,0,"2026-01-13 22:15:41","2026-01-13 22:15:41",NULL
7201,171202,0,"2026-01-13 22:15:41","2026-01-13 22:15:41",NULL
7202,171202,0,"2026-01-13 22:15:41","2026-01-13 22:15:41",NULL
7203,171203,0,"2026-01-13 22:15:41","2026-01-13 22:15:41",NULL
7204,171203,0,"2026-01-13 22:15:41","2026-01-13 22:15:41",NULL
7205,171203,0,"2026-01-13 22:15:41","2026-01-13 22:15:41",NULL
7206,171203,0,"2026-01-13 22:15:41","2026-01-13 22:15:41",NULL
7207,171203,0,"2026-01-13 22:15:41","2026-01-13 22:15:41",NULL
7208,171203,0,"2026-01-13 22:15:41","2026-01-13 22:15:41",NULL
7209,171203,0,"2026-01-13 22:15:41","2026-01-13 22:15:41",NULL
7210,171204,0,"2026-01-13 22:15:41","2026-01-13 22:15:41",NULL
7211,171204,0,"2026-01-13 22:15:41","2026-01-13 22:15:41",NULL
7212,171204,0,"2026-01-13 22:15:41","2026-01-13 22:15:41",NULL
7213,171204,0,"2026-01-13 22:15:41","2026-01-13 22:15:41",NULL
7214,171205,0,"2026-01-13 22:15:41","2026-01-13 22:15:41",NULL
7215,171205,0,"2026-01-13 22:15:41","2026-01-13 22:15:41",NULL
7216,171205,0,"2026-01-13 22:15:41","2026-01-13 22:15:41",NULL
7217,171205,0,"2026-01-13 22:15:41","2026-01-13 22:15:41",NULL
7218,171205,0,"2026-01-13 22:15:41","2026-01-13 22:15:41",NULL
7219,171205,0,"2026-01-13 22:15:41","2026-01-13 22:15:41",NULL
7220,171205,0,"2026-01-13 22:15:41","2026-01-13 22:15:41",NULL
7221,171205,0,"2026-01-13 22:15:41","2026-01-13 22:15:41",NULL
7222,171206,0,"2026-01-13 22:15:41","2026-01-13 22:15:41",NULL
7223,171206,0,"2026-01-13 22:15:41","2026-01-13 22:15:41",NULL
7224,171206,0,"2026-01-13 22:15:41","2026-01-13 22:15:41",NULL
7225,171206,0,"2026-01-13 22:15:41","2026-01-13 22:15:41",NULL
7226,171206,0,"2026-01-13 22:15:41","2026-01-13 22:15:41",NULL
7227,171206,0,"2026-01-13 22:15:41","2026-01-13 22:15:41",NULL
7228,171206,0,"2026-01-13 22:15:41","2026-01-13 22:15:41",NULL
7229,171206,0,"2026-01-13 22:15:41","2026-01-13 22:15:41",NULL
7230,171206,0,"2026-01-13 22:15:41","2026-01-13 22:15:41",NULL
7231,171206,0,"2026-01-13 22:15:41","2026-01-13 22:15:41",NULL
7232,171207,0,"2026-01-13 22:15:41","2026-01-13 22:15:41",NULL
7233,171207,0,"2026-01-13 22:15:41","2026-01-13 22:15:41",NULL
7234,171207,0,"2026-01-13 22:15:41","2026-01-13 22:15:41",NULL
7235,171207,0,"2026-01-13 22:15:41","2026-01-13 22:15:41",NULL
7236,171207,0,"2026-01-13 22:15:41","2026-01-13 22:15:41",NULL
7237,171207,0,"2026-01-13 22:15:41","2026-01-13 22:15:41",NULL
7238,171207,0,"2026-01-13 22:15:41","2026-01-13 22:15:41",NULL
7239,171207,0,"2026-01-13 22:15:41","2026-01-13 22:15:41",NULL
7240,171207,0,"2026-01-13 22:15:41","2026-01-13 22:15:41",NULL
7241,171207,0,"2026-01-13 22:15:41","2026-01-13 22:15:41",NULL
7242,171103,0,"2026-01-13 22:15:41","2026-01-13 22:15:41",NULL
7243,171103,0,"2026-01-13 22:15:41","2026-01-13 22:15:41",NULL
7244,171103,0,"2026-01-13 22:15:41","2026-01-13 22:15:41",NULL
7245,171103,0,"2026-01-13 22:15:41","2026-01-13 22:15:41",NULL
7246,171103,0,"2026-01-13 22:15:41","2026-01-13 22:15:41",NULL
7247,171103,0,"2026-01-13 22:15:41","2026-01-13 22:15:41",NULL
7248,171103,0,"2026-01-13 22:15:41","2026-01-13 22:15:41",NULL
7249,171103,0,"2026-01-13 22:15:41","2026-01-13 22:15:41",NULL
7250,171103,0,"2026-01-13 22:15:41","2026-01-13 22:15:41",NULL
7251,171103,0,"2026-01-13 22:15:41","2026-01-13 22:15:41",NULL
7252,171201,0,"2026-01-13 22:15:41","2026-01-13 22:15:41",NULL
7253,171201,0,"2026-01-13 22:15:41","2026-01-13 22:15:41",NULL
7254,171201,0,"2026-01-13 22:15:41","2026-01-13 22:15:41",NULL
7255,171201,0,"2026-01-13 22:15:41","2026-01-13 22:15:41",NULL
7256,171201,0,"2026-01-13 22:15:41","2026-01-13 22:15:41",NULL
7257,171210,0,"2026-01-13 22:15:41","2026-01-13 22:15:41",NULL
7258,171210,0,"2026-01-13 22:15:41","2026-01-13 22:15:41",NULL
7259,171210,0,"2026-01-13 22:15:41","2026-01-13 22:15:41",NULL
7260,171210,0,"2026-01-13 22:15:41","2026-01-13 22:15:41",NULL
7261,171210,0,"2026-01-13 22:15:41","2026-01-13 22:15:41",NULL
7262,171210,0,"2026-01-13 22:15:41","2026-01-13 22:15:41",NULL
7263,171210,0,"2026-01-13 22:15:41","2026-01-13 22:15:41",NULL
7264,171210,0,"2026-01-13 22:15:41","2026-01-13 22:15:41",NULL
7265,171210,0,"2026-01-13 22:15:41","2026-01-13 22:15:41",NULL
7266,171210,0,"2026-01-13 22:15:41","2026-01-13 22:15:41",NULL
7267,171210,0,"2026-01-13 22:15:41","2026-01-13 22:15:41",NULL
7268,171210,0,"2026-01-13 22:15:41","2026-01-13 22:15:41",NULL
7269,171210,0,"2026-01-13 22:15:41","2026-01-13 22:15:41",NULL
7270,171211,0,"2026-01-13 22:15:41","2026-01-13 22:15:41",NULL
7271,171211,0,"2026-01-13 22:15:41","2026-01-13 22:15:41",NULL
7272,171211,0,"2026-01-13 22:15:41","2026-01-13 22:15:41",NULL
7273,171211,0,"2026-01-13 22:15:41","2026-01-13 22:15:41",NULL
7274,171211,0,"2026-01-13 22:15:41","2026-01-13 22:15:41",NULL
7275,171211,0,"2026-01-13 22:15:41","2026-01-13 22:15:41",NULL
7276,171211,0,"2026-01-13 22:15:41","2026-01-13 22:15:41",NULL
7277,171211,0,"2026-01-13 22:15:41","2026-01-13 22:15:41",NULL
7278,171211,0,"2026-01-13 22:15:41","2026-01-13 22:15:41",NULL
7279,171211,0,"2026-01-13 22:15:41","2026-01-13 22:15:41",NULL
7280,171211,0,"2026-01-13 22:15:41","2026-01-13 22:15:41",NULL
7281,171211,0,"2026-01-13 22:15:41","2026-01-13 22:15:41",NULL
7282,171211,0,"2026-01-13 22:15:41","2026-01-13 22:15:41",NULL
7283,171212,0,"2026-01-13 22:15:41","2026-01-13 22:15:41",NULL
7284,171212,0,"2026-01-13 22:15:41","2026-01-13 22:15:41",NULL
7285,171212,0,"2026-01-13 22:15:41","2026-01-13 22:15:41",NULL
7286,171212,0,"2026-01-13 22:15:41","2026-01-13 22:15:41",NULL
7287,171212,0,"2026-01-13 22:15:41","2026-01-13 22:15:41",NULL
7288,171212,0,"2026-01-13 22:15:41","2026-01-13 22:15:41",NULL
7289,171212,0,"2026-01-13 22:15:41","2026-01-13 22:15:41",NULL
7290,171212,0,"2026-01-13 22:15:41","2026-01-13 22:15:41",NULL
7291,171213,0,"2026-01-13 22:15:41","2026-01-13 22:15:41",NULL
7292,171213,0,"2026-01-13 22:15:41","2026-01-13 22:15:41",NULL
7293,171213,0,"2026-01-13 22:15:41","2026-01-13 22:15:41",NULL
7294,171213,0,"2026-01-13 22:15:41","2026-01-13 22:15:41",NULL
7295,171213,0,"2026-01-13 22:15:41","2026-01-13 22:15:41",NULL
7296,171213,0,"2026-01-13 22:15:41","2026-01-13 22:15:41",NULL
7297,171213,0,"2026-01-13 22:15:41","2026-01-13 22:15:41",NULL
7298,171213,0,"2026-01-13 22:15:41","2026-01-13 22:15:41",NULL
7299,171213,0,"2026-01-13 22:15:41","2026-01-13 22:15:41",NULL
7300,171213,0,"2026-01-13 22:15:41","2026-01-13 22:15:41",NULL
7301,171213,0,"2026-01-13 22:15:41","2026-01-13 22:15:41",NULL
7302,171213,0,"2026-01-13 22:15:41","2026-01-13 22:15:41",NULL
7303,171214,0,"2026-01-13 22:15:41","2026-01-13 22:15:41",NULL
7304,171214,0,"2026-01-13 22:15:41","2026-01-13 22:15:41",NULL
7305,171214,0,"2026-01-13 22:15:41","2026-01-13 22:15:41",NULL
7306,171214,0,"2026-01-13 22:15:41","2026-01-13 22:15:41",NULL
7307,171214,0,"2026-01-13 22:15:41","2026-01-13 22:15:41",NULL
7308,171215,0,"2026-01-13 22:15:41","2026-01-13 22:15:41",NULL
7309,171207,0,"2026-01-13 22:15:41","2026-01-13 22:15:41",NULL
7310,171207,0,"2026-01-13 22:15:41","2026-01-13 22:15:41",NULL
7311,171207,0,"2026-01-13 22:15:41","2026-01-13 22:15:41",NULL
7312,171208,0,"2026-01-13 22:15:41","2026-01-13 22:15:41",NULL
7313,171208,0,"2026-01-13 22:15:41","2026-01-13 22:15:41",NULL
7314,171208,0,"2026-01-13 22:15:41","2026-01-13 22:15:41",NULL
7315,171208,0,"2026-01-13 22:15:41","2026-01-13 22:15:41",NULL
7316,171208,0,"2026-01-13 22:15:41","2026-01-13 22:15:41",NULL
7317,171208,0,"2026-01-13 22:15:41","2026-01-13 22:15:41",NULL
7318,171208,0,"2026-01-13 22:15:41","2026-01-13 22:15:41",NULL
7319,171208,0,"2026-01-13 22:15:41","2026-01-13 22:15:41",NULL
7320,171208,0,"2026-01-13 22:15:41","2026-01-13 22:15:41",NULL
7321,171208,0,"2026-01-13 22:15:41","2026-01-13 22:15:41",NULL
7322,171208,0,"2026-01-13 22:15:41","2026-01-13 22:15:41",NULL
7323,171208,0,"2026-01-13 22:15:41","2026-01-13 22:15:41",NULL
7324,171208,0,"2026-01-13 22:15:41","2026-01-13 22:15:41",NULL
7325,171209,0,"2026-01-13 22:15:41","2026-01-13 22:15:41",NULL
7326,171209,0,"2026-01-13 22:15:41","2026-01-13 22:15:41",NULL
7327,171209,0,"2026-01-13 22:15:41","2026-01-13 22:15:41",NULL
7328,171209,0,"2026-01-13 22:15:41","2026-01-13 22:15:41",NULL
7329,171209,0,"2026-01-13 22:15:41","2026-01-13 22:15:41",NULL
7330,171209,0,"2026-01-13 22:15:41","2026-01-13 22:15:41",NULL
7331,171209,0,"2026-01-13 22:15:41","2026-01-13 22:15:41",NULL
7332,171210,0,"2026-01-13 22:15:41","2026-01-13 22:15:41",NULL
7333,171210,0,"2026-01-13 22:15:41","2026-01-13 22:15:41",NULL
7334,171210,0,"2026-01-13 22:15:41","2026-01-13 22:15:41",NULL
7335,171210,0,"2026-01-13 22:15:41","2026-01-13 22:15:41",NULL
7336,171210,0,"2026-01-13 22:15:41","2026-01-13 22:15:41",NULL
7337,171224,0,"2026-01-13 22:15:41","2026-01-13 22:15:41",NULL
7338,172104,0,"2026-01-13 22:15:41","2026-01-13 22:15:41",NULL
7339,171225,0,"2026-01-13 22:15:41","2026-01-13 22:15:41",NULL
7340,171225,0,"2026-01-13 22:15:41","2026-01-13 22:15:41",NULL
7341,171225,0,"2026-01-13 22:15:41","2026-01-13 22:15:41",NULL
7342,171225,0,"2026-01-13 22:15:41","2026-01-13 22:15:41",NULL
7343,171226,0,"2026-01-13 22:15:41","2026-01-13 22:15:41",NULL
7344,171226,0,"2026-01-13 22:15:41","2026-01-13 22:15:41",NULL
7345,171226,0,"2026-01-13 22:15:41","2026-01-13 22:15:41",NULL
7346,171226,0,"2026-01-13 22:15:41","2026-01-13 22:15:41",NULL
7347,171226,0,"2026-01-13 22:15:41","2026-01-13 22:15:41",NULL
7348,171226,0,"2026-01-13 22:15:41","2026-01-13 22:15:41",NULL
7349,171226,0,"2026-01-13 22:15:41","2026-01-13 22:15:41",NULL
7350,171226,0,"2026-01-13 22:15:41","2026-01-13 22:15:41",NULL
7351,171226,0,"2026-01-13 22:15:41","2026-01-13 22:15:41",NULL
7352,171226,0,"2026-01-13 22:15:41","2026-01-13 22:15:41",NULL
7353,171301,0,"2026-01-13 22:15:41","2026-01-13 22:15:41",NULL
7354,171301,0,"2026-01-13 22:15:41","2026-01-13 22:15:41",NULL
7355,171301,0,"2026-01-13 22:15:41","2026-01-13 22:15:41",NULL
7356,171301,0,"2026-01-13 22:15:41","2026-01-13 22:15:41",NULL
7357,172001,0,"2026-01-13 22:15:41","2026-01-13 22:15:41",NULL
7358,172001,0,"2026-01-13 22:15:41","2026-01-13 22:15:41",NULL
7359,172001,0,"2026-01-13 22:15:41","2026-01-13 22:15:41",NULL
7360,172001,0,"2026-01-13 22:15:41","2026-01-13 22:15:41",NULL
7361,172001,0,"2026-01-13 22:15:41","2026-01-13 22:15:41",NULL
7362,172001,0,"2026-01-13 22:15:41","2026-01-13 22:15:41",NULL
7363,172001,0,"2026-01-13 22:15:41","2026-01-13 22:15:41",NULL
7364,172001,0,"2026-01-13 22:15:41","2026-01-13 22:15:41",NULL
7365,172001,0,"2026-01-13 22:15:41","2026-01-13 22:15:41",NULL
7366,172001,0,"2026-01-13 22:15:41","2026-01-13 22:15:41",NULL
7367,172001,0,"2026-01-13 22:15:41","2026-01-13 22:15:41",NULL
7368,171216,0,"2026-01-13 22:15:41","2026-01-13 22:15:41",NULL
7369,171216,0,"2026-01-13 22:15:41","2026-01-13 22:15:41",NULL
7370,171216,0,"2026-01-13 22:15:41","2026-01-13 22:15:41",NULL
7371,171216,0,"2026-01-13 22:15:41","2026-01-13 22:15:41",NULL
7372,171216,0,"2026-01-13 22:15:41","2026-01-13 22:15:41",NULL
7373,171216,0,"2026-01-13 22:15:41","2026-01-13 22:15:41",NULL
7374,171217,0,"2026-01-13 22:15:41","2026-01-13 22:15:41",NULL
7375,171217,0,"2026-01-13 22:15:41","2026-01-13 22:15:41",NULL
7376,171217,0,"2026-01-13 22:15:41","2026-01-13 22:15:41",NULL
7377,171217,0,"2026-01-13 22:15:41","2026-01-13 22:15:41",NULL
7378,171217,0,"2026-01-13 22:15:41","2026-01-13 22:15:41",NULL
7379,171217,0,"2026-01-13 22:15:41","2026-01-13 22:15:41",NULL
7380,171217,0,"2026-01-13 22:15:41","2026-01-13 22:15:41",NULL
7381,171218,0,"2026-01-13 22:15:41","2026-01-13 22:15:41",NULL
7382,171219,0,"2026-01-13 22:15:41","2026-01-13 22:15:41",NULL
7383,171219,0,"2026-01-13 22:15:41","2026-01-13 22:15:41",NULL
7384,171219,0,"2026-01-13 22:15:41","2026-01-13 22:15:41",NULL
7385,171219,0,"2026-01-13 22:15:41","2026-01-13 22:15:41",NULL
7386,171220,0,"2026-01-13 22:15:41","2026-01-13 22:15:41",NULL
7387,171220,0,"2026-01-13 22:15:41","2026-01-13 22:15:41",NULL
7388,171220,0,"2026-01-13 22:15:41","2026-01-13 22:15:41",NULL
7389,171220,0,"2026-01-13 22:15:41","2026-01-13 22:15:41",NULL
7390,171220,0,"2026-01-13 22:15:41","2026-01-13 22:15:41",NULL
7391,171220,0,"2026-01-13 22:15:41","2026-01-13 22:15:41",NULL
7392,171220,0,"2026-01-13 22:15:41","2026-01-13 22:15:41",NULL
7393,171220,0,"2026-01-13 22:15:41","2026-01-13 22:15:41",NULL
7394,171220,0,"2026-01-13 22:15:41","2026-01-13 22:15:41",NULL
7395,171220,0,"2026-01-13 22:15:41","2026-01-13 22:15:41",NULL
7396,171220,0,"2026-01-13 22:15:41","2026-01-13 22:15:41",NULL
7397,171220,0,"2026-01-13 22:15:41","2026-01-13 22:15:41",NULL
7398,171221,0,"2026-01-13 22:15:41","2026-01-13 22:15:41",NULL
7399,171221,0,"2026-01-13 22:15:41","2026-01-13 22:15:41",NULL
7400,171221,0,"2026-01-13 22:15:41","2026-01-13 22:15:41",NULL
7401,171222,0,"2026-01-13 22:15:41","2026-01-13 22:15:41",NULL
7402,171222,0,"2026-01-13 22:15:41","2026-01-13 22:15:41",NULL
7403,171222,0,"2026-01-13 22:15:41","2026-01-13 22:15:41",NULL
7404,171223,0,"2026-01-13 22:15:41","2026-01-13 22:15:41",NULL
7405,171224,0,"2026-01-13 22:15:41","2026-01-13 22:15:41",NULL
7406,172028,0,"2026-01-13 22:15:41","2026-01-13 22:15:41",NULL
7407,172029,0,"2026-01-13 22:15:41","2026-01-13 22:15:41",NULL
7408,172029,0,"2026-01-13 22:15:41","2026-01-13 22:15:41",NULL
7409,172029,0,"2026-01-13 22:15:41","2026-01-13 22:15:41",NULL
7410,172029,0,"2026-01-13 22:15:41","2026-01-13 22:15:41",NULL
7411,172030,0,"2026-01-13 22:15:41","2026-01-13 22:15:41",NULL
7412,172030,0,"2026-01-13 22:15:41","2026-01-13 22:15:41",NULL
7413,172030,0,"2026-01-13 22:15:41","2026-01-13 22:15:41",NULL
7414,172030,0,"2026-01-13 22:15:41","2026-01-13 22:15:41",NULL
7415,172001,0,"2026-01-13 22:15:41","2026-01-13 22:15:41",NULL
7416,172001,0,"2026-01-13 22:15:41","2026-01-13 22:15:41",NULL
7417,172001,0,"2026-01-13 22:15:41","2026-01-13 22:15:41",NULL
7418,172001,0,"2026-01-13 22:15:41","2026-01-13 22:15:41",NULL
7419,172001,0,"2026-01-13 22:15:41","2026-01-13 22:15:41",NULL
7420,172001,0,"2026-01-13 22:15:41","2026-01-13 22:15:41",NULL
7421,172001,0,"2026-01-13 22:15:41","2026-01-13 22:15:41",NULL
7422,172002,0,"2026-01-13 22:15:41","2026-01-13 22:15:41",NULL
7423,172002,0,"2026-01-13 22:15:41","2026-01-13 22:15:41",NULL
7424,172002,0,"2026-01-13 22:15:41","2026-01-13 22:15:41",NULL
7425,172002,0,"2026-01-13 22:15:41","2026-01-13 22:15:41",NULL
7426,172002,0,"2026-01-13 22:15:41","2026-01-13 22:15:41",NULL
7427,172002,0,"2026-01-13 22:15:41","2026-01-13 22:15:41",NULL
7428,172002,0,"2026-01-13 22:15:41","2026-01-13 22:15:41",NULL
7429,172021,0,"2026-01-13 22:15:41","2026-01-13 22:15:41",NULL
7430,172021,0,"2026-01-13 22:15:41","2026-01-13 22:15:41",NULL
7431,172022,0,"2026-01-13 22:15:41","2026-01-13 22:15:41",NULL
7432,172022,0,"2026-01-13 22:15:41","2026-01-13 22:15:41",NULL
7433,172022,0,"2026-01-13 22:15:41","2026-01-13 22:15:41",NULL
7434,172022,0,"2026-01-13 22:15:41","2026-01-13 22:15:41",NULL
7435,172022,0,"2026-01-13 22:15:41","2026-01-13 22:15:41",NULL
7436,172022,0,"2026-01-13 22:15:41","2026-01-13 22:15:41",NULL
7437,172022,0,"2026-01-13 22:15:41","2026-01-13 22:15:41",NULL
7438,172022,0,"2026-01-13 22:15:41","2026-01-13 22:15:41",NULL
7439,172022,0,"2026-01-13 22:15:41","2026-01-13 22:15:41",NULL
7440,172022,0,"2026-01-13 22:15:41","2026-01-13 22:15:41",NULL
7441,172022,0,"2026-01-13 22:15:41","2026-01-13 22:15:41",NULL
7442,172023,0,"2026-01-13 22:15:41","2026-01-13 22:15:41",NULL
7443,172023,0,"2026-01-13 22:15:41","2026-01-13 22:15:41",NULL
7444,172023,0,"2026-01-13 22:15:41","2026-01-13 22:15:41",NULL
7445,172023,0,"2026-01-13 22:15:41","2026-01-13 22:15:41",NULL
7446,172023,0,"2026-01-13 22:15:41","2026-01-13 22:15:41",NULL
7447,172023,0,"2026-01-13 22:15:41","2026-01-13 22:15:41",NULL
7448,172024,0,"2026-01-13 22:15:41","2026-01-13 22:15:41",NULL
7449,172024,0,"2026-01-13 22:15:41","2026-01-13 22:15:41",NULL
7450,172024,0,"2026-01-13 22:15:41","2026-01-13 22:15:41",NULL
7451,172024,0,"2026-01-13 22:15:41","2026-01-13 22:15:41",NULL
7452,172024,0,"2026-01-13 22:15:41","2026-01-13 22:15:41",NULL
7453,172024,0,"2026-01-13 22:15:41","2026-01-13 22:15:41",NULL
7454,172025,0,"2026-01-13 22:15:41","2026-01-13 22:15:41",NULL
7455,172025,0,"2026-01-13 22:15:41","2026-01-13 22:15:41",NULL
7456,172025,0,"2026-01-13 22:15:41","2026-01-13 22:15:41",NULL
7457,172025,0,"2026-01-13 22:15:41","2026-01-13 22:15:41",NULL
7458,172025,0,"2026-01-13 22:15:41","2026-01-13 22:15:41",NULL
7459,172026,0,"2026-01-13 22:15:41","2026-01-13 22:15:41",NULL
7460,172026,0,"2026-01-13 22:15:41","2026-01-13 22:15:41",NULL
7461,172026,0,"2026-01-13 22:15:41","2026-01-13 22:15:41",NULL
7462,172026,0,"2026-01-13 22:15:41","2026-01-13 22:15:41",NULL
7463,172026,0,"2026-01-13 22:15:41","2026-01-13 22:15:41",NULL
7464,172026,0,"2026-01-13 22:15:41","2026-01-13 22:15:41",NULL
7465,172026,0,"2026-01-13 22:15:41","2026-01-13 22:15:41",NULL
7466,172026,0,"2026-01-13 22:15:41","2026-01-13 22:15:41",NULL
7467,172026,0,"2026-01-13 22:15:41","2026-01-13 22:15:41",NULL
7468,172026,0,"2026-01-13 22:15:41","2026-01-13 22:15:41",NULL
7469,172026,0,"2026-01-13 22:15:41","2026-01-13 22:15:41",NULL
7470,172026,0,"2026-01-13 22:15:41","2026-01-13 22:15:41",NULL
7471,172026,0,"2026-01-13 22:15:41","2026-01-13 22:15:41",NULL
7472,172026,0,"2026-01-13 22:15:41","2026-01-13 22:15:41",NULL
7473,172027,0,"2026-01-13 22:15:41","2026-01-13 22:15:41",NULL
7474,172027,0,"2026-01-13 22:15:41","2026-01-13 22:15:41",NULL
7475,172027,0,"2026-01-13 22:15:41","2026-01-13 22:15:41",NULL
7476,172030,0,"2026-01-13 22:15:41","2026-01-13 22:15:41",NULL
7477,172031,0,"2026-01-13 22:15:41","2026-01-13 22:15:41",NULL
7478,172031,0,"2026-01-13 22:15:41","2026-01-13 22:15:41",NULL
7479,172031,0,"2026-01-13 22:15:41","2026-01-13 22:15:41",NULL
7480,172032,0,"2026-01-13 22:15:41","2026-01-13 22:15:41",NULL
7481,172032,0,"2026-01-13 22:15:41","2026-01-13 22:15:41",NULL
7482,172032,0,"2026-01-13 22:15:41","2026-01-13 22:15:41",NULL
7483,172033,0,"2026-01-13 22:15:41","2026-01-13 22:15:41",NULL
7484,172033,0,"2026-01-13 22:15:41","2026-01-13 22:15:41",NULL
7485,172033,0,"2026-01-13 22:15:41","2026-01-13 22:15:41",NULL
7486,172034,0,"2026-01-13 22:15:41","2026-01-13 22:15:41",NULL
7487,172101,0,"2026-01-13 22:15:41","2026-01-13 22:15:41",NULL
7488,172101,0,"2026-01-13 22:15:41","2026-01-13 22:15:41",NULL
7489,172101,0,"2026-01-13 22:15:41","2026-01-13 22:15:41",NULL
7490,172101,0,"2026-01-13 22:15:41","2026-01-13 22:15:41",NULL
7491,172101,0,"2026-01-13 22:15:41","2026-01-13 22:15:41",NULL
7492,172101,0,"2026-01-13 22:15:41","2026-01-13 22:15:41",NULL
7493,172101,0,"2026-01-13 22:15:41","2026-01-13 22:15:41",NULL
7494,172101,0,"2026-01-13 22:15:41","2026-01-13 22:15:41",NULL
7495,172101,0,"2026-01-13 22:15:41","2026-01-13 22:15:41",NULL
7496,172101,0,"2026-01-13 22:15:41","2026-01-13 22:15:41",NULL
7497,172101,0,"2026-01-13 22:15:41","2026-01-13 22:15:41",NULL
7498,172101,0,"2026-01-13 22:15:41","2026-01-13 22:15:41",NULL
7499,172102,0,"2026-01-13 22:15:41","2026-01-13 22:15:41",NULL
7500,172102,0,"2026-01-13 22:15:41","2026-01-13 22:15:41",NULL
7501,172102,0,"2026-01-13 22:15:41","2026-01-13 22:15:41",NULL
7502,172102,0,"2026-01-13 22:15:41","2026-01-13 22:15:41",NULL
7503,172102,0,"2026-01-13 22:15:41","2026-01-13 22:15:41",NULL
7504,172102,0,"2026-01-13 22:15:41","2026-01-13 22:15:41",NULL
7505,172103,0,"2026-01-13 22:15:41","2026-01-13 22:15:41",NULL
7506,172104,0,"2026-01-13 22:15:41","2026-01-13 22:15:41",NULL
7507,172104,0,"2026-01-13 22:15:41","2026-01-13 22:15:41",NULL
7508,172104,0,"2026-01-13 22:15:41","2026-01-13 22:15:41",NULL
7509,172104,0,"2026-01-13 22:15:41","2026-01-13 22:15:41",NULL
7510,172104,0,"2026-01-13 22:15:41","2026-01-13 22:15:41",NULL
7511,172104,0,"2026-01-13 22:15:41","2026-01-13 22:15:41",NULL
7512,173101,0,"2026-01-13 22:15:41","2026-01-13 22:15:41",NULL
7513,172104,0,"2026-01-13 22:15:41","2026-01-13 22:15:41",NULL
7514,172105,0,"2026-01-13 22:15:41","2026-01-13 22:15:41",NULL
7515,172105,0,"2026-01-13 22:15:41","2026-01-13 22:15:41",NULL
7516,172105,0,"2026-01-13 22:15:41","2026-01-13 22:15:41",NULL
7517,172105,0,"2026-01-13 22:15:41","2026-01-13 22:15:41",NULL
7518,172105,0,"2026-01-13 22:15:42","2026-01-13 22:15:42",NULL
7519,172106,0,"2026-01-13 22:15:42","2026-01-13 22:15:42",NULL
7520,172106,0,"2026-01-13 22:15:42","2026-01-13 22:15:42",NULL
7521,172106,0,"2026-01-13 22:15:42","2026-01-13 22:15:42",NULL
7522,172106,0,"2026-01-13 22:15:42","2026-01-13 22:15:42",NULL
7523,172106,0,"2026-01-13 22:15:42","2026-01-13 22:15:42",NULL
7524,172106,0,"2026-01-13 22:15:42","2026-01-13 22:15:42",NULL
7525,172107,0,"2026-01-13 22:15:42","2026-01-13 22:15:42",NULL
7526,172107,0,"2026-01-13 22:15:42","2026-01-13 22:15:42",NULL
7527,172107,0,"2026-01-13 22:15:42","2026-01-13 22:15:42",NULL
7528,172107,0,"2026-01-13 22:15:42","2026-01-13 22:15:42",NULL
7529,172107,0,"2026-01-13 22:15:42","2026-01-13 22:15:42",NULL
7530,172107,0,"2026-01-13 22:15:42","2026-01-13 22:15:42",NULL
7531,172107,0,"2026-01-13 22:15:42","2026-01-13 22:15:42",NULL
7532,172107,0,"2026-01-13 22:15:42","2026-01-13 22:15:42",NULL
7533,172108,0,"2026-01-13 22:15:42","2026-01-13 22:15:42",NULL
7534,172108,0,"2026-01-13 22:15:42","2026-01-13 22:15:42",NULL
7535,172108,0,"2026-01-13 22:15:42","2026-01-13 22:15:42",NULL
7536,172109,0,"2026-01-13 22:15:42","2026-01-13 22:15:42",NULL
7537,172109,0,"2026-01-13 22:15:42","2026-01-13 22:15:42",NULL
7538,172109,0,"2026-01-13 22:15:42","2026-01-13 22:15:42",NULL
7539,172109,0,"2026-01-13 22:15:42","2026-01-13 22:15:42",NULL
7540,172109,0,"2026-01-13 22:15:42","2026-01-13 22:15:42",NULL
7541,172109,0,"2026-01-13 22:15:42","2026-01-13 22:15:42",NULL
7542,172109,0,"2026-01-13 22:15:42","2026-01-13 22:15:42",NULL
7543,172110,0,"2026-01-13 22:15:42","2026-01-13 22:15:42",NULL
7544,172110,0,"2026-01-13 22:15:42","2026-01-13 22:15:42",NULL
7545,172110,0,"2026-01-13 22:15:42","2026-01-13 22:15:42",NULL
7546,172111,0,"2026-01-13 22:15:42","2026-01-13 22:15:42",NULL
7547,172111,0,"2026-01-13 22:15:42","2026-01-13 22:15:42",NULL
7548,172111,0,"2026-01-13 22:15:42","2026-01-13 22:15:42",NULL
7549,172111,0,"2026-01-13 22:15:42","2026-01-13 22:15:42",NULL
7550,172111,0,"2026-01-13 22:15:42","2026-01-13 22:15:42",NULL
7551,172112,0,"2026-01-13 22:15:42","2026-01-13 22:15:42",NULL
7552,172112,0,"2026-01-13 22:15:42","2026-01-13 22:15:42",NULL
7553,172113,0,"2026-01-13 22:15:42","2026-01-13 22:15:42",NULL
7554,172113,0,"2026-01-13 22:15:42","2026-01-13 22:15:42",NULL
7555,172113,0,"2026-01-13 22:15:42","2026-01-13 22:15:42",NULL
7556,172113,0,"2026-01-13 22:15:42","2026-01-13 22:15:42",NULL
7557,172114,0,"2026-01-13 22:15:42","2026-01-13 22:15:42",NULL
7558,172114,0,"2026-01-13 22:15:42","2026-01-13 22:15:42",NULL
7559,172114,0,"2026-01-13 22:15:42","2026-01-13 22:15:42",NULL
7560,172114,0,"2026-01-13 22:15:42","2026-01-13 22:15:42",NULL
7561,172114,0,"2026-01-13 22:15:42","2026-01-13 22:15:42",NULL
7562,172114,0,"2026-01-13 22:15:42","2026-01-13 22:15:42",NULL
7563,172114,0,"2026-01-13 22:15:42","2026-01-13 22:15:42",NULL
7564,172114,0,"2026-01-13 22:15:42","2026-01-13 22:15:42",NULL
7565,172114,0,"2026-01-13 22:15:42","2026-01-13 22:15:42",NULL
7566,172114,0,"2026-01-13 22:15:42","2026-01-13 22:15:42",NULL
7567,172115,0,"2026-01-13 22:15:42","2026-01-13 22:15:42",NULL
7568,172115,0,"2026-01-13 22:15:42","2026-01-13 22:15:42",NULL
7569,172115,0,"2026-01-13 22:15:42","2026-01-13 22:15:42",NULL
7570,172115,0,"2026-01-13 22:15:42","2026-01-13 22:15:42",NULL
7571,172115,0,"2026-01-13 22:15:42","2026-01-13 22:15:42",NULL
7572,172116,0,"2026-01-13 22:15:42","2026-01-13 22:15:42",NULL
7573,172116,0,"2026-01-13 22:15:42","2026-01-13 22:15:42",NULL
7574,172116,0,"2026-01-13 22:15:42","2026-01-13 22:15:42",NULL
7575,172116,0,"2026-01-13 22:15:42","2026-01-13 22:15:42",NULL
7576,172117,0,"2026-01-13 22:15:42","2026-01-13 22:15:42",NULL
7577,172117,0,"2026-01-13 22:15:42","2026-01-13 22:15:42",NULL
7578,172117,0,"2026-01-13 22:15:42","2026-01-13 22:15:42",NULL
7579,172118,0,"2026-01-13 22:15:42","2026-01-13 22:15:42",NULL
7580,172118,0,"2026-01-13 22:15:42","2026-01-13 22:15:42",NULL
7581,172201,0,"2026-01-13 22:15:42","2026-01-13 22:15:42",NULL
7582,172201,0,"2026-01-13 22:15:42","2026-01-13 22:15:42",NULL
7583,172201,0,"2026-01-13 22:15:42","2026-01-13 22:15:42",NULL
7584,172201,0,"2026-01-13 22:15:42","2026-01-13 22:15:42",NULL
7585,172201,0,"2026-01-13 22:15:42","2026-01-13 22:15:42",NULL
7586,172201,0,"2026-01-13 22:15:42","2026-01-13 22:15:42",NULL
7587,172201,0,"2026-01-13 22:15:42","2026-01-13 22:15:42",NULL
7588,172201,0,"2026-01-13 22:15:42","2026-01-13 22:15:42",NULL
7589,173001,0,"2026-01-13 22:15:42","2026-01-13 22:15:42",NULL
7590,173001,0,"2026-01-13 22:15:42","2026-01-13 22:15:42",NULL
7591,173001,0,"2026-01-13 22:15:42","2026-01-13 22:15:42",NULL
7592,173001,0,"2026-01-13 22:15:42","2026-01-13 22:15:42",NULL
7593,173001,0,"2026-01-13 22:15:42","2026-01-13 22:15:42",NULL
7594,173001,0,"2026-01-13 22:15:42","2026-01-13 22:15:42",NULL
7595,173001,0,"2026-01-13 22:15:42","2026-01-13 22:15:42",NULL
7596,173001,0,"2026-01-13 22:15:42","2026-01-13 22:15:42",NULL
7597,173001,0,"2026-01-13 22:15:42","2026-01-13 22:15:42",NULL
7598,173001,0,"2026-01-13 22:15:42","2026-01-13 22:15:42",NULL
7599,173001,0,"2026-01-13 22:15:42","2026-01-13 22:15:42",NULL
7600,172110,0,"2026-01-13 22:15:42","2026-01-13 22:15:42",NULL
7601,172110,0,"2026-01-13 22:15:42","2026-01-13 22:15:42",NULL
7602,172110,0,"2026-01-13 22:15:42","2026-01-13 22:15:42",NULL
7603,172110,0,"2026-01-13 22:15:42","2026-01-13 22:15:42",NULL
7604,172110,0,"2026-01-13 22:15:42","2026-01-13 22:15:42",NULL
7605,172111,0,"2026-01-13 22:15:42","2026-01-13 22:15:42",NULL
7606,172111,0,"2026-01-13 22:15:42","2026-01-13 22:15:42",NULL
7607,172111,0,"2026-01-13 22:15:42","2026-01-13 22:15:42",NULL
7608,172111,0,"2026-01-13 22:15:42","2026-01-13 22:15:42",NULL
7609,172111,0,"2026-01-13 22:15:42","2026-01-13 22:15:42",NULL
7610,173024,0,"2026-01-13 22:15:42","2026-01-13 22:15:42",NULL
7611,173024,0,"2026-01-13 22:15:42","2026-01-13 22:15:42",NULL
7612,173024,0,"2026-01-13 22:15:42","2026-01-13 22:15:42",NULL
7613,173024,0,"2026-01-13 22:15:42","2026-01-13 22:15:42",NULL
7614,173024,0,"2026-01-13 22:15:42","2026-01-13 22:15:42",NULL
7615,173024,0,"2026-01-13 22:15:42","2026-01-13 22:15:42",NULL
7616,173024,0,"2026-01-13 22:15:42","2026-01-13 22:15:42",NULL
7617,173024,0,"2026-01-13 22:15:42","2026-01-13 22:15:42",NULL
7618,173024,0,"2026-01-13 22:15:42","2026-01-13 22:15:42",NULL
7619,173024,0,"2026-01-13 22:15:42","2026-01-13 22:15:42",NULL
7620,173024,0,"2026-01-13 22:15:42","2026-01-13 22:15:42",NULL
7621,173024,0,"2026-01-13 22:15:42","2026-01-13 22:15:42",NULL
7622,173024,0,"2026-01-13 22:15:42","2026-01-13 22:15:42",NULL
7623,173024,0,"2026-01-13 22:15:42","2026-01-13 22:15:42",NULL
7624,173024,0,"2026-01-13 22:15:42","2026-01-13 22:15:42",NULL
7625,173024,0,"2026-01-13 22:15:42","2026-01-13 22:15:42",NULL
7626,173024,0,"2026-01-13 22:15:42","2026-01-13 22:15:42",NULL
7627,173025,0,"2026-01-13 22:15:42","2026-01-13 22:15:42",NULL
7628,173025,0,"2026-01-13 22:15:42","2026-01-13 22:15:42",NULL
7629,173025,0,"2026-01-13 22:15:42","2026-01-13 22:15:42",NULL
7630,173025,0,"2026-01-13 22:15:42","2026-01-13 22:15:42",NULL
7631,173025,0,"2026-01-13 22:15:42","2026-01-13 22:15:42",NULL
7632,173025,0,"2026-01-13 22:15:42","2026-01-13 22:15:42",NULL
7633,173025,0,"2026-01-13 22:15:42","2026-01-13 22:15:42",NULL
7634,173025,0,"2026-01-13 22:15:42","2026-01-13 22:15:42",NULL
7635,173025,0,"2026-01-13 22:15:42","2026-01-13 22:15:42",NULL
7636,173025,0,"2026-01-13 22:15:42","2026-01-13 22:15:42",NULL
7637,173025,0,"2026-01-13 22:15:42","2026-01-13 22:15:42",NULL
7638,173025,0,"2026-01-13 22:15:42","2026-01-13 22:15:42",NULL
7639,173025,0,"2026-01-13 22:15:42","2026-01-13 22:15:42",NULL
7640,173025,0,"2026-01-13 22:15:42","2026-01-13 22:15:42",NULL
7641,173025,0,"2026-01-13 22:15:42","2026-01-13 22:15:42",NULL
7642,173026,0,"2026-01-13 22:15:42","2026-01-13 22:15:42",NULL
7643,173027,0,"2026-01-13 22:15:42","2026-01-13 22:15:42",NULL
7644,173027,0,"2026-01-13 22:15:42","2026-01-13 22:15:42",NULL
7645,173001,0,"2026-01-13 22:15:42","2026-01-13 22:15:42",NULL
7646,173001,0,"2026-01-13 22:15:42","2026-01-13 22:15:42",NULL
7647,173001,0,"2026-01-13 22:15:42","2026-01-13 22:15:42",NULL
7648,173001,0,"2026-01-13 22:15:42","2026-01-13 22:15:42",NULL
7649,173001,0,"2026-01-13 22:15:42","2026-01-13 22:15:42",NULL
7650,173001,0,"2026-01-13 22:15:42","2026-01-13 22:15:42",NULL
7651,173001,0,"2026-01-13 22:15:42","2026-01-13 22:15:42",NULL
7652,173001,0,"2026-01-13 22:15:42","2026-01-13 22:15:42",NULL
7653,173001,0,"2026-01-13 22:15:42","2026-01-13 22:15:42",NULL
7654,173001,0,"2026-01-13 22:15:42","2026-01-13 22:15:42",NULL
7655,173001,0,"2026-01-13 22:15:42","2026-01-13 22:15:42",NULL
7656,173021,0,"2026-01-13 22:15:42","2026-01-13 22:15:42",NULL
7657,173021,0,"2026-01-13 22:15:42","2026-01-13 22:15:42",NULL
7658,173021,0,"2026-01-13 22:15:42","2026-01-13 22:15:42",NULL
7659,173021,0,"2026-01-13 22:15:42","2026-01-13 22:15:42",NULL
7660,173022,0,"2026-01-13 22:15:42","2026-01-13 22:15:42",NULL
7661,173022,0,"2026-01-13 22:15:42","2026-01-13 22:15:42",NULL
7662,173022,0,"2026-01-13 22:15:42","2026-01-13 22:15:42",NULL
7663,173022,0,"2026-01-13 22:15:42","2026-01-13 22:15:42",NULL
7664,173022,0,"2026-01-13 22:15:42","2026-01-13 22:15:42",NULL
7665,173022,0,"2026-01-13 22:15:42","2026-01-13 22:15:42",NULL
7666,173022,0,"2026-01-13 22:15:42","2026-01-13 22:15:42",NULL
7667,173022,0,"2026-01-13 22:15:42","2026-01-13 22:15:42",NULL
7668,173022,0,"2026-01-13 22:15:42","2026-01-13 22:15:42",NULL
7669,173022,0,"2026-01-13 22:15:42","2026-01-13 22:15:42",NULL
7670,173022,0,"2026-01-13 22:15:42","2026-01-13 22:15:42",NULL
7671,173022,0,"2026-01-13 22:15:42","2026-01-13 22:15:42",NULL
7672,173023,0,"2026-01-13 22:15:42","2026-01-13 22:15:42",NULL
7673,173023,0,"2026-01-13 22:15:42","2026-01-13 22:15:42",NULL
7674,173023,0,"2026-01-13 22:15:42","2026-01-13 22:15:42",NULL
7675,173023,0,"2026-01-13 22:15:42","2026-01-13 22:15:42",NULL
7676,173023,0,"2026-01-13 22:15:42","2026-01-13 22:15:42",NULL
7677,173023,0,"2026-01-13 22:15:42","2026-01-13 22:15:42",NULL
7678,173023,0,"2026-01-13 22:15:42","2026-01-13 22:15:42",NULL
7679,173023,0,"2026-01-13 22:15:42","2026-01-13 22:15:42",NULL
7680,173023,0,"2026-01-13 22:15:42","2026-01-13 22:15:42",NULL
7681,173024,0,"2026-01-13 22:15:42","2026-01-13 22:15:42",NULL
7682,173101,0,"2026-01-13 22:15:42","2026-01-13 22:15:42",NULL
7683,173101,0,"2026-01-13 22:15:42","2026-01-13 22:15:42",NULL
7684,173101,0,"2026-01-13 22:15:42","2026-01-13 22:15:42",NULL
7685,173223,0,"2026-01-13 22:15:42","2026-01-13 22:15:42",NULL
7686,173101,0,"2026-01-13 22:15:42","2026-01-13 22:15:42",NULL
7687,173101,0,"2026-01-13 22:15:42","2026-01-13 22:15:42",NULL
7688,173101,0,"2026-01-13 22:15:42","2026-01-13 22:15:42",NULL
7689,173101,0,"2026-01-13 22:15:42","2026-01-13 22:15:42",NULL
7690,173104,0,"2026-01-13 22:15:42","2026-01-13 22:15:42",NULL
7691,173104,0,"2026-01-13 22:15:42","2026-01-13 22:15:42",NULL
7692,173104,0,"2026-01-13 22:15:42","2026-01-13 22:15:42",NULL
7693,173104,0,"2026-01-13 22:15:42","2026-01-13 22:15:42",NULL
7694,173104,0,"2026-01-13 22:15:42","2026-01-13 22:15:42",NULL
7695,173104,0,"2026-01-13 22:15:42","2026-01-13 22:15:42",NULL
7696,173104,0,"2026-01-13 22:15:42","2026-01-13 22:15:42",NULL
7697,173104,0,"2026-01-13 22:15:42","2026-01-13 22:15:42",NULL
7698,173104,0,"2026-01-13 22:15:42","2026-01-13 22:15:42",NULL
7699,173104,0,"2026-01-13 22:15:42","2026-01-13 22:15:42",NULL
7700,173201,0,"2026-01-13 22:15:42","2026-01-13 22:15:42",NULL
7701,173027,0,"2026-01-13 22:15:42","2026-01-13 22:15:42",NULL
7702,173027,0,"2026-01-13 22:15:42","2026-01-13 22:15:42",NULL
7703,173027,0,"2026-01-13 22:15:42","2026-01-13 22:15:42",NULL
7704,173027,0,"2026-01-13 22:15:42","2026-01-13 22:15:42",NULL
7705,173027,0,"2026-01-13 22:15:42","2026-01-13 22:15:42",NULL
7706,173027,0,"2026-01-13 22:15:42","2026-01-13 22:15:42",NULL
7707,173027,0,"2026-01-13 22:15:42","2026-01-13 22:15:42",NULL
7708,173027,0,"2026-01-13 22:15:42","2026-01-13 22:15:42",NULL
7709,173027,0,"2026-01-13 22:15:42","2026-01-13 22:15:42",NULL
7710,173027,0,"2026-01-13 22:15:42","2026-01-13 22:15:42",NULL
7711,173027,0,"2026-01-13 22:15:42","2026-01-13 22:15:42",NULL
7712,173027,0,"2026-01-13 22:15:42","2026-01-13 22:15:42",NULL
7713,173027,0,"2026-01-13 22:15:42","2026-01-13 22:15:42",NULL
7714,173027,0,"2026-01-13 22:15:42","2026-01-13 22:15:42",NULL
7715,173028,0,"2026-01-13 22:15:42","2026-01-13 22:15:42",NULL
7716,173029,0,"2026-01-13 22:15:42","2026-01-13 22:15:42",NULL
7717,173029,0,"2026-01-13 22:15:42","2026-01-13 22:15:42",NULL
7718,173029,0,"2026-01-13 22:15:42","2026-01-13 22:15:42",NULL
7719,173029,0,"2026-01-13 22:15:42","2026-01-13 22:15:42",NULL
7720,173029,0,"2026-01-13 22:15:42","2026-01-13 22:15:42",NULL
7721,173029,0,"2026-01-13 22:15:42","2026-01-13 22:15:42",NULL
7722,173029,0,"2026-01-13 22:15:42","2026-01-13 22:15:42",NULL
7723,173029,0,"2026-01-13 22:15:42","2026-01-13 22:15:42",NULL
7724,173029,0,"2026-01-13 22:15:42","2026-01-13 22:15:42",NULL
7725,173029,0,"2026-01-13 22:15:42","2026-01-13 22:15:42",NULL
7726,173029,0,"2026-01-13 22:15:42","2026-01-13 22:15:42",NULL
7727,173029,0,"2026-01-13 22:15:42","2026-01-13 22:15:42",NULL
7728,173029,0,"2026-01-13 22:15:42","2026-01-13 22:15:42",NULL
7729,173029,0,"2026-01-13 22:15:42","2026-01-13 22:15:42",NULL
7730,173029,0,"2026-01-13 22:15:42","2026-01-13 22:15:42",NULL
7731,173029,0,"2026-01-13 22:15:42","2026-01-13 22:15:42",NULL
7732,173029,0,"2026-01-13 22:15:42","2026-01-13 22:15:42",NULL
7733,173029,0,"2026-01-13 22:15:42","2026-01-13 22:15:42",NULL
7734,173030,0,"2026-01-13 22:15:42","2026-01-13 22:15:42",NULL
7735,173030,0,"2026-01-13 22:15:42","2026-01-13 22:15:42",NULL
7736,173030,0,"2026-01-13 22:15:42","2026-01-13 22:15:42",NULL
7737,173030,0,"2026-01-13 22:15:42","2026-01-13 22:15:42",NULL
7738,173030,0,"2026-01-13 22:15:42","2026-01-13 22:15:42",NULL
7739,173030,0,"2026-01-13 22:15:42","2026-01-13 22:15:42",NULL
7740,173031,0,"2026-01-13 22:15:42","2026-01-13 22:15:42",NULL
7741,173031,0,"2026-01-13 22:15:42","2026-01-13 22:15:42",NULL
7742,173032,0,"2026-01-13 22:15:42","2026-01-13 22:15:42",NULL
7743,173032,0,"2026-01-13 22:15:42","2026-01-13 22:15:42",NULL
7744,173032,0,"2026-01-13 22:15:42","2026-01-13 22:15:42",NULL
7745,173032,0,"2026-01-13 22:15:42","2026-01-13 22:15:42",NULL
7746,173032,0,"2026-01-13 22:15:42","2026-01-13 22:15:42",NULL
7747,173032,0,"2026-01-13 22:15:42","2026-01-13 22:15:42",NULL
7748,173032,0,"2026-01-13 22:15:42","2026-01-13 22:15:42",NULL
7749,173032,0,"2026-01-13 22:15:42","2026-01-13 22:15:42",NULL
7750,173101,0,"2026-01-13 22:15:42","2026-01-13 22:15:42",NULL
7751,173101,0,"2026-01-13 22:15:42","2026-01-13 22:15:42",NULL
7752,173101,0,"2026-01-13 22:15:42","2026-01-13 22:15:42",NULL
7753,173101,0,"2026-01-13 22:15:42","2026-01-13 22:15:42",NULL
7754,173101,0,"2026-01-13 22:15:42","2026-01-13 22:15:42",NULL
7755,173101,0,"2026-01-13 22:15:42","2026-01-13 22:15:42",NULL
7756,173101,0,"2026-01-13 22:15:42","2026-01-13 22:15:42",NULL
7757,173101,0,"2026-01-13 22:15:42","2026-01-13 22:15:42",NULL
7758,173202,0,"2026-01-13 22:15:42","2026-01-13 22:15:42",NULL
7759,173204,0,"2026-01-13 22:15:42","2026-01-13 22:15:42",NULL
7760,173204,0,"2026-01-13 22:15:42","2026-01-13 22:15:42",NULL
7761,173204,0,"2026-01-13 22:15:42","2026-01-13 22:15:42",NULL
7762,173205,0,"2026-01-13 22:15:42","2026-01-13 22:15:42",NULL
7763,173205,0,"2026-01-13 22:15:42","2026-01-13 22:15:42",NULL
7764,173205,0,"2026-01-13 22:15:42","2026-01-13 22:15:42",NULL
7765,173205,0,"2026-01-13 22:15:42","2026-01-13 22:15:42",NULL
7766,173205,0,"2026-01-13 22:15:42","2026-01-13 22:15:42",NULL
7767,173205,0,"2026-01-13 22:15:42","2026-01-13 22:15:42",NULL
7768,173205,0,"2026-01-13 22:15:42","2026-01-13 22:15:42",NULL
7769,173206,0,"2026-01-13 22:15:42","2026-01-13 22:15:42",NULL
7770,173206,0,"2026-01-13 22:15:42","2026-01-13 22:15:42",NULL
7771,173206,0,"2026-01-13 22:15:42","2026-01-13 22:15:42",NULL
7772,173206,0,"2026-01-13 22:15:42","2026-01-13 22:15:42",NULL
7773,173206,0,"2026-01-13 22:15:42","2026-01-13 22:15:42",NULL
7774,173206,0,"2026-01-13 22:15:42","2026-01-13 22:15:42",NULL
7775,173206,0,"2026-01-13 22:15:42","2026-01-13 22:15:42",NULL
7776,173206,0,"2026-01-13 22:15:42","2026-01-13 22:15:42",NULL
7777,173206,0,"2026-01-13 22:15:42","2026-01-13 22:15:42",NULL
7778,173206,0,"2026-01-13 22:15:42","2026-01-13 22:15:42",NULL
7779,173206,0,"2026-01-13 22:15:42","2026-01-13 22:15:42",NULL
7780,173206,0,"2026-01-13 22:15:42","2026-01-13 22:15:42",NULL
7781,173206,0,"2026-01-13 22:15:42","2026-01-13 22:15:42",NULL
7782,173207,0,"2026-01-13 22:15:42","2026-01-13 22:15:42",NULL
7783,173207,0,"2026-01-13 22:15:42","2026-01-13 22:15:42",NULL
7784,173207,0,"2026-01-13 22:15:42","2026-01-13 22:15:42",NULL
7785,173207,0,"2026-01-13 22:15:42","2026-01-13 22:15:42",NULL
7786,173207,0,"2026-01-13 22:15:42","2026-01-13 22:15:42",NULL
7787,173207,0,"2026-01-13 22:15:42","2026-01-13 22:15:42",NULL
7788,173207,0,"2026-01-13 22:15:42","2026-01-13 22:15:42",NULL
7789,173207,0,"2026-01-13 22:15:42","2026-01-13 22:15:42",NULL
7790,173207,0,"2026-01-13 22:15:42","2026-01-13 22:15:42",NULL
7791,173207,0,"2026-01-13 22:15:42","2026-01-13 22:15:42",NULL
7792,173208,0,"2026-01-13 22:15:42","2026-01-13 22:15:42",NULL
7793,173208,0,"2026-01-13 22:15:42","2026-01-13 22:15:42",NULL
7794,173208,0,"2026-01-13 22:15:42","2026-01-13 22:15:42",NULL
7795,173208,0,"2026-01-13 22:15:42","2026-01-13 22:15:42",NULL
7796,173208,0,"2026-01-13 22:15:42","2026-01-13 22:15:42",NULL
7797,173208,0,"2026-01-13 22:15:42","2026-01-13 22:15:42",NULL
7798,173208,0,"2026-01-13 22:15:42","2026-01-13 22:15:42",NULL
7799,173208,0,"2026-01-13 22:15:42","2026-01-13 22:15:42",NULL
7800,173208,0,"2026-01-13 22:15:42","2026-01-13 22:15:42",NULL
7801,173209,0,"2026-01-13 22:15:42","2026-01-13 22:15:42",NULL
7802,173209,0,"2026-01-13 22:15:42","2026-01-13 22:15:42",NULL
7803,173209,0,"2026-01-13 22:15:42","2026-01-13 22:15:42",NULL
7804,173209,0,"2026-01-13 22:15:42","2026-01-13 22:15:42",NULL
7805,173209,0,"2026-01-13 22:15:42","2026-01-13 22:15:42",NULL
7806,173209,0,"2026-01-13 22:15:42","2026-01-13 22:15:42",NULL
7807,173210,0,"2026-01-13 22:15:42","2026-01-13 22:15:42",NULL
7808,173211,0,"2026-01-13 22:15:42","2026-01-13 22:15:42",NULL
7809,173211,0,"2026-01-13 22:15:42","2026-01-13 22:15:42",NULL
7810,173211,0,"2026-01-13 22:15:42","2026-01-13 22:15:42",NULL
7811,173211,0,"2026-01-13 22:15:42","2026-01-13 22:15:42",NULL
7812,173212,0,"2026-01-13 22:15:42","2026-01-13 22:15:42",NULL
7813,173212,0,"2026-01-13 22:15:42","2026-01-13 22:15:42",NULL
7814,173212,0,"2026-01-13 22:15:42","2026-01-13 22:15:42",NULL
7815,173212,0,"2026-01-13 22:15:42","2026-01-13 22:15:42",NULL
7816,173212,0,"2026-01-13 22:15:42","2026-01-13 22:15:42",NULL
7817,173212,0,"2026-01-13 22:15:42","2026-01-13 22:15:42",NULL
7818,173212,0,"2026-01-13 22:15:42","2026-01-13 22:15:42",NULL
7819,173212,0,"2026-01-13 22:15:42","2026-01-13 22:15:42",NULL
7820,173213,0,"2026-01-13 22:15:42","2026-01-13 22:15:42",NULL
7821,173213,0,"2026-01-13 22:15:42","2026-01-13 22:15:42",NULL
7822,173213,0,"2026-01-13 22:15:42","2026-01-13 22:15:42",NULL
7823,173214,0,"2026-01-13 22:15:42","2026-01-13 22:15:42",NULL
7824,173214,0,"2026-01-13 22:15:42","2026-01-13 22:15:42",NULL
7825,173214,0,"2026-01-13 22:15:42","2026-01-13 22:15:42",NULL
7826,173215,0,"2026-01-13 22:15:42","2026-01-13 22:15:42",NULL
7827,173215,0,"2026-01-13 22:15:42","2026-01-13 22:15:42",NULL
7828,173215,0,"2026-01-13 22:15:42","2026-01-13 22:15:42",NULL
7829,173215,0,"2026-01-13 22:15:42","2026-01-13 22:15:42",NULL
7830,173215,0,"2026-01-13 22:15:42","2026-01-13 22:15:42",NULL
7831,173217,0,"2026-01-13 22:15:42","2026-01-13 22:15:42",NULL
7832,173217,0,"2026-01-13 22:15:42","2026-01-13 22:15:42",NULL
7833,173217,0,"2026-01-13 22:15:42","2026-01-13 22:15:42",NULL
7834,173217,0,"2026-01-13 22:15:42","2026-01-13 22:15:42",NULL
7835,173217,0,"2026-01-13 22:15:42","2026-01-13 22:15:42",NULL
7836,173217,0,"2026-01-13 22:15:42","2026-01-13 22:15:42",NULL
7837,173217,0,"2026-01-13 22:15:42","2026-01-13 22:15:42",NULL
7838,173217,0,"2026-01-13 22:15:42","2026-01-13 22:15:42",NULL
7839,173217,0,"2026-01-13 22:15:42","2026-01-13 22:15:42",NULL
7840,173218,0,"2026-01-13 22:15:42","2026-01-13 22:15:42",NULL
7841,173218,0,"2026-01-13 22:15:42","2026-01-13 22:15:42",NULL
7842,173218,0,"2026-01-13 22:15:42","2026-01-13 22:15:42",NULL
7843,173218,0,"2026-01-13 22:15:42","2026-01-13 22:15:42",NULL
7844,173218,0,"2026-01-13 22:15:42","2026-01-13 22:15:42",NULL
7845,173218,0,"2026-01-13 22:15:42","2026-01-13 22:15:42",NULL
7846,173220,0,"2026-01-13 22:15:42","2026-01-13 22:15:42",NULL
7847,173220,0,"2026-01-13 22:15:42","2026-01-13 22:15:42",NULL
7848,173220,0,"2026-01-13 22:15:42","2026-01-13 22:15:42",NULL
7849,173220,0,"2026-01-13 22:15:42","2026-01-13 22:15:42",NULL
7850,173220,0,"2026-01-13 22:15:42","2026-01-13 22:15:42",NULL
7851,173220,0,"2026-01-13 22:15:42","2026-01-13 22:15:42",NULL
7852,173221,0,"2026-01-13 22:15:42","2026-01-13 22:15:42",NULL
7853,173221,0,"2026-01-13 22:15:42","2026-01-13 22:15:42",NULL
7854,173221,0,"2026-01-13 22:15:42","2026-01-13 22:15:42",NULL
7855,173221,0,"2026-01-13 22:15:42","2026-01-13 22:15:42",NULL
7856,173221,0,"2026-01-13 22:15:42","2026-01-13 22:15:42",NULL
7857,173221,0,"2026-01-13 22:15:42","2026-01-13 22:15:42",NULL
7858,173221,0,"2026-01-13 22:15:42","2026-01-13 22:15:42",NULL
7859,173221,0,"2026-01-13 22:15:42","2026-01-13 22:15:42",NULL
7860,173222,0,"2026-01-13 22:15:42","2026-01-13 22:15:42",NULL
7861,174029,0,"2026-01-13 22:15:42","2026-01-13 22:15:42",NULL
7862,173223,0,"2026-01-13 22:15:42","2026-01-13 22:15:42",NULL
7863,173223,0,"2026-01-13 22:15:42","2026-01-13 22:15:42",NULL
7864,173223,0,"2026-01-13 22:15:42","2026-01-13 22:15:42",NULL
7865,173223,0,"2026-01-13 22:15:42","2026-01-13 22:15:42",NULL
7866,173223,0,"2026-01-13 22:15:42","2026-01-13 22:15:42",NULL
7867,173223,0,"2026-01-13 22:15:42","2026-01-13 22:15:42",NULL
7868,173223,0,"2026-01-13 22:15:42","2026-01-13 22:15:42",NULL
7869,173223,0,"2026-01-13 22:15:42","2026-01-13 22:15:42",NULL
7870,173225,0,"2026-01-13 22:15:42","2026-01-13 22:15:42",NULL
7871,173225,0,"2026-01-13 22:15:42","2026-01-13 22:15:42",NULL
7872,173225,0,"2026-01-13 22:15:42","2026-01-13 22:15:42",NULL
7873,173229,0,"2026-01-13 22:15:42","2026-01-13 22:15:42",NULL
7874,173229,0,"2026-01-13 22:15:42","2026-01-13 22:15:42",NULL
7875,173229,0,"2026-01-13 22:15:42","2026-01-13 22:15:42",NULL
7876,173229,0,"2026-01-13 22:15:42","2026-01-13 22:15:42",NULL
7877,173229,0,"2026-01-13 22:15:42","2026-01-13 22:15:42",NULL
7878,173229,0,"2026-01-13 22:15:42","2026-01-13 22:15:42",NULL
7879,173229,0,"2026-01-13 22:15:42","2026-01-13 22:15:42",NULL
7880,173229,0,"2026-01-13 22:15:42","2026-01-13 22:15:42",NULL
7881,173229,0,"2026-01-13 22:15:42","2026-01-13 22:15:42",NULL
7882,173230,0,"2026-01-13 22:15:42","2026-01-13 22:15:42",NULL
7883,173233,0,"2026-01-13 22:15:42","2026-01-13 22:15:42",NULL
7884,173233,0,"2026-01-13 22:15:42","2026-01-13 22:15:42",NULL
7885,173233,0,"2026-01-13 22:15:42","2026-01-13 22:15:42",NULL
7886,173233,0,"2026-01-13 22:15:42","2026-01-13 22:15:42",NULL
7887,173233,0,"2026-01-13 22:15:42","2026-01-13 22:15:42",NULL
7888,173234,0,"2026-01-13 22:15:42","2026-01-13 22:15:42",NULL
7889,173234,0,"2026-01-13 22:15:42","2026-01-13 22:15:42",NULL
7890,173234,0,"2026-01-13 22:15:42","2026-01-13 22:15:42",NULL
7891,173234,0,"2026-01-13 22:15:42","2026-01-13 22:15:42",NULL
7892,173234,0,"2026-01-13 22:15:42","2026-01-13 22:15:42",NULL
7893,173234,0,"2026-01-13 22:15:42","2026-01-13 22:15:42",NULL
7894,173234,0,"2026-01-13 22:15:42","2026-01-13 22:15:42",NULL
7895,173235,0,"2026-01-13 22:15:42","2026-01-13 22:15:42",NULL
7896,173235,0,"2026-01-13 22:15:42","2026-01-13 22:15:42",NULL
7897,173235,0,"2026-01-13 22:15:42","2026-01-13 22:15:42",NULL
7898,173235,0,"2026-01-13 22:15:42","2026-01-13 22:15:42",NULL
7899,173235,0,"2026-01-13 22:15:42","2026-01-13 22:15:42",NULL
7900,174001,0,"2026-01-13 22:15:42","2026-01-13 22:15:42",NULL
7901,174001,0,"2026-01-13 22:15:42","2026-01-13 22:15:42",NULL
7902,174001,0,"2026-01-13 22:15:42","2026-01-13 22:15:42",NULL
7903,174001,0,"2026-01-13 22:15:42","2026-01-13 22:15:42",NULL
7904,174001,0,"2026-01-13 22:15:42","2026-01-13 22:15:42",NULL
7905,174001,0,"2026-01-13 22:15:42","2026-01-13 22:15:42",NULL
7906,174003,0,"2026-01-13 22:15:42","2026-01-13 22:15:42",NULL
7907,174003,0,"2026-01-13 22:15:42","2026-01-13 22:15:42",NULL
7908,174003,0,"2026-01-13 22:15:42","2026-01-13 22:15:42",NULL
7909,174003,0,"2026-01-13 22:15:42","2026-01-13 22:15:42",NULL
7910,174004,0,"2026-01-13 22:15:42","2026-01-13 22:15:42",NULL
7911,174004,0,"2026-01-13 22:15:42","2026-01-13 22:15:42",NULL
7912,174004,0,"2026-01-13 22:15:42","2026-01-13 22:15:42",NULL
7913,174004,0,"2026-01-13 22:15:42","2026-01-13 22:15:42",NULL
7914,174004,0,"2026-01-13 22:15:42","2026-01-13 22:15:42",NULL
7915,174004,0,"2026-01-13 22:15:42","2026-01-13 22:15:42",NULL
7916,174005,0,"2026-01-13 22:15:42","2026-01-13 22:15:42",NULL
7917,174011,0,"2026-01-13 22:15:42","2026-01-13 22:15:42",NULL
7918,174011,0,"2026-01-13 22:15:42","2026-01-13 22:15:42",NULL
7919,174011,0,"2026-01-13 22:15:42","2026-01-13 22:15:42",NULL
7920,174011,0,"2026-01-13 22:15:42","2026-01-13 22:15:42",NULL
7921,174011,0,"2026-01-13 22:15:42","2026-01-13 22:15:42",NULL
7922,174012,0,"2026-01-13 22:15:42","2026-01-13 22:15:42",NULL
7923,174012,0,"2026-01-13 22:15:42","2026-01-13 22:15:42",NULL
7924,174012,0,"2026-01-13 22:15:42","2026-01-13 22:15:42",NULL
7925,174013,0,"2026-01-13 22:15:42","2026-01-13 22:15:42",NULL
7926,174013,0,"2026-01-13 22:15:42","2026-01-13 22:15:42",NULL
7927,174013,0,"2026-01-13 22:15:42","2026-01-13 22:15:42",NULL
7928,174013,0,"2026-01-13 22:15:42","2026-01-13 22:15:42",NULL
7929,174015,0,"2026-01-13 22:15:42","2026-01-13 22:15:42",NULL
7930,174015,0,"2026-01-13 22:15:42","2026-01-13 22:15:42",NULL
7931,174017,0,"2026-01-13 22:15:42","2026-01-13 22:15:42",NULL
7932,174017,0,"2026-01-13 22:15:42","2026-01-13 22:15:42",NULL
7933,174017,0,"2026-01-13 22:15:42","2026-01-13 22:15:42",NULL
7934,174017,0,"2026-01-13 22:15:42","2026-01-13 22:15:42",NULL
7935,174017,0,"2026-01-13 22:15:42","2026-01-13 22:15:42",NULL
7936,174021,0,"2026-01-13 22:15:42","2026-01-13 22:15:42",NULL
7937,174021,0,"2026-01-13 22:15:43","2026-01-13 22:15:43",NULL
7938,174021,0,"2026-01-13 22:15:43","2026-01-13 22:15:43",NULL
7939,174021,0,"2026-01-13 22:15:43","2026-01-13 22:15:43",NULL
7940,174021,0,"2026-01-13 22:15:43","2026-01-13 22:15:43",NULL
7941,174021,0,"2026-01-13 22:15:43","2026-01-13 22:15:43",NULL
7942,174021,0,"2026-01-13 22:15:43","2026-01-13 22:15:43",NULL
7943,174021,0,"2026-01-13 22:15:43","2026-01-13 22:15:43",NULL
7944,174021,0,"2026-01-13 22:15:43","2026-01-13 22:15:43",NULL
7945,174021,0,"2026-01-13 22:15:43","2026-01-13 22:15:43",NULL
7946,174023,0,"2026-01-13 22:15:43","2026-01-13 22:15:43",NULL
7947,174023,0,"2026-01-13 22:15:43","2026-01-13 22:15:43",NULL
7948,174024,0,"2026-01-13 22:15:43","2026-01-13 22:15:43",NULL
7949,174026,0,"2026-01-13 22:15:43","2026-01-13 22:15:43",NULL
7950,174026,0,"2026-01-13 22:15:43","2026-01-13 22:15:43",NULL
7951,174026,0,"2026-01-13 22:15:43","2026-01-13 22:15:43",NULL
7952,174026,0,"2026-01-13 22:15:43","2026-01-13 22:15:43",NULL
7953,174026,0,"2026-01-13 22:15:43","2026-01-13 22:15:43",NULL
7954,174026,0,"2026-01-13 22:15:43","2026-01-13 22:15:43",NULL
7955,174026,0,"2026-01-13 22:15:43","2026-01-13 22:15:43",NULL
7956,174026,0,"2026-01-13 22:15:43","2026-01-13 22:15:43",NULL
7957,174001,0,"2026-01-13 22:15:43","2026-01-13 22:15:43",NULL
7958,174001,0,"2026-01-13 22:15:43","2026-01-13 22:15:43",NULL
7959,174001,0,"2026-01-13 22:15:43","2026-01-13 22:15:43",NULL
7960,174001,0,"2026-01-13 22:15:43","2026-01-13 22:15:43",NULL
7961,174001,0,"2026-01-13 22:15:43","2026-01-13 22:15:43",NULL
7962,174001,0,"2026-01-13 22:15:43","2026-01-13 22:15:43",NULL
7963,174001,0,"2026-01-13 22:15:43","2026-01-13 22:15:43",NULL
7964,174001,0,"2026-01-13 22:15:43","2026-01-13 22:15:43",NULL
7965,174001,0,"2026-01-13 22:15:43","2026-01-13 22:15:43",NULL
7966,174001,0,"2026-01-13 22:15:43","2026-01-13 22:15:43",NULL
7967,174001,0,"2026-01-13 22:15:43","2026-01-13 22:15:43",NULL
7968,174001,0,"2026-01-13 22:15:43","2026-01-13 22:15:43",NULL
7969,174001,0,"2026-01-13 22:15:43","2026-01-13 22:15:43",NULL
7970,174001,0,"2026-01-13 22:15:43","2026-01-13 22:15:43",NULL
7971,174001,0,"2026-01-13 22:15:43","2026-01-13 22:15:43",NULL
7972,174001,0,"2026-01-13 22:15:43","2026-01-13 22:15:43",NULL
7973,174002,0,"2026-01-13 22:15:43","2026-01-13 22:15:43",NULL
7974,174002,0,"2026-01-13 22:15:43","2026-01-13 22:15:43",NULL
7975,174002,0,"2026-01-13 22:15:43","2026-01-13 22:15:43",NULL
7976,174002,0,"2026-01-13 22:15:43","2026-01-13 22:15:43",NULL
7977,174003,0,"2026-01-13 22:15:43","2026-01-13 22:15:43",NULL
7978,174003,0,"2026-01-13 22:15:43","2026-01-13 22:15:43",NULL
7979,174033,0,"2026-01-13 22:15:43","2026-01-13 22:15:43",NULL
7980,174033,0,"2026-01-13 22:15:43","2026-01-13 22:15:43",NULL
7981,174034,0,"2026-01-13 22:15:43","2026-01-13 22:15:43",NULL
7982,174034,0,"2026-01-13 22:15:43","2026-01-13 22:15:43",NULL
7983,174034,0,"2026-01-13 22:15:43","2026-01-13 22:15:43",NULL
7984,174034,0,"2026-01-13 22:15:43","2026-01-13 22:15:43",NULL
7985,174034,0,"2026-01-13 22:15:43","2026-01-13 22:15:43",NULL
7986,174035,0,"2026-01-13 22:15:43","2026-01-13 22:15:43",NULL
7987,174035,0,"2026-01-13 22:15:43","2026-01-13 22:15:43",NULL
7988,174035,0,"2026-01-13 22:15:43","2026-01-13 22:15:43",NULL
7989,174036,0,"2026-01-13 22:15:43","2026-01-13 22:15:43",NULL
7990,174101,0,"2026-01-13 22:15:43","2026-01-13 22:15:43",NULL
7991,174101,0,"2026-01-13 22:15:43","2026-01-13 22:15:43",NULL
7992,174101,0,"2026-01-13 22:15:43","2026-01-13 22:15:43",NULL
7993,174101,0,"2026-01-13 22:15:43","2026-01-13 22:15:43",NULL
7994,174101,0,"2026-01-13 22:15:43","2026-01-13 22:15:43",NULL
7995,174101,0,"2026-01-13 22:15:43","2026-01-13 22:15:43",NULL
7996,174101,0,"2026-01-13 22:15:43","2026-01-13 22:15:43",NULL
7997,174101,0,"2026-01-13 22:15:43","2026-01-13 22:15:43",NULL
7998,174101,0,"2026-01-13 22:15:43","2026-01-13 22:15:43",NULL
7999,174101,0,"2026-01-13 22:15:43","2026-01-13 22:15:43",NULL
8000,174101,0,"2026-01-13 22:15:43","2026-01-13 22:15:43",NULL
8001,174101,0,"2026-01-13 22:15:43","2026-01-13 22:15:43",NULL
8002,174101,0,"2026-01-13 22:15:43","2026-01-13 22:15:43",NULL
8003,174101,0,"2026-01-13 22:15:43","2026-01-13 22:15:43",NULL
8004,174101,0,"2026-01-13 22:15:43","2026-01-13 22:15:43",NULL
8005,174101,0,"2026-01-13 22:15:43","2026-01-13 22:15:43",NULL
8006,174026,0,"2026-01-13 22:15:43","2026-01-13 22:15:43",NULL
8007,174027,0,"2026-01-13 22:15:43","2026-01-13 22:15:43",NULL
8008,174027,0,"2026-01-13 22:15:43","2026-01-13 22:15:43",NULL
8009,174027,0,"2026-01-13 22:15:43","2026-01-13 22:15:43",NULL
8010,174027,0,"2026-01-13 22:15:43","2026-01-13 22:15:43",NULL
8011,174027,0,"2026-01-13 22:15:43","2026-01-13 22:15:43",NULL
8012,174027,0,"2026-01-13 22:15:43","2026-01-13 22:15:43",NULL
8013,174027,0,"2026-01-13 22:15:43","2026-01-13 22:15:43",NULL
8014,174027,0,"2026-01-13 22:15:43","2026-01-13 22:15:43",NULL
8015,174028,0,"2026-01-13 22:15:43","2026-01-13 22:15:43",NULL
8016,174028,0,"2026-01-13 22:15:43","2026-01-13 22:15:43",NULL
8017,174028,0,"2026-01-13 22:15:43","2026-01-13 22:15:43",NULL
8018,174028,0,"2026-01-13 22:15:43","2026-01-13 22:15:43",NULL
8019,174028,0,"2026-01-13 22:15:43","2026-01-13 22:15:43",NULL
8020,174028,0,"2026-01-13 22:15:43","2026-01-13 22:15:43",NULL
8021,174029,0,"2026-01-13 22:15:43","2026-01-13 22:15:43",NULL
8022,174029,0,"2026-01-13 22:15:43","2026-01-13 22:15:43",NULL
8023,174029,0,"2026-01-13 22:15:43","2026-01-13 22:15:43",NULL
8024,174029,0,"2026-01-13 22:15:43","2026-01-13 22:15:43",NULL
8025,174029,0,"2026-01-13 22:15:43","2026-01-13 22:15:43",NULL
8026,174029,0,"2026-01-13 22:15:43","2026-01-13 22:15:43",NULL
8027,174029,0,"2026-01-13 22:15:43","2026-01-13 22:15:43",NULL
8028,174029,0,"2026-01-13 22:15:43","2026-01-13 22:15:43",NULL
8029,174029,0,"2026-01-13 22:15:43","2026-01-13 22:15:43",NULL
8030,174029,0,"2026-01-13 22:15:43","2026-01-13 22:15:43",NULL
8031,175001,0,"2026-01-13 22:15:43","2026-01-13 22:15:43",NULL
8032,174029,0,"2026-01-13 22:15:43","2026-01-13 22:15:43",NULL
8033,174030,0,"2026-01-13 22:15:43","2026-01-13 22:15:43",NULL
8034,174030,0,"2026-01-13 22:15:43","2026-01-13 22:15:43",NULL
8035,174030,0,"2026-01-13 22:15:43","2026-01-13 22:15:43",NULL
8036,174030,0,"2026-01-13 22:15:43","2026-01-13 22:15:43",NULL
8037,174030,0,"2026-01-13 22:15:43","2026-01-13 22:15:43",NULL
8038,174030,0,"2026-01-13 22:15:43","2026-01-13 22:15:43",NULL
8039,174030,0,"2026-01-13 22:15:43","2026-01-13 22:15:43",NULL
8040,174030,0,"2026-01-13 22:15:43","2026-01-13 22:15:43",NULL
8041,174031,0,"2026-01-13 22:15:43","2026-01-13 22:15:43",NULL
8042,174031,0,"2026-01-13 22:15:43","2026-01-13 22:15:43",NULL
8043,174031,0,"2026-01-13 22:15:43","2026-01-13 22:15:43",NULL
8044,174031,0,"2026-01-13 22:15:43","2026-01-13 22:15:43",NULL
8045,174032,0,"2026-01-13 22:15:43","2026-01-13 22:15:43",NULL
8046,174032,0,"2026-01-13 22:15:43","2026-01-13 22:15:43",NULL
8047,174032,0,"2026-01-13 22:15:43","2026-01-13 22:15:43",NULL
8048,174032,0,"2026-01-13 22:15:43","2026-01-13 22:15:43",NULL
8049,174033,0,"2026-01-13 22:15:43","2026-01-13 22:15:43",NULL
8050,174033,0,"2026-01-13 22:15:43","2026-01-13 22:15:43",NULL
8051,174101,0,"2026-01-13 22:15:43","2026-01-13 22:15:43",NULL
8052,174101,0,"2026-01-13 22:15:43","2026-01-13 22:15:43",NULL
8053,174101,0,"2026-01-13 22:15:43","2026-01-13 22:15:43",NULL
8054,174101,0,"2026-01-13 22:15:43","2026-01-13 22:15:43",NULL
8055,174101,0,"2026-01-13 22:15:43","2026-01-13 22:15:43",NULL
8056,174101,0,"2026-01-13 22:15:43","2026-01-13 22:15:43",NULL
8057,174101,0,"2026-01-13 22:15:43","2026-01-13 22:15:43",NULL
8058,174102,0,"2026-01-13 22:15:43","2026-01-13 22:15:43",NULL
8059,174102,0,"2026-01-13 22:15:43","2026-01-13 22:15:43",NULL
8060,174102,0,"2026-01-13 22:15:43","2026-01-13 22:15:43",NULL
8061,174102,0,"2026-01-13 22:15:43","2026-01-13 22:15:43",NULL
8062,174102,0,"2026-01-13 22:15:43","2026-01-13 22:15:43",NULL
8063,174102,0,"2026-01-13 22:15:43","2026-01-13 22:15:43",NULL
8064,174102,0,"2026-01-13 22:15:43","2026-01-13 22:15:43",NULL
8065,174102,0,"2026-01-13 22:15:43","2026-01-13 22:15:43",NULL
8066,174102,0,"2026-01-13 22:15:43","2026-01-13 22:15:43",NULL
8067,174102,0,"2026-01-13 22:15:43","2026-01-13 22:15:43",NULL
8068,174102,0,"2026-01-13 22:15:43","2026-01-13 22:15:43",NULL
8069,174102,0,"2026-01-13 22:15:43","2026-01-13 22:15:43",NULL
8070,174102,0,"2026-01-13 22:15:43","2026-01-13 22:15:43",NULL
8071,174102,0,"2026-01-13 22:15:43","2026-01-13 22:15:43",NULL
8072,174102,0,"2026-01-13 22:15:43","2026-01-13 22:15:43",NULL
8073,174102,0,"2026-01-13 22:15:43","2026-01-13 22:15:43",NULL
8074,174102,0,"2026-01-13 22:15:43","2026-01-13 22:15:43",NULL
8075,174102,0,"2026-01-13 22:15:43","2026-01-13 22:15:43",NULL
8076,174103,0,"2026-01-13 22:15:43","2026-01-13 22:15:43",NULL
8077,174103,0,"2026-01-13 22:15:43","2026-01-13 22:15:43",NULL
8078,174103,0,"2026-01-13 22:15:43","2026-01-13 22:15:43",NULL
8079,174201,0,"2026-01-13 22:15:43","2026-01-13 22:15:43",NULL
8080,174201,0,"2026-01-13 22:15:43","2026-01-13 22:15:43",NULL
8081,174201,0,"2026-01-13 22:15:43","2026-01-13 22:15:43",NULL
8082,174201,0,"2026-01-13 22:15:43","2026-01-13 22:15:43",NULL
8083,174201,0,"2026-01-13 22:15:43","2026-01-13 22:15:43",NULL
8084,174201,0,"2026-01-13 22:15:43","2026-01-13 22:15:43",NULL
8085,174201,0,"2026-01-13 22:15:43","2026-01-13 22:15:43",NULL
8086,174301,0,"2026-01-13 22:15:43","2026-01-13 22:15:43",NULL
8087,174301,0,"2026-01-13 22:15:43","2026-01-13 22:15:43",NULL
8088,174301,0,"2026-01-13 22:15:43","2026-01-13 22:15:43",NULL
8089,174301,0,"2026-01-13 22:15:43","2026-01-13 22:15:43",NULL
8090,174301,0,"2026-01-13 22:15:43","2026-01-13 22:15:43",NULL
8091,174301,0,"2026-01-13 22:15:43","2026-01-13 22:15:43",NULL
8092,174301,0,"2026-01-13 22:15:43","2026-01-13 22:15:43",NULL
8093,174301,0,"2026-01-13 22:15:43","2026-01-13 22:15:43",NULL
8094,174301,0,"2026-01-13 22:15:43","2026-01-13 22:15:43",NULL
8095,174301,0,"2026-01-13 22:15:43","2026-01-13 22:15:43",NULL
8096,174302,0,"2026-01-13 22:15:43","2026-01-13 22:15:43",NULL
8097,174302,0,"2026-01-13 22:15:43","2026-01-13 22:15:43",NULL
8098,174302,0,"2026-01-13 22:15:43","2026-01-13 22:15:43",NULL
8099,174302,0,"2026-01-13 22:15:43","2026-01-13 22:15:43",NULL
8100,174303,0,"2026-01-13 22:15:43","2026-01-13 22:15:43",NULL
8101,174303,0,"2026-01-13 22:15:43","2026-01-13 22:15:43",NULL
8102,174303,0,"2026-01-13 22:15:43","2026-01-13 22:15:43",NULL
8103,174303,0,"2026-01-13 22:15:43","2026-01-13 22:15:43",NULL
8104,174303,0,"2026-01-13 22:15:43","2026-01-13 22:15:43",NULL
8105,174303,0,"2026-01-13 22:15:43","2026-01-13 22:15:43",NULL
8106,174303,0,"2026-01-13 22:15:43","2026-01-13 22:15:43",NULL
8107,174303,0,"2026-01-13 22:15:43","2026-01-13 22:15:43",NULL
8108,174303,0,"2026-01-13 22:15:43","2026-01-13 22:15:43",NULL
8109,174303,0,"2026-01-13 22:15:43","2026-01-13 22:15:43",NULL
8110,174303,0,"2026-01-13 22:15:43","2026-01-13 22:15:43",NULL
8111,174303,0,"2026-01-13 22:15:43","2026-01-13 22:15:43",NULL
8112,174303,0,"2026-01-13 22:15:43","2026-01-13 22:15:43",NULL
8113,174303,0,"2026-01-13 22:15:43","2026-01-13 22:15:43",NULL
8114,174303,0,"2026-01-13 22:15:43","2026-01-13 22:15:43",NULL
8115,174303,0,"2026-01-13 22:15:43","2026-01-13 22:15:43",NULL
8116,174303,0,"2026-01-13 22:15:43","2026-01-13 22:15:43",NULL
8117,174303,0,"2026-01-13 22:15:43","2026-01-13 22:15:43",NULL
8118,174303,0,"2026-01-13 22:15:43","2026-01-13 22:15:43",NULL
8119,174303,0,"2026-01-13 22:15:43","2026-01-13 22:15:43",NULL
8120,174303,0,"2026-01-13 22:15:43","2026-01-13 22:15:43",NULL
8121,174303,0,"2026-01-13 22:15:43","2026-01-13 22:15:43",NULL
8122,174303,0,"2026-01-13 22:15:43","2026-01-13 22:15:43",NULL
8123,174303,0,"2026-01-13 22:15:43","2026-01-13 22:15:43",NULL
8124,174304,0,"2026-01-13 22:15:43","2026-01-13 22:15:43",NULL
8125,174304,0,"2026-01-13 22:15:43","2026-01-13 22:15:43",NULL
8126,174304,0,"2026-01-13 22:15:43","2026-01-13 22:15:43",NULL
8127,174305,0,"2026-01-13 22:15:43","2026-01-13 22:15:43",NULL
8128,174305,0,"2026-01-13 22:15:43","2026-01-13 22:15:43",NULL
8129,174305,0,"2026-01-13 22:15:43","2026-01-13 22:15:43",NULL
8130,174305,0,"2026-01-13 22:15:43","2026-01-13 22:15:43",NULL
8131,174305,0,"2026-01-13 22:15:43","2026-01-13 22:15:43",NULL
8132,174305,0,"2026-01-13 22:15:43","2026-01-13 22:15:43",NULL
8133,174305,0,"2026-01-13 22:15:43","2026-01-13 22:15:43",NULL
8134,174306,0,"2026-01-13 22:15:43","2026-01-13 22:15:43",NULL
8135,174306,0,"2026-01-13 22:15:43","2026-01-13 22:15:43",NULL
8136,174306,0,"2026-01-13 22:15:43","2026-01-13 22:15:43",NULL
8137,174306,0,"2026-01-13 22:15:43","2026-01-13 22:15:43",NULL
8138,174306,0,"2026-01-13 22:15:43","2026-01-13 22:15:43",NULL
8139,174307,0,"2026-01-13 22:15:43","2026-01-13 22:15:43",NULL
8140,174307,0,"2026-01-13 22:15:43","2026-01-13 22:15:43",NULL
8141,174307,0,"2026-01-13 22:15:43","2026-01-13 22:15:43",NULL
8142,174307,0,"2026-01-13 22:15:43","2026-01-13 22:15:43",NULL
8143,174307,0,"2026-01-13 22:15:43","2026-01-13 22:15:43",NULL
8144,174307,0,"2026-01-13 22:15:43","2026-01-13 22:15:43",NULL
8145,174307,0,"2026-01-13 22:15:43","2026-01-13 22:15:43",NULL
8146,174307,0,"2026-01-13 22:15:43","2026-01-13 22:15:43",NULL
8147,174307,0,"2026-01-13 22:15:43","2026-01-13 22:15:43",NULL
8148,174307,0,"2026-01-13 22:15:43","2026-01-13 22:15:43",NULL
8149,174308,0,"2026-01-13 22:15:43","2026-01-13 22:15:43",NULL
8150,174308,0,"2026-01-13 22:15:43","2026-01-13 22:15:43",NULL
8151,174308,0,"2026-01-13 22:15:43","2026-01-13 22:15:43",NULL
8152,174308,0,"2026-01-13 22:15:43","2026-01-13 22:15:43",NULL
8153,174308,0,"2026-01-13 22:15:43","2026-01-13 22:15:43",NULL
8154,174308,0,"2026-01-13 22:15:43","2026-01-13 22:15:43",NULL
8155,174308,0,"2026-01-13 22:15:43","2026-01-13 22:15:43",NULL
8156,174309,0,"2026-01-13 22:15:43","2026-01-13 22:15:43",NULL
8157,174309,0,"2026-01-13 22:15:43","2026-01-13 22:15:43",NULL
8158,174310,0,"2026-01-13 22:15:43","2026-01-13 22:15:43",NULL
8159,174310,0,"2026-01-13 22:15:43","2026-01-13 22:15:43",NULL
8160,174310,0,"2026-01-13 22:15:43","2026-01-13 22:15:43",NULL
8161,174310,0,"2026-01-13 22:15:43","2026-01-13 22:15:43",NULL
8162,174311,0,"2026-01-13 22:15:43","2026-01-13 22:15:43",NULL
8163,174311,0,"2026-01-13 22:15:43","2026-01-13 22:15:43",NULL
8164,174311,0,"2026-01-13 22:15:43","2026-01-13 22:15:43",NULL
8165,174311,0,"2026-01-13 22:15:43","2026-01-13 22:15:43",NULL
8166,174311,0,"2026-01-13 22:15:43","2026-01-13 22:15:43",NULL
8167,174311,0,"2026-01-13 22:15:43","2026-01-13 22:15:43",NULL
8168,174312,0,"2026-01-13 22:15:43","2026-01-13 22:15:43",NULL
8169,174312,0,"2026-01-13 22:15:43","2026-01-13 22:15:43",NULL
8170,174312,0,"2026-01-13 22:15:43","2026-01-13 22:15:43",NULL
8171,174312,0,"2026-01-13 22:15:43","2026-01-13 22:15:43",NULL
8172,174312,0,"2026-01-13 22:15:43","2026-01-13 22:15:43",NULL
8173,174312,0,"2026-01-13 22:15:43","2026-01-13 22:15:43",NULL
8174,174314,0,"2026-01-13 22:15:43","2026-01-13 22:15:43",NULL
8175,174314,0,"2026-01-13 22:15:43","2026-01-13 22:15:43",NULL
8176,174314,0,"2026-01-13 22:15:43","2026-01-13 22:15:43",NULL
8177,174315,0,"2026-01-13 22:15:43","2026-01-13 22:15:43",NULL
8178,174315,0,"2026-01-13 22:15:43","2026-01-13 22:15:43",NULL
8179,174315,0,"2026-01-13 22:15:43","2026-01-13 22:15:43",NULL
8180,174315,0,"2026-01-13 22:15:43","2026-01-13 22:15:43",NULL
8181,174315,0,"2026-01-13 22:15:43","2026-01-13 22:15:43",NULL
8182,174315,0,"2026-01-13 22:15:43","2026-01-13 22:15:43",NULL
8183,174316,0,"2026-01-13 22:15:43","2026-01-13 22:15:43",NULL
8184,174316,0,"2026-01-13 22:15:43","2026-01-13 22:15:43",NULL
8185,174316,0,"2026-01-13 22:15:43","2026-01-13 22:15:43",NULL
8186,174317,0,"2026-01-13 22:15:43","2026-01-13 22:15:43",NULL
8187,174319,0,"2026-01-13 22:15:43","2026-01-13 22:15:43",NULL
8188,174319,0,"2026-01-13 22:15:43","2026-01-13 22:15:43",NULL
8189,174319,0,"2026-01-13 22:15:43","2026-01-13 22:15:43",NULL
8190,174320,0,"2026-01-13 22:15:43","2026-01-13 22:15:43",NULL
8191,175001,0,"2026-01-13 22:15:43","2026-01-13 22:15:43",NULL
8192,175001,0,"2026-01-13 22:15:43","2026-01-13 22:15:43",NULL
8193,175001,0,"2026-01-13 22:15:43","2026-01-13 22:15:43",NULL
8194,175001,0,"2026-01-13 22:15:43","2026-01-13 22:15:43",NULL
8195,175001,0,"2026-01-13 22:15:43","2026-01-13 22:15:43",NULL
8196,175001,0,"2026-01-13 22:15:43","2026-01-13 22:15:43",NULL
8197,175001,0,"2026-01-13 22:15:43","2026-01-13 22:15:43",NULL
8198,175001,0,"2026-01-13 22:15:43","2026-01-13 22:15:43",NULL
8199,175001,0,"2026-01-13 22:15:43","2026-01-13 22:15:43",NULL
8200,175001,0,"2026-01-13 22:15:43","2026-01-13 22:15:43",NULL
8201,175001,0,"2026-01-13 22:15:43","2026-01-13 22:15:43",NULL
8202,175001,0,"2026-01-13 22:15:43","2026-01-13 22:15:43",NULL
8203,175001,0,"2026-01-13 22:15:43","2026-01-13 22:15:43",NULL
8204,175001,0,"2026-01-13 22:15:43","2026-01-13 22:15:43",NULL
8205,175001,0,"2026-01-13 22:15:43","2026-01-13 22:15:43",NULL
8206,175018,0,"2026-01-13 22:15:43","2026-01-13 22:15:43",NULL
8207,175001,0,"2026-01-13 22:15:43","2026-01-13 22:15:43",NULL
8208,175001,0,"2026-01-13 22:15:43","2026-01-13 22:15:43",NULL
8209,175001,0,"2026-01-13 22:15:43","2026-01-13 22:15:43",NULL
8210,175001,0,"2026-01-13 22:15:43","2026-01-13 22:15:43",NULL
8211,175001,0,"2026-01-13 22:15:43","2026-01-13 22:15:43",NULL
8212,175001,0,"2026-01-13 22:15:43","2026-01-13 22:15:43",NULL
8213,175001,0,"2026-01-13 22:15:43","2026-01-13 22:15:43",NULL
8214,175002,0,"2026-01-13 22:15:43","2026-01-13 22:15:43",NULL
8215,175002,0,"2026-01-13 22:15:43","2026-01-13 22:15:43",NULL
8216,175002,0,"2026-01-13 22:15:43","2026-01-13 22:15:43",NULL
8217,175002,0,"2026-01-13 22:15:43","2026-01-13 22:15:43",NULL
8218,175003,0,"2026-01-13 22:15:43","2026-01-13 22:15:43",NULL
8219,175003,0,"2026-01-13 22:15:43","2026-01-13 22:15:43",NULL
8220,175003,0,"2026-01-13 22:15:43","2026-01-13 22:15:43",NULL
8221,175003,0,"2026-01-13 22:15:43","2026-01-13 22:15:43",NULL
8222,175003,0,"2026-01-13 22:15:43","2026-01-13 22:15:43",NULL
8223,175003,0,"2026-01-13 22:15:43","2026-01-13 22:15:43",NULL
8224,175003,0,"2026-01-13 22:15:43","2026-01-13 22:15:43",NULL
8225,175003,0,"2026-01-13 22:15:43","2026-01-13 22:15:43",NULL
8226,175003,0,"2026-01-13 22:15:43","2026-01-13 22:15:43",NULL
8227,175004,0,"2026-01-13 22:15:43","2026-01-13 22:15:43",NULL
8228,175004,0,"2026-01-13 22:15:43","2026-01-13 22:15:43",NULL
8229,175004,0,"2026-01-13 22:15:43","2026-01-13 22:15:43",NULL
8230,175004,0,"2026-01-13 22:15:43","2026-01-13 22:15:43",NULL
8231,175005,0,"2026-01-13 22:15:43","2026-01-13 22:15:43",NULL
8232,175005,0,"2026-01-13 22:15:43","2026-01-13 22:15:43",NULL
8233,175005,0,"2026-01-13 22:15:43","2026-01-13 22:15:43",NULL
8234,175005,0,"2026-01-13 22:15:43","2026-01-13 22:15:43",NULL
8235,175005,0,"2026-01-13 22:15:43","2026-01-13 22:15:43",NULL
8236,175005,0,"2026-01-13 22:15:43","2026-01-13 22:15:43",NULL
8237,175006,0,"2026-01-13 22:15:43","2026-01-13 22:15:43",NULL
8238,175006,0,"2026-01-13 22:15:43","2026-01-13 22:15:43",NULL
8239,175006,0,"2026-01-13 22:15:43","2026-01-13 22:15:43",NULL
8240,175006,0,"2026-01-13 22:15:43","2026-01-13 22:15:43",NULL
8241,175006,0,"2026-01-13 22:15:43","2026-01-13 22:15:43",NULL
8242,175007,0,"2026-01-13 22:15:43","2026-01-13 22:15:43",NULL
8243,175007,0,"2026-01-13 22:15:43","2026-01-13 22:15:43",NULL
8244,175008,0,"2026-01-13 22:15:43","2026-01-13 22:15:43",NULL
8245,175008,0,"2026-01-13 22:15:43","2026-01-13 22:15:43",NULL
8246,175008,0,"2026-01-13 22:15:43","2026-01-13 22:15:43",NULL
8247,175008,0,"2026-01-13 22:15:43","2026-01-13 22:15:43",NULL
8248,174321,0,"2026-01-13 22:15:43","2026-01-13 22:15:43",NULL
8249,174321,0,"2026-01-13 22:15:43","2026-01-13 22:15:43",NULL
8250,174321,0,"2026-01-13 22:15:43","2026-01-13 22:15:43",NULL
8251,174321,0,"2026-01-13 22:15:43","2026-01-13 22:15:43",NULL
8252,174321,0,"2026-01-13 22:15:43","2026-01-13 22:15:43",NULL
8253,174321,0,"2026-01-13 22:15:43","2026-01-13 22:15:43",NULL
8254,174321,0,"2026-01-13 22:15:43","2026-01-13 22:15:43",NULL
8255,174321,0,"2026-01-13 22:15:43","2026-01-13 22:15:43",NULL
8256,174405,0,"2026-01-13 22:15:43","2026-01-13 22:15:43",NULL
8257,174405,0,"2026-01-13 22:15:43","2026-01-13 22:15:43",NULL
8258,174405,0,"2026-01-13 22:15:43","2026-01-13 22:15:43",NULL
8259,174503,0,"2026-01-13 22:15:43","2026-01-13 22:15:43",NULL
8260,174503,0,"2026-01-13 22:15:43","2026-01-13 22:15:43",NULL
8261,174503,0,"2026-01-13 22:15:43","2026-01-13 22:15:43",NULL
8262,174505,0,"2026-01-13 22:15:43","2026-01-13 22:15:43",NULL
8263,174505,0,"2026-01-13 22:15:43","2026-01-13 22:15:43",NULL
8264,175001,0,"2026-01-13 22:15:43","2026-01-13 22:15:43",NULL
8265,175011,0,"2026-01-13 22:15:43","2026-01-13 22:15:43",NULL
8266,175011,0,"2026-01-13 22:15:43","2026-01-13 22:15:43",NULL
8267,175011,0,"2026-01-13 22:15:43","2026-01-13 22:15:43",NULL
8268,175011,0,"2026-01-13 22:15:43","2026-01-13 22:15:43",NULL
8269,175011,0,"2026-01-13 22:15:43","2026-01-13 22:15:43",NULL
8270,175012,0,"2026-01-13 22:15:43","2026-01-13 22:15:43",NULL
8271,175012,0,"2026-01-13 22:15:43","2026-01-13 22:15:43",NULL
8272,175012,0,"2026-01-13 22:15:43","2026-01-13 22:15:43",NULL
8273,175012,0,"2026-01-13 22:15:43","2026-01-13 22:15:43",NULL
8274,175012,0,"2026-01-13 22:15:43","2026-01-13 22:15:43",NULL
8275,175012,0,"2026-01-13 22:15:43","2026-01-13 22:15:43",NULL
8276,175012,0,"2026-01-13 22:15:43","2026-01-13 22:15:43",NULL
8277,175012,0,"2026-01-13 22:15:43","2026-01-13 22:15:43",NULL
8278,175012,0,"2026-01-13 22:15:43","2026-01-13 22:15:43",NULL
8279,175012,0,"2026-01-13 22:15:43","2026-01-13 22:15:43",NULL
8280,175012,0,"2026-01-13 22:15:43","2026-01-13 22:15:43",NULL
8281,175013,0,"2026-01-13 22:15:43","2026-01-13 22:15:43",NULL
8282,175013,0,"2026-01-13 22:15:43","2026-01-13 22:15:43",NULL
8283,175013,0,"2026-01-13 22:15:43","2026-01-13 22:15:43",NULL
8284,175013,0,"2026-01-13 22:15:43","2026-01-13 22:15:43",NULL
8285,175013,0,"2026-01-13 22:15:43","2026-01-13 22:15:43",NULL
8286,175013,0,"2026-01-13 22:15:43","2026-01-13 22:15:43",NULL
8287,175013,0,"2026-01-13 22:15:43","2026-01-13 22:15:43",NULL
8288,175013,0,"2026-01-13 22:15:43","2026-01-13 22:15:43",NULL
8289,175014,0,"2026-01-13 22:15:43","2026-01-13 22:15:43",NULL
8290,175014,0,"2026-01-13 22:15:43","2026-01-13 22:15:43",NULL
8291,175014,0,"2026-01-13 22:15:43","2026-01-13 22:15:43",NULL
8292,175015,0,"2026-01-13 22:15:43","2026-01-13 22:15:43",NULL
8293,175015,0,"2026-01-13 22:15:43","2026-01-13 22:15:43",NULL
8294,175015,0,"2026-01-13 22:15:43","2026-01-13 22:15:43",NULL
8295,175015,0,"2026-01-13 22:15:43","2026-01-13 22:15:43",NULL
8296,175015,0,"2026-01-13 22:15:43","2026-01-13 22:15:43",NULL
8297,175015,0,"2026-01-13 22:15:43","2026-01-13 22:15:43",NULL
8298,175015,0,"2026-01-13 22:15:43","2026-01-13 22:15:43",NULL
8299,175015,0,"2026-01-13 22:15:43","2026-01-13 22:15:43",NULL
8300,175015,0,"2026-01-13 22:15:43","2026-01-13 22:15:43",NULL
8301,175015,0,"2026-01-13 22:15:43","2026-01-13 22:15:43",NULL
8302,175015,0,"2026-01-13 22:15:43","2026-01-13 22:15:43",NULL
8303,175015,0,"2026-01-13 22:15:43","2026-01-13 22:15:43",NULL
8304,175015,0,"2026-01-13 22:15:43","2026-01-13 22:15:43",NULL
8305,175008,0,"2026-01-13 22:15:43","2026-01-13 22:15:43",NULL
8306,175008,0,"2026-01-13 22:15:43","2026-01-13 22:15:43",NULL
8307,175008,0,"2026-01-13 22:15:43","2026-01-13 22:15:43",NULL
8308,175008,0,"2026-01-13 22:15:43","2026-01-13 22:15:43",NULL
8309,175009,0,"2026-01-13 22:15:43","2026-01-13 22:15:43",NULL
8310,175009,0,"2026-01-13 22:15:43","2026-01-13 22:15:43",NULL
8311,175009,0,"2026-01-13 22:15:43","2026-01-13 22:15:43",NULL
8312,175009,0,"2026-01-13 22:15:43","2026-01-13 22:15:43",NULL
8313,175009,0,"2026-01-13 22:15:43","2026-01-13 22:15:43",NULL
8314,175009,0,"2026-01-13 22:15:43","2026-01-13 22:15:43",NULL
8315,175009,0,"2026-01-13 22:15:43","2026-01-13 22:15:43",NULL
8316,175009,0,"2026-01-13 22:15:43","2026-01-13 22:15:43",NULL
8317,175009,0,"2026-01-13 22:15:43","2026-01-13 22:15:43",NULL
8318,175009,0,"2026-01-13 22:15:43","2026-01-13 22:15:43",NULL
8319,175009,0,"2026-01-13 22:15:43","2026-01-13 22:15:43",NULL
8320,175009,0,"2026-01-13 22:15:43","2026-01-13 22:15:43",NULL
8321,175009,0,"2026-01-13 22:15:43","2026-01-13 22:15:43",NULL
8322,175010,0,"2026-01-13 22:15:43","2026-01-13 22:15:43",NULL
8323,175011,0,"2026-01-13 22:15:43","2026-01-13 22:15:43",NULL
8324,175011,0,"2026-01-13 22:15:43","2026-01-13 22:15:43",NULL
8325,175011,0,"2026-01-13 22:15:43","2026-01-13 22:15:43",NULL
8326,175011,0,"2026-01-13 22:15:43","2026-01-13 22:15:43",NULL
8327,175011,0,"2026-01-13 22:15:43","2026-01-13 22:15:43",NULL
8328,175011,0,"2026-01-13 22:15:43","2026-01-13 22:15:43",NULL
8329,175011,0,"2026-01-13 22:15:43","2026-01-13 22:15:43",NULL
8330,175011,0,"2026-01-13 22:15:43","2026-01-13 22:15:43",NULL
8331,175011,0,"2026-01-13 22:15:43","2026-01-13 22:15:43",NULL
8332,175011,0,"2026-01-13 22:15:43","2026-01-13 22:15:43",NULL
8333,175011,0,"2026-01-13 22:15:43","2026-01-13 22:15:43",NULL
8334,175011,0,"2026-01-13 22:15:43","2026-01-13 22:15:43",NULL
8335,175011,0,"2026-01-13 22:15:43","2026-01-13 22:15:43",NULL
8336,175011,0,"2026-01-13 22:15:43","2026-01-13 22:15:43",NULL
8337,175024,0,"2026-01-13 22:15:43","2026-01-13 22:15:43",NULL
8338,175024,0,"2026-01-13 22:15:43","2026-01-13 22:15:43",NULL
8339,175024,0,"2026-01-13 22:15:43","2026-01-13 22:15:43",NULL
8340,175024,0,"2026-01-13 22:15:43","2026-01-13 22:15:43",NULL
8341,175024,0,"2026-01-13 22:15:43","2026-01-13 22:15:43",NULL
8342,175024,0,"2026-01-13 22:15:43","2026-01-13 22:15:43",NULL
8343,175024,0,"2026-01-13 22:15:43","2026-01-13 22:15:43",NULL
8344,175024,0,"2026-01-13 22:15:43","2026-01-13 22:15:43",NULL
8345,175024,0,"2026-01-13 22:15:43","2026-01-13 22:15:43",NULL
8346,175024,0,"2026-01-13 22:15:43","2026-01-13 22:15:43",NULL
8347,175025,0,"2026-01-13 22:15:43","2026-01-13 22:15:43",NULL
8348,175015,0,"2026-01-13 22:15:43","2026-01-13 22:15:43",NULL
8349,175015,0,"2026-01-13 22:15:43","2026-01-13 22:15:43",NULL
8350,175015,0,"2026-01-13 22:15:43","2026-01-13 22:15:43",NULL
8351,175015,0,"2026-01-13 22:15:43","2026-01-13 22:15:43",NULL
8352,175015,0,"2026-01-13 22:15:43","2026-01-13 22:15:43",NULL
8353,175015,0,"2026-01-13 22:15:43","2026-01-13 22:15:43",NULL
8354,175015,0,"2026-01-13 22:15:43","2026-01-13 22:15:43",NULL
8355,175015,0,"2026-01-13 22:15:43","2026-01-13 22:15:43",NULL
8356,175015,0,"2026-01-13 22:15:43","2026-01-13 22:15:43",NULL
8357,175015,0,"2026-01-13 22:15:43","2026-01-13 22:15:43",NULL
8358,175016,0,"2026-01-13 22:15:43","2026-01-13 22:15:43",NULL
8359,175016,0,"2026-01-13 22:15:43","2026-01-13 22:15:43",NULL
8360,175016,0,"2026-01-13 22:15:43","2026-01-13 22:15:43",NULL
8361,175016,0,"2026-01-13 22:15:43","2026-01-13 22:15:43",NULL
8362,175016,0,"2026-01-13 22:15:43","2026-01-13 22:15:43",NULL
8363,175016,0,"2026-01-13 22:15:43","2026-01-13 22:15:43",NULL
8364,175016,0,"2026-01-13 22:15:43","2026-01-13 22:15:43",NULL
8365,175016,0,"2026-01-13 22:15:43","2026-01-13 22:15:43",NULL
8366,175016,0,"2026-01-13 22:15:43","2026-01-13 22:15:43",NULL
8367,175016,0,"2026-01-13 22:15:43","2026-01-13 22:15:43",NULL
8368,175017,0,"2026-01-13 22:15:43","2026-01-13 22:15:43",NULL
8369,175017,0,"2026-01-13 22:15:43","2026-01-13 22:15:43",NULL
8370,175017,0,"2026-01-13 22:15:43","2026-01-13 22:15:43",NULL
8371,175017,0,"2026-01-13 22:15:43","2026-01-13 22:15:43",NULL
8372,175018,0,"2026-01-13 22:15:43","2026-01-13 22:15:43",NULL
8373,175018,0,"2026-01-13 22:15:43","2026-01-13 22:15:43",NULL
8374,175018,0,"2026-01-13 22:15:43","2026-01-13 22:15:43",NULL
8375,175018,0,"2026-01-13 22:15:43","2026-01-13 22:15:43",NULL
8376,175018,0,"2026-01-13 22:15:43","2026-01-13 22:15:43",NULL
8377,175018,0,"2026-01-13 22:15:43","2026-01-13 22:15:43",NULL
8378,175018,0,"2026-01-13 22:15:43","2026-01-13 22:15:43",NULL
8379,175121,0,"2026-01-13 22:15:43","2026-01-13 22:15:43",NULL
8380,175018,0,"2026-01-13 22:15:43","2026-01-13 22:15:43",NULL
8381,175018,0,"2026-01-13 22:15:43","2026-01-13 22:15:43",NULL
8382,175018,0,"2026-01-13 22:15:43","2026-01-13 22:15:43",NULL
8383,175018,0,"2026-01-13 22:15:43","2026-01-13 22:15:43",NULL
8384,175019,0,"2026-01-13 22:15:43","2026-01-13 22:15:43",NULL
8385,175019,0,"2026-01-13 22:15:43","2026-01-13 22:15:43",NULL
8386,175019,0,"2026-01-13 22:15:44","2026-01-13 22:15:44",NULL
8387,175021,0,"2026-01-13 22:15:44","2026-01-13 22:15:44",NULL
8388,175021,0,"2026-01-13 22:15:44","2026-01-13 22:15:44",NULL
8389,175021,0,"2026-01-13 22:15:44","2026-01-13 22:15:44",NULL
8390,175021,0,"2026-01-13 22:15:44","2026-01-13 22:15:44",NULL
8391,175021,0,"2026-01-13 22:15:44","2026-01-13 22:15:44",NULL
8392,175023,0,"2026-01-13 22:15:44","2026-01-13 22:15:44",NULL
8393,175023,0,"2026-01-13 22:15:44","2026-01-13 22:15:44",NULL
8394,175023,0,"2026-01-13 22:15:44","2026-01-13 22:15:44",NULL
8395,175023,0,"2026-01-13 22:15:44","2026-01-13 22:15:44",NULL
8396,175023,0,"2026-01-13 22:15:44","2026-01-13 22:15:44",NULL
8397,175023,0,"2026-01-13 22:15:44","2026-01-13 22:15:44",NULL
8398,175023,0,"2026-01-13 22:15:44","2026-01-13 22:15:44",NULL
8399,175023,0,"2026-01-13 22:15:44","2026-01-13 22:15:44",NULL
8400,175024,0,"2026-01-13 22:15:44","2026-01-13 22:15:44",NULL
8401,175024,0,"2026-01-13 22:15:44","2026-01-13 22:15:44",NULL
8402,175024,0,"2026-01-13 22:15:44","2026-01-13 22:15:44",NULL
8403,175024,0,"2026-01-13 22:15:44","2026-01-13 22:15:44",NULL
8404,175025,0,"2026-01-13 22:15:44","2026-01-13 22:15:44",NULL
8405,175025,0,"2026-01-13 22:15:44","2026-01-13 22:15:44",NULL
8406,175025,0,"2026-01-13 22:15:44","2026-01-13 22:15:44",NULL
8407,175025,0,"2026-01-13 22:15:44","2026-01-13 22:15:44",NULL
8408,175026,0,"2026-01-13 22:15:44","2026-01-13 22:15:44",NULL
8409,175026,0,"2026-01-13 22:15:44","2026-01-13 22:15:44",NULL
8410,175026,0,"2026-01-13 22:15:44","2026-01-13 22:15:44",NULL
8411,175026,0,"2026-01-13 22:15:44","2026-01-13 22:15:44",NULL
8412,175027,0,"2026-01-13 22:15:44","2026-01-13 22:15:44",NULL
8413,175027,0,"2026-01-13 22:15:44","2026-01-13 22:15:44",NULL
8414,175027,0,"2026-01-13 22:15:44","2026-01-13 22:15:44",NULL
8415,175027,0,"2026-01-13 22:15:44","2026-01-13 22:15:44",NULL
8416,175027,0,"2026-01-13 22:15:44","2026-01-13 22:15:44",NULL
8417,175027,0,"2026-01-13 22:15:44","2026-01-13 22:15:44",NULL
8418,175027,0,"2026-01-13 22:15:44","2026-01-13 22:15:44",NULL
8419,175027,0,"2026-01-13 22:15:44","2026-01-13 22:15:44",NULL
8420,175027,0,"2026-01-13 22:15:44","2026-01-13 22:15:44",NULL
8421,175027,0,"2026-01-13 22:15:44","2026-01-13 22:15:44",NULL
8422,175028,0,"2026-01-13 22:15:44","2026-01-13 22:15:44",NULL
8423,175028,0,"2026-01-13 22:15:44","2026-01-13 22:15:44",NULL
8424,175028,0,"2026-01-13 22:15:44","2026-01-13 22:15:44",NULL
8425,175028,0,"2026-01-13 22:15:44","2026-01-13 22:15:44",NULL
8426,175028,0,"2026-01-13 22:15:44","2026-01-13 22:15:44",NULL
8427,175028,0,"2026-01-13 22:15:44","2026-01-13 22:15:44",NULL
8428,175028,0,"2026-01-13 22:15:44","2026-01-13 22:15:44",NULL
8429,175029,0,"2026-01-13 22:15:44","2026-01-13 22:15:44",NULL
8430,175029,0,"2026-01-13 22:15:44","2026-01-13 22:15:44",NULL
8431,175029,0,"2026-01-13 22:15:44","2026-01-13 22:15:44",NULL
8432,175029,0,"2026-01-13 22:15:44","2026-01-13 22:15:44",NULL
8433,175029,0,"2026-01-13 22:15:44","2026-01-13 22:15:44",NULL
8434,175029,0,"2026-01-13 22:15:44","2026-01-13 22:15:44",NULL
8435,175029,0,"2026-01-13 22:15:44","2026-01-13 22:15:44",NULL
8436,175029,0,"2026-01-13 22:15:44","2026-01-13 22:15:44",NULL
8437,175029,0,"2026-01-13 22:15:44","2026-01-13 22:15:44",NULL
8438,175030,0,"2026-01-13 22:15:44","2026-01-13 22:15:44",NULL
8439,175030,0,"2026-01-13 22:15:44","2026-01-13 22:15:44",NULL
8440,175030,0,"2026-01-13 22:15:44","2026-01-13 22:15:44",NULL
8441,175030,0,"2026-01-13 22:15:44","2026-01-13 22:15:44",NULL
8442,175030,0,"2026-01-13 22:15:44","2026-01-13 22:15:44",NULL
8443,175031,0,"2026-01-13 22:15:44","2026-01-13 22:15:44",NULL
8444,175031,0,"2026-01-13 22:15:44","2026-01-13 22:15:44",NULL
8445,175031,0,"2026-01-13 22:15:44","2026-01-13 22:15:44",NULL
8446,175031,0,"2026-01-13 22:15:44","2026-01-13 22:15:44",NULL
8447,175031,0,"2026-01-13 22:15:44","2026-01-13 22:15:44",NULL
8448,175031,0,"2026-01-13 22:15:44","2026-01-13 22:15:44",NULL
8449,175031,0,"2026-01-13 22:15:44","2026-01-13 22:15:44",NULL
8450,175031,0,"2026-01-13 22:15:44","2026-01-13 22:15:44",NULL
8451,175032,0,"2026-01-13 22:15:44","2026-01-13 22:15:44",NULL
8452,175032,0,"2026-01-13 22:15:44","2026-01-13 22:15:44",NULL
8453,175032,0,"2026-01-13 22:15:44","2026-01-13 22:15:44",NULL
8454,175032,0,"2026-01-13 22:15:44","2026-01-13 22:15:44",NULL
8455,175032,0,"2026-01-13 22:15:44","2026-01-13 22:15:44",NULL
8456,175032,0,"2026-01-13 22:15:44","2026-01-13 22:15:44",NULL
8457,175032,0,"2026-01-13 22:15:44","2026-01-13 22:15:44",NULL
8458,175032,0,"2026-01-13 22:15:44","2026-01-13 22:15:44",NULL
8459,175032,0,"2026-01-13 22:15:44","2026-01-13 22:15:44",NULL
8460,175032,0,"2026-01-13 22:15:44","2026-01-13 22:15:44",NULL
8461,175032,0,"2026-01-13 22:15:44","2026-01-13 22:15:44",NULL
8462,175032,0,"2026-01-13 22:15:44","2026-01-13 22:15:44",NULL
8463,175032,0,"2026-01-13 22:15:44","2026-01-13 22:15:44",NULL
8464,175033,0,"2026-01-13 22:15:44","2026-01-13 22:15:44",NULL
8465,175033,0,"2026-01-13 22:15:44","2026-01-13 22:15:44",NULL
8466,175033,0,"2026-01-13 22:15:44","2026-01-13 22:15:44",NULL
8467,175033,0,"2026-01-13 22:15:44","2026-01-13 22:15:44",NULL
8468,175033,0,"2026-01-13 22:15:44","2026-01-13 22:15:44",NULL
8469,175033,0,"2026-01-13 22:15:44","2026-01-13 22:15:44",NULL
8470,175033,0,"2026-01-13 22:15:44","2026-01-13 22:15:44",NULL
8471,175033,0,"2026-01-13 22:15:44","2026-01-13 22:15:44",NULL
8472,175034,0,"2026-01-13 22:15:44","2026-01-13 22:15:44",NULL
8473,175035,0,"2026-01-13 22:15:44","2026-01-13 22:15:44",NULL
8474,175036,0,"2026-01-13 22:15:44","2026-01-13 22:15:44",NULL
8475,175036,0,"2026-01-13 22:15:44","2026-01-13 22:15:44",NULL
8476,175036,0,"2026-01-13 22:15:44","2026-01-13 22:15:44",NULL
8477,175036,0,"2026-01-13 22:15:44","2026-01-13 22:15:44",NULL
8478,175036,0,"2026-01-13 22:15:44","2026-01-13 22:15:44",NULL
8479,175036,0,"2026-01-13 22:15:44","2026-01-13 22:15:44",NULL
8480,175036,0,"2026-01-13 22:15:44","2026-01-13 22:15:44",NULL
8481,175037,0,"2026-01-13 22:15:44","2026-01-13 22:15:44",NULL
8482,175038,0,"2026-01-13 22:15:44","2026-01-13 22:15:44",NULL
8483,175038,0,"2026-01-13 22:15:44","2026-01-13 22:15:44",NULL
8484,175038,0,"2026-01-13 22:15:44","2026-01-13 22:15:44",NULL
8485,175038,0,"2026-01-13 22:15:44","2026-01-13 22:15:44",NULL
8486,175039,0,"2026-01-13 22:15:44","2026-01-13 22:15:44",NULL
8487,175039,0,"2026-01-13 22:15:44","2026-01-13 22:15:44",NULL
8488,175040,0,"2026-01-13 22:15:44","2026-01-13 22:15:44",NULL
8489,175040,0,"2026-01-13 22:15:44","2026-01-13 22:15:44",NULL
8490,175040,0,"2026-01-13 22:15:44","2026-01-13 22:15:44",NULL
8491,175040,0,"2026-01-13 22:15:44","2026-01-13 22:15:44",NULL
8492,175040,0,"2026-01-13 22:15:44","2026-01-13 22:15:44",NULL
8493,175040,0,"2026-01-13 22:15:44","2026-01-13 22:15:44",NULL
8494,175040,0,"2026-01-13 22:15:44","2026-01-13 22:15:44",NULL
8495,175040,0,"2026-01-13 22:15:44","2026-01-13 22:15:44",NULL
8496,175042,0,"2026-01-13 22:15:44","2026-01-13 22:15:44",NULL
8497,175042,0,"2026-01-13 22:15:44","2026-01-13 22:15:44",NULL
8498,175042,0,"2026-01-13 22:15:44","2026-01-13 22:15:44",NULL
8499,175042,0,"2026-01-13 22:15:44","2026-01-13 22:15:44",NULL
8500,175046,0,"2026-01-13 22:15:44","2026-01-13 22:15:44",NULL
8501,175046,0,"2026-01-13 22:15:44","2026-01-13 22:15:44",NULL
8502,175046,0,"2026-01-13 22:15:44","2026-01-13 22:15:44",NULL
8503,175046,0,"2026-01-13 22:15:44","2026-01-13 22:15:44",NULL
8504,175047,0,"2026-01-13 22:15:44","2026-01-13 22:15:44",NULL
8505,175047,0,"2026-01-13 22:15:44","2026-01-13 22:15:44",NULL
8506,175047,0,"2026-01-13 22:15:44","2026-01-13 22:15:44",NULL
8507,175047,0,"2026-01-13 22:15:44","2026-01-13 22:15:44",NULL
8508,175047,0,"2026-01-13 22:15:44","2026-01-13 22:15:44",NULL
8509,175048,0,"2026-01-13 22:15:44","2026-01-13 22:15:44",NULL
8510,175048,0,"2026-01-13 22:15:44","2026-01-13 22:15:44",NULL
8511,175048,0,"2026-01-13 22:15:44","2026-01-13 22:15:44",NULL
8512,175048,0,"2026-01-13 22:15:44","2026-01-13 22:15:44",NULL
8513,175049,0,"2026-01-13 22:15:44","2026-01-13 22:15:44",NULL
8514,175049,0,"2026-01-13 22:15:44","2026-01-13 22:15:44",NULL
8515,175049,0,"2026-01-13 22:15:44","2026-01-13 22:15:44",NULL
8516,175049,0,"2026-01-13 22:15:44","2026-01-13 22:15:44",NULL
8517,175049,0,"2026-01-13 22:15:44","2026-01-13 22:15:44",NULL
8518,175049,0,"2026-01-13 22:15:44","2026-01-13 22:15:44",NULL
8519,175049,0,"2026-01-13 22:15:44","2026-01-13 22:15:44",NULL
8520,175049,0,"2026-01-13 22:15:44","2026-01-13 22:15:44",NULL
8521,175050,0,"2026-01-13 22:15:44","2026-01-13 22:15:44",NULL
8522,175050,0,"2026-01-13 22:15:44","2026-01-13 22:15:44",NULL
8523,175050,0,"2026-01-13 22:15:44","2026-01-13 22:15:44",NULL
8524,175050,0,"2026-01-13 22:15:44","2026-01-13 22:15:44",NULL
8525,175050,0,"2026-01-13 22:15:44","2026-01-13 22:15:44",NULL
8526,175050,0,"2026-01-13 22:15:44","2026-01-13 22:15:44",NULL
8527,175051,0,"2026-01-13 22:15:44","2026-01-13 22:15:44",NULL
8528,175052,0,"2026-01-13 22:15:44","2026-01-13 22:15:44",NULL
8529,175052,0,"2026-01-13 22:15:44","2026-01-13 22:15:44",NULL
8530,175052,0,"2026-01-13 22:15:44","2026-01-13 22:15:44",NULL
8531,175052,0,"2026-01-13 22:15:44","2026-01-13 22:15:44",NULL
8532,175101,0,"2026-01-13 22:15:44","2026-01-13 22:15:44",NULL
8533,175101,0,"2026-01-13 22:15:44","2026-01-13 22:15:44",NULL
8534,175101,0,"2026-01-13 22:15:44","2026-01-13 22:15:44",NULL
8535,175101,0,"2026-01-13 22:15:44","2026-01-13 22:15:44",NULL
8536,175101,0,"2026-01-13 22:15:44","2026-01-13 22:15:44",NULL
8537,175034,0,"2026-01-13 22:15:44","2026-01-13 22:15:44",NULL
8538,175034,0,"2026-01-13 22:15:44","2026-01-13 22:15:44",NULL
8539,175034,0,"2026-01-13 22:15:44","2026-01-13 22:15:44",NULL
8540,175034,0,"2026-01-13 22:15:44","2026-01-13 22:15:44",NULL
8541,175034,0,"2026-01-13 22:15:44","2026-01-13 22:15:44",NULL
8542,175034,0,"2026-01-13 22:15:44","2026-01-13 22:15:44",NULL
8543,175035,0,"2026-01-13 22:15:44","2026-01-13 22:15:44",NULL
8544,175035,0,"2026-01-13 22:15:44","2026-01-13 22:15:44",NULL
8545,175035,0,"2026-01-13 22:15:44","2026-01-13 22:15:44",NULL
8546,175035,0,"2026-01-13 22:15:44","2026-01-13 22:15:44",NULL
8547,175035,0,"2026-01-13 22:15:44","2026-01-13 22:15:44",NULL
8548,175106,0,"2026-01-13 22:15:44","2026-01-13 22:15:44",NULL
8549,175106,0,"2026-01-13 22:15:44","2026-01-13 22:15:44",NULL
8550,175106,0,"2026-01-13 22:15:44","2026-01-13 22:15:44",NULL
8551,175106,0,"2026-01-13 22:15:44","2026-01-13 22:15:44",NULL
8552,175121,0,"2026-01-13 22:15:44","2026-01-13 22:15:44",NULL
8553,176021,0,"2026-01-13 22:15:44","2026-01-13 22:15:44",NULL
8554,175121,0,"2026-01-13 22:15:44","2026-01-13 22:15:44",NULL
8555,175121,0,"2026-01-13 22:15:44","2026-01-13 22:15:44",NULL
8556,175121,0,"2026-01-13 22:15:44","2026-01-13 22:15:44",NULL
8557,175121,0,"2026-01-13 22:15:44","2026-01-13 22:15:44",NULL
8558,175121,0,"2026-01-13 22:15:44","2026-01-13 22:15:44",NULL
8559,175121,0,"2026-01-13 22:15:44","2026-01-13 22:15:44",NULL
8560,175122,0,"2026-01-13 22:15:44","2026-01-13 22:15:44",NULL
8561,175123,0,"2026-01-13 22:15:44","2026-01-13 22:15:44",NULL
8562,175123,0,"2026-01-13 22:15:44","2026-01-13 22:15:44",NULL
8563,175123,0,"2026-01-13 22:15:44","2026-01-13 22:15:44",NULL
8564,175123,0,"2026-01-13 22:15:44","2026-01-13 22:15:44",NULL
8565,175123,0,"2026-01-13 22:15:44","2026-01-13 22:15:44",NULL
8566,175123,0,"2026-01-13 22:15:44","2026-01-13 22:15:44",NULL
8567,175123,0,"2026-01-13 22:15:44","2026-01-13 22:15:44",NULL
8568,175123,0,"2026-01-13 22:15:44","2026-01-13 22:15:44",NULL
8569,175123,0,"2026-01-13 22:15:44","2026-01-13 22:15:44",NULL
8570,175123,0,"2026-01-13 22:15:44","2026-01-13 22:15:44",NULL
8571,175123,0,"2026-01-13 22:15:44","2026-01-13 22:15:44",NULL
8572,175123,0,"2026-01-13 22:15:44","2026-01-13 22:15:44",NULL
8573,175123,0,"2026-01-13 22:15:44","2026-01-13 22:15:44",NULL
8574,175123,0,"2026-01-13 22:15:44","2026-01-13 22:15:44",NULL
8575,175123,0,"2026-01-13 22:15:44","2026-01-13 22:15:44",NULL
8576,175123,0,"2026-01-13 22:15:44","2026-01-13 22:15:44",NULL
8577,175123,0,"2026-01-13 22:15:44","2026-01-13 22:15:44",NULL
8578,175123,0,"2026-01-13 22:15:44","2026-01-13 22:15:44",NULL
8579,175123,0,"2026-01-13 22:15:44","2026-01-13 22:15:44",NULL
8580,175123,0,"2026-01-13 22:15:44","2026-01-13 22:15:44",NULL
8581,175123,0,"2026-01-13 22:15:44","2026-01-13 22:15:44",NULL
8582,175123,0,"2026-01-13 22:15:44","2026-01-13 22:15:44",NULL
8583,175123,0,"2026-01-13 22:15:44","2026-01-13 22:15:44",NULL
8584,175123,0,"2026-01-13 22:15:44","2026-01-13 22:15:44",NULL
8585,175123,0,"2026-01-13 22:15:44","2026-01-13 22:15:44",NULL
8586,175124,0,"2026-01-13 22:15:44","2026-01-13 22:15:44",NULL
8587,175124,0,"2026-01-13 22:15:44","2026-01-13 22:15:44",NULL
8588,175124,0,"2026-01-13 22:15:44","2026-01-13 22:15:44",NULL
8589,175124,0,"2026-01-13 22:15:44","2026-01-13 22:15:44",NULL
8590,175124,0,"2026-01-13 22:15:44","2026-01-13 22:15:44",NULL
8591,175124,0,"2026-01-13 22:15:44","2026-01-13 22:15:44",NULL
8592,175124,0,"2026-01-13 22:15:44","2026-01-13 22:15:44",NULL
8593,175101,0,"2026-01-13 22:15:44","2026-01-13 22:15:44",NULL
8594,175101,0,"2026-01-13 22:15:44","2026-01-13 22:15:44",NULL
8595,175101,0,"2026-01-13 22:15:44","2026-01-13 22:15:44",NULL
8596,175101,0,"2026-01-13 22:15:44","2026-01-13 22:15:44",NULL
8597,175101,0,"2026-01-13 22:15:44","2026-01-13 22:15:44",NULL
8598,175102,0,"2026-01-13 22:15:44","2026-01-13 22:15:44",NULL
8599,175102,0,"2026-01-13 22:15:44","2026-01-13 22:15:44",NULL
8600,175102,0,"2026-01-13 22:15:44","2026-01-13 22:15:44",NULL
8601,175102,0,"2026-01-13 22:15:44","2026-01-13 22:15:44",NULL
8602,175102,0,"2026-01-13 22:15:44","2026-01-13 22:15:44",NULL
8603,175103,0,"2026-01-13 22:15:44","2026-01-13 22:15:44",NULL
8604,175103,0,"2026-01-13 22:15:44","2026-01-13 22:15:44",NULL
8605,175103,0,"2026-01-13 22:15:44","2026-01-13 22:15:44",NULL
8606,175103,0,"2026-01-13 22:15:44","2026-01-13 22:15:44",NULL
8607,175104,0,"2026-01-13 22:15:44","2026-01-13 22:15:44",NULL
8608,175104,0,"2026-01-13 22:15:44","2026-01-13 22:15:44",NULL
8609,175105,0,"2026-01-13 22:15:44","2026-01-13 22:15:44",NULL
8610,175105,0,"2026-01-13 22:15:44","2026-01-13 22:15:44",NULL
8611,175105,0,"2026-01-13 22:15:44","2026-01-13 22:15:44",NULL
8612,175105,0,"2026-01-13 22:15:44","2026-01-13 22:15:44",NULL
8613,175105,0,"2026-01-13 22:15:44","2026-01-13 22:15:44",NULL
8614,175105,0,"2026-01-13 22:15:44","2026-01-13 22:15:44",NULL
8615,175105,0,"2026-01-13 22:15:44","2026-01-13 22:15:44",NULL
8616,175105,0,"2026-01-13 22:15:44","2026-01-13 22:15:44",NULL
8617,175105,0,"2026-01-13 22:15:44","2026-01-13 22:15:44",NULL
8618,175106,0,"2026-01-13 22:15:44","2026-01-13 22:15:44",NULL
8619,175106,0,"2026-01-13 22:15:44","2026-01-13 22:15:44",NULL
8620,175106,0,"2026-01-13 22:15:44","2026-01-13 22:15:44",NULL
8621,175106,0,"2026-01-13 22:15:44","2026-01-13 22:15:44",NULL
8622,175106,0,"2026-01-13 22:15:44","2026-01-13 22:15:44",NULL
8623,175106,0,"2026-01-13 22:15:44","2026-01-13 22:15:44",NULL
8624,175133,0,"2026-01-13 22:15:44","2026-01-13 22:15:44",NULL
8625,175133,0,"2026-01-13 22:15:44","2026-01-13 22:15:44",NULL
8626,175134,0,"2026-01-13 22:15:44","2026-01-13 22:15:44",NULL
8627,175134,0,"2026-01-13 22:15:44","2026-01-13 22:15:44",NULL
8628,175134,0,"2026-01-13 22:15:44","2026-01-13 22:15:44",NULL
8629,175134,0,"2026-01-13 22:15:44","2026-01-13 22:15:44",NULL
8630,175134,0,"2026-01-13 22:15:44","2026-01-13 22:15:44",NULL
8631,175134,0,"2026-01-13 22:15:44","2026-01-13 22:15:44",NULL
8632,175134,0,"2026-01-13 22:15:44","2026-01-13 22:15:44",NULL
8633,175134,0,"2026-01-13 22:15:44","2026-01-13 22:15:44",NULL
8634,175134,0,"2026-01-13 22:15:44","2026-01-13 22:15:44",NULL
8635,175134,0,"2026-01-13 22:15:44","2026-01-13 22:15:44",NULL
8636,175134,0,"2026-01-13 22:15:44","2026-01-13 22:15:44",NULL
8637,175134,0,"2026-01-13 22:15:44","2026-01-13 22:15:44",NULL
8638,175136,0,"2026-01-13 22:15:44","2026-01-13 22:15:44",NULL
8639,175136,0,"2026-01-13 22:15:44","2026-01-13 22:15:44",NULL
8640,175138,0,"2026-01-13 22:15:44","2026-01-13 22:15:44",NULL
8641,175138,0,"2026-01-13 22:15:44","2026-01-13 22:15:44",NULL
8642,175138,0,"2026-01-13 22:15:44","2026-01-13 22:15:44",NULL
8643,175139,0,"2026-01-13 22:15:44","2026-01-13 22:15:44",NULL
8644,175139,0,"2026-01-13 22:15:44","2026-01-13 22:15:44",NULL
8645,175139,0,"2026-01-13 22:15:44","2026-01-13 22:15:44",NULL
8646,175140,0,"2026-01-13 22:15:44","2026-01-13 22:15:44",NULL
8647,175140,0,"2026-01-13 22:15:44","2026-01-13 22:15:44",NULL
8648,175140,0,"2026-01-13 22:15:44","2026-01-13 22:15:44",NULL
8649,175124,0,"2026-01-13 22:15:44","2026-01-13 22:15:44",NULL
8650,175124,0,"2026-01-13 22:15:44","2026-01-13 22:15:44",NULL
8651,175124,0,"2026-01-13 22:15:44","2026-01-13 22:15:44",NULL
8652,175125,0,"2026-01-13 22:15:44","2026-01-13 22:15:44",NULL
8653,175125,0,"2026-01-13 22:15:44","2026-01-13 22:15:44",NULL
8654,175125,0,"2026-01-13 22:15:44","2026-01-13 22:15:44",NULL
8655,175125,0,"2026-01-13 22:15:44","2026-01-13 22:15:44",NULL
8656,175125,0,"2026-01-13 22:15:44","2026-01-13 22:15:44",NULL
8657,175125,0,"2026-01-13 22:15:44","2026-01-13 22:15:44",NULL
8658,175125,0,"2026-01-13 22:15:44","2026-01-13 22:15:44",NULL
8659,175125,0,"2026-01-13 22:15:44","2026-01-13 22:15:44",NULL
8660,175125,0,"2026-01-13 22:15:44","2026-01-13 22:15:44",NULL
8661,175125,0,"2026-01-13 22:15:44","2026-01-13 22:15:44",NULL
8662,175125,0,"2026-01-13 22:15:44","2026-01-13 22:15:44",NULL
8663,175126,0,"2026-01-13 22:15:44","2026-01-13 22:15:44",NULL
8664,175126,0,"2026-01-13 22:15:44","2026-01-13 22:15:44",NULL
8665,175126,0,"2026-01-13 22:15:44","2026-01-13 22:15:44",NULL
8666,175128,0,"2026-01-13 22:15:44","2026-01-13 22:15:44",NULL
8667,175128,0,"2026-01-13 22:15:44","2026-01-13 22:15:44",NULL
8668,175128,0,"2026-01-13 22:15:44","2026-01-13 22:15:44",NULL
8669,175128,0,"2026-01-13 22:15:44","2026-01-13 22:15:44",NULL
8670,175129,0,"2026-01-13 22:15:44","2026-01-13 22:15:44",NULL
8671,175129,0,"2026-01-13 22:15:44","2026-01-13 22:15:44",NULL
8672,175129,0,"2026-01-13 22:15:44","2026-01-13 22:15:44",NULL
8673,175129,0,"2026-01-13 22:15:44","2026-01-13 22:15:44",NULL
8674,175129,0,"2026-01-13 22:15:44","2026-01-13 22:15:44",NULL
8675,175129,0,"2026-01-13 22:15:44","2026-01-13 22:15:44",NULL
8676,175130,0,"2026-01-13 22:15:44","2026-01-13 22:15:44",NULL
8677,175130,0,"2026-01-13 22:15:44","2026-01-13 22:15:44",NULL
8678,175131,0,"2026-01-13 22:15:44","2026-01-13 22:15:44",NULL
8679,175131,0,"2026-01-13 22:15:44","2026-01-13 22:15:44",NULL
8680,175131,0,"2026-01-13 22:15:44","2026-01-13 22:15:44",NULL
8681,175131,0,"2026-01-13 22:15:44","2026-01-13 22:15:44",NULL
8682,175131,0,"2026-01-13 22:15:44","2026-01-13 22:15:44",NULL
8683,175132,0,"2026-01-13 22:15:44","2026-01-13 22:15:44",NULL
8684,175132,0,"2026-01-13 22:15:44","2026-01-13 22:15:44",NULL
8685,175132,0,"2026-01-13 22:15:44","2026-01-13 22:15:44",NULL
8686,175132,0,"2026-01-13 22:15:44","2026-01-13 22:15:44",NULL
8687,175132,0,"2026-01-13 22:15:44","2026-01-13 22:15:44",NULL
8688,175132,0,"2026-01-13 22:15:44","2026-01-13 22:15:44",NULL
8689,175132,0,"2026-01-13 22:15:44","2026-01-13 22:15:44",NULL
8690,175132,0,"2026-01-13 22:15:44","2026-01-13 22:15:44",NULL
8691,175132,0,"2026-01-13 22:15:44","2026-01-13 22:15:44",NULL
8692,175132,0,"2026-01-13 22:15:44","2026-01-13 22:15:44",NULL
8693,175132,0,"2026-01-13 22:15:44","2026-01-13 22:15:44",NULL
8694,175132,0,"2026-01-13 22:15:44","2026-01-13 22:15:44",NULL
8695,175133,0,"2026-01-13 22:15:44","2026-01-13 22:15:44",NULL
8696,175141,0,"2026-01-13 22:15:44","2026-01-13 22:15:44",NULL
8697,175141,0,"2026-01-13 22:15:44","2026-01-13 22:15:44",NULL
8698,175141,0,"2026-01-13 22:15:44","2026-01-13 22:15:44",NULL
8699,175141,0,"2026-01-13 22:15:44","2026-01-13 22:15:44",NULL
8700,175142,0,"2026-01-13 22:15:44","2026-01-13 22:15:44",NULL
8701,175142,0,"2026-01-13 22:15:44","2026-01-13 22:15:44",NULL
8702,175142,0,"2026-01-13 22:15:44","2026-01-13 22:15:44",NULL
8703,175142,0,"2026-01-13 22:15:44","2026-01-13 22:15:44",NULL
8704,175142,0,"2026-01-13 22:15:44","2026-01-13 22:15:44",NULL
8705,175142,0,"2026-01-13 22:15:44","2026-01-13 22:15:44",NULL
8706,175143,0,"2026-01-13 22:15:44","2026-01-13 22:15:44",NULL
8707,175143,0,"2026-01-13 22:15:44","2026-01-13 22:15:44",NULL
8708,175143,0,"2026-01-13 22:15:44","2026-01-13 22:15:44",NULL
8709,176001,0,"2026-01-13 22:15:44","2026-01-13 22:15:44",NULL
8710,176001,0,"2026-01-13 22:15:44","2026-01-13 22:15:44",NULL
8711,176001,0,"2026-01-13 22:15:44","2026-01-13 22:15:44",NULL
8712,176001,0,"2026-01-13 22:15:44","2026-01-13 22:15:44",NULL
8713,176001,0,"2026-01-13 22:15:44","2026-01-13 22:15:44",NULL
8714,176001,0,"2026-01-13 22:15:44","2026-01-13 22:15:44",NULL
8715,176001,0,"2026-01-13 22:15:44","2026-01-13 22:15:44",NULL
8716,176001,0,"2026-01-13 22:15:44","2026-01-13 22:15:44",NULL
8717,176001,0,"2026-01-13 22:15:44","2026-01-13 22:15:44",NULL
8718,176001,0,"2026-01-13 22:15:44","2026-01-13 22:15:44",NULL
8719,176001,0,"2026-01-13 22:15:44","2026-01-13 22:15:44",NULL
8720,176001,0,"2026-01-13 22:15:44","2026-01-13 22:15:44",NULL
8721,176001,0,"2026-01-13 22:15:44","2026-01-13 22:15:44",NULL
8722,176001,0,"2026-01-13 22:15:44","2026-01-13 22:15:44",NULL
8723,176001,0,"2026-01-13 22:15:44","2026-01-13 22:15:44",NULL
8724,176001,0,"2026-01-13 22:15:44","2026-01-13 22:15:44",NULL
8725,176001,0,"2026-01-13 22:15:44","2026-01-13 22:15:44",NULL
8726,176001,0,"2026-01-13 22:15:44","2026-01-13 22:15:44",NULL
8727,176021,0,"2026-01-13 22:15:44","2026-01-13 22:15:44",NULL
8728,176040,0,"2026-01-13 22:15:44","2026-01-13 22:15:44",NULL
8729,176021,0,"2026-01-13 22:15:44","2026-01-13 22:15:44",NULL
8730,176021,0,"2026-01-13 22:15:44","2026-01-13 22:15:44",NULL
8731,176021,0,"2026-01-13 22:15:44","2026-01-13 22:15:44",NULL
8732,176021,0,"2026-01-13 22:15:44","2026-01-13 22:15:44",NULL
8733,176021,0,"2026-01-13 22:15:44","2026-01-13 22:15:44",NULL
8734,176022,0,"2026-01-13 22:15:44","2026-01-13 22:15:44",NULL
8735,176022,0,"2026-01-13 22:15:44","2026-01-13 22:15:44",NULL
8736,176022,0,"2026-01-13 22:15:44","2026-01-13 22:15:44",NULL
8737,176022,0,"2026-01-13 22:15:44","2026-01-13 22:15:44",NULL
8738,176022,0,"2026-01-13 22:15:44","2026-01-13 22:15:44",NULL
8739,176022,0,"2026-01-13 22:15:44","2026-01-13 22:15:44",NULL
8740,176022,0,"2026-01-13 22:15:44","2026-01-13 22:15:44",NULL
8741,176022,0,"2026-01-13 22:15:44","2026-01-13 22:15:44",NULL
8742,176022,0,"2026-01-13 22:15:44","2026-01-13 22:15:44",NULL
8743,176022,0,"2026-01-13 22:15:44","2026-01-13 22:15:44",NULL
8744,176022,0,"2026-01-13 22:15:44","2026-01-13 22:15:44",NULL
8745,176022,0,"2026-01-13 22:15:44","2026-01-13 22:15:44",NULL
8746,176022,0,"2026-01-13 22:15:44","2026-01-13 22:15:44",NULL
8747,176022,0,"2026-01-13 22:15:44","2026-01-13 22:15:44",NULL
8748,176023,0,"2026-01-13 22:15:44","2026-01-13 22:15:44",NULL
8749,176023,0,"2026-01-13 22:15:44","2026-01-13 22:15:44",NULL
8750,176023,0,"2026-01-13 22:15:44","2026-01-13 22:15:44",NULL
8751,176023,0,"2026-01-13 22:15:44","2026-01-13 22:15:44",NULL
8752,176023,0,"2026-01-13 22:15:44","2026-01-13 22:15:44",NULL
8753,176023,0,"2026-01-13 22:15:44","2026-01-13 22:15:44",NULL
8754,176023,0,"2026-01-13 22:15:44","2026-01-13 22:15:44",NULL
8755,176023,0,"2026-01-13 22:15:44","2026-01-13 22:15:44",NULL
8756,176023,0,"2026-01-13 22:15:44","2026-01-13 22:15:44",NULL
8757,176023,0,"2026-01-13 22:15:44","2026-01-13 22:15:44",NULL
8758,176023,0,"2026-01-13 22:15:44","2026-01-13 22:15:44",NULL
8759,176023,0,"2026-01-13 22:15:44","2026-01-13 22:15:44",NULL
8760,176023,0,"2026-01-13 22:15:44","2026-01-13 22:15:44",NULL
8761,176023,0,"2026-01-13 22:15:44","2026-01-13 22:15:44",NULL
8762,176025,0,"2026-01-13 22:15:44","2026-01-13 22:15:44",NULL
8763,176025,0,"2026-01-13 22:15:44","2026-01-13 22:15:44",NULL
8764,176025,0,"2026-01-13 22:15:44","2026-01-13 22:15:44",NULL
8765,176025,0,"2026-01-13 22:15:44","2026-01-13 22:15:44",NULL
8766,176025,0,"2026-01-13 22:15:44","2026-01-13 22:15:44",NULL
8767,176025,0,"2026-01-13 22:15:44","2026-01-13 22:15:44",NULL
8768,176026,0,"2026-01-13 22:15:44","2026-01-13 22:15:44",NULL
8769,176026,0,"2026-01-13 22:15:44","2026-01-13 22:15:44",NULL
8770,176026,0,"2026-01-13 22:15:44","2026-01-13 22:15:44",NULL
8771,176026,0,"2026-01-13 22:15:44","2026-01-13 22:15:44",NULL
8772,176026,0,"2026-01-13 22:15:44","2026-01-13 22:15:44",NULL
8773,176027,0,"2026-01-13 22:15:44","2026-01-13 22:15:44",NULL
8774,176027,0,"2026-01-13 22:15:44","2026-01-13 22:15:44",NULL
8775,176027,0,"2026-01-13 22:15:44","2026-01-13 22:15:44",NULL
8776,176027,0,"2026-01-13 22:15:44","2026-01-13 22:15:44",NULL
8777,176027,0,"2026-01-13 22:15:44","2026-01-13 22:15:44",NULL
8778,176027,0,"2026-01-13 22:15:44","2026-01-13 22:15:44",NULL
8779,176027,0,"2026-01-13 22:15:44","2026-01-13 22:15:44",NULL
8780,176027,0,"2026-01-13 22:15:44","2026-01-13 22:15:44",NULL
8781,176028,0,"2026-01-13 22:15:44","2026-01-13 22:15:44",NULL
8782,176028,0,"2026-01-13 22:15:44","2026-01-13 22:15:44",NULL
8783,176028,0,"2026-01-13 22:15:44","2026-01-13 22:15:44",NULL
8784,176028,0,"2026-01-13 22:15:44","2026-01-13 22:15:44",NULL
8785,176028,0,"2026-01-13 22:15:44","2026-01-13 22:15:44",NULL
8786,176029,0,"2026-01-13 22:15:44","2026-01-13 22:15:44",NULL
8787,176029,0,"2026-01-13 22:15:44","2026-01-13 22:15:44",NULL
8788,176029,0,"2026-01-13 22:15:44","2026-01-13 22:15:44",NULL
8789,176029,0,"2026-01-13 22:15:44","2026-01-13 22:15:44",NULL
8790,176029,0,"2026-01-13 22:15:44","2026-01-13 22:15:44",NULL
8791,176029,0,"2026-01-13 22:15:44","2026-01-13 22:15:44",NULL
8792,176029,0,"2026-01-13 22:15:44","2026-01-13 22:15:44",NULL
8793,176029,0,"2026-01-13 22:15:44","2026-01-13 22:15:44",NULL
8794,176029,0,"2026-01-13 22:15:44","2026-01-13 22:15:44",NULL
8795,176029,0,"2026-01-13 22:15:44","2026-01-13 22:15:44",NULL
8796,176029,0,"2026-01-13 22:15:44","2026-01-13 22:15:44",NULL
8797,176029,0,"2026-01-13 22:15:44","2026-01-13 22:15:44",NULL
8798,176029,0,"2026-01-13 22:15:44","2026-01-13 22:15:44",NULL
8799,176030,0,"2026-01-13 22:15:44","2026-01-13 22:15:44",NULL
8800,176030,0,"2026-01-13 22:15:44","2026-01-13 22:15:44",NULL
8801,176030,0,"2026-01-13 22:15:44","2026-01-13 22:15:44",NULL
8802,176030,0,"2026-01-13 22:15:44","2026-01-13 22:15:44",NULL
8803,176030,0,"2026-01-13 22:15:44","2026-01-13 22:15:44",NULL
8804,176031,0,"2026-01-13 22:15:44","2026-01-13 22:15:44",NULL
8805,176031,0,"2026-01-13 22:15:44","2026-01-13 22:15:44",NULL
8806,176031,0,"2026-01-13 22:15:44","2026-01-13 22:15:44",NULL
8807,176031,0,"2026-01-13 22:15:44","2026-01-13 22:15:44",NULL
8808,176031,0,"2026-01-13 22:15:44","2026-01-13 22:15:44",NULL
8809,176031,0,"2026-01-13 22:15:44","2026-01-13 22:15:44",NULL
8810,176031,0,"2026-01-13 22:15:44","2026-01-13 22:15:44",NULL
8811,176031,0,"2026-01-13 22:15:44","2026-01-13 22:15:44",NULL
8812,176031,0,"2026-01-13 22:15:44","2026-01-13 22:15:44",NULL
8813,176031,0,"2026-01-13 22:15:44","2026-01-13 22:15:44",NULL
8814,176032,0,"2026-01-13 22:15:44","2026-01-13 22:15:44",NULL
8815,176032,0,"2026-01-13 22:15:44","2026-01-13 22:15:44",NULL
8816,176032,0,"2026-01-13 22:15:44","2026-01-13 22:15:44",NULL
8817,176033,0,"2026-01-13 22:15:44","2026-01-13 22:15:44",NULL
8818,176033,0,"2026-01-13 22:15:44","2026-01-13 22:15:44",NULL
8819,176033,0,"2026-01-13 22:15:44","2026-01-13 22:15:44",NULL
8820,176033,0,"2026-01-13 22:15:44","2026-01-13 22:15:44",NULL
8821,176033,0,"2026-01-13 22:15:44","2026-01-13 22:15:44",NULL
8822,176036,0,"2026-01-13 22:15:44","2026-01-13 22:15:44",NULL
8823,176036,0,"2026-01-13 22:15:44","2026-01-13 22:15:44",NULL
8824,176036,0,"2026-01-13 22:15:45","2026-01-13 22:15:45",NULL
8825,176036,0,"2026-01-13 22:15:45","2026-01-13 22:15:45",NULL
8826,176036,0,"2026-01-13 22:15:45","2026-01-13 22:15:45",NULL
8827,176036,0,"2026-01-13 22:15:45","2026-01-13 22:15:45",NULL
8828,176036,0,"2026-01-13 22:15:45","2026-01-13 22:15:45",NULL
8829,176036,0,"2026-01-13 22:15:45","2026-01-13 22:15:45",NULL
8830,176037,0,"2026-01-13 22:15:45","2026-01-13 22:15:45",NULL
8831,176037,0,"2026-01-13 22:15:45","2026-01-13 22:15:45",NULL
8832,176037,0,"2026-01-13 22:15:45","2026-01-13 22:15:45",NULL
8833,176037,0,"2026-01-13 22:15:45","2026-01-13 22:15:45",NULL
8834,176037,0,"2026-01-13 22:15:45","2026-01-13 22:15:45",NULL
8835,176037,0,"2026-01-13 22:15:45","2026-01-13 22:15:45",NULL
8836,176037,0,"2026-01-13 22:15:45","2026-01-13 22:15:45",NULL
8837,176038,0,"2026-01-13 22:15:45","2026-01-13 22:15:45",NULL
8838,176040,0,"2026-01-13 22:15:45","2026-01-13 22:15:45",NULL
8839,176040,0,"2026-01-13 22:15:45","2026-01-13 22:15:45",NULL
8840,176040,0,"2026-01-13 22:15:45","2026-01-13 22:15:45",NULL
8841,176041,0,"2026-01-13 22:15:45","2026-01-13 22:15:45",NULL
8842,176041,0,"2026-01-13 22:15:45","2026-01-13 22:15:45",NULL
8843,176041,0,"2026-01-13 22:15:45","2026-01-13 22:15:45",NULL
8844,176041,0,"2026-01-13 22:15:45","2026-01-13 22:15:45",NULL
8845,176041,0,"2026-01-13 22:15:45","2026-01-13 22:15:45",NULL
8846,176041,0,"2026-01-13 22:15:45","2026-01-13 22:15:45",NULL
8847,176041,0,"2026-01-13 22:15:45","2026-01-13 22:15:45",NULL
8848,176041,0,"2026-01-13 22:15:45","2026-01-13 22:15:45",NULL
8849,176041,0,"2026-01-13 22:15:45","2026-01-13 22:15:45",NULL
8850,176041,0,"2026-01-13 22:15:45","2026-01-13 22:15:45",NULL
8851,176042,0,"2026-01-13 22:15:45","2026-01-13 22:15:45",NULL
8852,176042,0,"2026-01-13 22:15:45","2026-01-13 22:15:45",NULL
8853,176042,0,"2026-01-13 22:15:45","2026-01-13 22:15:45",NULL
8854,176042,0,"2026-01-13 22:15:45","2026-01-13 22:15:45",NULL
8855,176042,0,"2026-01-13 22:15:45","2026-01-13 22:15:45",NULL
8856,176043,0,"2026-01-13 22:15:45","2026-01-13 22:15:45",NULL
8857,176043,0,"2026-01-13 22:15:45","2026-01-13 22:15:45",NULL
8858,176043,0,"2026-01-13 22:15:45","2026-01-13 22:15:45",NULL
8859,176043,0,"2026-01-13 22:15:45","2026-01-13 22:15:45",NULL
8860,176043,0,"2026-01-13 22:15:45","2026-01-13 22:15:45",NULL
8861,176044,0,"2026-01-13 22:15:45","2026-01-13 22:15:45",NULL
8862,176044,0,"2026-01-13 22:15:45","2026-01-13 22:15:45",NULL
8863,176045,0,"2026-01-13 22:15:45","2026-01-13 22:15:45",NULL
8864,176045,0,"2026-01-13 22:15:45","2026-01-13 22:15:45",NULL
8865,176045,0,"2026-01-13 22:15:45","2026-01-13 22:15:45",NULL
8866,176045,0,"2026-01-13 22:15:45","2026-01-13 22:15:45",NULL
8867,176045,0,"2026-01-13 22:15:45","2026-01-13 22:15:45",NULL
8868,176045,0,"2026-01-13 22:15:45","2026-01-13 22:15:45",NULL
8869,176045,0,"2026-01-13 22:15:45","2026-01-13 22:15:45",NULL
8870,176045,0,"2026-01-13 22:15:45","2026-01-13 22:15:45",NULL
8871,176045,0,"2026-01-13 22:15:45","2026-01-13 22:15:45",NULL
8872,176047,0,"2026-01-13 22:15:45","2026-01-13 22:15:45",NULL
8873,176047,0,"2026-01-13 22:15:45","2026-01-13 22:15:45",NULL
8874,176047,0,"2026-01-13 22:15:45","2026-01-13 22:15:45",NULL
8875,176047,0,"2026-01-13 22:15:45","2026-01-13 22:15:45",NULL
8876,176047,0,"2026-01-13 22:15:45","2026-01-13 22:15:45",NULL
8877,176047,0,"2026-01-13 22:15:45","2026-01-13 22:15:45",NULL
8878,176047,0,"2026-01-13 22:15:45","2026-01-13 22:15:45",NULL
8879,176047,0,"2026-01-13 22:15:45","2026-01-13 22:15:45",NULL
8880,176047,0,"2026-01-13 22:15:45","2026-01-13 22:15:45",NULL
8881,176047,0,"2026-01-13 22:15:45","2026-01-13 22:15:45",NULL
8882,176047,0,"2026-01-13 22:15:45","2026-01-13 22:15:45",NULL
8883,176047,0,"2026-01-13 22:15:45","2026-01-13 22:15:45",NULL
8884,176047,0,"2026-01-13 22:15:45","2026-01-13 22:15:45",NULL
8885,176048,0,"2026-01-13 22:15:45","2026-01-13 22:15:45",NULL
8886,176048,0,"2026-01-13 22:15:45","2026-01-13 22:15:45",NULL
8887,176048,0,"2026-01-13 22:15:45","2026-01-13 22:15:45",NULL
8888,176049,0,"2026-01-13 22:15:45","2026-01-13 22:15:45",NULL
8889,176038,0,"2026-01-13 22:15:45","2026-01-13 22:15:45",NULL
8890,176038,0,"2026-01-13 22:15:45","2026-01-13 22:15:45",NULL
8891,176038,0,"2026-01-13 22:15:45","2026-01-13 22:15:45",NULL
8892,176038,0,"2026-01-13 22:15:45","2026-01-13 22:15:45",NULL
8893,176039,0,"2026-01-13 22:15:45","2026-01-13 22:15:45",NULL
8894,176039,0,"2026-01-13 22:15:45","2026-01-13 22:15:45",NULL
8895,176039,0,"2026-01-13 22:15:45","2026-01-13 22:15:45",NULL
8896,176039,0,"2026-01-13 22:15:45","2026-01-13 22:15:45",NULL
8897,176039,0,"2026-01-13 22:15:45","2026-01-13 22:15:45",NULL
8898,176039,0,"2026-01-13 22:15:45","2026-01-13 22:15:45",NULL
8899,176039,0,"2026-01-13 22:15:45","2026-01-13 22:15:45",NULL
8900,176040,0,"2026-01-13 22:15:45","2026-01-13 22:15:45",NULL
8901,176087,0,"2026-01-13 22:15:45","2026-01-13 22:15:45",NULL
8902,176040,0,"2026-01-13 22:15:45","2026-01-13 22:15:45",NULL
8903,176040,0,"2026-01-13 22:15:45","2026-01-13 22:15:45",NULL
8904,176056,0,"2026-01-13 22:15:45","2026-01-13 22:15:45",NULL
8905,176056,0,"2026-01-13 22:15:45","2026-01-13 22:15:45",NULL
8906,176056,0,"2026-01-13 22:15:45","2026-01-13 22:15:45",NULL
8907,176056,0,"2026-01-13 22:15:45","2026-01-13 22:15:45",NULL
8908,176057,0,"2026-01-13 22:15:45","2026-01-13 22:15:45",NULL
8909,176057,0,"2026-01-13 22:15:45","2026-01-13 22:15:45",NULL
8910,176057,0,"2026-01-13 22:15:45","2026-01-13 22:15:45",NULL
8911,176057,0,"2026-01-13 22:15:45","2026-01-13 22:15:45",NULL
8912,176057,0,"2026-01-13 22:15:45","2026-01-13 22:15:45",NULL
8913,176057,0,"2026-01-13 22:15:45","2026-01-13 22:15:45",NULL
8914,176058,0,"2026-01-13 22:15:45","2026-01-13 22:15:45",NULL
8915,176058,0,"2026-01-13 22:15:45","2026-01-13 22:15:45",NULL
8916,176058,0,"2026-01-13 22:15:45","2026-01-13 22:15:45",NULL
8917,176058,0,"2026-01-13 22:15:45","2026-01-13 22:15:45",NULL
8918,176058,0,"2026-01-13 22:15:45","2026-01-13 22:15:45",NULL
8919,176058,0,"2026-01-13 22:15:45","2026-01-13 22:15:45",NULL
8920,176058,0,"2026-01-13 22:15:45","2026-01-13 22:15:45",NULL
8921,176058,0,"2026-01-13 22:15:45","2026-01-13 22:15:45",NULL
8922,176058,0,"2026-01-13 22:15:45","2026-01-13 22:15:45",NULL
8923,176058,0,"2026-01-13 22:15:45","2026-01-13 22:15:45",NULL
8924,176059,0,"2026-01-13 22:15:45","2026-01-13 22:15:45",NULL
8925,176059,0,"2026-01-13 22:15:45","2026-01-13 22:15:45",NULL
8926,176059,0,"2026-01-13 22:15:45","2026-01-13 22:15:45",NULL
8927,176059,0,"2026-01-13 22:15:45","2026-01-13 22:15:45",NULL
8928,176059,0,"2026-01-13 22:15:45","2026-01-13 22:15:45",NULL
8929,176059,0,"2026-01-13 22:15:45","2026-01-13 22:15:45",NULL
8930,176059,0,"2026-01-13 22:15:45","2026-01-13 22:15:45",NULL
8931,176059,0,"2026-01-13 22:15:45","2026-01-13 22:15:45",NULL
8932,176049,0,"2026-01-13 22:15:45","2026-01-13 22:15:45",NULL
8933,176049,0,"2026-01-13 22:15:45","2026-01-13 22:15:45",NULL
8934,176049,0,"2026-01-13 22:15:45","2026-01-13 22:15:45",NULL
8935,176049,0,"2026-01-13 22:15:45","2026-01-13 22:15:45",NULL
8936,176049,0,"2026-01-13 22:15:45","2026-01-13 22:15:45",NULL
8937,176051,0,"2026-01-13 22:15:45","2026-01-13 22:15:45",NULL
8938,176051,0,"2026-01-13 22:15:45","2026-01-13 22:15:45",NULL
8939,176051,0,"2026-01-13 22:15:45","2026-01-13 22:15:45",NULL
8940,176051,0,"2026-01-13 22:15:45","2026-01-13 22:15:45",NULL
8941,176051,0,"2026-01-13 22:15:45","2026-01-13 22:15:45",NULL
8942,176051,0,"2026-01-13 22:15:45","2026-01-13 22:15:45",NULL
8943,176051,0,"2026-01-13 22:15:45","2026-01-13 22:15:45",NULL
8944,176051,0,"2026-01-13 22:15:45","2026-01-13 22:15:45",NULL
8945,176051,0,"2026-01-13 22:15:45","2026-01-13 22:15:45",NULL
8946,176052,0,"2026-01-13 22:15:45","2026-01-13 22:15:45",NULL
8947,176052,0,"2026-01-13 22:15:45","2026-01-13 22:15:45",NULL
8948,176052,0,"2026-01-13 22:15:45","2026-01-13 22:15:45",NULL
8949,176052,0,"2026-01-13 22:15:45","2026-01-13 22:15:45",NULL
8950,176052,0,"2026-01-13 22:15:45","2026-01-13 22:15:45",NULL
8951,176052,0,"2026-01-13 22:15:45","2026-01-13 22:15:45",NULL
8952,176052,0,"2026-01-13 22:15:45","2026-01-13 22:15:45",NULL
8953,176053,0,"2026-01-13 22:15:45","2026-01-13 22:15:45",NULL
8954,176053,0,"2026-01-13 22:15:45","2026-01-13 22:15:45",NULL
8955,176053,0,"2026-01-13 22:15:45","2026-01-13 22:15:45",NULL
8956,176053,0,"2026-01-13 22:15:45","2026-01-13 22:15:45",NULL
8957,176053,0,"2026-01-13 22:15:45","2026-01-13 22:15:45",NULL
8958,176053,0,"2026-01-13 22:15:45","2026-01-13 22:15:45",NULL
8959,176054,0,"2026-01-13 22:15:45","2026-01-13 22:15:45",NULL
8960,176054,0,"2026-01-13 22:15:45","2026-01-13 22:15:45",NULL
8961,176054,0,"2026-01-13 22:15:45","2026-01-13 22:15:45",NULL
8962,176054,0,"2026-01-13 22:15:45","2026-01-13 22:15:45",NULL
8963,176054,0,"2026-01-13 22:15:45","2026-01-13 22:15:45",NULL
8964,176054,0,"2026-01-13 22:15:45","2026-01-13 22:15:45",NULL
8965,176054,0,"2026-01-13 22:15:45","2026-01-13 22:15:45",NULL
8966,176054,0,"2026-01-13 22:15:45","2026-01-13 22:15:45",NULL
8967,176055,0,"2026-01-13 22:15:45","2026-01-13 22:15:45",NULL
8968,176055,0,"2026-01-13 22:15:45","2026-01-13 22:15:45",NULL
8969,176056,0,"2026-01-13 22:15:45","2026-01-13 22:15:45",NULL
8970,176056,0,"2026-01-13 22:15:45","2026-01-13 22:15:45",NULL
8971,176056,0,"2026-01-13 22:15:45","2026-01-13 22:15:45",NULL
8972,176056,0,"2026-01-13 22:15:45","2026-01-13 22:15:45",NULL
8973,176056,0,"2026-01-13 22:15:45","2026-01-13 22:15:45",NULL
8974,176056,0,"2026-01-13 22:15:45","2026-01-13 22:15:45",NULL
8975,176056,0,"2026-01-13 22:15:45","2026-01-13 22:15:45",NULL
8976,176056,0,"2026-01-13 22:15:45","2026-01-13 22:15:45",NULL
8977,176083,0,"2026-01-13 22:15:45","2026-01-13 22:15:45",NULL
8978,176083,0,"2026-01-13 22:15:45","2026-01-13 22:15:45",NULL
8979,176083,0,"2026-01-13 22:15:45","2026-01-13 22:15:45",NULL
8980,176083,0,"2026-01-13 22:15:45","2026-01-13 22:15:45",NULL
8981,176083,0,"2026-01-13 22:15:45","2026-01-13 22:15:45",NULL
8982,176083,0,"2026-01-13 22:15:45","2026-01-13 22:15:45",NULL
8983,176059,0,"2026-01-13 22:15:45","2026-01-13 22:15:45",NULL
8984,176060,0,"2026-01-13 22:15:45","2026-01-13 22:15:45",NULL
8985,176060,0,"2026-01-13 22:15:45","2026-01-13 22:15:45",NULL
8986,176060,0,"2026-01-13 22:15:45","2026-01-13 22:15:45",NULL
8987,176060,0,"2026-01-13 22:15:45","2026-01-13 22:15:45",NULL
8988,176061,0,"2026-01-13 22:15:45","2026-01-13 22:15:45",NULL
8989,176061,0,"2026-01-13 22:15:45","2026-01-13 22:15:45",NULL
8990,176061,0,"2026-01-13 22:15:45","2026-01-13 22:15:45",NULL
8991,176061,0,"2026-01-13 22:15:45","2026-01-13 22:15:45",NULL
8992,176061,0,"2026-01-13 22:15:45","2026-01-13 22:15:45",NULL
8993,176061,0,"2026-01-13 22:15:45","2026-01-13 22:15:45",NULL
8994,176061,0,"2026-01-13 22:15:45","2026-01-13 22:15:45",NULL
8995,176061,0,"2026-01-13 22:15:45","2026-01-13 22:15:45",NULL
8996,176061,0,"2026-01-13 22:15:45","2026-01-13 22:15:45",NULL
8997,176061,0,"2026-01-13 22:15:45","2026-01-13 22:15:45",NULL
8998,176061,0,"2026-01-13 22:15:45","2026-01-13 22:15:45",NULL
8999,176061,0,"2026-01-13 22:15:45","2026-01-13 22:15:45",NULL
9000,176061,0,"2026-01-13 22:15:45","2026-01-13 22:15:45",NULL
9001,176061,0,"2026-01-13 22:15:45","2026-01-13 22:15:45",NULL
9002,176061,0,"2026-01-13 22:15:45","2026-01-13 22:15:45",NULL
9003,176061,0,"2026-01-13 22:15:45","2026-01-13 22:15:45",NULL
9004,176061,0,"2026-01-13 22:15:45","2026-01-13 22:15:45",NULL
9005,176061,0,"2026-01-13 22:15:45","2026-01-13 22:15:45",NULL
9006,176061,0,"2026-01-13 22:15:45","2026-01-13 22:15:45",NULL
9007,176061,0,"2026-01-13 22:15:45","2026-01-13 22:15:45",NULL
9008,176062,0,"2026-01-13 22:15:45","2026-01-13 22:15:45",NULL
9009,176063,0,"2026-01-13 22:15:45","2026-01-13 22:15:45",NULL
9010,176063,0,"2026-01-13 22:15:45","2026-01-13 22:15:45",NULL
9011,176063,0,"2026-01-13 22:15:45","2026-01-13 22:15:45",NULL
9012,176063,0,"2026-01-13 22:15:45","2026-01-13 22:15:45",NULL
9013,176063,0,"2026-01-13 22:15:45","2026-01-13 22:15:45",NULL
9014,176063,0,"2026-01-13 22:15:45","2026-01-13 22:15:45",NULL
9015,176064,0,"2026-01-13 22:15:45","2026-01-13 22:15:45",NULL
9016,176064,0,"2026-01-13 22:15:45","2026-01-13 22:15:45",NULL
9017,176064,0,"2026-01-13 22:15:45","2026-01-13 22:15:45",NULL
9018,176064,0,"2026-01-13 22:15:45","2026-01-13 22:15:45",NULL
9019,176064,0,"2026-01-13 22:15:45","2026-01-13 22:15:45",NULL
9020,176064,0,"2026-01-13 22:15:45","2026-01-13 22:15:45",NULL
9021,176065,0,"2026-01-13 22:15:45","2026-01-13 22:15:45",NULL
9022,176065,0,"2026-01-13 22:15:45","2026-01-13 22:15:45",NULL
9023,176066,0,"2026-01-13 22:15:45","2026-01-13 22:15:45",NULL
9024,176071,0,"2026-01-13 22:15:45","2026-01-13 22:15:45",NULL
9025,176071,0,"2026-01-13 22:15:45","2026-01-13 22:15:45",NULL
9026,176071,0,"2026-01-13 22:15:45","2026-01-13 22:15:45",NULL
9027,176073,0,"2026-01-13 22:15:45","2026-01-13 22:15:45",NULL
9028,176073,0,"2026-01-13 22:15:45","2026-01-13 22:15:45",NULL
9029,176073,0,"2026-01-13 22:15:45","2026-01-13 22:15:45",NULL
9030,176075,0,"2026-01-13 22:15:45","2026-01-13 22:15:45",NULL
9031,176076,0,"2026-01-13 22:15:45","2026-01-13 22:15:45",NULL
9032,176076,0,"2026-01-13 22:15:45","2026-01-13 22:15:45",NULL
9033,176076,0,"2026-01-13 22:15:45","2026-01-13 22:15:45",NULL
9034,176076,0,"2026-01-13 22:15:45","2026-01-13 22:15:45",NULL
9035,176076,0,"2026-01-13 22:15:45","2026-01-13 22:15:45",NULL
9036,176077,0,"2026-01-13 22:15:45","2026-01-13 22:15:45",NULL
9037,176077,0,"2026-01-13 22:15:45","2026-01-13 22:15:45",NULL
9038,176081,0,"2026-01-13 22:15:45","2026-01-13 22:15:45",NULL
9039,176081,0,"2026-01-13 22:15:45","2026-01-13 22:15:45",NULL
9040,176081,0,"2026-01-13 22:15:45","2026-01-13 22:15:45",NULL
9041,176081,0,"2026-01-13 22:15:45","2026-01-13 22:15:45",NULL
9042,176081,0,"2026-01-13 22:15:45","2026-01-13 22:15:45",NULL
9043,176082,0,"2026-01-13 22:15:45","2026-01-13 22:15:45",NULL
9044,176082,0,"2026-01-13 22:15:45","2026-01-13 22:15:45",NULL
9045,176082,0,"2026-01-13 22:15:45","2026-01-13 22:15:45",NULL
9046,176082,0,"2026-01-13 22:15:45","2026-01-13 22:15:45",NULL
9047,176082,0,"2026-01-13 22:15:45","2026-01-13 22:15:45",NULL
9048,176082,0,"2026-01-13 22:15:45","2026-01-13 22:15:45",NULL
9049,176083,0,"2026-01-13 22:15:45","2026-01-13 22:15:45",NULL
9050,176083,0,"2026-01-13 22:15:45","2026-01-13 22:15:45",NULL
9051,176083,0,"2026-01-13 22:15:45","2026-01-13 22:15:45",NULL
9052,176083,0,"2026-01-13 22:15:45","2026-01-13 22:15:45",NULL
9053,176084,0,"2026-01-13 22:15:45","2026-01-13 22:15:45",NULL
9054,176084,0,"2026-01-13 22:15:45","2026-01-13 22:15:45",NULL
9055,176084,0,"2026-01-13 22:15:45","2026-01-13 22:15:45",NULL
9056,176084,0,"2026-01-13 22:15:45","2026-01-13 22:15:45",NULL
9057,176084,0,"2026-01-13 22:15:45","2026-01-13 22:15:45",NULL
9058,176084,0,"2026-01-13 22:15:45","2026-01-13 22:15:45",NULL
9059,176084,0,"2026-01-13 22:15:45","2026-01-13 22:15:45",NULL
9060,176085,0,"2026-01-13 22:15:45","2026-01-13 22:15:45",NULL
9061,176085,0,"2026-01-13 22:15:45","2026-01-13 22:15:45",NULL
9062,176085,0,"2026-01-13 22:15:45","2026-01-13 22:15:45",NULL
9063,176085,0,"2026-01-13 22:15:45","2026-01-13 22:15:45",NULL
9064,176085,0,"2026-01-13 22:15:45","2026-01-13 22:15:45",NULL
9065,176086,0,"2026-01-13 22:15:45","2026-01-13 22:15:45",NULL
9066,176086,0,"2026-01-13 22:15:45","2026-01-13 22:15:45",NULL
9067,176086,0,"2026-01-13 22:15:45","2026-01-13 22:15:45",NULL
9068,176086,0,"2026-01-13 22:15:45","2026-01-13 22:15:45",NULL
9069,176086,0,"2026-01-13 22:15:45","2026-01-13 22:15:45",NULL
9070,176086,0,"2026-01-13 22:15:45","2026-01-13 22:15:45",NULL
9071,176086,0,"2026-01-13 22:15:45","2026-01-13 22:15:45",NULL
9072,176086,0,"2026-01-13 22:15:45","2026-01-13 22:15:45",NULL
9073,176087,0,"2026-01-13 22:15:45","2026-01-13 22:15:45",NULL
9074,176128,0,"2026-01-13 22:15:45","2026-01-13 22:15:45",NULL
9075,176087,0,"2026-01-13 22:15:45","2026-01-13 22:15:45",NULL
9076,176087,0,"2026-01-13 22:15:45","2026-01-13 22:15:45",NULL
9077,176087,0,"2026-01-13 22:15:45","2026-01-13 22:15:45",NULL
9078,176088,0,"2026-01-13 22:15:45","2026-01-13 22:15:45",NULL
9079,176088,0,"2026-01-13 22:15:45","2026-01-13 22:15:45",NULL
9080,176088,0,"2026-01-13 22:15:45","2026-01-13 22:15:45",NULL
9081,176088,0,"2026-01-13 22:15:45","2026-01-13 22:15:45",NULL
9082,176088,0,"2026-01-13 22:15:45","2026-01-13 22:15:45",NULL
9083,176088,0,"2026-01-13 22:15:45","2026-01-13 22:15:45",NULL
9084,176088,0,"2026-01-13 22:15:45","2026-01-13 22:15:45",NULL
9085,176088,0,"2026-01-13 22:15:45","2026-01-13 22:15:45",NULL
9086,176088,0,"2026-01-13 22:15:45","2026-01-13 22:15:45",NULL
9087,176089,0,"2026-01-13 22:15:45","2026-01-13 22:15:45",NULL
9088,176089,0,"2026-01-13 22:15:45","2026-01-13 22:15:45",NULL
9089,176089,0,"2026-01-13 22:15:45","2026-01-13 22:15:45",NULL
9090,176089,0,"2026-01-13 22:15:45","2026-01-13 22:15:45",NULL
9091,176090,0,"2026-01-13 22:15:45","2026-01-13 22:15:45",NULL
9092,176090,0,"2026-01-13 22:15:45","2026-01-13 22:15:45",NULL
9093,176090,0,"2026-01-13 22:15:45","2026-01-13 22:15:45",NULL
9094,176090,0,"2026-01-13 22:15:45","2026-01-13 22:15:45",NULL
9095,176090,0,"2026-01-13 22:15:45","2026-01-13 22:15:45",NULL
9096,176090,0,"2026-01-13 22:15:45","2026-01-13 22:15:45",NULL
9097,176090,0,"2026-01-13 22:15:45","2026-01-13 22:15:45",NULL
9098,176090,0,"2026-01-13 22:15:45","2026-01-13 22:15:45",NULL
9099,176091,0,"2026-01-13 22:15:45","2026-01-13 22:15:45",NULL
9100,176091,0,"2026-01-13 22:15:45","2026-01-13 22:15:45",NULL
9101,176091,0,"2026-01-13 22:15:45","2026-01-13 22:15:45",NULL
9102,176092,0,"2026-01-13 22:15:45","2026-01-13 22:15:45",NULL
9103,176092,0,"2026-01-13 22:15:45","2026-01-13 22:15:45",NULL
9104,176092,0,"2026-01-13 22:15:45","2026-01-13 22:15:45",NULL
9105,176092,0,"2026-01-13 22:15:45","2026-01-13 22:15:45",NULL
9106,176092,0,"2026-01-13 22:15:45","2026-01-13 22:15:45",NULL
9107,176092,0,"2026-01-13 22:15:45","2026-01-13 22:15:45",NULL
9108,176093,0,"2026-01-13 22:15:45","2026-01-13 22:15:45",NULL
9109,176093,0,"2026-01-13 22:15:45","2026-01-13 22:15:45",NULL
9110,176093,0,"2026-01-13 22:15:45","2026-01-13 22:15:45",NULL
9111,176093,0,"2026-01-13 22:15:45","2026-01-13 22:15:45",NULL
9112,176093,0,"2026-01-13 22:15:45","2026-01-13 22:15:45",NULL
9113,176094,0,"2026-01-13 22:15:45","2026-01-13 22:15:45",NULL
9114,176094,0,"2026-01-13 22:15:45","2026-01-13 22:15:45",NULL
9115,176094,0,"2026-01-13 22:15:45","2026-01-13 22:15:45",NULL
9116,176094,0,"2026-01-13 22:15:45","2026-01-13 22:15:45",NULL
9117,176094,0,"2026-01-13 22:15:45","2026-01-13 22:15:45",NULL
9118,176095,0,"2026-01-13 22:15:45","2026-01-13 22:15:45",NULL
9119,176095,0,"2026-01-13 22:15:45","2026-01-13 22:15:45",NULL
9120,176095,0,"2026-01-13 22:15:45","2026-01-13 22:15:45",NULL
9121,176095,0,"2026-01-13 22:15:45","2026-01-13 22:15:45",NULL
9122,176095,0,"2026-01-13 22:15:45","2026-01-13 22:15:45",NULL
9123,176095,0,"2026-01-13 22:15:45","2026-01-13 22:15:45",NULL
9124,176095,0,"2026-01-13 22:15:45","2026-01-13 22:15:45",NULL
9125,176096,0,"2026-01-13 22:15:45","2026-01-13 22:15:45",NULL
9126,176096,0,"2026-01-13 22:15:45","2026-01-13 22:15:45",NULL
9127,176101,0,"2026-01-13 22:15:45","2026-01-13 22:15:45",NULL
9128,176101,0,"2026-01-13 22:15:45","2026-01-13 22:15:45",NULL
9129,176101,0,"2026-01-13 22:15:45","2026-01-13 22:15:45",NULL
9130,176101,0,"2026-01-13 22:15:45","2026-01-13 22:15:45",NULL
9131,176101,0,"2026-01-13 22:15:45","2026-01-13 22:15:45",NULL
9132,176101,0,"2026-01-13 22:15:45","2026-01-13 22:15:45",NULL
9133,176102,0,"2026-01-13 22:15:45","2026-01-13 22:15:45",NULL
9134,176102,0,"2026-01-13 22:15:45","2026-01-13 22:15:45",NULL
9135,176102,0,"2026-01-13 22:15:45","2026-01-13 22:15:45",NULL
9136,176102,0,"2026-01-13 22:15:45","2026-01-13 22:15:45",NULL
9137,176102,0,"2026-01-13 22:15:45","2026-01-13 22:15:45",NULL
9138,176103,0,"2026-01-13 22:15:45","2026-01-13 22:15:45",NULL
9139,176103,0,"2026-01-13 22:15:45","2026-01-13 22:15:45",NULL
9140,176103,0,"2026-01-13 22:15:45","2026-01-13 22:15:45",NULL
9141,176103,0,"2026-01-13 22:15:45","2026-01-13 22:15:45",NULL
9142,176103,0,"2026-01-13 22:15:45","2026-01-13 22:15:45",NULL
9143,176103,0,"2026-01-13 22:15:45","2026-01-13 22:15:45",NULL
9144,176103,0,"2026-01-13 22:15:45","2026-01-13 22:15:45",NULL
9145,176103,0,"2026-01-13 22:15:45","2026-01-13 22:15:45",NULL
9146,176107,0,"2026-01-13 22:15:45","2026-01-13 22:15:45",NULL
9147,176107,0,"2026-01-13 22:15:45","2026-01-13 22:15:45",NULL
9148,176107,0,"2026-01-13 22:15:45","2026-01-13 22:15:45",NULL
9149,176107,0,"2026-01-13 22:15:45","2026-01-13 22:15:45",NULL
9150,176107,0,"2026-01-13 22:15:45","2026-01-13 22:15:45",NULL
9151,176107,0,"2026-01-13 22:15:45","2026-01-13 22:15:45",NULL
9152,176107,0,"2026-01-13 22:15:45","2026-01-13 22:15:45",NULL
9153,176107,0,"2026-01-13 22:15:45","2026-01-13 22:15:45",NULL
9154,176108,0,"2026-01-13 22:15:45","2026-01-13 22:15:45",NULL
9155,176108,0,"2026-01-13 22:15:45","2026-01-13 22:15:45",NULL
9156,176109,0,"2026-01-13 22:15:45","2026-01-13 22:15:45",NULL
9157,176109,0,"2026-01-13 22:15:45","2026-01-13 22:15:45",NULL
9158,176109,0,"2026-01-13 22:15:45","2026-01-13 22:15:45",NULL
9159,176110,0,"2026-01-13 22:15:45","2026-01-13 22:15:45",NULL
9160,176110,0,"2026-01-13 22:15:45","2026-01-13 22:15:45",NULL
9161,176110,0,"2026-01-13 22:15:45","2026-01-13 22:15:45",NULL
9162,176110,0,"2026-01-13 22:15:45","2026-01-13 22:15:45",NULL
9163,176110,0,"2026-01-13 22:15:45","2026-01-13 22:15:45",NULL
9164,176111,0,"2026-01-13 22:15:45","2026-01-13 22:15:45",NULL
9165,176111,0,"2026-01-13 22:15:45","2026-01-13 22:15:45",NULL
9166,176111,0,"2026-01-13 22:15:45","2026-01-13 22:15:45",NULL
9167,176111,0,"2026-01-13 22:15:45","2026-01-13 22:15:45",NULL
9168,176111,0,"2026-01-13 22:15:45","2026-01-13 22:15:45",NULL
9169,176111,0,"2026-01-13 22:15:45","2026-01-13 22:15:45",NULL
9170,176111,0,"2026-01-13 22:15:45","2026-01-13 22:15:45",NULL
9171,176115,0,"2026-01-13 22:15:45","2026-01-13 22:15:45",NULL
9172,176115,0,"2026-01-13 22:15:45","2026-01-13 22:15:45",NULL
9173,176115,0,"2026-01-13 22:15:45","2026-01-13 22:15:45",NULL
9174,176115,0,"2026-01-13 22:15:45","2026-01-13 22:15:45",NULL
9175,176115,0,"2026-01-13 22:15:45","2026-01-13 22:15:45",NULL
9176,176125,0,"2026-01-13 22:15:45","2026-01-13 22:15:45",NULL
9177,176125,0,"2026-01-13 22:15:45","2026-01-13 22:15:45",NULL
9178,176125,0,"2026-01-13 22:15:45","2026-01-13 22:15:45",NULL
9179,176125,0,"2026-01-13 22:15:45","2026-01-13 22:15:45",NULL
9180,176096,0,"2026-01-13 22:15:45","2026-01-13 22:15:45",NULL
9181,176096,0,"2026-01-13 22:15:45","2026-01-13 22:15:45",NULL
9182,176096,0,"2026-01-13 22:15:45","2026-01-13 22:15:45",NULL
9183,176096,0,"2026-01-13 22:15:45","2026-01-13 22:15:45",NULL
9184,176096,0,"2026-01-13 22:15:45","2026-01-13 22:15:45",NULL
9185,176097,0,"2026-01-13 22:15:45","2026-01-13 22:15:45",NULL
9186,176097,0,"2026-01-13 22:15:45","2026-01-13 22:15:45",NULL
9187,176098,0,"2026-01-13 22:15:45","2026-01-13 22:15:45",NULL
9188,176098,0,"2026-01-13 22:15:45","2026-01-13 22:15:45",NULL
9189,176098,0,"2026-01-13 22:15:45","2026-01-13 22:15:45",NULL
9190,176098,0,"2026-01-13 22:15:45","2026-01-13 22:15:45",NULL
9191,176098,0,"2026-01-13 22:15:45","2026-01-13 22:15:45",NULL
9192,176101,0,"2026-01-13 22:15:45","2026-01-13 22:15:45",NULL
9193,176201,0,"2026-01-13 22:15:45","2026-01-13 22:15:45",NULL
9194,176201,0,"2026-01-13 22:15:45","2026-01-13 22:15:45",NULL
9195,176201,0,"2026-01-13 22:15:45","2026-01-13 22:15:45",NULL
9196,176202,0,"2026-01-13 22:15:45","2026-01-13 22:15:45",NULL
9197,176202,0,"2026-01-13 22:15:45","2026-01-13 22:15:45",NULL
9198,176202,0,"2026-01-13 22:15:45","2026-01-13 22:15:45",NULL
9199,176202,0,"2026-01-13 22:15:45","2026-01-13 22:15:45",NULL
9200,176202,0,"2026-01-13 22:15:45","2026-01-13 22:15:45",NULL
9201,176202,0,"2026-01-13 22:15:45","2026-01-13 22:15:45",NULL
9202,176202,0,"2026-01-13 22:15:45","2026-01-13 22:15:45",NULL
9203,176202,0,"2026-01-13 22:15:45","2026-01-13 22:15:45",NULL
9204,176203,0,"2026-01-13 22:15:45","2026-01-13 22:15:45",NULL
9205,176203,0,"2026-01-13 22:15:45","2026-01-13 22:15:45",NULL
9206,176203,0,"2026-01-13 22:15:45","2026-01-13 22:15:45",NULL
9207,176204,0,"2026-01-13 22:15:45","2026-01-13 22:15:45",NULL
9208,176204,0,"2026-01-13 22:15:45","2026-01-13 22:15:45",NULL
9209,176204,0,"2026-01-13 22:15:45","2026-01-13 22:15:45",NULL
9210,176204,0,"2026-01-13 22:15:45","2026-01-13 22:15:45",NULL
9211,176204,0,"2026-01-13 22:15:45","2026-01-13 22:15:45",NULL
9212,176204,0,"2026-01-13 22:15:45","2026-01-13 22:15:45",NULL
9213,176204,0,"2026-01-13 22:15:45","2026-01-13 22:15:45",NULL
9214,176204,0,"2026-01-13 22:15:45","2026-01-13 22:15:45",NULL
9215,176204,0,"2026-01-13 22:15:45","2026-01-13 22:15:45",NULL
9216,176204,0,"2026-01-13 22:15:45","2026-01-13 22:15:45",NULL
9217,176204,0,"2026-01-13 22:15:45","2026-01-13 22:15:45",NULL
9218,176205,0,"2026-01-13 22:15:45","2026-01-13 22:15:45",NULL
9219,176205,0,"2026-01-13 22:15:45","2026-01-13 22:15:45",NULL
9220,176205,0,"2026-01-13 22:15:45","2026-01-13 22:15:45",NULL
9221,176205,0,"2026-01-13 22:15:45","2026-01-13 22:15:45",NULL
9222,176205,0,"2026-01-13 22:15:45","2026-01-13 22:15:45",NULL
9223,176206,0,"2026-01-13 22:15:45","2026-01-13 22:15:45",NULL
9224,176206,0,"2026-01-13 22:15:45","2026-01-13 22:15:45",NULL
9225,176206,0,"2026-01-13 22:15:45","2026-01-13 22:15:45",NULL
9226,176206,0,"2026-01-13 22:15:45","2026-01-13 22:15:45",NULL
9227,176206,0,"2026-01-13 22:15:45","2026-01-13 22:15:45",NULL
9228,176206,0,"2026-01-13 22:15:45","2026-01-13 22:15:45",NULL
9229,176206,0,"2026-01-13 22:15:45","2026-01-13 22:15:45",NULL
9230,176206,0,"2026-01-13 22:15:45","2026-01-13 22:15:45",NULL
9231,176206,0,"2026-01-13 22:15:45","2026-01-13 22:15:45",NULL
9232,176125,0,"2026-01-13 22:15:45","2026-01-13 22:15:45",NULL
9233,176125,0,"2026-01-13 22:15:45","2026-01-13 22:15:45",NULL
9234,176125,0,"2026-01-13 22:15:45","2026-01-13 22:15:45",NULL
9235,176125,0,"2026-01-13 22:15:45","2026-01-13 22:15:45",NULL
9236,176125,0,"2026-01-13 22:15:45","2026-01-13 22:15:45",NULL
9237,176125,0,"2026-01-13 22:15:45","2026-01-13 22:15:45",NULL
9238,176125,0,"2026-01-13 22:15:45","2026-01-13 22:15:45",NULL
9239,176125,0,"2026-01-13 22:15:45","2026-01-13 22:15:45",NULL
9240,176125,0,"2026-01-13 22:15:46","2026-01-13 22:15:46",NULL
9241,176125,0,"2026-01-13 22:15:46","2026-01-13 22:15:46",NULL
9242,176125,0,"2026-01-13 22:15:46","2026-01-13 22:15:46",NULL
9243,176125,0,"2026-01-13 22:15:46","2026-01-13 22:15:46",NULL
9244,176125,0,"2026-01-13 22:15:46","2026-01-13 22:15:46",NULL
9245,176125,0,"2026-01-13 22:15:46","2026-01-13 22:15:46",NULL
9246,176128,0,"2026-01-13 22:15:46","2026-01-13 22:15:46",NULL
9247,176311,0,"2026-01-13 22:15:46","2026-01-13 22:15:46",NULL
9248,176128,0,"2026-01-13 22:15:46","2026-01-13 22:15:46",NULL
9249,176128,0,"2026-01-13 22:15:46","2026-01-13 22:15:46",NULL
9250,176128,0,"2026-01-13 22:15:46","2026-01-13 22:15:46",NULL
9251,176128,0,"2026-01-13 22:15:46","2026-01-13 22:15:46",NULL
9252,176200,0,"2026-01-13 22:15:46","2026-01-13 22:15:46",NULL
9253,176200,0,"2026-01-13 22:15:46","2026-01-13 22:15:46",NULL
9254,176200,0,"2026-01-13 22:15:46","2026-01-13 22:15:46",NULL
9255,176200,0,"2026-01-13 22:15:46","2026-01-13 22:15:46",NULL
9256,176200,0,"2026-01-13 22:15:46","2026-01-13 22:15:46",NULL
9257,176200,0,"2026-01-13 22:15:46","2026-01-13 22:15:46",NULL
9258,176200,0,"2026-01-13 22:15:46","2026-01-13 22:15:46",NULL
9259,176200,0,"2026-01-13 22:15:46","2026-01-13 22:15:46",NULL
9260,176201,0,"2026-01-13 22:15:46","2026-01-13 22:15:46",NULL
9261,176201,0,"2026-01-13 22:15:46","2026-01-13 22:15:46",NULL
9262,176201,0,"2026-01-13 22:15:46","2026-01-13 22:15:46",NULL
9263,176201,0,"2026-01-13 22:15:46","2026-01-13 22:15:46",NULL
9264,176201,0,"2026-01-13 22:15:46","2026-01-13 22:15:46",NULL
9265,176201,0,"2026-01-13 22:15:46","2026-01-13 22:15:46",NULL
9266,176201,0,"2026-01-13 22:15:46","2026-01-13 22:15:46",NULL
9267,176201,0,"2026-01-13 22:15:46","2026-01-13 22:15:46",NULL
9268,176201,0,"2026-01-13 22:15:46","2026-01-13 22:15:46",NULL
9269,176201,0,"2026-01-13 22:15:46","2026-01-13 22:15:46",NULL
9270,176215,0,"2026-01-13 22:15:46","2026-01-13 22:15:46",NULL
9271,176215,0,"2026-01-13 22:15:46","2026-01-13 22:15:46",NULL
9272,176215,0,"2026-01-13 22:15:46","2026-01-13 22:15:46",NULL
9273,176215,0,"2026-01-13 22:15:46","2026-01-13 22:15:46",NULL
9274,176215,0,"2026-01-13 22:15:46","2026-01-13 22:15:46",NULL
9275,176215,0,"2026-01-13 22:15:46","2026-01-13 22:15:46",NULL
9276,176215,0,"2026-01-13 22:15:46","2026-01-13 22:15:46",NULL
9277,176216,0,"2026-01-13 22:15:46","2026-01-13 22:15:46",NULL
9278,176216,0,"2026-01-13 22:15:46","2026-01-13 22:15:46",NULL
9279,176216,0,"2026-01-13 22:15:46","2026-01-13 22:15:46",NULL
9280,176216,0,"2026-01-13 22:15:46","2026-01-13 22:15:46",NULL
9281,176217,0,"2026-01-13 22:15:46","2026-01-13 22:15:46",NULL
9282,176217,0,"2026-01-13 22:15:46","2026-01-13 22:15:46",NULL
9283,176217,0,"2026-01-13 22:15:46","2026-01-13 22:15:46",NULL
9284,176217,0,"2026-01-13 22:15:46","2026-01-13 22:15:46",NULL
9285,176217,0,"2026-01-13 22:15:46","2026-01-13 22:15:46",NULL
9286,176217,0,"2026-01-13 22:15:46","2026-01-13 22:15:46",NULL
9287,176217,0,"2026-01-13 22:15:46","2026-01-13 22:15:46",NULL
9288,176218,0,"2026-01-13 22:15:46","2026-01-13 22:15:46",NULL
9289,176206,0,"2026-01-13 22:15:46","2026-01-13 22:15:46",NULL
9290,176206,0,"2026-01-13 22:15:46","2026-01-13 22:15:46",NULL
9291,176206,0,"2026-01-13 22:15:46","2026-01-13 22:15:46",NULL
9292,176206,0,"2026-01-13 22:15:46","2026-01-13 22:15:46",NULL
9293,176206,0,"2026-01-13 22:15:46","2026-01-13 22:15:46",NULL
9294,176207,0,"2026-01-13 22:15:46","2026-01-13 22:15:46",NULL
9295,176207,0,"2026-01-13 22:15:46","2026-01-13 22:15:46",NULL
9296,176207,0,"2026-01-13 22:15:46","2026-01-13 22:15:46",NULL
9297,176207,0,"2026-01-13 22:15:46","2026-01-13 22:15:46",NULL
9298,176207,0,"2026-01-13 22:15:46","2026-01-13 22:15:46",NULL
9299,176207,0,"2026-01-13 22:15:46","2026-01-13 22:15:46",NULL
9300,176207,0,"2026-01-13 22:15:46","2026-01-13 22:15:46",NULL
9301,176207,0,"2026-01-13 22:15:46","2026-01-13 22:15:46",NULL
9302,176207,0,"2026-01-13 22:15:46","2026-01-13 22:15:46",NULL
9303,176207,0,"2026-01-13 22:15:46","2026-01-13 22:15:46",NULL
9304,176207,0,"2026-01-13 22:15:46","2026-01-13 22:15:46",NULL
9305,176207,0,"2026-01-13 22:15:46","2026-01-13 22:15:46",NULL
9306,176207,0,"2026-01-13 22:15:46","2026-01-13 22:15:46",NULL
9307,176207,0,"2026-01-13 22:15:46","2026-01-13 22:15:46",NULL
9308,176207,0,"2026-01-13 22:15:46","2026-01-13 22:15:46",NULL
9309,176207,0,"2026-01-13 22:15:46","2026-01-13 22:15:46",NULL
9310,176207,0,"2026-01-13 22:15:46","2026-01-13 22:15:46",NULL
9311,176208,0,"2026-01-13 22:15:46","2026-01-13 22:15:46",NULL
9312,176208,0,"2026-01-13 22:15:46","2026-01-13 22:15:46",NULL
9313,176208,0,"2026-01-13 22:15:46","2026-01-13 22:15:46",NULL
9314,176208,0,"2026-01-13 22:15:46","2026-01-13 22:15:46",NULL
9315,176208,0,"2026-01-13 22:15:46","2026-01-13 22:15:46",NULL
9316,176208,0,"2026-01-13 22:15:46","2026-01-13 22:15:46",NULL
9317,176208,0,"2026-01-13 22:15:46","2026-01-13 22:15:46",NULL
9318,176208,0,"2026-01-13 22:15:46","2026-01-13 22:15:46",NULL
9319,176208,0,"2026-01-13 22:15:46","2026-01-13 22:15:46",NULL
9320,176209,0,"2026-01-13 22:15:46","2026-01-13 22:15:46",NULL
9321,176209,0,"2026-01-13 22:15:46","2026-01-13 22:15:46",NULL
9322,176209,0,"2026-01-13 22:15:46","2026-01-13 22:15:46",NULL
9323,176209,0,"2026-01-13 22:15:46","2026-01-13 22:15:46",NULL
9324,176209,0,"2026-01-13 22:15:46","2026-01-13 22:15:46",NULL
9325,176209,0,"2026-01-13 22:15:46","2026-01-13 22:15:46",NULL
9326,176209,0,"2026-01-13 22:15:46","2026-01-13 22:15:46",NULL
9327,176209,0,"2026-01-13 22:15:46","2026-01-13 22:15:46",NULL
9328,176210,0,"2026-01-13 22:15:46","2026-01-13 22:15:46",NULL
9329,176210,0,"2026-01-13 22:15:46","2026-01-13 22:15:46",NULL
9330,176210,0,"2026-01-13 22:15:46","2026-01-13 22:15:46",NULL
9331,176210,0,"2026-01-13 22:15:46","2026-01-13 22:15:46",NULL
9332,176210,0,"2026-01-13 22:15:46","2026-01-13 22:15:46",NULL
9333,176210,0,"2026-01-13 22:15:46","2026-01-13 22:15:46",NULL
9334,176210,0,"2026-01-13 22:15:46","2026-01-13 22:15:46",NULL
9335,176210,0,"2026-01-13 22:15:46","2026-01-13 22:15:46",NULL
9336,176211,0,"2026-01-13 22:15:46","2026-01-13 22:15:46",NULL
9337,176211,0,"2026-01-13 22:15:46","2026-01-13 22:15:46",NULL
9338,176211,0,"2026-01-13 22:15:46","2026-01-13 22:15:46",NULL
9339,176211,0,"2026-01-13 22:15:46","2026-01-13 22:15:46",NULL
9340,176213,0,"2026-01-13 22:15:46","2026-01-13 22:15:46",NULL
9341,176214,0,"2026-01-13 22:15:46","2026-01-13 22:15:46",NULL
9342,176214,0,"2026-01-13 22:15:46","2026-01-13 22:15:46",NULL
9343,176214,0,"2026-01-13 22:15:46","2026-01-13 22:15:46",NULL
9344,176214,0,"2026-01-13 22:15:46","2026-01-13 22:15:46",NULL
9345,176214,0,"2026-01-13 22:15:46","2026-01-13 22:15:46",NULL
9346,176219,0,"2026-01-13 22:15:46","2026-01-13 22:15:46",NULL
9347,176219,0,"2026-01-13 22:15:46","2026-01-13 22:15:46",NULL
9348,176225,0,"2026-01-13 22:15:46","2026-01-13 22:15:46",NULL
9349,176225,0,"2026-01-13 22:15:46","2026-01-13 22:15:46",NULL
9350,176225,0,"2026-01-13 22:15:46","2026-01-13 22:15:46",NULL
9351,176225,0,"2026-01-13 22:15:46","2026-01-13 22:15:46",NULL
9352,176225,0,"2026-01-13 22:15:46","2026-01-13 22:15:46",NULL
9353,176225,0,"2026-01-13 22:15:46","2026-01-13 22:15:46",NULL
9354,176301,0,"2026-01-13 22:15:46","2026-01-13 22:15:46",NULL
9355,176301,0,"2026-01-13 22:15:46","2026-01-13 22:15:46",NULL
9356,176301,0,"2026-01-13 22:15:46","2026-01-13 22:15:46",NULL
9357,176301,0,"2026-01-13 22:15:46","2026-01-13 22:15:46",NULL
9358,176301,0,"2026-01-13 22:15:46","2026-01-13 22:15:46",NULL
9359,176301,0,"2026-01-13 22:15:46","2026-01-13 22:15:46",NULL
9360,176301,0,"2026-01-13 22:15:46","2026-01-13 22:15:46",NULL
9361,176301,0,"2026-01-13 22:15:46","2026-01-13 22:15:46",NULL
9362,176302,0,"2026-01-13 22:15:46","2026-01-13 22:15:46",NULL
9363,176302,0,"2026-01-13 22:15:46","2026-01-13 22:15:46",NULL
9364,176302,0,"2026-01-13 22:15:46","2026-01-13 22:15:46",NULL
9365,176302,0,"2026-01-13 22:15:46","2026-01-13 22:15:46",NULL
9366,176302,0,"2026-01-13 22:15:46","2026-01-13 22:15:46",NULL
9367,176302,0,"2026-01-13 22:15:46","2026-01-13 22:15:46",NULL
9368,176302,0,"2026-01-13 22:15:46","2026-01-13 22:15:46",NULL
9369,176302,0,"2026-01-13 22:15:46","2026-01-13 22:15:46",NULL
9370,176302,0,"2026-01-13 22:15:46","2026-01-13 22:15:46",NULL
9371,176302,0,"2026-01-13 22:15:46","2026-01-13 22:15:46",NULL
9372,176302,0,"2026-01-13 22:15:46","2026-01-13 22:15:46",NULL
9373,176302,0,"2026-01-13 22:15:46","2026-01-13 22:15:46",NULL
9374,176302,0,"2026-01-13 22:15:46","2026-01-13 22:15:46",NULL
9375,176303,0,"2026-01-13 22:15:46","2026-01-13 22:15:46",NULL
9376,176303,0,"2026-01-13 22:15:46","2026-01-13 22:15:46",NULL
9377,176303,0,"2026-01-13 22:15:46","2026-01-13 22:15:46",NULL
9378,176303,0,"2026-01-13 22:15:46","2026-01-13 22:15:46",NULL
9379,176303,0,"2026-01-13 22:15:46","2026-01-13 22:15:46",NULL
9380,176303,0,"2026-01-13 22:15:46","2026-01-13 22:15:46",NULL
9381,176304,0,"2026-01-13 22:15:46","2026-01-13 22:15:46",NULL
9382,176304,0,"2026-01-13 22:15:46","2026-01-13 22:15:46",NULL
9383,176305,0,"2026-01-13 22:15:46","2026-01-13 22:15:46",NULL
9384,176306,0,"2026-01-13 22:15:46","2026-01-13 22:15:46",NULL
9385,176306,0,"2026-01-13 22:15:46","2026-01-13 22:15:46",NULL
9386,176306,0,"2026-01-13 22:15:46","2026-01-13 22:15:46",NULL
9387,176306,0,"2026-01-13 22:15:46","2026-01-13 22:15:46",NULL
9388,176308,0,"2026-01-13 22:15:46","2026-01-13 22:15:46",NULL
9389,176308,0,"2026-01-13 22:15:46","2026-01-13 22:15:46",NULL
9390,176308,0,"2026-01-13 22:15:46","2026-01-13 22:15:46",NULL
9391,176308,0,"2026-01-13 22:15:46","2026-01-13 22:15:46",NULL
9392,176308,0,"2026-01-13 22:15:46","2026-01-13 22:15:46",NULL
9393,176309,0,"2026-01-13 22:15:46","2026-01-13 22:15:46",NULL
9394,176309,0,"2026-01-13 22:15:46","2026-01-13 22:15:46",NULL
9395,176309,0,"2026-01-13 22:15:46","2026-01-13 22:15:46",NULL
9396,176309,0,"2026-01-13 22:15:46","2026-01-13 22:15:46",NULL
9397,176309,0,"2026-01-13 22:15:46","2026-01-13 22:15:46",NULL
9398,176309,0,"2026-01-13 22:15:46","2026-01-13 22:15:46",NULL
9399,176309,0,"2026-01-13 22:15:46","2026-01-13 22:15:46",NULL
9400,176309,0,"2026-01-13 22:15:46","2026-01-13 22:15:46",NULL
9401,176309,0,"2026-01-13 22:15:46","2026-01-13 22:15:46",NULL
9402,176309,0,"2026-01-13 22:15:46","2026-01-13 22:15:46",NULL
9403,176309,0,"2026-01-13 22:15:46","2026-01-13 22:15:46",NULL
9404,176309,0,"2026-01-13 22:15:46","2026-01-13 22:15:46",NULL
9405,176309,0,"2026-01-13 22:15:46","2026-01-13 22:15:46",NULL
9406,176310,0,"2026-01-13 22:15:46","2026-01-13 22:15:46",NULL
9407,176310,0,"2026-01-13 22:15:46","2026-01-13 22:15:46",NULL
9408,176310,0,"2026-01-13 22:15:46","2026-01-13 22:15:46",NULL
9409,176310,0,"2026-01-13 22:15:46","2026-01-13 22:15:46",NULL
9410,176310,0,"2026-01-13 22:15:46","2026-01-13 22:15:46",NULL
9411,176310,0,"2026-01-13 22:15:46","2026-01-13 22:15:46",NULL
9412,176310,0,"2026-01-13 22:15:46","2026-01-13 22:15:46",NULL
9413,176310,0,"2026-01-13 22:15:46","2026-01-13 22:15:46",NULL
9414,176310,0,"2026-01-13 22:15:46","2026-01-13 22:15:46",NULL
9415,176310,0,"2026-01-13 22:15:46","2026-01-13 22:15:46",NULL
9416,176310,0,"2026-01-13 22:15:46","2026-01-13 22:15:46",NULL
9417,176310,0,"2026-01-13 22:15:46","2026-01-13 22:15:46",NULL
9418,176310,0,"2026-01-13 22:15:46","2026-01-13 22:15:46",NULL
9419,176310,0,"2026-01-13 22:15:46","2026-01-13 22:15:46",NULL
9420,176311,0,"2026-01-13 22:15:46","2026-01-13 22:15:46",NULL
9421,176311,0,"2026-01-13 22:15:46","2026-01-13 22:15:46",NULL
9422,177020,0,"2026-01-13 22:15:46","2026-01-13 22:15:46",NULL
9423,176311,0,"2026-01-13 22:15:46","2026-01-13 22:15:46",NULL
9424,176311,0,"2026-01-13 22:15:46","2026-01-13 22:15:46",NULL
9425,176311,0,"2026-01-13 22:15:46","2026-01-13 22:15:46",NULL
9426,176311,0,"2026-01-13 22:15:46","2026-01-13 22:15:46",NULL
9427,176311,0,"2026-01-13 22:15:46","2026-01-13 22:15:46",NULL
9428,176311,0,"2026-01-13 22:15:46","2026-01-13 22:15:46",NULL
9429,176311,0,"2026-01-13 22:15:46","2026-01-13 22:15:46",NULL
9430,176311,0,"2026-01-13 22:15:46","2026-01-13 22:15:46",NULL
9431,176311,0,"2026-01-13 22:15:46","2026-01-13 22:15:46",NULL
9432,176311,0,"2026-01-13 22:15:46","2026-01-13 22:15:46",NULL
9433,176311,0,"2026-01-13 22:15:46","2026-01-13 22:15:46",NULL
9434,176312,0,"2026-01-13 22:15:46","2026-01-13 22:15:46",NULL
9435,176312,0,"2026-01-13 22:15:46","2026-01-13 22:15:46",NULL
9436,176312,0,"2026-01-13 22:15:46","2026-01-13 22:15:46",NULL
9437,176312,0,"2026-01-13 22:15:46","2026-01-13 22:15:46",NULL
9438,176312,0,"2026-01-13 22:15:46","2026-01-13 22:15:46",NULL
9439,176312,0,"2026-01-13 22:15:46","2026-01-13 22:15:46",NULL
9440,176312,0,"2026-01-13 22:15:46","2026-01-13 22:15:46",NULL
9441,176312,0,"2026-01-13 22:15:46","2026-01-13 22:15:46",NULL
9442,176312,0,"2026-01-13 22:15:46","2026-01-13 22:15:46",NULL
9443,176312,0,"2026-01-13 22:15:46","2026-01-13 22:15:46",NULL
9444,176312,0,"2026-01-13 22:15:46","2026-01-13 22:15:46",NULL
9445,176312,0,"2026-01-13 22:15:46","2026-01-13 22:15:46",NULL
9446,176312,0,"2026-01-13 22:15:46","2026-01-13 22:15:46",NULL
9447,176312,0,"2026-01-13 22:15:46","2026-01-13 22:15:46",NULL
9448,176313,0,"2026-01-13 22:15:46","2026-01-13 22:15:46",NULL
9449,176313,0,"2026-01-13 22:15:46","2026-01-13 22:15:46",NULL
9450,176313,0,"2026-01-13 22:15:46","2026-01-13 22:15:46",NULL
9451,176313,0,"2026-01-13 22:15:46","2026-01-13 22:15:46",NULL
9452,176314,0,"2026-01-13 22:15:46","2026-01-13 22:15:46",NULL
9453,176314,0,"2026-01-13 22:15:46","2026-01-13 22:15:46",NULL
9454,176314,0,"2026-01-13 22:15:46","2026-01-13 22:15:46",NULL
9455,176314,0,"2026-01-13 22:15:46","2026-01-13 22:15:46",NULL
9456,176314,0,"2026-01-13 22:15:46","2026-01-13 22:15:46",NULL
9457,176314,0,"2026-01-13 22:15:46","2026-01-13 22:15:46",NULL
9458,176314,0,"2026-01-13 22:15:46","2026-01-13 22:15:46",NULL
9459,176314,0,"2026-01-13 22:15:46","2026-01-13 22:15:46",NULL
9460,176314,0,"2026-01-13 22:15:46","2026-01-13 22:15:46",NULL
9461,176314,0,"2026-01-13 22:15:46","2026-01-13 22:15:46",NULL
9462,176314,0,"2026-01-13 22:15:46","2026-01-13 22:15:46",NULL
9463,176314,0,"2026-01-13 22:15:46","2026-01-13 22:15:46",NULL
9464,176314,0,"2026-01-13 22:15:46","2026-01-13 22:15:46",NULL
9465,176314,0,"2026-01-13 22:15:46","2026-01-13 22:15:46",NULL
9466,176314,0,"2026-01-13 22:15:46","2026-01-13 22:15:46",NULL
9467,176314,0,"2026-01-13 22:15:46","2026-01-13 22:15:46",NULL
9468,176315,0,"2026-01-13 22:15:46","2026-01-13 22:15:46",NULL
9469,176315,0,"2026-01-13 22:15:46","2026-01-13 22:15:46",NULL
9470,176315,0,"2026-01-13 22:15:46","2026-01-13 22:15:46",NULL
9471,176315,0,"2026-01-13 22:15:46","2026-01-13 22:15:46",NULL
9472,176315,0,"2026-01-13 22:15:46","2026-01-13 22:15:46",NULL
9473,176315,0,"2026-01-13 22:15:46","2026-01-13 22:15:46",NULL
9474,176315,0,"2026-01-13 22:15:46","2026-01-13 22:15:46",NULL
9475,176316,0,"2026-01-13 22:15:46","2026-01-13 22:15:46",NULL
9476,176316,0,"2026-01-13 22:15:46","2026-01-13 22:15:46",NULL
9477,176316,0,"2026-01-13 22:15:46","2026-01-13 22:15:46",NULL
9478,176316,0,"2026-01-13 22:15:46","2026-01-13 22:15:46",NULL
9479,176316,0,"2026-01-13 22:15:46","2026-01-13 22:15:46",NULL
9480,176316,0,"2026-01-13 22:15:46","2026-01-13 22:15:46",NULL
9481,176316,0,"2026-01-13 22:15:46","2026-01-13 22:15:46",NULL
9482,176316,0,"2026-01-13 22:15:46","2026-01-13 22:15:46",NULL
9483,176316,0,"2026-01-13 22:15:46","2026-01-13 22:15:46",NULL
9484,176316,0,"2026-01-13 22:15:46","2026-01-13 22:15:46",NULL
9485,176316,0,"2026-01-13 22:15:46","2026-01-13 22:15:46",NULL
9486,176316,0,"2026-01-13 22:15:46","2026-01-13 22:15:46",NULL
9487,176316,0,"2026-01-13 22:15:46","2026-01-13 22:15:46",NULL
9488,176316,0,"2026-01-13 22:15:46","2026-01-13 22:15:46",NULL
9489,176316,0,"2026-01-13 22:15:46","2026-01-13 22:15:46",NULL
9490,176316,0,"2026-01-13 22:15:46","2026-01-13 22:15:46",NULL
9491,176316,0,"2026-01-13 22:15:46","2026-01-13 22:15:46",NULL
9492,176317,0,"2026-01-13 22:15:46","2026-01-13 22:15:46",NULL
9493,176318,0,"2026-01-13 22:15:46","2026-01-13 22:15:46",NULL
9494,176318,0,"2026-01-13 22:15:46","2026-01-13 22:15:46",NULL
9495,176318,0,"2026-01-13 22:15:46","2026-01-13 22:15:46",NULL
9496,176319,0,"2026-01-13 22:15:46","2026-01-13 22:15:46",NULL
9497,176319,0,"2026-01-13 22:15:46","2026-01-13 22:15:46",NULL
9498,176319,0,"2026-01-13 22:15:46","2026-01-13 22:15:46",NULL
9499,176320,0,"2026-01-13 22:15:46","2026-01-13 22:15:46",NULL
9500,176320,0,"2026-01-13 22:15:46","2026-01-13 22:15:46",NULL
9501,176320,0,"2026-01-13 22:15:46","2026-01-13 22:15:46",NULL
9502,176320,0,"2026-01-13 22:15:46","2026-01-13 22:15:46",NULL
9503,176320,0,"2026-01-13 22:15:46","2026-01-13 22:15:46",NULL
9504,176321,0,"2026-01-13 22:15:46","2026-01-13 22:15:46",NULL
9505,176321,0,"2026-01-13 22:15:46","2026-01-13 22:15:46",NULL
9506,176321,0,"2026-01-13 22:15:46","2026-01-13 22:15:46",NULL
9507,176321,0,"2026-01-13 22:15:46","2026-01-13 22:15:46",NULL
9508,176321,0,"2026-01-13 22:15:46","2026-01-13 22:15:46",NULL
9509,176321,0,"2026-01-13 22:15:46","2026-01-13 22:15:46",NULL
9510,176321,0,"2026-01-13 22:15:46","2026-01-13 22:15:46",NULL
9511,176321,0,"2026-01-13 22:15:46","2026-01-13 22:15:46",NULL
9512,176321,0,"2026-01-13 22:15:46","2026-01-13 22:15:46",NULL
9513,176321,0,"2026-01-13 22:15:46","2026-01-13 22:15:46",NULL
9514,176321,0,"2026-01-13 22:15:46","2026-01-13 22:15:46",NULL
9515,176321,0,"2026-01-13 22:15:46","2026-01-13 22:15:46",NULL
9516,176321,0,"2026-01-13 22:15:46","2026-01-13 22:15:46",NULL
9517,176321,0,"2026-01-13 22:15:46","2026-01-13 22:15:46",NULL
9518,176321,0,"2026-01-13 22:15:46","2026-01-13 22:15:46",NULL
9519,176323,0,"2026-01-13 22:15:46","2026-01-13 22:15:46",NULL
9520,176323,0,"2026-01-13 22:15:46","2026-01-13 22:15:46",NULL
9521,176323,0,"2026-01-13 22:15:46","2026-01-13 22:15:46",NULL
9522,176323,0,"2026-01-13 22:15:46","2026-01-13 22:15:46",NULL
9523,176323,0,"2026-01-13 22:15:46","2026-01-13 22:15:46",NULL
9524,176323,0,"2026-01-13 22:15:46","2026-01-13 22:15:46",NULL
9525,176323,0,"2026-01-13 22:15:46","2026-01-13 22:15:46",NULL
9526,176323,0,"2026-01-13 22:15:46","2026-01-13 22:15:46",NULL
9527,176323,0,"2026-01-13 22:15:46","2026-01-13 22:15:46",NULL
9528,176323,0,"2026-01-13 22:15:46","2026-01-13 22:15:46",NULL
9529,176323,0,"2026-01-13 22:15:46","2026-01-13 22:15:46",NULL
9530,176323,0,"2026-01-13 22:15:46","2026-01-13 22:15:46",NULL
9531,176323,0,"2026-01-13 22:15:46","2026-01-13 22:15:46",NULL
9532,176323,0,"2026-01-13 22:15:46","2026-01-13 22:15:46",NULL
9533,176323,0,"2026-01-13 22:15:46","2026-01-13 22:15:46",NULL
9534,176324,0,"2026-01-13 22:15:46","2026-01-13 22:15:46",NULL
9535,176324,0,"2026-01-13 22:15:46","2026-01-13 22:15:46",NULL
9536,176324,0,"2026-01-13 22:15:46","2026-01-13 22:15:46",NULL
9537,176324,0,"2026-01-13 22:15:46","2026-01-13 22:15:46",NULL
9538,176324,0,"2026-01-13 22:15:46","2026-01-13 22:15:46",NULL
9539,176324,0,"2026-01-13 22:15:46","2026-01-13 22:15:46",NULL
9540,176324,0,"2026-01-13 22:15:46","2026-01-13 22:15:46",NULL
9541,176324,0,"2026-01-13 22:15:46","2026-01-13 22:15:46",NULL
9542,176324,0,"2026-01-13 22:15:46","2026-01-13 22:15:46",NULL
9543,176324,0,"2026-01-13 22:15:46","2026-01-13 22:15:46",NULL
9544,176324,0,"2026-01-13 22:15:46","2026-01-13 22:15:46",NULL
9545,176325,0,"2026-01-13 22:15:46","2026-01-13 22:15:46",NULL
9546,176325,0,"2026-01-13 22:15:46","2026-01-13 22:15:46",NULL
9547,176325,0,"2026-01-13 22:15:46","2026-01-13 22:15:46",NULL
9548,176401,0,"2026-01-13 22:15:46","2026-01-13 22:15:46",NULL
9549,176401,0,"2026-01-13 22:15:46","2026-01-13 22:15:46",NULL
9550,176401,0,"2026-01-13 22:15:46","2026-01-13 22:15:46",NULL
9551,176401,0,"2026-01-13 22:15:46","2026-01-13 22:15:46",NULL
9552,176401,0,"2026-01-13 22:15:46","2026-01-13 22:15:46",NULL
9553,176401,0,"2026-01-13 22:15:46","2026-01-13 22:15:46",NULL
9554,176401,0,"2026-01-13 22:15:46","2026-01-13 22:15:46",NULL
9555,176401,0,"2026-01-13 22:15:46","2026-01-13 22:15:46",NULL
9556,176401,0,"2026-01-13 22:15:46","2026-01-13 22:15:46",NULL
9557,176401,0,"2026-01-13 22:15:46","2026-01-13 22:15:46",NULL
9558,176402,0,"2026-01-13 22:15:46","2026-01-13 22:15:46",NULL
9559,176402,0,"2026-01-13 22:15:46","2026-01-13 22:15:46",NULL
9560,176402,0,"2026-01-13 22:15:46","2026-01-13 22:15:46",NULL
9561,176402,0,"2026-01-13 22:15:46","2026-01-13 22:15:46",NULL
9562,176403,0,"2026-01-13 22:15:46","2026-01-13 22:15:46",NULL
9563,176403,0,"2026-01-13 22:15:46","2026-01-13 22:15:46",NULL
9564,176403,0,"2026-01-13 22:15:46","2026-01-13 22:15:46",NULL
9565,176403,0,"2026-01-13 22:15:46","2026-01-13 22:15:46",NULL
9566,176319,0,"2026-01-13 22:15:46","2026-01-13 22:15:46",NULL
9567,176319,0,"2026-01-13 22:15:46","2026-01-13 22:15:46",NULL
9568,176319,0,"2026-01-13 22:15:46","2026-01-13 22:15:46",NULL
9569,176319,0,"2026-01-13 22:15:46","2026-01-13 22:15:46",NULL
9570,176319,0,"2026-01-13 22:15:46","2026-01-13 22:15:46",NULL
9571,176319,0,"2026-01-13 22:15:46","2026-01-13 22:15:46",NULL
9572,176320,0,"2026-01-13 22:15:46","2026-01-13 22:15:46",NULL
9573,176320,0,"2026-01-13 22:15:46","2026-01-13 22:15:46",NULL
9574,176320,0,"2026-01-13 22:15:46","2026-01-13 22:15:46",NULL
9575,176320,0,"2026-01-13 22:15:46","2026-01-13 22:15:46",NULL
9576,176320,0,"2026-01-13 22:15:46","2026-01-13 22:15:46",NULL
9577,177001,0,"2026-01-13 22:15:46","2026-01-13 22:15:46",NULL
9578,177001,0,"2026-01-13 22:15:46","2026-01-13 22:15:46",NULL
9579,177001,0,"2026-01-13 22:15:46","2026-01-13 22:15:46",NULL
9580,177001,0,"2026-01-13 22:15:46","2026-01-13 22:15:46",NULL
9581,177001,0,"2026-01-13 22:15:46","2026-01-13 22:15:46",NULL
9582,177001,0,"2026-01-13 22:15:46","2026-01-13 22:15:46",NULL
9583,177001,0,"2026-01-13 22:15:46","2026-01-13 22:15:46",NULL
9584,177001,0,"2026-01-13 22:15:46","2026-01-13 22:15:46",NULL
9585,177001,0,"2026-01-13 22:15:46","2026-01-13 22:15:46",NULL
9586,177005,0,"2026-01-13 22:15:46","2026-01-13 22:15:46",NULL
9587,177005,0,"2026-01-13 22:15:46","2026-01-13 22:15:46",NULL
9588,177006,0,"2026-01-13 22:15:46","2026-01-13 22:15:46",NULL
9589,177006,0,"2026-01-13 22:15:46","2026-01-13 22:15:46",NULL
9590,177007,0,"2026-01-13 22:15:46","2026-01-13 22:15:46",NULL
9591,177007,0,"2026-01-13 22:15:46","2026-01-13 22:15:46",NULL
9592,177020,0,"2026-01-13 22:15:46","2026-01-13 22:15:46",NULL
9593,177020,0,"2026-01-13 22:15:46","2026-01-13 22:15:46",NULL
9594,177020,0,"2026-01-13 22:15:46","2026-01-13 22:15:46",NULL
9595,177020,0,"2026-01-13 22:15:46","2026-01-13 22:15:46",NULL
9596,177020,0,"2026-01-13 22:15:46","2026-01-13 22:15:46",NULL
9597,177110,0,"2026-01-13 22:15:46","2026-01-13 22:15:46",NULL
9598,177021,0,"2026-01-13 22:15:46","2026-01-13 22:15:46",NULL
9599,177022,0,"2026-01-13 22:15:46","2026-01-13 22:15:46",NULL
9600,177022,0,"2026-01-13 22:15:46","2026-01-13 22:15:46",NULL
9601,177022,0,"2026-01-13 22:15:46","2026-01-13 22:15:46",NULL
9602,177022,0,"2026-01-13 22:15:46","2026-01-13 22:15:46",NULL
9603,177022,0,"2026-01-13 22:15:46","2026-01-13 22:15:46",NULL
9604,177023,0,"2026-01-13 22:15:46","2026-01-13 22:15:46",NULL
9605,177023,0,"2026-01-13 22:15:46","2026-01-13 22:15:46",NULL
9606,177023,0,"2026-01-13 22:15:46","2026-01-13 22:15:46",NULL
9607,177023,0,"2026-01-13 22:15:46","2026-01-13 22:15:46",NULL
9608,177023,0,"2026-01-13 22:15:46","2026-01-13 22:15:46",NULL
9609,177023,0,"2026-01-13 22:15:46","2026-01-13 22:15:46",NULL
9610,177024,0,"2026-01-13 22:15:46","2026-01-13 22:15:46",NULL
9611,177024,0,"2026-01-13 22:15:46","2026-01-13 22:15:46",NULL
9612,177024,0,"2026-01-13 22:15:46","2026-01-13 22:15:46",NULL
9613,177024,0,"2026-01-13 22:15:46","2026-01-13 22:15:46",NULL
9614,177024,0,"2026-01-13 22:15:46","2026-01-13 22:15:46",NULL
9615,177024,0,"2026-01-13 22:15:46","2026-01-13 22:15:46",NULL
9616,177024,0,"2026-01-13 22:15:46","2026-01-13 22:15:46",NULL
9617,176403,0,"2026-01-13 22:15:46","2026-01-13 22:15:46",NULL
9618,176403,0,"2026-01-13 22:15:46","2026-01-13 22:15:46",NULL
9619,176403,0,"2026-01-13 22:15:46","2026-01-13 22:15:46",NULL
9620,176403,0,"2026-01-13 22:15:46","2026-01-13 22:15:46",NULL
9621,176403,0,"2026-01-13 22:15:46","2026-01-13 22:15:46",NULL
9622,176403,0,"2026-01-13 22:15:46","2026-01-13 22:15:46",NULL
9623,176403,0,"2026-01-13 22:15:46","2026-01-13 22:15:46",NULL
9624,176501,0,"2026-01-13 22:15:46","2026-01-13 22:15:46",NULL
9625,176501,0,"2026-01-13 22:15:46","2026-01-13 22:15:46",NULL
9626,176501,0,"2026-01-13 22:15:46","2026-01-13 22:15:46",NULL
9627,176501,0,"2026-01-13 22:15:46","2026-01-13 22:15:46",NULL
9628,176501,0,"2026-01-13 22:15:46","2026-01-13 22:15:46",NULL
9629,176502,0,"2026-01-13 22:15:46","2026-01-13 22:15:46",NULL
9630,176502,0,"2026-01-13 22:15:46","2026-01-13 22:15:46",NULL
9631,176601,0,"2026-01-13 22:15:46","2026-01-13 22:15:46",NULL
9632,176601,0,"2026-01-13 22:15:46","2026-01-13 22:15:46",NULL
9633,176601,0,"2026-01-13 22:15:46","2026-01-13 22:15:46",NULL
9634,176601,0,"2026-01-13 22:15:46","2026-01-13 22:15:46",NULL
9635,176601,0,"2026-01-13 22:15:46","2026-01-13 22:15:46",NULL
9636,176601,0,"2026-01-13 22:15:46","2026-01-13 22:15:46",NULL
9637,176601,0,"2026-01-13 22:15:46","2026-01-13 22:15:46",NULL
9638,176601,0,"2026-01-13 22:15:46","2026-01-13 22:15:46",NULL
9639,177001,0,"2026-01-13 22:15:46","2026-01-13 22:15:46",NULL
9640,177001,0,"2026-01-13 22:15:46","2026-01-13 22:15:46",NULL
9641,177001,0,"2026-01-13 22:15:46","2026-01-13 22:15:46",NULL
9642,177001,0,"2026-01-13 22:15:46","2026-01-13 22:15:46",NULL
9643,177001,0,"2026-01-13 22:15:46","2026-01-13 22:15:46",NULL
9644,177001,0,"2026-01-13 22:15:46","2026-01-13 22:15:46",NULL
9645,177042,0,"2026-01-13 22:15:46","2026-01-13 22:15:46",NULL
9646,177042,0,"2026-01-13 22:15:46","2026-01-13 22:15:46",NULL
9647,177042,0,"2026-01-13 22:15:46","2026-01-13 22:15:46",NULL
9648,177042,0,"2026-01-13 22:15:46","2026-01-13 22:15:46",NULL
9649,177043,0,"2026-01-13 22:15:46","2026-01-13 22:15:46",NULL
9650,177043,0,"2026-01-13 22:15:46","2026-01-13 22:15:46",NULL
9651,177043,0,"2026-01-13 22:15:46","2026-01-13 22:15:46",NULL
9652,177043,0,"2026-01-13 22:15:46","2026-01-13 22:15:46",NULL
9653,177043,0,"2026-01-13 22:15:46","2026-01-13 22:15:46",NULL
9654,177043,0,"2026-01-13 22:15:46","2026-01-13 22:15:46",NULL
9655,177043,0,"2026-01-13 22:15:46","2026-01-13 22:15:46",NULL
9656,177043,0,"2026-01-13 22:15:46","2026-01-13 22:15:46",NULL
9657,177044,0,"2026-01-13 22:15:46","2026-01-13 22:15:46",NULL
9658,177044,0,"2026-01-13 22:15:46","2026-01-13 22:15:46",NULL
9659,177044,0,"2026-01-13 22:15:46","2026-01-13 22:15:46",NULL
9660,177044,0,"2026-01-13 22:15:46","2026-01-13 22:15:46",NULL
9661,177025,0,"2026-01-13 22:15:46","2026-01-13 22:15:46",NULL
9662,177025,0,"2026-01-13 22:15:46","2026-01-13 22:15:46",NULL
9663,177025,0,"2026-01-13 22:15:46","2026-01-13 22:15:46",NULL
9664,177025,0,"2026-01-13 22:15:47","2026-01-13 22:15:47",NULL
9665,177025,0,"2026-01-13 22:15:47","2026-01-13 22:15:47",NULL
9666,177026,0,"2026-01-13 22:15:47","2026-01-13 22:15:47",NULL
9667,177026,0,"2026-01-13 22:15:47","2026-01-13 22:15:47",NULL
9668,177026,0,"2026-01-13 22:15:47","2026-01-13 22:15:47",NULL
9669,177026,0,"2026-01-13 22:15:47","2026-01-13 22:15:47",NULL
9670,177026,0,"2026-01-13 22:15:47","2026-01-13 22:15:47",NULL
9671,177027,0,"2026-01-13 22:15:47","2026-01-13 22:15:47",NULL
9672,177027,0,"2026-01-13 22:15:47","2026-01-13 22:15:47",NULL
9673,177027,0,"2026-01-13 22:15:47","2026-01-13 22:15:47",NULL
9674,177028,0,"2026-01-13 22:15:47","2026-01-13 22:15:47",NULL
9675,177028,0,"2026-01-13 22:15:47","2026-01-13 22:15:47",NULL
9676,177028,0,"2026-01-13 22:15:47","2026-01-13 22:15:47",NULL
9677,177028,0,"2026-01-13 22:15:47","2026-01-13 22:15:47",NULL
9678,177028,0,"2026-01-13 22:15:47","2026-01-13 22:15:47",NULL
9679,177028,0,"2026-01-13 22:15:47","2026-01-13 22:15:47",NULL
9680,177029,0,"2026-01-13 22:15:47","2026-01-13 22:15:47",NULL
9681,177029,0,"2026-01-13 22:15:47","2026-01-13 22:15:47",NULL
9682,177029,0,"2026-01-13 22:15:47","2026-01-13 22:15:47",NULL
9683,177029,0,"2026-01-13 22:15:47","2026-01-13 22:15:47",NULL
9684,177029,0,"2026-01-13 22:15:47","2026-01-13 22:15:47",NULL
9685,177029,0,"2026-01-13 22:15:47","2026-01-13 22:15:47",NULL
9686,177031,0,"2026-01-13 22:15:47","2026-01-13 22:15:47",NULL
9687,177031,0,"2026-01-13 22:15:47","2026-01-13 22:15:47",NULL
9688,177033,0,"2026-01-13 22:15:47","2026-01-13 22:15:47",NULL
9689,177033,0,"2026-01-13 22:15:47","2026-01-13 22:15:47",NULL
9690,177033,0,"2026-01-13 22:15:47","2026-01-13 22:15:47",NULL
9691,177033,0,"2026-01-13 22:15:47","2026-01-13 22:15:47",NULL
9692,177033,0,"2026-01-13 22:15:47","2026-01-13 22:15:47",NULL
9693,177033,0,"2026-01-13 22:15:47","2026-01-13 22:15:47",NULL
9694,177034,0,"2026-01-13 22:15:47","2026-01-13 22:15:47",NULL
9695,177034,0,"2026-01-13 22:15:47","2026-01-13 22:15:47",NULL
9696,177034,0,"2026-01-13 22:15:47","2026-01-13 22:15:47",NULL
9697,177034,0,"2026-01-13 22:15:47","2026-01-13 22:15:47",NULL
9698,177038,0,"2026-01-13 22:15:47","2026-01-13 22:15:47",NULL
9699,177038,0,"2026-01-13 22:15:47","2026-01-13 22:15:47",NULL
9700,177038,0,"2026-01-13 22:15:47","2026-01-13 22:15:47",NULL
9701,177038,0,"2026-01-13 22:15:47","2026-01-13 22:15:47",NULL
9702,177039,0,"2026-01-13 22:15:47","2026-01-13 22:15:47",NULL
9703,177039,0,"2026-01-13 22:15:47","2026-01-13 22:15:47",NULL
9704,177039,0,"2026-01-13 22:15:47","2026-01-13 22:15:47",NULL
9705,177040,0,"2026-01-13 22:15:47","2026-01-13 22:15:47",NULL
9706,177040,0,"2026-01-13 22:15:47","2026-01-13 22:15:47",NULL
9707,177040,0,"2026-01-13 22:15:47","2026-01-13 22:15:47",NULL
9708,177040,0,"2026-01-13 22:15:47","2026-01-13 22:15:47",NULL
9709,177041,0,"2026-01-13 22:15:47","2026-01-13 22:15:47",NULL
9710,177041,0,"2026-01-13 22:15:47","2026-01-13 22:15:47",NULL
9711,177041,0,"2026-01-13 22:15:47","2026-01-13 22:15:47",NULL
9712,177041,0,"2026-01-13 22:15:47","2026-01-13 22:15:47",NULL
9713,177041,0,"2026-01-13 22:15:47","2026-01-13 22:15:47",NULL
9714,177041,0,"2026-01-13 22:15:47","2026-01-13 22:15:47",NULL
9715,177041,0,"2026-01-13 22:15:47","2026-01-13 22:15:47",NULL
9716,177042,0,"2026-01-13 22:15:47","2026-01-13 22:15:47",NULL
9717,177045,0,"2026-01-13 22:15:47","2026-01-13 22:15:47",NULL
9718,177045,0,"2026-01-13 22:15:47","2026-01-13 22:15:47",NULL
9719,177048,0,"2026-01-13 22:15:47","2026-01-13 22:15:47",NULL
9720,177048,0,"2026-01-13 22:15:47","2026-01-13 22:15:47",NULL
9721,177048,0,"2026-01-13 22:15:47","2026-01-13 22:15:47",NULL
9722,177048,0,"2026-01-13 22:15:47","2026-01-13 22:15:47",NULL
9723,177048,0,"2026-01-13 22:15:47","2026-01-13 22:15:47",NULL
9724,177101,0,"2026-01-13 22:15:47","2026-01-13 22:15:47",NULL
9725,177101,0,"2026-01-13 22:15:47","2026-01-13 22:15:47",NULL
9726,177101,0,"2026-01-13 22:15:47","2026-01-13 22:15:47",NULL
9727,177101,0,"2026-01-13 22:15:47","2026-01-13 22:15:47",NULL
9728,177101,0,"2026-01-13 22:15:47","2026-01-13 22:15:47",NULL
9729,177101,0,"2026-01-13 22:15:47","2026-01-13 22:15:47",NULL
9730,177101,0,"2026-01-13 22:15:47","2026-01-13 22:15:47",NULL
9731,177101,0,"2026-01-13 22:15:47","2026-01-13 22:15:47",NULL
9732,177101,0,"2026-01-13 22:15:47","2026-01-13 22:15:47",NULL
9733,177103,0,"2026-01-13 22:15:47","2026-01-13 22:15:47",NULL
9734,177103,0,"2026-01-13 22:15:47","2026-01-13 22:15:47",NULL
9735,177103,0,"2026-01-13 22:15:47","2026-01-13 22:15:47",NULL
9736,177103,0,"2026-01-13 22:15:47","2026-01-13 22:15:47",NULL
9737,177103,0,"2026-01-13 22:15:47","2026-01-13 22:15:47",NULL
9738,177103,0,"2026-01-13 22:15:47","2026-01-13 22:15:47",NULL
9739,177104,0,"2026-01-13 22:15:47","2026-01-13 22:15:47",NULL
9740,177104,0,"2026-01-13 22:15:47","2026-01-13 22:15:47",NULL
9741,177104,0,"2026-01-13 22:15:47","2026-01-13 22:15:47",NULL
9742,177104,0,"2026-01-13 22:15:47","2026-01-13 22:15:47",NULL
9743,177105,0,"2026-01-13 22:15:47","2026-01-13 22:15:47",NULL
9744,177105,0,"2026-01-13 22:15:47","2026-01-13 22:15:47",NULL
9745,177105,0,"2026-01-13 22:15:47","2026-01-13 22:15:47",NULL
9746,177106,0,"2026-01-13 22:15:47","2026-01-13 22:15:47",NULL
9747,177106,0,"2026-01-13 22:15:47","2026-01-13 22:15:47",NULL
9748,177106,0,"2026-01-13 22:15:47","2026-01-13 22:15:47",NULL
9749,177106,0,"2026-01-13 22:15:47","2026-01-13 22:15:47",NULL
9750,177106,0,"2026-01-13 22:15:47","2026-01-13 22:15:47",NULL
9751,177107,0,"2026-01-13 22:15:47","2026-01-13 22:15:47",NULL
9752,177107,0,"2026-01-13 22:15:47","2026-01-13 22:15:47",NULL
9753,177108,0,"2026-01-13 22:15:47","2026-01-13 22:15:47",NULL
9754,177108,0,"2026-01-13 22:15:47","2026-01-13 22:15:47",NULL
9755,177108,0,"2026-01-13 22:15:47","2026-01-13 22:15:47",NULL
9756,177108,0,"2026-01-13 22:15:47","2026-01-13 22:15:47",NULL
9757,177108,0,"2026-01-13 22:15:47","2026-01-13 22:15:47",NULL
9758,177108,0,"2026-01-13 22:15:47","2026-01-13 22:15:47",NULL
9759,177109,0,"2026-01-13 22:15:47","2026-01-13 22:15:47",NULL
9760,177109,0,"2026-01-13 22:15:47","2026-01-13 22:15:47",NULL
9761,177109,0,"2026-01-13 22:15:47","2026-01-13 22:15:47",NULL
9762,177109,0,"2026-01-13 22:15:47","2026-01-13 22:15:47",NULL
9763,177109,0,"2026-01-13 22:15:47","2026-01-13 22:15:47",NULL
9764,177109,0,"2026-01-13 22:15:47","2026-01-13 22:15:47",NULL
9765,177110,0,"2026-01-13 22:15:47","2026-01-13 22:15:47",NULL
9766,177110,0,"2026-01-13 22:15:47","2026-01-13 22:15:47",NULL
9767,177110,0,"2026-01-13 22:15:47","2026-01-13 22:15:47",NULL
9768,177110,0,"2026-01-13 22:15:47","2026-01-13 22:15:47",NULL
9769,181132,0,"2026-01-13 22:15:47","2026-01-13 22:15:47",NULL
9770,177110,0,"2026-01-13 22:15:47","2026-01-13 22:15:47",NULL
9771,177110,0,"2026-01-13 22:15:47","2026-01-13 22:15:47",NULL
9772,177110,0,"2026-01-13 22:15:47","2026-01-13 22:15:47",NULL
9773,177110,0,"2026-01-13 22:15:47","2026-01-13 22:15:47",NULL
9774,177110,0,"2026-01-13 22:15:47","2026-01-13 22:15:47",NULL
9775,177111,0,"2026-01-13 22:15:47","2026-01-13 22:15:47",NULL
9776,177111,0,"2026-01-13 22:15:47","2026-01-13 22:15:47",NULL
9777,177111,0,"2026-01-13 22:15:47","2026-01-13 22:15:47",NULL
9778,177111,0,"2026-01-13 22:15:47","2026-01-13 22:15:47",NULL
9779,177112,0,"2026-01-13 22:15:47","2026-01-13 22:15:47",NULL
9780,177112,0,"2026-01-13 22:15:47","2026-01-13 22:15:47",NULL
9781,177112,0,"2026-01-13 22:15:47","2026-01-13 22:15:47",NULL
9782,177112,0,"2026-01-13 22:15:47","2026-01-13 22:15:47",NULL
9783,177112,0,"2026-01-13 22:15:47","2026-01-13 22:15:47",NULL
9784,177113,0,"2026-01-13 22:15:47","2026-01-13 22:15:47",NULL
9785,177119,0,"2026-01-13 22:15:47","2026-01-13 22:15:47",NULL
9786,177119,0,"2026-01-13 22:15:47","2026-01-13 22:15:47",NULL
9787,177119,0,"2026-01-13 22:15:47","2026-01-13 22:15:47",NULL
9788,177201,0,"2026-01-13 22:15:47","2026-01-13 22:15:47",NULL
9789,177201,0,"2026-01-13 22:15:47","2026-01-13 22:15:47",NULL
9790,177201,0,"2026-01-13 22:15:47","2026-01-13 22:15:47",NULL
9791,177202,0,"2026-01-13 22:15:47","2026-01-13 22:15:47",NULL
9792,177203,0,"2026-01-13 22:15:47","2026-01-13 22:15:47",NULL
9793,177203,0,"2026-01-13 22:15:47","2026-01-13 22:15:47",NULL
9794,177203,0,"2026-01-13 22:15:47","2026-01-13 22:15:47",NULL
9795,177203,0,"2026-01-13 22:15:47","2026-01-13 22:15:47",NULL
9796,177203,0,"2026-01-13 22:15:47","2026-01-13 22:15:47",NULL
9797,177203,0,"2026-01-13 22:15:47","2026-01-13 22:15:47",NULL
9798,177203,0,"2026-01-13 22:15:47","2026-01-13 22:15:47",NULL
9799,177203,0,"2026-01-13 22:15:47","2026-01-13 22:15:47",NULL
9800,177204,0,"2026-01-13 22:15:47","2026-01-13 22:15:47",NULL
9801,177204,0,"2026-01-13 22:15:47","2026-01-13 22:15:47",NULL
9802,177204,0,"2026-01-13 22:15:47","2026-01-13 22:15:47",NULL
9803,177204,0,"2026-01-13 22:15:47","2026-01-13 22:15:47",NULL
9804,177204,0,"2026-01-13 22:15:47","2026-01-13 22:15:47",NULL
9805,177204,0,"2026-01-13 22:15:47","2026-01-13 22:15:47",NULL
9806,177204,0,"2026-01-13 22:15:47","2026-01-13 22:15:47",NULL
9807,177204,0,"2026-01-13 22:15:47","2026-01-13 22:15:47",NULL
9808,177204,0,"2026-01-13 22:15:47","2026-01-13 22:15:47",NULL
9809,177205,0,"2026-01-13 22:15:47","2026-01-13 22:15:47",NULL
9810,177206,0,"2026-01-13 22:15:47","2026-01-13 22:15:47",NULL
9811,177206,0,"2026-01-13 22:15:47","2026-01-13 22:15:47",NULL
9812,177206,0,"2026-01-13 22:15:47","2026-01-13 22:15:47",NULL
9813,177207,0,"2026-01-13 22:15:47","2026-01-13 22:15:47",NULL
9814,177207,0,"2026-01-13 22:15:47","2026-01-13 22:15:47",NULL
9815,177207,0,"2026-01-13 22:15:47","2026-01-13 22:15:47",NULL
9816,177208,0,"2026-01-13 22:15:47","2026-01-13 22:15:47",NULL
9817,177208,0,"2026-01-13 22:15:47","2026-01-13 22:15:47",NULL
9818,177208,0,"2026-01-13 22:15:47","2026-01-13 22:15:47",NULL
9819,177208,0,"2026-01-13 22:15:47","2026-01-13 22:15:47",NULL
9820,177208,0,"2026-01-13 22:15:47","2026-01-13 22:15:47",NULL
9821,177209,0,"2026-01-13 22:15:47","2026-01-13 22:15:47",NULL
9822,177209,0,"2026-01-13 22:15:47","2026-01-13 22:15:47",NULL
9823,177209,0,"2026-01-13 22:15:47","2026-01-13 22:15:47",NULL
9824,177210,0,"2026-01-13 22:15:47","2026-01-13 22:15:47",NULL
9825,177210,0,"2026-01-13 22:15:47","2026-01-13 22:15:47",NULL
9826,177210,0,"2026-01-13 22:15:47","2026-01-13 22:15:47",NULL
9827,177210,0,"2026-01-13 22:15:47","2026-01-13 22:15:47",NULL
9828,177210,0,"2026-01-13 22:15:47","2026-01-13 22:15:47",NULL
9829,177210,0,"2026-01-13 22:15:47","2026-01-13 22:15:47",NULL
9830,177210,0,"2026-01-13 22:15:47","2026-01-13 22:15:47",NULL
9831,177210,0,"2026-01-13 22:15:47","2026-01-13 22:15:47",NULL
9832,177210,0,"2026-01-13 22:15:47","2026-01-13 22:15:47",NULL
9833,177211,0,"2026-01-13 22:15:47","2026-01-13 22:15:47",NULL
9834,177211,0,"2026-01-13 22:15:47","2026-01-13 22:15:47",NULL
9835,177211,0,"2026-01-13 22:15:47","2026-01-13 22:15:47",NULL
9836,177211,0,"2026-01-13 22:15:47","2026-01-13 22:15:47",NULL
9837,177211,0,"2026-01-13 22:15:47","2026-01-13 22:15:47",NULL
9838,177211,0,"2026-01-13 22:15:47","2026-01-13 22:15:47",NULL
9839,177211,0,"2026-01-13 22:15:47","2026-01-13 22:15:47",NULL
9840,177212,0,"2026-01-13 22:15:47","2026-01-13 22:15:47",NULL
9841,177212,0,"2026-01-13 22:15:47","2026-01-13 22:15:47",NULL
9842,177212,0,"2026-01-13 22:15:47","2026-01-13 22:15:47",NULL
9843,177212,0,"2026-01-13 22:15:47","2026-01-13 22:15:47",NULL
9844,177213,0,"2026-01-13 22:15:47","2026-01-13 22:15:47",NULL
9845,177213,0,"2026-01-13 22:15:47","2026-01-13 22:15:47",NULL
9846,177213,0,"2026-01-13 22:15:47","2026-01-13 22:15:47",NULL
9847,177213,0,"2026-01-13 22:15:47","2026-01-13 22:15:47",NULL
9848,177219,0,"2026-01-13 22:15:47","2026-01-13 22:15:47",NULL
9849,177219,0,"2026-01-13 22:15:47","2026-01-13 22:15:47",NULL
9850,177220,0,"2026-01-13 22:15:47","2026-01-13 22:15:47",NULL
9851,177220,0,"2026-01-13 22:15:47","2026-01-13 22:15:47",NULL
9852,177220,0,"2026-01-13 22:15:47","2026-01-13 22:15:47",NULL
9853,177220,0,"2026-01-13 22:15:47","2026-01-13 22:15:47",NULL
9854,177113,0,"2026-01-13 22:15:47","2026-01-13 22:15:47",NULL
9855,177113,0,"2026-01-13 22:15:47","2026-01-13 22:15:47",NULL
9856,177114,0,"2026-01-13 22:15:47","2026-01-13 22:15:47",NULL
9857,177114,0,"2026-01-13 22:15:47","2026-01-13 22:15:47",NULL
9858,177117,0,"2026-01-13 22:15:47","2026-01-13 22:15:47",NULL
9859,177117,0,"2026-01-13 22:15:47","2026-01-13 22:15:47",NULL
9860,177118,0,"2026-01-13 22:15:47","2026-01-13 22:15:47",NULL
9861,177118,0,"2026-01-13 22:15:47","2026-01-13 22:15:47",NULL
9862,177119,0,"2026-01-13 22:15:47","2026-01-13 22:15:47",NULL
9863,180001,0,"2026-01-13 22:15:47","2026-01-13 22:15:47",NULL
9864,180001,0,"2026-01-13 22:15:47","2026-01-13 22:15:47",NULL
9865,180001,0,"2026-01-13 22:15:47","2026-01-13 22:15:47",NULL
9866,180001,0,"2026-01-13 22:15:47","2026-01-13 22:15:47",NULL
9867,180002,0,"2026-01-13 22:15:47","2026-01-13 22:15:47",NULL
9868,180002,0,"2026-01-13 22:15:47","2026-01-13 22:15:47",NULL
9869,180002,0,"2026-01-13 22:15:47","2026-01-13 22:15:47",NULL
9870,180002,0,"2026-01-13 22:15:47","2026-01-13 22:15:47",NULL
9871,180002,0,"2026-01-13 22:15:47","2026-01-13 22:15:47",NULL
9872,180002,0,"2026-01-13 22:15:47","2026-01-13 22:15:47",NULL
9873,180003,0,"2026-01-13 22:15:47","2026-01-13 22:15:47",NULL
9874,180003,0,"2026-01-13 22:15:47","2026-01-13 22:15:47",NULL
9875,180003,0,"2026-01-13 22:15:47","2026-01-13 22:15:47",NULL
9876,180003,0,"2026-01-13 22:15:47","2026-01-13 22:15:47",NULL
9877,180003,0,"2026-01-13 22:15:47","2026-01-13 22:15:47",NULL
9878,180003,0,"2026-01-13 22:15:47","2026-01-13 22:15:47",NULL
9879,180004,0,"2026-01-13 22:15:47","2026-01-13 22:15:47",NULL
9880,180004,0,"2026-01-13 22:15:47","2026-01-13 22:15:47",NULL
9881,180004,0,"2026-01-13 22:15:47","2026-01-13 22:15:47",NULL
9882,180005,0,"2026-01-13 22:15:47","2026-01-13 22:15:47",NULL
9883,180005,0,"2026-01-13 22:15:47","2026-01-13 22:15:47",NULL
9884,180005,0,"2026-01-13 22:15:47","2026-01-13 22:15:47",NULL
9885,180005,0,"2026-01-13 22:15:47","2026-01-13 22:15:47",NULL
9886,180005,0,"2026-01-13 22:15:47","2026-01-13 22:15:47",NULL
9887,180006,0,"2026-01-13 22:15:47","2026-01-13 22:15:47",NULL
9888,180006,0,"2026-01-13 22:15:47","2026-01-13 22:15:47",NULL
9889,180006,0,"2026-01-13 22:15:47","2026-01-13 22:15:47",NULL
9890,180006,0,"2026-01-13 22:15:47","2026-01-13 22:15:47",NULL
9891,180007,0,"2026-01-13 22:15:47","2026-01-13 22:15:47",NULL
9892,180007,0,"2026-01-13 22:15:47","2026-01-13 22:15:47",NULL
9893,180009,0,"2026-01-13 22:15:47","2026-01-13 22:15:47",NULL
9894,180010,0,"2026-01-13 22:15:47","2026-01-13 22:15:47",NULL
9895,180010,0,"2026-01-13 22:15:47","2026-01-13 22:15:47",NULL
9896,180011,0,"2026-01-13 22:15:47","2026-01-13 22:15:47",NULL
9897,180011,0,"2026-01-13 22:15:47","2026-01-13 22:15:47",NULL
9898,180011,0,"2026-01-13 22:15:47","2026-01-13 22:15:47",NULL
9899,180011,0,"2026-01-13 22:15:47","2026-01-13 22:15:47",NULL
9900,180012,0,"2026-01-13 22:15:47","2026-01-13 22:15:47",NULL
9901,180012,0,"2026-01-13 22:15:47","2026-01-13 22:15:47",NULL
9902,180013,0,"2026-01-13 22:15:47","2026-01-13 22:15:47",NULL
9903,180015,0,"2026-01-13 22:15:47","2026-01-13 22:15:47",NULL
9904,180016,0,"2026-01-13 22:15:47","2026-01-13 22:15:47",NULL
9905,180016,0,"2026-01-13 22:15:47","2026-01-13 22:15:47",NULL
9906,180016,0,"2026-01-13 22:15:47","2026-01-13 22:15:47",NULL
9907,177220,0,"2026-01-13 22:15:47","2026-01-13 22:15:47",NULL
9908,177220,0,"2026-01-13 22:15:47","2026-01-13 22:15:47",NULL
9909,177301,0,"2026-01-13 22:15:47","2026-01-13 22:15:47",NULL
9910,177301,0,"2026-01-13 22:15:47","2026-01-13 22:15:47",NULL
9911,177301,0,"2026-01-13 22:15:47","2026-01-13 22:15:47",NULL
9912,177401,0,"2026-01-13 22:15:47","2026-01-13 22:15:47",NULL
9913,177401,0,"2026-01-13 22:15:47","2026-01-13 22:15:47",NULL
9914,177401,0,"2026-01-13 22:15:47","2026-01-13 22:15:47",NULL
9915,177401,0,"2026-01-13 22:15:47","2026-01-13 22:15:47",NULL
9916,177501,0,"2026-01-13 22:15:47","2026-01-13 22:15:47",NULL
9917,177501,0,"2026-01-13 22:15:47","2026-01-13 22:15:47",NULL
9918,177501,0,"2026-01-13 22:15:47","2026-01-13 22:15:47",NULL
9919,177601,0,"2026-01-13 22:15:47","2026-01-13 22:15:47",NULL
9920,177601,0,"2026-01-13 22:15:47","2026-01-13 22:15:47",NULL
9921,177601,0,"2026-01-13 22:15:47","2026-01-13 22:15:47",NULL
9922,177601,0,"2026-01-13 22:15:47","2026-01-13 22:15:47",NULL
9923,180001,0,"2026-01-13 22:15:47","2026-01-13 22:15:47",NULL
9924,180001,0,"2026-01-13 22:15:47","2026-01-13 22:15:47",NULL
9925,180001,0,"2026-01-13 22:15:47","2026-01-13 22:15:47",NULL
9926,180001,0,"2026-01-13 22:15:47","2026-01-13 22:15:47",NULL
9927,180001,0,"2026-01-13 22:15:47","2026-01-13 22:15:47",NULL
9928,180001,0,"2026-01-13 22:15:47","2026-01-13 22:15:47",NULL
9929,180001,0,"2026-01-13 22:15:47","2026-01-13 22:15:47",NULL
9930,180001,0,"2026-01-13 22:15:47","2026-01-13 22:15:47",NULL
9931,181122,0,"2026-01-13 22:15:47","2026-01-13 22:15:47",NULL
9932,181123,0,"2026-01-13 22:15:47","2026-01-13 22:15:47",NULL
9933,181123,0,"2026-01-13 22:15:47","2026-01-13 22:15:47",NULL
9934,181124,0,"2026-01-13 22:15:47","2026-01-13 22:15:47",NULL
9935,181131,0,"2026-01-13 22:15:47","2026-01-13 22:15:47",NULL
9936,181131,0,"2026-01-13 22:15:47","2026-01-13 22:15:47",NULL
9937,181131,0,"2026-01-13 22:15:47","2026-01-13 22:15:47",NULL
9938,181131,0,"2026-01-13 22:15:47","2026-01-13 22:15:47",NULL
9939,181131,0,"2026-01-13 22:15:47","2026-01-13 22:15:47",NULL
9940,181131,0,"2026-01-13 22:15:47","2026-01-13 22:15:47",NULL
9941,181131,0,"2026-01-13 22:15:47","2026-01-13 22:15:47",NULL
9942,181131,0,"2026-01-13 22:15:47","2026-01-13 22:15:47",NULL
9943,181131,0,"2026-01-13 22:15:47","2026-01-13 22:15:47",NULL
9944,181131,0,"2026-01-13 22:15:47","2026-01-13 22:15:47",NULL
9945,182104,0,"2026-01-13 22:15:47","2026-01-13 22:15:47",NULL
9946,181132,0,"2026-01-13 22:15:47","2026-01-13 22:15:47",NULL
9947,181132,0,"2026-01-13 22:15:47","2026-01-13 22:15:47",NULL
9948,181132,0,"2026-01-13 22:15:47","2026-01-13 22:15:47",NULL
9949,181132,0,"2026-01-13 22:15:47","2026-01-13 22:15:47",NULL
9950,181132,0,"2026-01-13 22:15:47","2026-01-13 22:15:47",NULL
9951,181132,0,"2026-01-13 22:15:47","2026-01-13 22:15:47",NULL
9952,181132,0,"2026-01-13 22:15:47","2026-01-13 22:15:47",NULL
9953,181132,0,"2026-01-13 22:15:47","2026-01-13 22:15:47",NULL
9954,181132,0,"2026-01-13 22:15:47","2026-01-13 22:15:47",NULL
9955,181132,0,"2026-01-13 22:15:47","2026-01-13 22:15:47",NULL
9956,181132,0,"2026-01-13 22:15:47","2026-01-13 22:15:47",NULL
9957,181133,0,"2026-01-13 22:15:47","2026-01-13 22:15:47",NULL
9958,181133,0,"2026-01-13 22:15:47","2026-01-13 22:15:47",NULL
9959,181133,0,"2026-01-13 22:15:47","2026-01-13 22:15:47",NULL
9960,181133,0,"2026-01-13 22:15:47","2026-01-13 22:15:47",NULL
9961,181133,0,"2026-01-13 22:15:47","2026-01-13 22:15:47",NULL
9962,181133,0,"2026-01-13 22:15:47","2026-01-13 22:15:47",NULL
9963,181141,0,"2026-01-13 22:15:47","2026-01-13 22:15:47",NULL
9964,181141,0,"2026-01-13 22:15:47","2026-01-13 22:15:47",NULL
9965,181141,0,"2026-01-13 22:15:47","2026-01-13 22:15:47",NULL
9966,181141,0,"2026-01-13 22:15:47","2026-01-13 22:15:47",NULL
9967,181141,0,"2026-01-13 22:15:47","2026-01-13 22:15:47",NULL
9968,180016,0,"2026-01-13 22:15:47","2026-01-13 22:15:47",NULL
9969,180017,0,"2026-01-13 22:15:47","2026-01-13 22:15:47",NULL
9970,180017,0,"2026-01-13 22:15:47","2026-01-13 22:15:47",NULL
9971,180017,0,"2026-01-13 22:15:47","2026-01-13 22:15:47",NULL
9972,180017,0,"2026-01-13 22:15:47","2026-01-13 22:15:47",NULL
9973,180017,0,"2026-01-13 22:15:47","2026-01-13 22:15:47",NULL
9974,180018,0,"2026-01-13 22:15:47","2026-01-13 22:15:47",NULL
9975,180019,0,"2026-01-13 22:15:47","2026-01-13 22:15:47",NULL
9976,180020,0,"2026-01-13 22:15:47","2026-01-13 22:15:47",NULL
9977,181101,0,"2026-01-13 22:15:47","2026-01-13 22:15:47",NULL
9978,181101,0,"2026-01-13 22:15:47","2026-01-13 22:15:47",NULL
9979,181101,0,"2026-01-13 22:15:47","2026-01-13 22:15:47",NULL
9980,181101,0,"2026-01-13 22:15:47","2026-01-13 22:15:47",NULL
9981,181101,0,"2026-01-13 22:15:47","2026-01-13 22:15:47",NULL
9982,181101,0,"2026-01-13 22:15:47","2026-01-13 22:15:47",NULL
9983,181101,0,"2026-01-13 22:15:47","2026-01-13 22:15:47",NULL
9984,181101,0,"2026-01-13 22:15:47","2026-01-13 22:15:47",NULL
9985,181102,0,"2026-01-13 22:15:47","2026-01-13 22:15:47",NULL
9986,181102,0,"2026-01-13 22:15:47","2026-01-13 22:15:47",NULL
9987,181102,0,"2026-01-13 22:15:47","2026-01-13 22:15:47",NULL
9988,181102,0,"2026-01-13 22:15:47","2026-01-13 22:15:47",NULL
9989,181102,0,"2026-01-13 22:15:47","2026-01-13 22:15:47",NULL
9990,181102,0,"2026-01-13 22:15:47","2026-01-13 22:15:47",NULL
9991,181102,0,"2026-01-13 22:15:47","2026-01-13 22:15:47",NULL
9992,181102,0,"2026-01-13 22:15:47","2026-01-13 22:15:47",NULL
9993,181102,0,"2026-01-13 22:15:47","2026-01-13 22:15:47",NULL
9994,181102,0,"2026-01-13 22:15:47","2026-01-13 22:15:47",NULL
9995,181102,0,"2026-01-13 22:15:47","2026-01-13 22:15:47",NULL
9996,181102,0,"2026-01-13 22:15:47","2026-01-13 22:15:47",NULL
9997,181102,0,"2026-01-13 22:15:47","2026-01-13 22:15:47",NULL
9998,181102,0,"2026-01-13 22:15:47","2026-01-13 22:15:47",NULL
9999,181102,0,"2026-01-13 22:15:47","2026-01-13 22:15:47",NULL
10000,181111,0,"2026-01-13 22:15:47","2026-01-13 22:15:47",NULL
