city_id,city,status,created_at,updated_at,deleted_at
1,"Central Delhi",0,"2026-01-13 21:57:06","2026-01-13 21:57:06",NULL
2,"Central Delhi",0,"2026-01-13 21:57:06","2026-01-13 21:57:06",NULL
3,"Central Delhi",0,"2026-01-13 21:57:06","2026-01-13 21:57:06",NULL
4,"Central Delhi",0,"2026-01-13 21:57:06","2026-01-13 21:57:06",NULL
5,"Central Delhi",0,"2026-01-13 21:57:06","2026-01-13 21:57:06",NULL
6,"Central Delhi",0,"2026-01-13 21:57:06","2026-01-13 21:57:06",NULL
7,"Central Delhi",0,"2026-01-13 21:57:06","2026-01-13 21:57:06",NULL
8,"Central Delhi",0,"2026-01-13 21:57:06","2026-01-13 21:57:06",NULL
9,"Central Delhi",0,"2026-01-13 21:57:06","2026-01-13 21:57:06",NULL
10,"Central Delhi",0,"2026-01-13 21:57:06","2026-01-13 21:57:06",NULL
11,"Central Delhi",0,"2026-01-13 21:57:06","2026-01-13 21:57:06",NULL
12,"Central Delhi",0,"2026-01-13 21:57:06","2026-01-13 21:57:06",NULL
13,"Central Delhi",0,"2026-01-13 21:57:06","2026-01-13 21:57:06",NULL
14,"Central Delhi",0,"2026-01-13 21:57:06","2026-01-13 21:57:06",NULL
15,"Central Delhi",0,"2026-01-13 21:57:06","2026-01-13 21:57:06",NULL
16,"Central Delhi",0,"2026-01-13 21:57:06","2026-01-13 21:57:06",NULL
17,"Central Delhi",0,"2026-01-13 21:57:06","2026-01-13 21:57:06",NULL
18,"Central Delhi",0,"2026-01-13 21:57:06","2026-01-13 21:57:06",NULL
19,"Central Delhi",0,"2026-01-13 21:57:06","2026-01-13 21:57:06",NULL
20,"New Delhi",0,"2026-01-13 21:57:06","2026-01-13 21:57:06",NULL
21,"Central Delhi",0,"2026-01-13 21:57:06","2026-01-13 21:57:06",NULL
22,"Central Delhi",0,"2026-01-13 21:57:06","2026-01-13 21:57:06",NULL
23,"Central Delhi",0,"2026-01-13 21:57:06","2026-01-13 21:57:06",NULL
24,"Central Delhi",0,"2026-01-13 21:57:06","2026-01-13 21:57:06",NULL
25,"Central Delhi",0,"2026-01-13 21:57:06","2026-01-13 21:57:06",NULL
26,"Central Delhi",0,"2026-01-13 21:57:06","2026-01-13 21:57:06",NULL
27,"Central Delhi",0,"2026-01-13 21:57:06","2026-01-13 21:57:06",NULL
28,"Central Delhi",0,"2026-01-13 21:57:06","2026-01-13 21:57:06",NULL
29,"Central Delhi",0,"2026-01-13 21:57:06","2026-01-13 21:57:06",NULL
30,"Central Delhi",0,"2026-01-13 21:57:06","2026-01-13 21:57:06",NULL
31,"Central Delhi",0,"2026-01-13 21:57:06","2026-01-13 21:57:06",NULL
32,"South Delhi",0,"2026-01-13 21:57:06","2026-01-13 21:57:06",NULL
33,"South Delhi",0,"2026-01-13 21:57:06","2026-01-13 21:57:06",NULL
34,"South Delhi",0,"2026-01-13 21:57:06","2026-01-13 21:57:06",NULL
35,"South Delhi",0,"2026-01-13 21:57:06","2026-01-13 21:57:06",NULL
36,"South Delhi",0,"2026-01-13 21:57:06","2026-01-13 21:57:06",NULL
37,"South Delhi",0,"2026-01-13 21:57:06","2026-01-13 21:57:06",NULL
38,"Central Delhi",0,"2026-01-13 21:57:06","2026-01-13 21:57:06",NULL
39,"Central Delhi",0,"2026-01-13 21:57:06","2026-01-13 21:57:06",NULL
40,"Central Delhi",0,"2026-01-13 21:57:06","2026-01-13 21:57:06",NULL
41,"Central Delhi",0,"2026-01-13 21:57:06","2026-01-13 21:57:06",NULL
42,"Central Delhi",0,"2026-01-13 21:57:06","2026-01-13 21:57:06",NULL
43,"North West Delhi",0,"2026-01-13 21:57:06","2026-01-13 21:57:06",NULL
44,"North West Delhi",0,"2026-01-13 21:57:06","2026-01-13 21:57:06",NULL
45,"North West Delhi",0,"2026-01-13 21:57:06","2026-01-13 21:57:06",NULL
46,"North West Delhi",0,"2026-01-13 21:57:06","2026-01-13 21:57:06",NULL
47,"North West Delhi",0,"2026-01-13 21:57:06","2026-01-13 21:57:06",NULL
48,"North West Delhi",0,"2026-01-13 21:57:06","2026-01-13 21:57:06",NULL
49,"North West Delhi",0,"2026-01-13 21:57:06","2026-01-13 21:57:06",NULL
50,"South West Delhi",0,"2026-01-13 21:57:06","2026-01-13 21:57:06",NULL
51,"South West Delhi",0,"2026-01-13 21:57:06","2026-01-13 21:57:06",NULL
52,"South West Delhi",0,"2026-01-13 21:57:06","2026-01-13 21:57:06",NULL
53,"South West Delhi",0,"2026-01-13 21:57:06","2026-01-13 21:57:06",NULL
54,"South West Delhi",0,"2026-01-13 21:57:06","2026-01-13 21:57:06",NULL
55,"South West Delhi",0,"2026-01-13 21:57:06","2026-01-13 21:57:06",NULL
56,"South West Delhi",0,"2026-01-13 21:57:06","2026-01-13 21:57:06",NULL
57,"South West Delhi",0,"2026-01-13 21:57:06","2026-01-13 21:57:06",NULL
58,"South West Delhi",0,"2026-01-13 21:57:06","2026-01-13 21:57:06",NULL
59,"South West Delhi",0,"2026-01-13 21:57:06","2026-01-13 21:57:06",NULL
60,"South Delhi",0,"2026-01-13 21:57:06","2026-01-13 21:57:06",NULL
61,"Central Delhi",0,"2026-01-13 21:57:06","2026-01-13 21:57:06",NULL
62,"Central Delhi",0,"2026-01-13 21:57:06","2026-01-13 21:57:06",NULL
63,"Central Delhi",0,"2026-01-13 21:57:06","2026-01-13 21:57:06",NULL
64,"Central Delhi",0,"2026-01-13 21:57:06","2026-01-13 21:57:06",NULL
65,"Central Delhi",0,"2026-01-13 21:57:06","2026-01-13 21:57:06",NULL
66,"Central Delhi",0,"2026-01-13 21:57:06","2026-01-13 21:57:06",NULL
67,"Central Delhi",0,"2026-01-13 21:57:06","2026-01-13 21:57:06",NULL
68,"Central Delhi",0,"2026-01-13 21:57:06","2026-01-13 21:57:06",NULL
69,"Central Delhi",0,"2026-01-13 21:57:06","2026-01-13 21:57:06",NULL
70,"North Delhi",0,"2026-01-13 21:57:06","2026-01-13 21:57:06",NULL
71,"North Delhi",0,"2026-01-13 21:57:06","2026-01-13 21:57:06",NULL
72,"North Delhi",0,"2026-01-13 21:57:06","2026-01-13 21:57:06",NULL
73,"North Delhi",0,"2026-01-13 21:57:06","2026-01-13 21:57:06",NULL
74,"North Delhi",0,"2026-01-13 21:57:06","2026-01-13 21:57:06",NULL
75,"North Delhi",0,"2026-01-13 21:57:06","2026-01-13 21:57:06",NULL
76,"North Delhi",0,"2026-01-13 21:57:06","2026-01-13 21:57:06",NULL
77,"Central Delhi",0,"2026-01-13 21:57:06","2026-01-13 21:57:06",NULL
78,"Central Delhi",0,"2026-01-13 21:57:06","2026-01-13 21:57:06",NULL
79,"North Delhi",0,"2026-01-13 21:57:06","2026-01-13 21:57:06",NULL
80,"North Delhi",0,"2026-01-13 21:57:06","2026-01-13 21:57:06",NULL
81,"North Delhi",0,"2026-01-13 21:57:06","2026-01-13 21:57:06",NULL
82,"North Delhi",0,"2026-01-13 21:57:06","2026-01-13 21:57:06",NULL
83,"North Delhi",0,"2026-01-13 21:57:06","2026-01-13 21:57:06",NULL
84,"North Delhi",0,"2026-01-13 21:57:06","2026-01-13 21:57:06",NULL
85,"North Delhi",0,"2026-01-13 21:57:06","2026-01-13 21:57:06",NULL
86,"North Delhi",0,"2026-01-13 21:57:06","2026-01-13 21:57:06",NULL
87,"North Delhi",0,"2026-01-13 21:57:06","2026-01-13 21:57:06",NULL
88,"North Delhi",0,"2026-01-13 21:57:06","2026-01-13 21:57:06",NULL
89,"North Delhi",0,"2026-01-13 21:57:06","2026-01-13 21:57:06",NULL
90,"North Delhi",0,"2026-01-13 21:57:06","2026-01-13 21:57:06",NULL
91,"North Delhi",0,"2026-01-13 21:57:06","2026-01-13 21:57:06",NULL
92,"South West Delhi",0,"2026-01-13 21:57:06","2026-01-13 21:57:06",NULL
93,"South West Delhi",0,"2026-01-13 21:57:06","2026-01-13 21:57:06",NULL
94,"South West Delhi",0,"2026-01-13 21:57:06","2026-01-13 21:57:06",NULL
95,"South West Delhi",0,"2026-01-13 21:57:06","2026-01-13 21:57:06",NULL
96,"Central Delhi",0,"2026-01-13 21:57:06","2026-01-13 21:57:06",NULL
97,"Central Delhi",0,"2026-01-13 21:57:06","2026-01-13 21:57:06",NULL
98,"Central Delhi",0,"2026-01-13 21:57:06","2026-01-13 21:57:06",NULL
99,"Central Delhi",0,"2026-01-13 21:57:06","2026-01-13 21:57:06",NULL
100,"Central Delhi",0,"2026-01-13 21:57:06","2026-01-13 21:57:06",NULL
101,"Central Delhi",0,"2026-01-13 21:57:06","2026-01-13 21:57:06",NULL
102,"South Delhi",0,"2026-01-13 21:57:06","2026-01-13 21:57:06",NULL
103,"South Delhi",0,"2026-01-13 21:57:06","2026-01-13 21:57:06",NULL
104,"South Delhi",0,"2026-01-13 21:57:06","2026-01-13 21:57:06",NULL
105,"South Delhi",0,"2026-01-13 21:57:06","2026-01-13 21:57:06",NULL
106,"South Delhi",0,"2026-01-13 21:57:06","2026-01-13 21:57:06",NULL
107,"South Delhi",0,"2026-01-13 21:57:06","2026-01-13 21:57:06",NULL
108,"West Delhi",0,"2026-01-13 21:57:06","2026-01-13 21:57:06",NULL
109,"West Delhi",0,"2026-01-13 21:57:06","2026-01-13 21:57:06",NULL
110,"West Delhi",0,"2026-01-13 21:57:06","2026-01-13 21:57:06",NULL
111,"West Delhi",0,"2026-01-13 21:57:06","2026-01-13 21:57:06",NULL
112,"West Delhi",0,"2026-01-13 21:57:06","2026-01-13 21:57:06",NULL
113,"West Delhi",0,"2026-01-13 21:57:06","2026-01-13 21:57:06",NULL
114,"West Delhi",0,"2026-01-13 21:57:06","2026-01-13 21:57:06",NULL
115,"West Delhi",0,"2026-01-13 21:57:06","2026-01-13 21:57:06",NULL
116,"South West Delhi",0,"2026-01-13 21:57:06","2026-01-13 21:57:06",NULL
117,"South West Delhi",0,"2026-01-13 21:57:06","2026-01-13 21:57:06",NULL
118,"South West Delhi",0,"2026-01-13 21:57:06","2026-01-13 21:57:06",NULL
119,"South West Delhi",0,"2026-01-13 21:57:06","2026-01-13 21:57:06",NULL
120,"South West Delhi",0,"2026-01-13 21:57:06","2026-01-13 21:57:06",NULL
121,"South West Delhi",0,"2026-01-13 21:57:06","2026-01-13 21:57:06",NULL
122,"South Delhi",0,"2026-01-13 21:57:06","2026-01-13 21:57:06",NULL
123,"South Delhi",0,"2026-01-13 21:57:06","2026-01-13 21:57:06",NULL
124,"South Delhi",0,"2026-01-13 21:57:06","2026-01-13 21:57:06",NULL
125,"South Delhi",0,"2026-01-13 21:57:06","2026-01-13 21:57:06",NULL
126,"South Delhi",0,"2026-01-13 21:57:06","2026-01-13 21:57:06",NULL
127,"South Delhi",0,"2026-01-13 21:57:06","2026-01-13 21:57:06",NULL
128,"South Delhi",0,"2026-01-13 21:57:06","2026-01-13 21:57:06",NULL
129,"South Delhi",0,"2026-01-13 21:57:06","2026-01-13 21:57:06",NULL
130,"West Delhi",0,"2026-01-13 21:57:06","2026-01-13 21:57:06",NULL
131,"West Delhi",0,"2026-01-13 21:57:06","2026-01-13 21:57:06",NULL
132,"West Delhi",0,"2026-01-13 21:57:06","2026-01-13 21:57:06",NULL
133,"West Delhi",0,"2026-01-13 21:57:06","2026-01-13 21:57:06",NULL
134,"West Delhi",0,"2026-01-13 21:57:06","2026-01-13 21:57:06",NULL
135,"West Delhi",0,"2026-01-13 21:57:06","2026-01-13 21:57:06",NULL
136,"West Delhi",0,"2026-01-13 21:57:06","2026-01-13 21:57:06",NULL
137,"West Delhi",0,"2026-01-13 21:57:06","2026-01-13 21:57:06",NULL
138,"West Delhi",0,"2026-01-13 21:57:06","2026-01-13 21:57:06",NULL
139,"West Delhi",0,"2026-01-13 21:57:06","2026-01-13 21:57:06",NULL
140,"West Delhi",0,"2026-01-13 21:57:06","2026-01-13 21:57:06",NULL
141,"West Delhi",0,"2026-01-13 21:57:06","2026-01-13 21:57:06",NULL
142,"South Delhi",0,"2026-01-13 21:57:06","2026-01-13 21:57:06",NULL
143,"South Delhi",0,"2026-01-13 21:57:06","2026-01-13 21:57:06",NULL
144,"South Delhi",0,"2026-01-13 21:57:06","2026-01-13 21:57:06",NULL
145,"South Delhi",0,"2026-01-13 21:57:06","2026-01-13 21:57:06",NULL
146,"South Delhi",0,"2026-01-13 21:57:06","2026-01-13 21:57:06",NULL
147,"South Delhi",0,"2026-01-13 21:57:06","2026-01-13 21:57:06",NULL
148,"South Delhi",0,"2026-01-13 21:57:06","2026-01-13 21:57:06",NULL
149,"South Delhi",0,"2026-01-13 21:57:06","2026-01-13 21:57:06",NULL
150,"South Delhi",0,"2026-01-13 21:57:06","2026-01-13 21:57:06",NULL
151,"South Delhi",0,"2026-01-13 21:57:06","2026-01-13 21:57:06",NULL
152,"New Delhi",0,"2026-01-13 21:57:06","2026-01-13 21:57:06",NULL
153,"South West Delhi",0,"2026-01-13 21:57:06","2026-01-13 21:57:06",NULL
154,"South West Delhi",0,"2026-01-13 21:57:06","2026-01-13 21:57:06",NULL
155,"South West Delhi",0,"2026-01-13 21:57:06","2026-01-13 21:57:06",NULL
156,"South West Delhi",0,"2026-01-13 21:57:06","2026-01-13 21:57:06",NULL
157,"South West Delhi",0,"2026-01-13 21:57:06","2026-01-13 21:57:06",NULL
158,"South West Delhi",0,"2026-01-13 21:57:06","2026-01-13 21:57:06",NULL
159,"South West Delhi",0,"2026-01-13 21:57:06","2026-01-13 21:57:06",NULL
160,"South West Delhi",0,"2026-01-13 21:57:06","2026-01-13 21:57:06",NULL
161,"South West Delhi",0,"2026-01-13 21:57:06","2026-01-13 21:57:06",NULL
162,"South West Delhi",0,"2026-01-13 21:57:06","2026-01-13 21:57:06",NULL
163,"South Delhi",0,"2026-01-13 21:57:06","2026-01-13 21:57:06",NULL
164,"South West Delhi",0,"2026-01-13 21:57:06","2026-01-13 21:57:06",NULL
165,"South Delhi",0,"2026-01-13 21:57:06","2026-01-13 21:57:06",NULL
166,"South Delhi",0,"2026-01-13 21:57:06","2026-01-13 21:57:06",NULL
167,"South Delhi",0,"2026-01-13 21:57:06","2026-01-13 21:57:06",NULL
168,"South Delhi",0,"2026-01-13 21:57:06","2026-01-13 21:57:06",NULL
169,"South Delhi",0,"2026-01-13 21:57:06","2026-01-13 21:57:06",NULL
170,"South Delhi",0,"2026-01-13 21:57:06","2026-01-13 21:57:06",NULL
171,"South Delhi",0,"2026-01-13 21:57:06","2026-01-13 21:57:06",NULL
172,"South Delhi",0,"2026-01-13 21:57:06","2026-01-13 21:57:06",NULL
173,"South Delhi",0,"2026-01-13 21:57:06","2026-01-13 21:57:06",NULL
174,"West Delhi",0,"2026-01-13 21:57:06","2026-01-13 21:57:06",NULL
175,"West Delhi",0,"2026-01-13 21:57:06","2026-01-13 21:57:06",NULL
176,"West Delhi",0,"2026-01-13 21:57:06","2026-01-13 21:57:06",NULL
177,"West Delhi",0,"2026-01-13 21:57:06","2026-01-13 21:57:06",NULL
178,"West Delhi",0,"2026-01-13 21:57:06","2026-01-13 21:57:06",NULL
179,"West Delhi",0,"2026-01-13 21:57:06","2026-01-13 21:57:06",NULL
180,"West Delhi",0,"2026-01-13 21:57:06","2026-01-13 21:57:06",NULL
181,"West Delhi",0,"2026-01-13 21:57:06","2026-01-13 21:57:06",NULL
182,"West Delhi",0,"2026-01-13 21:57:06","2026-01-13 21:57:06",NULL
183,"West Delhi",0,"2026-01-13 21:57:06","2026-01-13 21:57:06",NULL
184,"South West Delhi",0,"2026-01-13 21:57:06","2026-01-13 21:57:06",NULL
185,"South West Delhi",0,"2026-01-13 21:57:06","2026-01-13 21:57:06",NULL
186,"South West Delhi",0,"2026-01-13 21:57:06","2026-01-13 21:57:06",NULL
187,"South West Delhi",0,"2026-01-13 21:57:06","2026-01-13 21:57:06",NULL
188,"New Delhi",0,"2026-01-13 21:57:06","2026-01-13 21:57:06",NULL
189,"South West Delhi",0,"2026-01-13 21:57:06","2026-01-13 21:57:06",NULL
190,"South West Delhi",0,"2026-01-13 21:57:06","2026-01-13 21:57:06",NULL
191,"South West Delhi",0,"2026-01-13 21:57:06","2026-01-13 21:57:06",NULL
192,"South West Delhi",0,"2026-01-13 21:57:06","2026-01-13 21:57:06",NULL
193,"South West Delhi",0,"2026-01-13 21:57:06","2026-01-13 21:57:06",NULL
194,"South West Delhi",0,"2026-01-13 21:57:06","2026-01-13 21:57:06",NULL
195,"South West Delhi",0,"2026-01-13 21:57:06","2026-01-13 21:57:06",NULL
196,"South West Delhi",0,"2026-01-13 21:57:06","2026-01-13 21:57:06",NULL
197,"South West Delhi",0,"2026-01-13 21:57:06","2026-01-13 21:57:06",NULL
198,"East Delhi",0,"2026-01-13 21:57:06","2026-01-13 21:57:06",NULL
199,"East Delhi",0,"2026-01-13 21:57:06","2026-01-13 21:57:06",NULL
200,"East Delhi",0,"2026-01-13 21:57:06","2026-01-13 21:57:06",NULL
201,"South Delhi",0,"2026-01-13 21:57:06","2026-01-13 21:57:06",NULL
202,"South West Delhi",0,"2026-01-13 21:57:06","2026-01-13 21:57:06",NULL
203,"South West Delhi",0,"2026-01-13 21:57:06","2026-01-13 21:57:06",NULL
204,"South West Delhi",0,"2026-01-13 21:57:06","2026-01-13 21:57:06",NULL
205,"South West Delhi",0,"2026-01-13 21:57:06","2026-01-13 21:57:06",NULL
206,"South West Delhi",0,"2026-01-13 21:57:06","2026-01-13 21:57:06",NULL
207,"South West Delhi",0,"2026-01-13 21:57:06","2026-01-13 21:57:06",NULL
208,"South West Delhi",0,"2026-01-13 21:57:06","2026-01-13 21:57:06",NULL
209,"South West Delhi",0,"2026-01-13 21:57:06","2026-01-13 21:57:06",NULL
210,"South West Delhi",0,"2026-01-13 21:57:06","2026-01-13 21:57:06",NULL
211,"North West Delhi",0,"2026-01-13 21:57:06","2026-01-13 21:57:06",NULL
212,"North West Delhi",0,"2026-01-13 21:57:06","2026-01-13 21:57:06",NULL
213,"South West Delhi",0,"2026-01-13 21:57:06","2026-01-13 21:57:06",NULL
214,"South West Delhi",0,"2026-01-13 21:57:06","2026-01-13 21:57:06",NULL
215,"South West Delhi",0,"2026-01-13 21:57:06","2026-01-13 21:57:06",NULL
216,"South West Delhi",0,"2026-01-13 21:57:06","2026-01-13 21:57:06",NULL
217,"South West Delhi",0,"2026-01-13 21:57:06","2026-01-13 21:57:06",NULL
218,"South West Delhi",0,"2026-01-13 21:57:06","2026-01-13 21:57:06",NULL
219,"South West Delhi",0,"2026-01-13 21:57:06","2026-01-13 21:57:06",NULL
220,"South West Delhi",0,"2026-01-13 21:57:06","2026-01-13 21:57:06",NULL
221,"South West Delhi",0,"2026-01-13 21:57:06","2026-01-13 21:57:06",NULL
222,"North West Delhi",0,"2026-01-13 21:57:06","2026-01-13 21:57:06",NULL
223,"North West Delhi",0,"2026-01-13 21:57:06","2026-01-13 21:57:06",NULL
224,"North West Delhi",0,"2026-01-13 21:57:06","2026-01-13 21:57:06",NULL
225,"North West Delhi",0,"2026-01-13 21:57:06","2026-01-13 21:57:06",NULL
226,"North West Delhi",0,"2026-01-13 21:57:06","2026-01-13 21:57:06",NULL
227,"North West Delhi",0,"2026-01-13 21:57:06","2026-01-13 21:57:06",NULL
228,"North West Delhi",0,"2026-01-13 21:57:06","2026-01-13 21:57:06",NULL
229,"North West Delhi",0,"2026-01-13 21:57:06","2026-01-13 21:57:06",NULL
230,"East Delhi",0,"2026-01-13 21:57:06","2026-01-13 21:57:06",NULL
231,"East Delhi",0,"2026-01-13 21:57:06","2026-01-13 21:57:06",NULL
232,"East Delhi",0,"2026-01-13 21:57:06","2026-01-13 21:57:06",NULL
233,"East Delhi",0,"2026-01-13 21:57:06","2026-01-13 21:57:06",NULL
234,"East Delhi",0,"2026-01-13 21:57:06","2026-01-13 21:57:06",NULL
235,"East Delhi",0,"2026-01-13 21:57:06","2026-01-13 21:57:06",NULL
236,"East Delhi",0,"2026-01-13 21:57:06","2026-01-13 21:57:06",NULL
237,"East Delhi",0,"2026-01-13 21:57:06","2026-01-13 21:57:06",NULL
238,"East Delhi",0,"2026-01-13 21:57:06","2026-01-13 21:57:06",NULL
239,"East Delhi",0,"2026-01-13 21:57:06","2026-01-13 21:57:06",NULL
240,"East Delhi",0,"2026-01-13 21:57:06","2026-01-13 21:57:06",NULL
241,"East Delhi",0,"2026-01-13 21:57:06","2026-01-13 21:57:06",NULL
242,"East Delhi",0,"2026-01-13 21:57:06","2026-01-13 21:57:06",NULL
243,"East Delhi",0,"2026-01-13 21:57:06","2026-01-13 21:57:06",NULL
244,"East Delhi",0,"2026-01-13 21:57:06","2026-01-13 21:57:06",NULL
245,"East Delhi",0,"2026-01-13 21:57:06","2026-01-13 21:57:06",NULL
246,"North East Delhi",0,"2026-01-13 21:57:06","2026-01-13 21:57:06",NULL
247,"North West Delhi",0,"2026-01-13 21:57:06","2026-01-13 21:57:06",NULL
248,"North West Delhi",0,"2026-01-13 21:57:06","2026-01-13 21:57:06",NULL
249,"North West Delhi",0,"2026-01-13 21:57:06","2026-01-13 21:57:06",NULL
250,"North West Delhi",0,"2026-01-13 21:57:06","2026-01-13 21:57:06",NULL
251,"North West Delhi",0,"2026-01-13 21:57:06","2026-01-13 21:57:06",NULL
252,"North West Delhi",0,"2026-01-13 21:57:06","2026-01-13 21:57:06",NULL
253,"North West Delhi",0,"2026-01-13 21:57:06","2026-01-13 21:57:06",NULL
254,"North West Delhi",0,"2026-01-13 21:57:06","2026-01-13 21:57:06",NULL
255,"North West Delhi",0,"2026-01-13 21:57:06","2026-01-13 21:57:06",NULL
256,"North West Delhi",0,"2026-01-13 21:57:06","2026-01-13 21:57:06",NULL
257,"North West Delhi",0,"2026-01-13 21:57:06","2026-01-13 21:57:06",NULL
258,"North West Delhi",0,"2026-01-13 21:57:06","2026-01-13 21:57:06",NULL
259,"North West Delhi",0,"2026-01-13 21:57:06","2026-01-13 21:57:06",NULL
260,"North West Delhi",0,"2026-01-13 21:57:06","2026-01-13 21:57:06",NULL
261,"North West Delhi",0,"2026-01-13 21:57:06","2026-01-13 21:57:06",NULL
262,"North West Delhi",0,"2026-01-13 21:57:06","2026-01-13 21:57:06",NULL
263,"North West Delhi",0,"2026-01-13 21:57:06","2026-01-13 21:57:06",NULL
264,"North West Delhi",0,"2026-01-13 21:57:06","2026-01-13 21:57:06",NULL
265,"North West Delhi",0,"2026-01-13 21:57:06","2026-01-13 21:57:06",NULL
266,"North West Delhi",0,"2026-01-13 21:57:06","2026-01-13 21:57:06",NULL
267,"North West Delhi",0,"2026-01-13 21:57:06","2026-01-13 21:57:06",NULL
268,"North West Delhi",0,"2026-01-13 21:57:06","2026-01-13 21:57:06",NULL
269,"North West Delhi",0,"2026-01-13 21:57:06","2026-01-13 21:57:06",NULL
270,"North West Delhi",0,"2026-01-13 21:57:06","2026-01-13 21:57:06",NULL
271,"North West Delhi",0,"2026-01-13 21:57:06","2026-01-13 21:57:06",NULL
272,"North West Delhi",0,"2026-01-13 21:57:06","2026-01-13 21:57:06",NULL
273,"North West Delhi",0,"2026-01-13 21:57:06","2026-01-13 21:57:06",NULL
274,"North West Delhi",0,"2026-01-13 21:57:06","2026-01-13 21:57:06",NULL
275,"North West Delhi",0,"2026-01-13 21:57:06","2026-01-13 21:57:06",NULL
276,"North West Delhi",0,"2026-01-13 21:57:06","2026-01-13 21:57:06",NULL
277,"North West Delhi",0,"2026-01-13 21:57:06","2026-01-13 21:57:06",NULL
278,"North West Delhi",0,"2026-01-13 21:57:06","2026-01-13 21:57:06",NULL
279,"North West Delhi",0,"2026-01-13 21:57:06","2026-01-13 21:57:06",NULL
280,"North West Delhi",0,"2026-01-13 21:57:06","2026-01-13 21:57:06",NULL
281,"North West Delhi",0,"2026-01-13 21:57:06","2026-01-13 21:57:06",NULL
282,"North West Delhi",0,"2026-01-13 21:57:06","2026-01-13 21:57:06",NULL
283,"West Delhi",0,"2026-01-13 21:57:06","2026-01-13 21:57:06",NULL
284,"West Delhi",0,"2026-01-13 21:57:06","2026-01-13 21:57:06",NULL
285,"West Delhi",0,"2026-01-13 21:57:06","2026-01-13 21:57:06",NULL
286,"West Delhi",0,"2026-01-13 21:57:06","2026-01-13 21:57:06",NULL
287,"West Delhi",0,"2026-01-13 21:57:06","2026-01-13 21:57:06",NULL
288,"West Delhi",0,"2026-01-13 21:57:06","2026-01-13 21:57:06",NULL
289,"West Delhi",0,"2026-01-13 21:57:06","2026-01-13 21:57:06",NULL
290,"West Delhi",0,"2026-01-13 21:57:06","2026-01-13 21:57:06",NULL
291,"West Delhi",0,"2026-01-13 21:57:06","2026-01-13 21:57:06",NULL
292,"North West Delhi",0,"2026-01-13 21:57:06","2026-01-13 21:57:06",NULL
293,"North West Delhi",0,"2026-01-13 21:57:06","2026-01-13 21:57:06",NULL
294,"North West Delhi",0,"2026-01-13 21:57:06","2026-01-13 21:57:06",NULL
295,"North West Delhi",0,"2026-01-13 21:57:06","2026-01-13 21:57:06",NULL
296,"North West Delhi",0,"2026-01-13 21:57:06","2026-01-13 21:57:06",NULL
297,"South West Delhi",0,"2026-01-13 21:57:06","2026-01-13 21:57:06",NULL
298,"South West Delhi",0,"2026-01-13 21:57:06","2026-01-13 21:57:06",NULL
299,"South West Delhi",0,"2026-01-13 21:57:06","2026-01-13 21:57:06",NULL
300,"South West Delhi",0,"2026-01-13 21:57:06","2026-01-13 21:57:06",NULL
301,"South West Delhi",0,"2026-01-13 21:57:06","2026-01-13 21:57:06",NULL
302,"South West Delhi",0,"2026-01-13 21:57:06","2026-01-13 21:57:06",NULL
303,"South West Delhi",0,"2026-01-13 21:57:06","2026-01-13 21:57:06",NULL
304,"South West Delhi",0,"2026-01-13 21:57:06","2026-01-13 21:57:06",NULL
305,"South West Delhi",0,"2026-01-13 21:57:06","2026-01-13 21:57:06",NULL
306,"South West Delhi",0,"2026-01-13 21:57:06","2026-01-13 21:57:06",NULL
307,"South West Delhi",0,"2026-01-13 21:57:06","2026-01-13 21:57:06",NULL
308,"South West Delhi",0,"2026-01-13 21:57:06","2026-01-13 21:57:06",NULL
309,"South West Delhi",0,"2026-01-13 21:57:06","2026-01-13 21:57:06",NULL
310,"South Delhi",0,"2026-01-13 21:57:06","2026-01-13 21:57:06",NULL
311,"South Delhi",0,"2026-01-13 21:57:06","2026-01-13 21:57:06",NULL
312,"South Delhi",0,"2026-01-13 21:57:06","2026-01-13 21:57:06",NULL
313,"South Delhi",0,"2026-01-13 21:57:06","2026-01-13 21:57:06",NULL
314,"South Delhi",0,"2026-01-13 21:57:06","2026-01-13 21:57:06",NULL
315,"South Delhi",0,"2026-01-13 21:57:06","2026-01-13 21:57:06",NULL
316,"South Delhi",0,"2026-01-13 21:57:06","2026-01-13 21:57:06",NULL
317,"South West Delhi",0,"2026-01-13 21:57:06","2026-01-13 21:57:06",NULL
318,"South West Delhi",0,"2026-01-13 21:57:06","2026-01-13 21:57:06",NULL
319,"South West Delhi",0,"2026-01-13 21:57:06","2026-01-13 21:57:06",NULL
320,"South West Delhi",0,"2026-01-13 21:57:06","2026-01-13 21:57:06",NULL
321,"South West Delhi",0,"2026-01-13 21:57:06","2026-01-13 21:57:06",NULL
322,"South West Delhi",0,"2026-01-13 21:57:06","2026-01-13 21:57:06",NULL
323,"South West Delhi",0,"2026-01-13 21:57:06","2026-01-13 21:57:06",NULL
324,"South West Delhi",0,"2026-01-13 21:57:06","2026-01-13 21:57:06",NULL
325,"South West Delhi",0,"2026-01-13 21:57:06","2026-01-13 21:57:06",NULL
326,"South West Delhi",0,"2026-01-13 21:57:06","2026-01-13 21:57:06",NULL
327,"South Delhi",0,"2026-01-13 21:57:06","2026-01-13 21:57:06",NULL
328,"South Delhi",0,"2026-01-13 21:57:06","2026-01-13 21:57:06",NULL
329,"North West Delhi",0,"2026-01-13 21:57:06","2026-01-13 21:57:06",NULL
330,"South Delhi",0,"2026-01-13 21:57:06","2026-01-13 21:57:06",NULL
331,"South Delhi",0,"2026-01-13 21:57:06","2026-01-13 21:57:06",NULL
332,"South Delhi",0,"2026-01-13 21:57:06","2026-01-13 21:57:06",NULL
333,"South Delhi",0,"2026-01-13 21:57:06","2026-01-13 21:57:06",NULL
334,"South Delhi",0,"2026-01-13 21:57:06","2026-01-13 21:57:06",NULL
335,"South Delhi",0,"2026-01-13 21:57:06","2026-01-13 21:57:06",NULL
336,"East Delhi",0,"2026-01-13 21:57:06","2026-01-13 21:57:06",NULL
337,"North Delhi",0,"2026-01-13 21:57:06","2026-01-13 21:57:06",NULL
338,"North Delhi",0,"2026-01-13 21:57:06","2026-01-13 21:57:06",NULL
339,"North Delhi",0,"2026-01-13 21:57:06","2026-01-13 21:57:06",NULL
340,"North Delhi",0,"2026-01-13 21:57:06","2026-01-13 21:57:06",NULL
341,"North Delhi",0,"2026-01-13 21:57:06","2026-01-13 21:57:06",NULL
342,"Central Delhi",0,"2026-01-13 21:57:06","2026-01-13 21:57:06",NULL
343,"Central Delhi",0,"2026-01-13 21:57:06","2026-01-13 21:57:06",NULL
344,"Central Delhi",0,"2026-01-13 21:57:06","2026-01-13 21:57:06",NULL
345,"Central Delhi",0,"2026-01-13 21:57:06","2026-01-13 21:57:06",NULL
346,"North West Delhi",0,"2026-01-13 21:57:06","2026-01-13 21:57:06",NULL
347,"South West Delhi",0,"2026-01-13 21:57:06","2026-01-13 21:57:06",NULL
348,"South West Delhi",0,"2026-01-13 21:57:06","2026-01-13 21:57:06",NULL
349,"West Delhi",0,"2026-01-13 21:57:06","2026-01-13 21:57:06",NULL
350,"West Delhi",0,"2026-01-13 21:57:06","2026-01-13 21:57:06",NULL
351,"West Delhi",0,"2026-01-13 21:57:06","2026-01-13 21:57:06",NULL
352,"West Delhi",0,"2026-01-13 21:57:06","2026-01-13 21:57:06",NULL
353,"West Delhi",0,"2026-01-13 21:57:06","2026-01-13 21:57:06",NULL
354,"West Delhi",0,"2026-01-13 21:57:06","2026-01-13 21:57:06",NULL
355,"West Delhi",0,"2026-01-13 21:57:06","2026-01-13 21:57:06",NULL
356,"West Delhi",0,"2026-01-13 21:57:06","2026-01-13 21:57:06",NULL
357,"West Delhi",0,"2026-01-13 21:57:06","2026-01-13 21:57:06",NULL
358,"West Delhi",0,"2026-01-13 21:57:06","2026-01-13 21:57:06",NULL
359,"Central Delhi",0,"2026-01-13 21:57:06","2026-01-13 21:57:06",NULL
360,"South West Delhi",0,"2026-01-13 21:57:06","2026-01-13 21:57:06",NULL
361,"South West Delhi",0,"2026-01-13 21:57:06","2026-01-13 21:57:06",NULL
362,"South Delhi",0,"2026-01-13 21:57:06","2026-01-13 21:57:06",NULL
363,"South Delhi",0,"2026-01-13 21:57:06","2026-01-13 21:57:06",NULL
364,"South Delhi",0,"2026-01-13 21:57:06","2026-01-13 21:57:06",NULL
365,"South Delhi",0,"2026-01-13 21:57:06","2026-01-13 21:57:06",NULL
366,"South Delhi",0,"2026-01-13 21:57:07","2026-01-13 21:57:07",NULL
367,"South Delhi",0,"2026-01-13 21:57:07","2026-01-13 21:57:07",NULL
368,"South Delhi",0,"2026-01-13 21:57:07","2026-01-13 21:57:07",NULL
369,"South Delhi",0,"2026-01-13 21:57:07","2026-01-13 21:57:07",NULL
370,"South Delhi",0,"2026-01-13 21:57:07","2026-01-13 21:57:07",NULL
371,"South Delhi",0,"2026-01-13 21:57:07","2026-01-13 21:57:07",NULL
372,"South Delhi",0,"2026-01-13 21:57:07","2026-01-13 21:57:07",NULL
373,"West Delhi",0,"2026-01-13 21:57:07","2026-01-13 21:57:07",NULL
374,"West Delhi",0,"2026-01-13 21:57:07","2026-01-13 21:57:07",NULL
375,"West Delhi",0,"2026-01-13 21:57:07","2026-01-13 21:57:07",NULL
376,"West Delhi",0,"2026-01-13 21:57:07","2026-01-13 21:57:07",NULL
377,"West Delhi",0,"2026-01-13 21:57:07","2026-01-13 21:57:07",NULL
378,"East Delhi",0,"2026-01-13 21:57:07","2026-01-13 21:57:07",NULL
379,"East Delhi",0,"2026-01-13 21:57:07","2026-01-13 21:57:07",NULL
380,"East Delhi",0,"2026-01-13 21:57:07","2026-01-13 21:57:07",NULL
381,"East Delhi",0,"2026-01-13 21:57:07","2026-01-13 21:57:07",NULL
382,"North West Delhi",0,"2026-01-13 21:57:07","2026-01-13 21:57:07",NULL
383,"North West Delhi",0,"2026-01-13 21:57:07","2026-01-13 21:57:07",NULL
384,"North West Delhi",0,"2026-01-13 21:57:07","2026-01-13 21:57:07",NULL
385,"North West Delhi",0,"2026-01-13 21:57:07","2026-01-13 21:57:07",NULL
386,"North West Delhi",0,"2026-01-13 21:57:07","2026-01-13 21:57:07",NULL
387,"East Delhi",0,"2026-01-13 21:57:07","2026-01-13 21:57:07",NULL
388,"East Delhi",0,"2026-01-13 21:57:07","2026-01-13 21:57:07",NULL
389,"East Delhi",0,"2026-01-13 21:57:07","2026-01-13 21:57:07",NULL
390,"North East Delhi",0,"2026-01-13 21:57:07","2026-01-13 21:57:07",NULL
391,"East Delhi",0,"2026-01-13 21:57:07","2026-01-13 21:57:07",NULL
392,"East Delhi",0,"2026-01-13 21:57:07","2026-01-13 21:57:07",NULL
393,"East Delhi",0,"2026-01-13 21:57:07","2026-01-13 21:57:07",NULL
394,"East Delhi",0,"2026-01-13 21:57:07","2026-01-13 21:57:07",NULL
395,"South West Delhi",0,"2026-01-13 21:57:07","2026-01-13 21:57:07",NULL
396,"South West Delhi",0,"2026-01-13 21:57:07","2026-01-13 21:57:07",NULL
397,"South West Delhi",0,"2026-01-13 21:57:07","2026-01-13 21:57:07",NULL
398,"South West Delhi",0,"2026-01-13 21:57:07","2026-01-13 21:57:07",NULL
399,"South West Delhi",0,"2026-01-13 21:57:07","2026-01-13 21:57:07",NULL
400,"South West Delhi",0,"2026-01-13 21:57:07","2026-01-13 21:57:07",NULL
401,"South West Delhi",0,"2026-01-13 21:57:07","2026-01-13 21:57:07",NULL
402,"South West Delhi",0,"2026-01-13 21:57:07","2026-01-13 21:57:07",NULL
403,"South Delhi",0,"2026-01-13 21:57:07","2026-01-13 21:57:07",NULL
404,"South Delhi",0,"2026-01-13 21:57:07","2026-01-13 21:57:07",NULL
405,"South West Delhi",0,"2026-01-13 21:57:07","2026-01-13 21:57:07",NULL
406,"South West Delhi",0,"2026-01-13 21:57:07","2026-01-13 21:57:07",NULL
407,"South West Delhi",0,"2026-01-13 21:57:07","2026-01-13 21:57:07",NULL
408,"South West Delhi",0,"2026-01-13 21:57:07","2026-01-13 21:57:07",NULL
409,"West Delhi",0,"2026-01-13 21:57:07","2026-01-13 21:57:07",NULL
410,"West Delhi",0,"2026-01-13 21:57:07","2026-01-13 21:57:07",NULL
411,"South West Delhi",0,"2026-01-13 21:57:07","2026-01-13 21:57:07",NULL
412,"West Delhi",0,"2026-01-13 21:57:07","2026-01-13 21:57:07",NULL
413,"West Delhi",0,"2026-01-13 21:57:07","2026-01-13 21:57:07",NULL
414,"West Delhi",0,"2026-01-13 21:57:07","2026-01-13 21:57:07",NULL
415,"West Delhi",0,"2026-01-13 21:57:07","2026-01-13 21:57:07",NULL
416,"South West Delhi",0,"2026-01-13 21:57:07","2026-01-13 21:57:07",NULL
417,"South West Delhi",0,"2026-01-13 21:57:07","2026-01-13 21:57:07",NULL
418,"South Delhi",0,"2026-01-13 21:57:07","2026-01-13 21:57:07",NULL
419,"South Delhi",0,"2026-01-13 21:57:07","2026-01-13 21:57:07",NULL
420,"South Delhi",0,"2026-01-13 21:57:07","2026-01-13 21:57:07",NULL
421,"South Delhi",0,"2026-01-13 21:57:07","2026-01-13 21:57:07",NULL
422,"South Delhi",0,"2026-01-13 21:57:07","2026-01-13 21:57:07",NULL
423,"South West Delhi",0,"2026-01-13 21:57:07","2026-01-13 21:57:07",NULL
424,"South West Delhi",0,"2026-01-13 21:57:07","2026-01-13 21:57:07",NULL
425,"South West Delhi",0,"2026-01-13 21:57:07","2026-01-13 21:57:07",NULL
426,"South West Delhi",0,"2026-01-13 21:57:07","2026-01-13 21:57:07",NULL
427,"South West Delhi",0,"2026-01-13 21:57:07","2026-01-13 21:57:07",NULL
428,"South West Delhi",0,"2026-01-13 21:57:07","2026-01-13 21:57:07",NULL
429,"South West Delhi",0,"2026-01-13 21:57:07","2026-01-13 21:57:07",NULL
430,"South West Delhi",0,"2026-01-13 21:57:07","2026-01-13 21:57:07",NULL
431,"Central Delhi",0,"2026-01-13 21:57:07","2026-01-13 21:57:07",NULL
432,"South West Delhi",0,"2026-01-13 21:57:07","2026-01-13 21:57:07",NULL
433,"South West Delhi",0,"2026-01-13 21:57:07","2026-01-13 21:57:07",NULL
434,"South West Delhi",0,"2026-01-13 21:57:07","2026-01-13 21:57:07",NULL
435,"South West Delhi",0,"2026-01-13 21:57:07","2026-01-13 21:57:07",NULL
436,"South West Delhi",0,"2026-01-13 21:57:07","2026-01-13 21:57:07",NULL
437,"South West Delhi",0,"2026-01-13 21:57:07","2026-01-13 21:57:07",NULL
438,"South West Delhi",0,"2026-01-13 21:57:07","2026-01-13 21:57:07",NULL
439,"South West Delhi",0,"2026-01-13 21:57:07","2026-01-13 21:57:07",NULL
440,"South West Delhi",0,"2026-01-13 21:57:07","2026-01-13 21:57:07",NULL
441,"South West Delhi",0,"2026-01-13 21:57:07","2026-01-13 21:57:07",NULL
442,"South West Delhi",0,"2026-01-13 21:57:07","2026-01-13 21:57:07",NULL
443,"South West Delhi",0,"2026-01-13 21:57:07","2026-01-13 21:57:07",NULL
444,"South West Delhi",0,"2026-01-13 21:57:07","2026-01-13 21:57:07",NULL
445,"South West Delhi",0,"2026-01-13 21:57:07","2026-01-13 21:57:07",NULL
446,"South West Delhi",0,"2026-01-13 21:57:07","2026-01-13 21:57:07",NULL
447,"South West Delhi",0,"2026-01-13 21:57:07","2026-01-13 21:57:07",NULL
448,"South West Delhi",0,"2026-01-13 21:57:07","2026-01-13 21:57:07",NULL
449,"South West Delhi",0,"2026-01-13 21:57:07","2026-01-13 21:57:07",NULL
450,"South West Delhi",0,"2026-01-13 21:57:07","2026-01-13 21:57:07",NULL
451,"South West Delhi",0,"2026-01-13 21:57:07","2026-01-13 21:57:07",NULL
452,"South West Delhi",0,"2026-01-13 21:57:07","2026-01-13 21:57:07",NULL
453,"South West Delhi",0,"2026-01-13 21:57:07","2026-01-13 21:57:07",NULL
454,"South West Delhi",0,"2026-01-13 21:57:07","2026-01-13 21:57:07",NULL
455,"West Delhi",0,"2026-01-13 21:57:07","2026-01-13 21:57:07",NULL
456,"South Delhi",0,"2026-01-13 21:57:07","2026-01-13 21:57:07",NULL
457,"North West Delhi",0,"2026-01-13 21:57:07","2026-01-13 21:57:07",NULL
458,"North West Delhi",0,"2026-01-13 21:57:07","2026-01-13 21:57:07",NULL
459,"North West Delhi",0,"2026-01-13 21:57:07","2026-01-13 21:57:07",NULL
460,"North West Delhi",0,"2026-01-13 21:57:07","2026-01-13 21:57:07",NULL
461,"North West Delhi",0,"2026-01-13 21:57:07","2026-01-13 21:57:07",NULL
462,"North West Delhi",0,"2026-01-13 21:57:07","2026-01-13 21:57:07",NULL
463,"North West Delhi",0,"2026-01-13 21:57:07","2026-01-13 21:57:07",NULL
464,"North West Delhi",0,"2026-01-13 21:57:07","2026-01-13 21:57:07",NULL
465,"North West Delhi",0,"2026-01-13 21:57:07","2026-01-13 21:57:07",NULL
466,"North West Delhi",0,"2026-01-13 21:57:07","2026-01-13 21:57:07",NULL
467,"North West Delhi",0,"2026-01-13 21:57:07","2026-01-13 21:57:07",NULL
468,"North West Delhi",0,"2026-01-13 21:57:07","2026-01-13 21:57:07",NULL
469,"North West Delhi",0,"2026-01-13 21:57:07","2026-01-13 21:57:07",NULL
470,"North West Delhi",0,"2026-01-13 21:57:07","2026-01-13 21:57:07",NULL
471,"North West Delhi",0,"2026-01-13 21:57:07","2026-01-13 21:57:07",NULL
472,"North West Delhi",0,"2026-01-13 21:57:07","2026-01-13 21:57:07",NULL
473,"North West Delhi",0,"2026-01-13 21:57:07","2026-01-13 21:57:07",NULL
474,"North West Delhi",0,"2026-01-13 21:57:07","2026-01-13 21:57:07",NULL
475,"North West Delhi",0,"2026-01-13 21:57:07","2026-01-13 21:57:07",NULL
476,"North Delhi",0,"2026-01-13 21:57:07","2026-01-13 21:57:07",NULL
477,"North Delhi",0,"2026-01-13 21:57:07","2026-01-13 21:57:07",NULL
478,"North Delhi",0,"2026-01-13 21:57:07","2026-01-13 21:57:07",NULL
479,"North Delhi",0,"2026-01-13 21:57:07","2026-01-13 21:57:07",NULL
480,"North Delhi",0,"2026-01-13 21:57:07","2026-01-13 21:57:07",NULL
481,"North West Delhi",0,"2026-01-13 21:57:07","2026-01-13 21:57:07",NULL
482,"North West Delhi",0,"2026-01-13 21:57:07","2026-01-13 21:57:07",NULL
483,"North West Delhi",0,"2026-01-13 21:57:07","2026-01-13 21:57:07",NULL
484,"North West Delhi",0,"2026-01-13 21:57:07","2026-01-13 21:57:07",NULL
485,"North West Delhi",0,"2026-01-13 21:57:07","2026-01-13 21:57:07",NULL
486,"North West Delhi",0,"2026-01-13 21:57:07","2026-01-13 21:57:07",NULL
487,"North West Delhi",0,"2026-01-13 21:57:07","2026-01-13 21:57:07",NULL
488,"North West Delhi",0,"2026-01-13 21:57:07","2026-01-13 21:57:07",NULL
489,"North West Delhi",0,"2026-01-13 21:57:07","2026-01-13 21:57:07",NULL
490,"North West Delhi",0,"2026-01-13 21:57:07","2026-01-13 21:57:07",NULL
491,"North West Delhi",0,"2026-01-13 21:57:07","2026-01-13 21:57:07",NULL
492,Faridabad,0,"2026-01-13 21:57:07","2026-01-13 21:57:07",NULL
493,"North West Delhi",0,"2026-01-13 21:57:07","2026-01-13 21:57:07",NULL
494,"West Delhi",0,"2026-01-13 21:57:07","2026-01-13 21:57:07",NULL
495,"West Delhi",0,"2026-01-13 21:57:07","2026-01-13 21:57:07",NULL
496,"North West Delhi",0,"2026-01-13 21:57:07","2026-01-13 21:57:07",NULL
497,"North West Delhi",0,"2026-01-13 21:57:07","2026-01-13 21:57:07",NULL
498,"North West Delhi",0,"2026-01-13 21:57:07","2026-01-13 21:57:07",NULL
499,"North West Delhi",0,"2026-01-13 21:57:07","2026-01-13 21:57:07",NULL
500,"East Delhi",0,"2026-01-13 21:57:07","2026-01-13 21:57:07",NULL
501,"East Delhi",0,"2026-01-13 21:57:07","2026-01-13 21:57:07",NULL
502,"North East Delhi",0,"2026-01-13 21:57:07","2026-01-13 21:57:07",NULL
503,"North East Delhi",0,"2026-01-13 21:57:07","2026-01-13 21:57:07",NULL
504,"East Delhi",0,"2026-01-13 21:57:07","2026-01-13 21:57:07",NULL
505,"East Delhi",0,"2026-01-13 21:57:07","2026-01-13 21:57:07",NULL
506,"East Delhi",0,"2026-01-13 21:57:07","2026-01-13 21:57:07",NULL
507,"East Delhi",0,"2026-01-13 21:57:07","2026-01-13 21:57:07",NULL
508,"East Delhi",0,"2026-01-13 21:57:07","2026-01-13 21:57:07",NULL
509,"East Delhi",0,"2026-01-13 21:57:07","2026-01-13 21:57:07",NULL
510,"East Delhi",0,"2026-01-13 21:57:07","2026-01-13 21:57:07",NULL
511,"East Delhi",0,"2026-01-13 21:57:07","2026-01-13 21:57:07",NULL
512,"North East Delhi",0,"2026-01-13 21:57:07","2026-01-13 21:57:07",NULL
513,"East Delhi",0,"2026-01-13 21:57:07","2026-01-13 21:57:07",NULL
514,"East Delhi",0,"2026-01-13 21:57:07","2026-01-13 21:57:07",NULL
515,"East Delhi",0,"2026-01-13 21:57:07","2026-01-13 21:57:07",NULL
516,"North West Delhi",0,"2026-01-13 21:57:07","2026-01-13 21:57:07",NULL
517,"East Delhi",0,"2026-01-13 21:57:07","2026-01-13 21:57:07",NULL
518,"East Delhi",0,"2026-01-13 21:57:07","2026-01-13 21:57:07",NULL
519,"East Delhi",0,"2026-01-13 21:57:07","2026-01-13 21:57:07",NULL
520,"East Delhi",0,"2026-01-13 21:57:07","2026-01-13 21:57:07",NULL
521,"East Delhi",0,"2026-01-13 21:57:07","2026-01-13 21:57:07",NULL
522,"East Delhi",0,"2026-01-13 21:57:07","2026-01-13 21:57:07",NULL
523,"East Delhi",0,"2026-01-13 21:57:07","2026-01-13 21:57:07",NULL
524,"East Delhi",0,"2026-01-13 21:57:07","2026-01-13 21:57:07",NULL
525,"East Delhi",0,"2026-01-13 21:57:07","2026-01-13 21:57:07",NULL
526,"East Delhi",0,"2026-01-13 21:57:07","2026-01-13 21:57:07",NULL
527,"East Delhi",0,"2026-01-13 21:57:07","2026-01-13 21:57:07",NULL
528,"South West Delhi",0,"2026-01-13 21:57:07","2026-01-13 21:57:07",NULL
529,Faridabad,0,"2026-01-13 21:57:07","2026-01-13 21:57:07",NULL
530,Faridabad,0,"2026-01-13 21:57:07","2026-01-13 21:57:07",NULL
531,Faridabad,0,"2026-01-13 21:57:07","2026-01-13 21:57:07",NULL
532,Faridabad,0,"2026-01-13 21:57:07","2026-01-13 21:57:07",NULL
533,Faridabad,0,"2026-01-13 21:57:07","2026-01-13 21:57:07",NULL
534,Faridabad,0,"2026-01-13 21:57:07","2026-01-13 21:57:07",NULL
535,Faridabad,0,"2026-01-13 21:57:07","2026-01-13 21:57:07",NULL
536,Faridabad,0,"2026-01-13 21:57:07","2026-01-13 21:57:07",NULL
537,Faridabad,0,"2026-01-13 21:57:07","2026-01-13 21:57:07",NULL
538,Faridabad,0,"2026-01-13 21:57:07","2026-01-13 21:57:07",NULL
539,Faridabad,0,"2026-01-13 21:57:07","2026-01-13 21:57:07",NULL
540,Faridabad,0,"2026-01-13 21:57:07","2026-01-13 21:57:07",NULL
541,Faridabad,0,"2026-01-13 21:57:07","2026-01-13 21:57:07",NULL
542,Faridabad,0,"2026-01-13 21:57:07","2026-01-13 21:57:07",NULL
543,Faridabad,0,"2026-01-13 21:57:07","2026-01-13 21:57:07",NULL
544,Faridabad,0,"2026-01-13 21:57:07","2026-01-13 21:57:07",NULL
545,Faridabad,0,"2026-01-13 21:57:07","2026-01-13 21:57:07",NULL
546,Faridabad,0,"2026-01-13 21:57:07","2026-01-13 21:57:07",NULL
547,Faridabad,0,"2026-01-13 21:57:07","2026-01-13 21:57:07",NULL
548,Faridabad,0,"2026-01-13 21:57:07","2026-01-13 21:57:07",NULL
549,Faridabad,0,"2026-01-13 21:57:07","2026-01-13 21:57:07",NULL
550,Faridabad,0,"2026-01-13 21:57:07","2026-01-13 21:57:07",NULL
551,Faridabad,0,"2026-01-13 21:57:07","2026-01-13 21:57:07",NULL
552,Faridabad,0,"2026-01-13 21:57:07","2026-01-13 21:57:07",NULL
553,Faridabad,0,"2026-01-13 21:57:07","2026-01-13 21:57:07",NULL
554,Faridabad,0,"2026-01-13 21:57:07","2026-01-13 21:57:07",NULL
555,Faridabad,0,"2026-01-13 21:57:07","2026-01-13 21:57:07",NULL
556,Faridabad,0,"2026-01-13 21:57:07","2026-01-13 21:57:07",NULL
557,"East Delhi",0,"2026-01-13 21:57:07","2026-01-13 21:57:07",NULL
558,"East Delhi",0,"2026-01-13 21:57:07","2026-01-13 21:57:07",NULL
559,"East Delhi",0,"2026-01-13 21:57:07","2026-01-13 21:57:07",NULL
560,"East Delhi",0,"2026-01-13 21:57:07","2026-01-13 21:57:07",NULL
561,"East Delhi",0,"2026-01-13 21:57:07","2026-01-13 21:57:07",NULL
562,"East Delhi",0,"2026-01-13 21:57:07","2026-01-13 21:57:07",NULL
563,"East Delhi",0,"2026-01-13 21:57:07","2026-01-13 21:57:07",NULL
564,"East Delhi",0,"2026-01-13 21:57:07","2026-01-13 21:57:07",NULL
565,"North East Delhi",0,"2026-01-13 21:57:07","2026-01-13 21:57:07",NULL
566,"East Delhi",0,"2026-01-13 21:57:07","2026-01-13 21:57:07",NULL
567,"East Delhi",0,"2026-01-13 21:57:07","2026-01-13 21:57:07",NULL
568,"North East Delhi",0,"2026-01-13 21:57:07","2026-01-13 21:57:07",NULL
569,"East Delhi",0,"2026-01-13 21:57:07","2026-01-13 21:57:07",NULL
570,Faridabad,0,"2026-01-13 21:57:07","2026-01-13 21:57:07",NULL
571,Faridabad,0,"2026-01-13 21:57:07","2026-01-13 21:57:07",NULL
572,Faridabad,0,"2026-01-13 21:57:07","2026-01-13 21:57:07",NULL
573,Faridabad,0,"2026-01-13 21:57:07","2026-01-13 21:57:07",NULL
574,Faridabad,0,"2026-01-13 21:57:07","2026-01-13 21:57:07",NULL
575,Faridabad,0,"2026-01-13 21:57:07","2026-01-13 21:57:07",NULL
576,Faridabad,0,"2026-01-13 21:57:07","2026-01-13 21:57:07",NULL
577,Faridabad,0,"2026-01-13 21:57:07","2026-01-13 21:57:07",NULL
578,Faridabad,0,"2026-01-13 21:57:07","2026-01-13 21:57:07",NULL
579,Faridabad,0,"2026-01-13 21:57:07","2026-01-13 21:57:07",NULL
580,Faridabad,0,"2026-01-13 21:57:07","2026-01-13 21:57:07",NULL
581,Faridabad,0,"2026-01-13 21:57:07","2026-01-13 21:57:07",NULL
582,Faridabad,0,"2026-01-13 21:57:07","2026-01-13 21:57:07",NULL
583,Faridabad,0,"2026-01-13 21:57:07","2026-01-13 21:57:07",NULL
584,Faridabad,0,"2026-01-13 21:57:07","2026-01-13 21:57:07",NULL
585,Faridabad,0,"2026-01-13 21:57:07","2026-01-13 21:57:07",NULL
586,Faridabad,0,"2026-01-13 21:57:07","2026-01-13 21:57:07",NULL
587,Faridabad,0,"2026-01-13 21:57:07","2026-01-13 21:57:07",NULL
588,Faridabad,0,"2026-01-13 21:57:07","2026-01-13 21:57:07",NULL
589,Faridabad,0,"2026-01-13 21:57:07","2026-01-13 21:57:07",NULL
590,Faridabad,0,"2026-01-13 21:57:07","2026-01-13 21:57:07",NULL
591,Faridabad,0,"2026-01-13 21:57:07","2026-01-13 21:57:07",NULL
592,Faridabad,0,"2026-01-13 21:57:07","2026-01-13 21:57:07",NULL
593,Faridabad,0,"2026-01-13 21:57:07","2026-01-13 21:57:07",NULL
594,Faridabad,0,"2026-01-13 21:57:07","2026-01-13 21:57:07",NULL
595,Faridabad,0,"2026-01-13 21:57:07","2026-01-13 21:57:07",NULL
596,Faridabad,0,"2026-01-13 21:57:07","2026-01-13 21:57:07",NULL
597,Faridabad,0,"2026-01-13 21:57:07","2026-01-13 21:57:07",NULL
598,Faridabad,0,"2026-01-13 21:57:07","2026-01-13 21:57:07",NULL
599,Faridabad,0,"2026-01-13 21:57:07","2026-01-13 21:57:07",NULL
600,Faridabad,0,"2026-01-13 21:57:07","2026-01-13 21:57:07",NULL
601,Faridabad,0,"2026-01-13 21:57:07","2026-01-13 21:57:07",NULL
602,Faridabad,0,"2026-01-13 21:57:07","2026-01-13 21:57:07",NULL
603,Faridabad,0,"2026-01-13 21:57:07","2026-01-13 21:57:07",NULL
604,Faridabad,0,"2026-01-13 21:57:07","2026-01-13 21:57:07",NULL
605,Faridabad,0,"2026-01-13 21:57:07","2026-01-13 21:57:07",NULL
606,Faridabad,0,"2026-01-13 21:57:07","2026-01-13 21:57:07",NULL
607,Faridabad,0,"2026-01-13 21:57:07","2026-01-13 21:57:07",NULL
608,Faridabad,0,"2026-01-13 21:57:07","2026-01-13 21:57:07",NULL
609,Faridabad,0,"2026-01-13 21:57:07","2026-01-13 21:57:07",NULL
610,Faridabad,0,"2026-01-13 21:57:07","2026-01-13 21:57:07",NULL
611,Faridabad,0,"2026-01-13 21:57:07","2026-01-13 21:57:07",NULL
612,Faridabad,0,"2026-01-13 21:57:07","2026-01-13 21:57:07",NULL
613,Faridabad,0,"2026-01-13 21:57:07","2026-01-13 21:57:07",NULL
614,Faridabad,0,"2026-01-13 21:57:07","2026-01-13 21:57:07",NULL
615,Faridabad,0,"2026-01-13 21:57:07","2026-01-13 21:57:07",NULL
616,Faridabad,0,"2026-01-13 21:57:07","2026-01-13 21:57:07",NULL
617,Faridabad,0,"2026-01-13 21:57:07","2026-01-13 21:57:07",NULL
618,Faridabad,0,"2026-01-13 21:57:07","2026-01-13 21:57:07",NULL
619,Faridabad,0,"2026-01-13 21:57:07","2026-01-13 21:57:07",NULL
620,Faridabad,0,"2026-01-13 21:57:07","2026-01-13 21:57:07",NULL
621,Faridabad,0,"2026-01-13 21:57:07","2026-01-13 21:57:07",NULL
622,Faridabad,0,"2026-01-13 21:57:07","2026-01-13 21:57:07",NULL
623,Faridabad,0,"2026-01-13 21:57:07","2026-01-13 21:57:07",NULL
624,Faridabad,0,"2026-01-13 21:57:07","2026-01-13 21:57:07",NULL
625,Faridabad,0,"2026-01-13 21:57:07","2026-01-13 21:57:07",NULL
626,Faridabad,0,"2026-01-13 21:57:07","2026-01-13 21:57:07",NULL
627,Faridabad,0,"2026-01-13 21:57:07","2026-01-13 21:57:07",NULL
628,Faridabad,0,"2026-01-13 21:57:07","2026-01-13 21:57:07",NULL
629,Faridabad,0,"2026-01-13 21:57:07","2026-01-13 21:57:07",NULL
630,Faridabad,0,"2026-01-13 21:57:07","2026-01-13 21:57:07",NULL
631,Faridabad,0,"2026-01-13 21:57:07","2026-01-13 21:57:07",NULL
632,Faridabad,0,"2026-01-13 21:57:07","2026-01-13 21:57:07",NULL
633,Faridabad,0,"2026-01-13 21:57:07","2026-01-13 21:57:07",NULL
634,Faridabad,0,"2026-01-13 21:57:07","2026-01-13 21:57:07",NULL
635,Faridabad,0,"2026-01-13 21:57:07","2026-01-13 21:57:07",NULL
636,Faridabad,0,"2026-01-13 21:57:07","2026-01-13 21:57:07",NULL
637,Faridabad,0,"2026-01-13 21:57:07","2026-01-13 21:57:07",NULL
638,Faridabad,0,"2026-01-13 21:57:07","2026-01-13 21:57:07",NULL
639,Faridabad,0,"2026-01-13 21:57:07","2026-01-13 21:57:07",NULL
640,Faridabad,0,"2026-01-13 21:57:07","2026-01-13 21:57:07",NULL
641,Faridabad,0,"2026-01-13 21:57:07","2026-01-13 21:57:07",NULL
642,Faridabad,0,"2026-01-13 21:57:07","2026-01-13 21:57:07",NULL
643,Faridabad,0,"2026-01-13 21:57:07","2026-01-13 21:57:07",NULL
644,Faridabad,0,"2026-01-13 21:57:07","2026-01-13 21:57:07",NULL
645,Faridabad,0,"2026-01-13 21:57:07","2026-01-13 21:57:07",NULL
646,Faridabad,0,"2026-01-13 21:57:07","2026-01-13 21:57:07",NULL
647,Faridabad,0,"2026-01-13 21:57:07","2026-01-13 21:57:07",NULL
648,Faridabad,0,"2026-01-13 21:57:07","2026-01-13 21:57:07",NULL
649,Faridabad,0,"2026-01-13 21:57:07","2026-01-13 21:57:07",NULL
650,Faridabad,0,"2026-01-13 21:57:07","2026-01-13 21:57:07",NULL
651,Faridabad,0,"2026-01-13 21:57:07","2026-01-13 21:57:07",NULL
652,Faridabad,0,"2026-01-13 21:57:07","2026-01-13 21:57:07",NULL
653,Faridabad,0,"2026-01-13 21:57:07","2026-01-13 21:57:07",NULL
654,Faridabad,0,"2026-01-13 21:57:07","2026-01-13 21:57:07",NULL
655,Faridabad,0,"2026-01-13 21:57:07","2026-01-13 21:57:07",NULL
656,Faridabad,0,"2026-01-13 21:57:07","2026-01-13 21:57:07",NULL
657,Faridabad,0,"2026-01-13 21:57:07","2026-01-13 21:57:07",NULL
658,Faridabad,0,"2026-01-13 21:57:07","2026-01-13 21:57:07",NULL
659,Faridabad,0,"2026-01-13 21:57:07","2026-01-13 21:57:07",NULL
660,Faridabad,0,"2026-01-13 21:57:07","2026-01-13 21:57:07",NULL
661,Mahendragarh,0,"2026-01-13 21:57:07","2026-01-13 21:57:07",NULL
662,Faridabad,0,"2026-01-13 21:57:07","2026-01-13 21:57:07",NULL
663,Faridabad,0,"2026-01-13 21:57:07","2026-01-13 21:57:07",NULL
664,Faridabad,0,"2026-01-13 21:57:07","2026-01-13 21:57:07",NULL
665,Faridabad,0,"2026-01-13 21:57:07","2026-01-13 21:57:07",NULL
666,Faridabad,0,"2026-01-13 21:57:07","2026-01-13 21:57:07",NULL
667,Faridabad,0,"2026-01-13 21:57:07","2026-01-13 21:57:07",NULL
668,Faridabad,0,"2026-01-13 21:57:07","2026-01-13 21:57:07",NULL
669,Faridabad,0,"2026-01-13 21:57:07","2026-01-13 21:57:07",NULL
670,Faridabad,0,"2026-01-13 21:57:07","2026-01-13 21:57:07",NULL
671,Gurgaon,0,"2026-01-13 21:57:07","2026-01-13 21:57:07",NULL
672,Gurgaon,0,"2026-01-13 21:57:07","2026-01-13 21:57:07",NULL
673,Gurgaon,0,"2026-01-13 21:57:07","2026-01-13 21:57:07",NULL
674,Gurgaon,0,"2026-01-13 21:57:07","2026-01-13 21:57:07",NULL
675,Gurgaon,0,"2026-01-13 21:57:07","2026-01-13 21:57:07",NULL
676,Gurgaon,0,"2026-01-13 21:57:07","2026-01-13 21:57:07",NULL
677,Gurgaon,0,"2026-01-13 21:57:07","2026-01-13 21:57:07",NULL
678,Gurgaon,0,"2026-01-13 21:57:07","2026-01-13 21:57:07",NULL
679,Gurgaon,0,"2026-01-13 21:57:07","2026-01-13 21:57:07",NULL
680,Gurgaon,0,"2026-01-13 21:57:07","2026-01-13 21:57:07",NULL
681,Gurgaon,0,"2026-01-13 21:57:07","2026-01-13 21:57:07",NULL
682,Gurgaon,0,"2026-01-13 21:57:07","2026-01-13 21:57:07",NULL
683,Gurgaon,0,"2026-01-13 21:57:07","2026-01-13 21:57:07",NULL
684,Gurgaon,0,"2026-01-13 21:57:07","2026-01-13 21:57:07",NULL
685,Gurgaon,0,"2026-01-13 21:57:07","2026-01-13 21:57:07",NULL
686,Gurgaon,0,"2026-01-13 21:57:07","2026-01-13 21:57:07",NULL
687,Gurgaon,0,"2026-01-13 21:57:07","2026-01-13 21:57:07",NULL
688,Gurgaon,0,"2026-01-13 21:57:07","2026-01-13 21:57:07",NULL
689,Gurgaon,0,"2026-01-13 21:57:07","2026-01-13 21:57:07",NULL
690,Gurgaon,0,"2026-01-13 21:57:07","2026-01-13 21:57:07",NULL
691,Gurgaon,0,"2026-01-13 21:57:07","2026-01-13 21:57:07",NULL
692,Gurgaon,0,"2026-01-13 21:57:07","2026-01-13 21:57:07",NULL
693,Gurgaon,0,"2026-01-13 21:57:07","2026-01-13 21:57:07",NULL
694,Gurgaon,0,"2026-01-13 21:57:07","2026-01-13 21:57:07",NULL
695,Gurgaon,0,"2026-01-13 21:57:07","2026-01-13 21:57:07",NULL
696,Gurgaon,0,"2026-01-13 21:57:07","2026-01-13 21:57:07",NULL
697,Gurgaon,0,"2026-01-13 21:57:07","2026-01-13 21:57:07",NULL
698,Gurgaon,0,"2026-01-13 21:57:07","2026-01-13 21:57:07",NULL
699,Gurgaon,0,"2026-01-13 21:57:07","2026-01-13 21:57:07",NULL
700,Gurgaon,0,"2026-01-13 21:57:07","2026-01-13 21:57:07",NULL
701,Gurgaon,0,"2026-01-13 21:57:07","2026-01-13 21:57:07",NULL
702,Gurgaon,0,"2026-01-13 21:57:07","2026-01-13 21:57:07",NULL
703,Gurgaon,0,"2026-01-13 21:57:07","2026-01-13 21:57:07",NULL
704,Gurgaon,0,"2026-01-13 21:57:07","2026-01-13 21:57:07",NULL
705,Gurgaon,0,"2026-01-13 21:57:07","2026-01-13 21:57:07",NULL
706,Gurgaon,0,"2026-01-13 21:57:07","2026-01-13 21:57:07",NULL
707,Gurgaon,0,"2026-01-13 21:57:07","2026-01-13 21:57:07",NULL
708,Gurgaon,0,"2026-01-13 21:57:07","2026-01-13 21:57:07",NULL
709,Gurgaon,0,"2026-01-13 21:57:07","2026-01-13 21:57:07",NULL
710,Gurgaon,0,"2026-01-13 21:57:07","2026-01-13 21:57:07",NULL
711,Gurgaon,0,"2026-01-13 21:57:07","2026-01-13 21:57:07",NULL
712,Gurgaon,0,"2026-01-13 21:57:07","2026-01-13 21:57:07",NULL
713,Gurgaon,0,"2026-01-13 21:57:07","2026-01-13 21:57:07",NULL
714,Gurgaon,0,"2026-01-13 21:57:07","2026-01-13 21:57:07",NULL
715,Gurgaon,0,"2026-01-13 21:57:07","2026-01-13 21:57:07",NULL
716,Gurgaon,0,"2026-01-13 21:57:07","2026-01-13 21:57:07",NULL
717,Gurgaon,0,"2026-01-13 21:57:07","2026-01-13 21:57:07",NULL
718,Gurgaon,0,"2026-01-13 21:57:07","2026-01-13 21:57:07",NULL
719,Gurgaon,0,"2026-01-13 21:57:07","2026-01-13 21:57:07",NULL
720,Gurgaon,0,"2026-01-13 21:57:07","2026-01-13 21:57:07",NULL
721,Gurgaon,0,"2026-01-13 21:57:07","2026-01-13 21:57:07",NULL
722,Gurgaon,0,"2026-01-13 21:57:07","2026-01-13 21:57:07",NULL
723,Gurgaon,0,"2026-01-13 21:57:07","2026-01-13 21:57:07",NULL
724,Gurgaon,0,"2026-01-13 21:57:07","2026-01-13 21:57:07",NULL
725,Gurgaon,0,"2026-01-13 21:57:07","2026-01-13 21:57:07",NULL
726,Gurgaon,0,"2026-01-13 21:57:07","2026-01-13 21:57:07",NULL
727,Gurgaon,0,"2026-01-13 21:57:07","2026-01-13 21:57:07",NULL
728,Gurgaon,0,"2026-01-13 21:57:07","2026-01-13 21:57:07",NULL
729,Gurgaon,0,"2026-01-13 21:57:07","2026-01-13 21:57:07",NULL
730,Gurgaon,0,"2026-01-13 21:57:07","2026-01-13 21:57:07",NULL
731,Gurgaon,0,"2026-01-13 21:57:07","2026-01-13 21:57:07",NULL
732,Gurgaon,0,"2026-01-13 21:57:07","2026-01-13 21:57:07",NULL
733,Gurgaon,0,"2026-01-13 21:57:07","2026-01-13 21:57:07",NULL
734,Gurgaon,0,"2026-01-13 21:57:07","2026-01-13 21:57:07",NULL
735,Gurgaon,0,"2026-01-13 21:57:07","2026-01-13 21:57:07",NULL
736,Gurgaon,0,"2026-01-13 21:57:07","2026-01-13 21:57:07",NULL
737,Gurgaon,0,"2026-01-13 21:57:07","2026-01-13 21:57:07",NULL
738,Gurgaon,0,"2026-01-13 21:57:07","2026-01-13 21:57:07",NULL
739,Gurgaon,0,"2026-01-13 21:57:07","2026-01-13 21:57:07",NULL
740,Gurgaon,0,"2026-01-13 21:57:07","2026-01-13 21:57:07",NULL
741,Gurgaon,0,"2026-01-13 21:57:07","2026-01-13 21:57:07",NULL
742,Gurgaon,0,"2026-01-13 21:57:07","2026-01-13 21:57:07",NULL
743,Gurgaon,0,"2026-01-13 21:57:07","2026-01-13 21:57:07",NULL
744,Gurgaon,0,"2026-01-13 21:57:07","2026-01-13 21:57:07",NULL
745,Gurgaon,0,"2026-01-13 21:57:07","2026-01-13 21:57:07",NULL
746,Gurgaon,0,"2026-01-13 21:57:07","2026-01-13 21:57:07",NULL
747,Gurgaon,0,"2026-01-13 21:57:07","2026-01-13 21:57:07",NULL
748,Gurgaon,0,"2026-01-13 21:57:07","2026-01-13 21:57:07",NULL
749,Gurgaon,0,"2026-01-13 21:57:07","2026-01-13 21:57:07",NULL
750,Gurgaon,0,"2026-01-13 21:57:07","2026-01-13 21:57:07",NULL
751,Gurgaon,0,"2026-01-13 21:57:07","2026-01-13 21:57:07",NULL
752,Gurgaon,0,"2026-01-13 21:57:07","2026-01-13 21:57:07",NULL
753,Gurgaon,0,"2026-01-13 21:57:07","2026-01-13 21:57:07",NULL
754,Gurgaon,0,"2026-01-13 21:57:07","2026-01-13 21:57:07",NULL
755,Gurgaon,0,"2026-01-13 21:57:07","2026-01-13 21:57:07",NULL
756,Gurgaon,0,"2026-01-13 21:57:07","2026-01-13 21:57:07",NULL
757,Gurgaon,0,"2026-01-13 21:57:07","2026-01-13 21:57:07",NULL
758,Gurgaon,0,"2026-01-13 21:57:07","2026-01-13 21:57:07",NULL
759,Gurgaon,0,"2026-01-13 21:57:07","2026-01-13 21:57:07",NULL
760,Gurgaon,0,"2026-01-13 21:57:07","2026-01-13 21:57:07",NULL
761,Gurgaon,0,"2026-01-13 21:57:07","2026-01-13 21:57:07",NULL
762,Gurgaon,0,"2026-01-13 21:57:07","2026-01-13 21:57:07",NULL
763,Gurgaon,0,"2026-01-13 21:57:07","2026-01-13 21:57:07",NULL
764,Gurgaon,0,"2026-01-13 21:57:07","2026-01-13 21:57:07",NULL
765,Gurgaon,0,"2026-01-13 21:57:07","2026-01-13 21:57:07",NULL
766,Gurgaon,0,"2026-01-13 21:57:07","2026-01-13 21:57:07",NULL
767,Gurgaon,0,"2026-01-13 21:57:07","2026-01-13 21:57:07",NULL
768,Gurgaon,0,"2026-01-13 21:57:08","2026-01-13 21:57:08",NULL
769,Gurgaon,0,"2026-01-13 21:57:08","2026-01-13 21:57:08",NULL
770,Gurgaon,0,"2026-01-13 21:57:08","2026-01-13 21:57:08",NULL
771,Gurgaon,0,"2026-01-13 21:57:08","2026-01-13 21:57:08",NULL
772,Gurgaon,0,"2026-01-13 21:57:08","2026-01-13 21:57:08",NULL
773,Gurgaon,0,"2026-01-13 21:57:08","2026-01-13 21:57:08",NULL
774,Gurgaon,0,"2026-01-13 21:57:08","2026-01-13 21:57:08",NULL
775,Gurgaon,0,"2026-01-13 21:57:08","2026-01-13 21:57:08",NULL
776,Gurgaon,0,"2026-01-13 21:57:08","2026-01-13 21:57:08",NULL
777,Gurgaon,0,"2026-01-13 21:57:08","2026-01-13 21:57:08",NULL
778,Gurgaon,0,"2026-01-13 21:57:08","2026-01-13 21:57:08",NULL
779,Gurgaon,0,"2026-01-13 21:57:08","2026-01-13 21:57:08",NULL
780,Gurgaon,0,"2026-01-13 21:57:08","2026-01-13 21:57:08",NULL
781,Gurgaon,0,"2026-01-13 21:57:08","2026-01-13 21:57:08",NULL
782,Gurgaon,0,"2026-01-13 21:57:08","2026-01-13 21:57:08",NULL
783,Gurgaon,0,"2026-01-13 21:57:08","2026-01-13 21:57:08",NULL
784,Gurgaon,0,"2026-01-13 21:57:08","2026-01-13 21:57:08",NULL
785,Gurgaon,0,"2026-01-13 21:57:08","2026-01-13 21:57:08",NULL
786,Gurgaon,0,"2026-01-13 21:57:08","2026-01-13 21:57:08",NULL
787,Gurgaon,0,"2026-01-13 21:57:08","2026-01-13 21:57:08",NULL
788,Gurgaon,0,"2026-01-13 21:57:08","2026-01-13 21:57:08",NULL
789,Gurgaon,0,"2026-01-13 21:57:08","2026-01-13 21:57:08",NULL
790,Gurgaon,0,"2026-01-13 21:57:08","2026-01-13 21:57:08",NULL
791,Gurgaon,0,"2026-01-13 21:57:08","2026-01-13 21:57:08",NULL
792,Gurgaon,0,"2026-01-13 21:57:08","2026-01-13 21:57:08",NULL
793,Gurgaon,0,"2026-01-13 21:57:08","2026-01-13 21:57:08",NULL
794,Gurgaon,0,"2026-01-13 21:57:08","2026-01-13 21:57:08",NULL
795,Gurgaon,0,"2026-01-13 21:57:08","2026-01-13 21:57:08",NULL
796,Gurgaon,0,"2026-01-13 21:57:08","2026-01-13 21:57:08",NULL
797,Gurgaon,0,"2026-01-13 21:57:08","2026-01-13 21:57:08",NULL
798,Gurgaon,0,"2026-01-13 21:57:08","2026-01-13 21:57:08",NULL
799,Gurgaon,0,"2026-01-13 21:57:08","2026-01-13 21:57:08",NULL
800,Gurgaon,0,"2026-01-13 21:57:08","2026-01-13 21:57:08",NULL
801,Gurgaon,0,"2026-01-13 21:57:08","2026-01-13 21:57:08",NULL
802,Gurgaon,0,"2026-01-13 21:57:08","2026-01-13 21:57:08",NULL
803,Gurgaon,0,"2026-01-13 21:57:08","2026-01-13 21:57:08",NULL
804,Gurgaon,0,"2026-01-13 21:57:08","2026-01-13 21:57:08",NULL
805,Gurgaon,0,"2026-01-13 21:57:08","2026-01-13 21:57:08",NULL
806,Gurgaon,0,"2026-01-13 21:57:08","2026-01-13 21:57:08",NULL
807,Gurgaon,0,"2026-01-13 21:57:08","2026-01-13 21:57:08",NULL
808,Gurgaon,0,"2026-01-13 21:57:08","2026-01-13 21:57:08",NULL
809,Gurgaon,0,"2026-01-13 21:57:08","2026-01-13 21:57:08",NULL
810,Gurgaon,0,"2026-01-13 21:57:08","2026-01-13 21:57:08",NULL
811,Gurgaon,0,"2026-01-13 21:57:08","2026-01-13 21:57:08",NULL
812,Gurgaon,0,"2026-01-13 21:57:08","2026-01-13 21:57:08",NULL
813,Gurgaon,0,"2026-01-13 21:57:08","2026-01-13 21:57:08",NULL
814,Gurgaon,0,"2026-01-13 21:57:08","2026-01-13 21:57:08",NULL
815,Gurgaon,0,"2026-01-13 21:57:08","2026-01-13 21:57:08",NULL
816,Gurgaon,0,"2026-01-13 21:57:08","2026-01-13 21:57:08",NULL
817,Gurgaon,0,"2026-01-13 21:57:08","2026-01-13 21:57:08",NULL
818,Gurgaon,0,"2026-01-13 21:57:08","2026-01-13 21:57:08",NULL
819,Gurgaon,0,"2026-01-13 21:57:08","2026-01-13 21:57:08",NULL
820,Gurgaon,0,"2026-01-13 21:57:08","2026-01-13 21:57:08",NULL
821,Gurgaon,0,"2026-01-13 21:57:08","2026-01-13 21:57:08",NULL
822,Gurgaon,0,"2026-01-13 21:57:08","2026-01-13 21:57:08",NULL
823,Gurgaon,0,"2026-01-13 21:57:08","2026-01-13 21:57:08",NULL
824,Mahendragarh,0,"2026-01-13 21:57:08","2026-01-13 21:57:08",NULL
825,Mahendragarh,0,"2026-01-13 21:57:08","2026-01-13 21:57:08",NULL
826,Mahendragarh,0,"2026-01-13 21:57:08","2026-01-13 21:57:08",NULL
827,Mahendragarh,0,"2026-01-13 21:57:08","2026-01-13 21:57:08",NULL
828,Mahendragarh,0,"2026-01-13 21:57:08","2026-01-13 21:57:08",NULL
829,Mahendragarh,0,"2026-01-13 21:57:08","2026-01-13 21:57:08",NULL
830,Mahendragarh,0,"2026-01-13 21:57:08","2026-01-13 21:57:08",NULL
831,Mahendragarh,0,"2026-01-13 21:57:08","2026-01-13 21:57:08",NULL
832,Mahendragarh,0,"2026-01-13 21:57:08","2026-01-13 21:57:08",NULL
833,Mahendragarh,0,"2026-01-13 21:57:08","2026-01-13 21:57:08",NULL
834,Mahendragarh,0,"2026-01-13 21:57:08","2026-01-13 21:57:08",NULL
835,Rewari,0,"2026-01-13 21:57:08","2026-01-13 21:57:08",NULL
836,Gurgaon,0,"2026-01-13 21:57:08","2026-01-13 21:57:08",NULL
837,Gurgaon,0,"2026-01-13 21:57:08","2026-01-13 21:57:08",NULL
838,Gurgaon,0,"2026-01-13 21:57:08","2026-01-13 21:57:08",NULL
839,Gurgaon,0,"2026-01-13 21:57:08","2026-01-13 21:57:08",NULL
840,Gurgaon,0,"2026-01-13 21:57:08","2026-01-13 21:57:08",NULL
841,Gurgaon,0,"2026-01-13 21:57:08","2026-01-13 21:57:08",NULL
842,Gurgaon,0,"2026-01-13 21:57:08","2026-01-13 21:57:08",NULL
843,Gurgaon,0,"2026-01-13 21:57:08","2026-01-13 21:57:08",NULL
844,Gurgaon,0,"2026-01-13 21:57:08","2026-01-13 21:57:08",NULL
845,Gurgaon,0,"2026-01-13 21:57:08","2026-01-13 21:57:08",NULL
846,Gurgaon,0,"2026-01-13 21:57:08","2026-01-13 21:57:08",NULL
847,Gurgaon,0,"2026-01-13 21:57:08","2026-01-13 21:57:08",NULL
848,Gurgaon,0,"2026-01-13 21:57:08","2026-01-13 21:57:08",NULL
849,Gurgaon,0,"2026-01-13 21:57:08","2026-01-13 21:57:08",NULL
850,Gurgaon,0,"2026-01-13 21:57:08","2026-01-13 21:57:08",NULL
851,Mahendragarh,0,"2026-01-13 21:57:08","2026-01-13 21:57:08",NULL
852,Mahendragarh,0,"2026-01-13 21:57:08","2026-01-13 21:57:08",NULL
853,Rewari,0,"2026-01-13 21:57:08","2026-01-13 21:57:08",NULL
854,Mahendragarh,0,"2026-01-13 21:57:08","2026-01-13 21:57:08",NULL
855,Mahendragarh,0,"2026-01-13 21:57:08","2026-01-13 21:57:08",NULL
856,Mahendragarh,0,"2026-01-13 21:57:08","2026-01-13 21:57:08",NULL
857,Mahendragarh,0,"2026-01-13 21:57:08","2026-01-13 21:57:08",NULL
858,Mahendragarh,0,"2026-01-13 21:57:08","2026-01-13 21:57:08",NULL
859,Rewari,0,"2026-01-13 21:57:08","2026-01-13 21:57:08",NULL
860,Mahendragarh,0,"2026-01-13 21:57:08","2026-01-13 21:57:08",NULL
861,Mahendragarh,0,"2026-01-13 21:57:08","2026-01-13 21:57:08",NULL
862,Mahendragarh,0,"2026-01-13 21:57:08","2026-01-13 21:57:08",NULL
863,Mahendragarh,0,"2026-01-13 21:57:08","2026-01-13 21:57:08",NULL
864,Mahendragarh,0,"2026-01-13 21:57:08","2026-01-13 21:57:08",NULL
865,Mahendragarh,0,"2026-01-13 21:57:08","2026-01-13 21:57:08",NULL
866,Mahendragarh,0,"2026-01-13 21:57:08","2026-01-13 21:57:08",NULL
867,Mahendragarh,0,"2026-01-13 21:57:08","2026-01-13 21:57:08",NULL
868,Mahendragarh,0,"2026-01-13 21:57:08","2026-01-13 21:57:08",NULL
869,Mahendragarh,0,"2026-01-13 21:57:08","2026-01-13 21:57:08",NULL
870,Mahendragarh,0,"2026-01-13 21:57:08","2026-01-13 21:57:08",NULL
871,Mahendragarh,0,"2026-01-13 21:57:08","2026-01-13 21:57:08",NULL
872,Mahendragarh,0,"2026-01-13 21:57:08","2026-01-13 21:57:08",NULL
873,Mahendragarh,0,"2026-01-13 21:57:08","2026-01-13 21:57:08",NULL
874,Mahendragarh,0,"2026-01-13 21:57:08","2026-01-13 21:57:08",NULL
875,Mahendragarh,0,"2026-01-13 21:57:08","2026-01-13 21:57:08",NULL
876,Mahendragarh,0,"2026-01-13 21:57:08","2026-01-13 21:57:08",NULL
877,Mahendragarh,0,"2026-01-13 21:57:08","2026-01-13 21:57:08",NULL
878,Mahendragarh,0,"2026-01-13 21:57:08","2026-01-13 21:57:08",NULL
879,Mahendragarh,0,"2026-01-13 21:57:08","2026-01-13 21:57:08",NULL
880,Mahendragarh,0,"2026-01-13 21:57:08","2026-01-13 21:57:08",NULL
881,Mahendragarh,0,"2026-01-13 21:57:08","2026-01-13 21:57:08",NULL
882,Mahendragarh,0,"2026-01-13 21:57:08","2026-01-13 21:57:08",NULL
883,Mahendragarh,0,"2026-01-13 21:57:08","2026-01-13 21:57:08",NULL
884,Mahendragarh,0,"2026-01-13 21:57:08","2026-01-13 21:57:08",NULL
885,Mahendragarh,0,"2026-01-13 21:57:08","2026-01-13 21:57:08",NULL
886,Mahendragarh,0,"2026-01-13 21:57:08","2026-01-13 21:57:08",NULL
887,Mahendragarh,0,"2026-01-13 21:57:08","2026-01-13 21:57:08",NULL
888,Mahendragarh,0,"2026-01-13 21:57:08","2026-01-13 21:57:08",NULL
889,Mahendragarh,0,"2026-01-13 21:57:08","2026-01-13 21:57:08",NULL
890,Mahendragarh,0,"2026-01-13 21:57:08","2026-01-13 21:57:08",NULL
891,Mahendragarh,0,"2026-01-13 21:57:08","2026-01-13 21:57:08",NULL
892,Mahendragarh,0,"2026-01-13 21:57:08","2026-01-13 21:57:08",NULL
893,Mahendragarh,0,"2026-01-13 21:57:08","2026-01-13 21:57:08",NULL
894,Mahendragarh,0,"2026-01-13 21:57:08","2026-01-13 21:57:08",NULL
895,Mahendragarh,0,"2026-01-13 21:57:08","2026-01-13 21:57:08",NULL
896,Mahendragarh,0,"2026-01-13 21:57:08","2026-01-13 21:57:08",NULL
897,Mahendragarh,0,"2026-01-13 21:57:08","2026-01-13 21:57:08",NULL
898,Mahendragarh,0,"2026-01-13 21:57:08","2026-01-13 21:57:08",NULL
899,Mahendragarh,0,"2026-01-13 21:57:08","2026-01-13 21:57:08",NULL
900,Mahendragarh,0,"2026-01-13 21:57:08","2026-01-13 21:57:08",NULL
901,Mahendragarh,0,"2026-01-13 21:57:08","2026-01-13 21:57:08",NULL
902,Mahendragarh,0,"2026-01-13 21:57:08","2026-01-13 21:57:08",NULL
903,Mahendragarh,0,"2026-01-13 21:57:08","2026-01-13 21:57:08",NULL
904,Mahendragarh,0,"2026-01-13 21:57:08","2026-01-13 21:57:08",NULL
905,Mahendragarh,0,"2026-01-13 21:57:08","2026-01-13 21:57:08",NULL
906,Mahendragarh,0,"2026-01-13 21:57:08","2026-01-13 21:57:08",NULL
907,Mahendragarh,0,"2026-01-13 21:57:08","2026-01-13 21:57:08",NULL
908,Mahendragarh,0,"2026-01-13 21:57:08","2026-01-13 21:57:08",NULL
909,Mahendragarh,0,"2026-01-13 21:57:08","2026-01-13 21:57:08",NULL
910,Mahendragarh,0,"2026-01-13 21:57:08","2026-01-13 21:57:08",NULL
911,Mahendragarh,0,"2026-01-13 21:57:08","2026-01-13 21:57:08",NULL
912,Rewari,0,"2026-01-13 21:57:08","2026-01-13 21:57:08",NULL
913,Mahendragarh,0,"2026-01-13 21:57:08","2026-01-13 21:57:08",NULL
914,Mahendragarh,0,"2026-01-13 21:57:08","2026-01-13 21:57:08",NULL
915,Mahendragarh,0,"2026-01-13 21:57:08","2026-01-13 21:57:08",NULL
916,Mahendragarh,0,"2026-01-13 21:57:08","2026-01-13 21:57:08",NULL
917,Mahendragarh,0,"2026-01-13 21:57:08","2026-01-13 21:57:08",NULL
918,Rewari,0,"2026-01-13 21:57:08","2026-01-13 21:57:08",NULL
919,Rewari,0,"2026-01-13 21:57:08","2026-01-13 21:57:08",NULL
920,Rewari,0,"2026-01-13 21:57:08","2026-01-13 21:57:08",NULL
921,Rewari,0,"2026-01-13 21:57:08","2026-01-13 21:57:08",NULL
922,Rewari,0,"2026-01-13 21:57:08","2026-01-13 21:57:08",NULL
923,Rewari,0,"2026-01-13 21:57:08","2026-01-13 21:57:08",NULL
924,Rewari,0,"2026-01-13 21:57:08","2026-01-13 21:57:08",NULL
925,Rewari,0,"2026-01-13 21:57:08","2026-01-13 21:57:08",NULL
926,Rewari,0,"2026-01-13 21:57:08","2026-01-13 21:57:08",NULL
927,Rewari,0,"2026-01-13 21:57:08","2026-01-13 21:57:08",NULL
928,Rewari,0,"2026-01-13 21:57:08","2026-01-13 21:57:08",NULL
929,Rewari,0,"2026-01-13 21:57:08","2026-01-13 21:57:08",NULL
930,Rewari,0,"2026-01-13 21:57:08","2026-01-13 21:57:08",NULL
931,Rewari,0,"2026-01-13 21:57:08","2026-01-13 21:57:08",NULL
932,Rewari,0,"2026-01-13 21:57:08","2026-01-13 21:57:08",NULL
933,Rewari,0,"2026-01-13 21:57:08","2026-01-13 21:57:08",NULL
934,Rewari,0,"2026-01-13 21:57:08","2026-01-13 21:57:08",NULL
935,Rewari,0,"2026-01-13 21:57:08","2026-01-13 21:57:08",NULL
936,Rewari,0,"2026-01-13 21:57:08","2026-01-13 21:57:08",NULL
937,Mahendragarh,0,"2026-01-13 21:57:08","2026-01-13 21:57:08",NULL
938,Mahendragarh,0,"2026-01-13 21:57:08","2026-01-13 21:57:08",NULL
939,Mahendragarh,0,"2026-01-13 21:57:08","2026-01-13 21:57:08",NULL
940,Mahendragarh,0,"2026-01-13 21:57:08","2026-01-13 21:57:08",NULL
941,Mahendragarh,0,"2026-01-13 21:57:08","2026-01-13 21:57:08",NULL
942,Mahendragarh,0,"2026-01-13 21:57:08","2026-01-13 21:57:08",NULL
943,Mahendragarh,0,"2026-01-13 21:57:08","2026-01-13 21:57:08",NULL
944,Mahendragarh,0,"2026-01-13 21:57:08","2026-01-13 21:57:08",NULL
945,Mahendragarh,0,"2026-01-13 21:57:08","2026-01-13 21:57:08",NULL
946,Mahendragarh,0,"2026-01-13 21:57:08","2026-01-13 21:57:08",NULL
947,Mahendragarh,0,"2026-01-13 21:57:08","2026-01-13 21:57:08",NULL
948,Mahendragarh,0,"2026-01-13 21:57:08","2026-01-13 21:57:08",NULL
949,Mahendragarh,0,"2026-01-13 21:57:08","2026-01-13 21:57:08",NULL
950,Mahendragarh,0,"2026-01-13 21:57:08","2026-01-13 21:57:08",NULL
951,Mahendragarh,0,"2026-01-13 21:57:08","2026-01-13 21:57:08",NULL
952,Mahendragarh,0,"2026-01-13 21:57:08","2026-01-13 21:57:08",NULL
953,Mahendragarh,0,"2026-01-13 21:57:08","2026-01-13 21:57:08",NULL
954,Mahendragarh,0,"2026-01-13 21:57:08","2026-01-13 21:57:08",NULL
955,Mahendragarh,0,"2026-01-13 21:57:08","2026-01-13 21:57:08",NULL
956,Mahendragarh,0,"2026-01-13 21:57:08","2026-01-13 21:57:08",NULL
957,Mahendragarh,0,"2026-01-13 21:57:08","2026-01-13 21:57:08",NULL
958,Mahendragarh,0,"2026-01-13 21:57:08","2026-01-13 21:57:08",NULL
959,Mahendragarh,0,"2026-01-13 21:57:08","2026-01-13 21:57:08",NULL
960,Mahendragarh,0,"2026-01-13 21:57:08","2026-01-13 21:57:08",NULL
961,Mahendragarh,0,"2026-01-13 21:57:08","2026-01-13 21:57:08",NULL
962,Mahendragarh,0,"2026-01-13 21:57:08","2026-01-13 21:57:08",NULL
963,Mahendragarh,0,"2026-01-13 21:57:08","2026-01-13 21:57:08",NULL
964,Mahendragarh,0,"2026-01-13 21:57:08","2026-01-13 21:57:08",NULL
965,Mahendragarh,0,"2026-01-13 21:57:08","2026-01-13 21:57:08",NULL
966,Mahendragarh,0,"2026-01-13 21:57:08","2026-01-13 21:57:08",NULL
967,Mahendragarh,0,"2026-01-13 21:57:08","2026-01-13 21:57:08",NULL
968,Mahendragarh,0,"2026-01-13 21:57:08","2026-01-13 21:57:08",NULL
969,Mahendragarh,0,"2026-01-13 21:57:08","2026-01-13 21:57:08",NULL
970,Rewari,0,"2026-01-13 21:57:08","2026-01-13 21:57:08",NULL
971,Mahendragarh,0,"2026-01-13 21:57:08","2026-01-13 21:57:08",NULL
972,Mahendragarh,0,"2026-01-13 21:57:08","2026-01-13 21:57:08",NULL
973,Rewari,0,"2026-01-13 21:57:08","2026-01-13 21:57:08",NULL
974,Rewari,0,"2026-01-13 21:57:08","2026-01-13 21:57:08",NULL
975,Rewari,0,"2026-01-13 21:57:08","2026-01-13 21:57:08",NULL
976,Rewari,0,"2026-01-13 21:57:08","2026-01-13 21:57:08",NULL
977,Rewari,0,"2026-01-13 21:57:08","2026-01-13 21:57:08",NULL
978,Rewari,0,"2026-01-13 21:57:08","2026-01-13 21:57:08",NULL
979,Rewari,0,"2026-01-13 21:57:08","2026-01-13 21:57:08",NULL
980,Rewari,0,"2026-01-13 21:57:08","2026-01-13 21:57:08",NULL
981,Rewari,0,"2026-01-13 21:57:08","2026-01-13 21:57:08",NULL
982,Rewari,0,"2026-01-13 21:57:08","2026-01-13 21:57:08",NULL
983,Rewari,0,"2026-01-13 21:57:08","2026-01-13 21:57:08",NULL
984,Rewari,0,"2026-01-13 21:57:08","2026-01-13 21:57:08",NULL
985,Gurgaon,0,"2026-01-13 21:57:08","2026-01-13 21:57:08",NULL
986,Rewari,0,"2026-01-13 21:57:08","2026-01-13 21:57:08",NULL
987,Rewari,0,"2026-01-13 21:57:08","2026-01-13 21:57:08",NULL
988,Rewari,0,"2026-01-13 21:57:08","2026-01-13 21:57:08",NULL
989,Rewari,0,"2026-01-13 21:57:08","2026-01-13 21:57:08",NULL
990,Rewari,0,"2026-01-13 21:57:08","2026-01-13 21:57:08",NULL
991,Rewari,0,"2026-01-13 21:57:08","2026-01-13 21:57:08",NULL
992,Rewari,0,"2026-01-13 21:57:08","2026-01-13 21:57:08",NULL
993,Rewari,0,"2026-01-13 21:57:08","2026-01-13 21:57:08",NULL
994,Rewari,0,"2026-01-13 21:57:08","2026-01-13 21:57:08",NULL
995,Rewari,0,"2026-01-13 21:57:08","2026-01-13 21:57:08",NULL
996,Rewari,0,"2026-01-13 21:57:08","2026-01-13 21:57:08",NULL
997,Rewari,0,"2026-01-13 21:57:08","2026-01-13 21:57:08",NULL
998,Rewari,0,"2026-01-13 21:57:08","2026-01-13 21:57:08",NULL
999,Rewari,0,"2026-01-13 21:57:08","2026-01-13 21:57:08",NULL
1000,Rewari,0,"2026-01-13 21:57:08","2026-01-13 21:57:08",NULL
1001,Rewari,0,"2026-01-13 21:57:08","2026-01-13 21:57:08",NULL
1002,Rewari,0,"2026-01-13 21:57:08","2026-01-13 21:57:08",NULL
1003,Rewari,0,"2026-01-13 21:57:08","2026-01-13 21:57:08",NULL
1004,Rewari,0,"2026-01-13 21:57:08","2026-01-13 21:57:08",NULL
1005,Rewari,0,"2026-01-13 21:57:08","2026-01-13 21:57:08",NULL
1006,Jhajjar,0,"2026-01-13 21:57:08","2026-01-13 21:57:08",NULL
1007,Rewari,0,"2026-01-13 21:57:08","2026-01-13 21:57:08",NULL
1008,Rewari,0,"2026-01-13 21:57:08","2026-01-13 21:57:08",NULL
1009,Rewari,0,"2026-01-13 21:57:08","2026-01-13 21:57:08",NULL
1010,Rewari,0,"2026-01-13 21:57:08","2026-01-13 21:57:08",NULL
1011,Mahendragarh,0,"2026-01-13 21:57:08","2026-01-13 21:57:08",NULL
1012,Mahendragarh,0,"2026-01-13 21:57:08","2026-01-13 21:57:08",NULL
1013,Mahendragarh,0,"2026-01-13 21:57:08","2026-01-13 21:57:08",NULL
1014,Mahendragarh,0,"2026-01-13 21:57:08","2026-01-13 21:57:08",NULL
1015,Mahendragarh,0,"2026-01-13 21:57:08","2026-01-13 21:57:08",NULL
1016,Mahendragarh,0,"2026-01-13 21:57:08","2026-01-13 21:57:08",NULL
1017,Mahendragarh,0,"2026-01-13 21:57:08","2026-01-13 21:57:08",NULL
1018,Mahendragarh,0,"2026-01-13 21:57:08","2026-01-13 21:57:08",NULL
1019,Mahendragarh,0,"2026-01-13 21:57:08","2026-01-13 21:57:08",NULL
1020,Mahendragarh,0,"2026-01-13 21:57:08","2026-01-13 21:57:08",NULL
1021,Rewari,0,"2026-01-13 21:57:08","2026-01-13 21:57:08",NULL
1022,Rewari,0,"2026-01-13 21:57:08","2026-01-13 21:57:08",NULL
1023,Rewari,0,"2026-01-13 21:57:08","2026-01-13 21:57:08",NULL
1024,Rewari,0,"2026-01-13 21:57:08","2026-01-13 21:57:08",NULL
1025,Rewari,0,"2026-01-13 21:57:08","2026-01-13 21:57:08",NULL
1026,Rewari,0,"2026-01-13 21:57:08","2026-01-13 21:57:08",NULL
1027,Rewari,0,"2026-01-13 21:57:08","2026-01-13 21:57:08",NULL
1028,Rewari,0,"2026-01-13 21:57:08","2026-01-13 21:57:08",NULL
1029,Rewari,0,"2026-01-13 21:57:08","2026-01-13 21:57:08",NULL
1030,Rewari,0,"2026-01-13 21:57:08","2026-01-13 21:57:08",NULL
1031,Rewari,0,"2026-01-13 21:57:08","2026-01-13 21:57:08",NULL
1032,Rewari,0,"2026-01-13 21:57:08","2026-01-13 21:57:08",NULL
1033,Rewari,0,"2026-01-13 21:57:08","2026-01-13 21:57:08",NULL
1034,Rewari,0,"2026-01-13 21:57:08","2026-01-13 21:57:08",NULL
1035,Rewari,0,"2026-01-13 21:57:08","2026-01-13 21:57:08",NULL
1036,Rewari,0,"2026-01-13 21:57:08","2026-01-13 21:57:08",NULL
1037,Rewari,0,"2026-01-13 21:57:08","2026-01-13 21:57:08",NULL
1038,Rewari,0,"2026-01-13 21:57:08","2026-01-13 21:57:08",NULL
1039,Gurgaon,0,"2026-01-13 21:57:08","2026-01-13 21:57:08",NULL
1040,Rewari,0,"2026-01-13 21:57:08","2026-01-13 21:57:08",NULL
1041,Rewari,0,"2026-01-13 21:57:08","2026-01-13 21:57:08",NULL
1042,Rewari,0,"2026-01-13 21:57:08","2026-01-13 21:57:08",NULL
1043,Rewari,0,"2026-01-13 21:57:08","2026-01-13 21:57:08",NULL
1044,Rewari,0,"2026-01-13 21:57:08","2026-01-13 21:57:08",NULL
1045,Rewari,0,"2026-01-13 21:57:08","2026-01-13 21:57:08",NULL
1046,Rewari,0,"2026-01-13 21:57:08","2026-01-13 21:57:08",NULL
1047,Rewari,0,"2026-01-13 21:57:08","2026-01-13 21:57:08",NULL
1048,Rewari,0,"2026-01-13 21:57:08","2026-01-13 21:57:08",NULL
1049,Rewari,0,"2026-01-13 21:57:08","2026-01-13 21:57:08",NULL
1050,Rewari,0,"2026-01-13 21:57:08","2026-01-13 21:57:08",NULL
1051,Mahendragarh,0,"2026-01-13 21:57:08","2026-01-13 21:57:08",NULL
1052,Rewari,0,"2026-01-13 21:57:08","2026-01-13 21:57:08",NULL
1053,Rewari,0,"2026-01-13 21:57:08","2026-01-13 21:57:08",NULL
1054,Rewari,0,"2026-01-13 21:57:08","2026-01-13 21:57:08",NULL
1055,Rewari,0,"2026-01-13 21:57:08","2026-01-13 21:57:08",NULL
1056,Rewari,0,"2026-01-13 21:57:08","2026-01-13 21:57:08",NULL
1057,Rewari,0,"2026-01-13 21:57:08","2026-01-13 21:57:08",NULL
1058,Rewari,0,"2026-01-13 21:57:08","2026-01-13 21:57:08",NULL
1059,Rewari,0,"2026-01-13 21:57:08","2026-01-13 21:57:08",NULL
1060,Mahendragarh,0,"2026-01-13 21:57:08","2026-01-13 21:57:08",NULL
1061,Rewari,0,"2026-01-13 21:57:08","2026-01-13 21:57:08",NULL
1062,Rewari,0,"2026-01-13 21:57:08","2026-01-13 21:57:08",NULL
1063,Rewari,0,"2026-01-13 21:57:08","2026-01-13 21:57:08",NULL
1064,Rewari,0,"2026-01-13 21:57:08","2026-01-13 21:57:08",NULL
1065,Rewari,0,"2026-01-13 21:57:08","2026-01-13 21:57:08",NULL
1066,Rewari,0,"2026-01-13 21:57:08","2026-01-13 21:57:08",NULL
1067,Rewari,0,"2026-01-13 21:57:08","2026-01-13 21:57:08",NULL
1068,Rewari,0,"2026-01-13 21:57:08","2026-01-13 21:57:08",NULL
1069,Mahendragarh,0,"2026-01-13 21:57:08","2026-01-13 21:57:08",NULL
1070,Mahendragarh,0,"2026-01-13 21:57:08","2026-01-13 21:57:08",NULL
1071,Rewari,0,"2026-01-13 21:57:08","2026-01-13 21:57:08",NULL
1072,Mahendragarh,0,"2026-01-13 21:57:08","2026-01-13 21:57:08",NULL
1073,Rewari,0,"2026-01-13 21:57:08","2026-01-13 21:57:08",NULL
1074,Rewari,0,"2026-01-13 21:57:08","2026-01-13 21:57:08",NULL
1075,Rewari,0,"2026-01-13 21:57:08","2026-01-13 21:57:08",NULL
1076,Rohtak,0,"2026-01-13 21:57:08","2026-01-13 21:57:08",NULL
1077,Rohtak,0,"2026-01-13 21:57:08","2026-01-13 21:57:08",NULL
1078,Rohtak,0,"2026-01-13 21:57:08","2026-01-13 21:57:08",NULL
1079,Rohtak,0,"2026-01-13 21:57:08","2026-01-13 21:57:08",NULL
1080,Rohtak,0,"2026-01-13 21:57:08","2026-01-13 21:57:08",NULL
1081,Rohtak,0,"2026-01-13 21:57:08","2026-01-13 21:57:08",NULL
1082,Rohtak,0,"2026-01-13 21:57:08","2026-01-13 21:57:08",NULL
1083,Rohtak,0,"2026-01-13 21:57:08","2026-01-13 21:57:08",NULL
1084,Rohtak,0,"2026-01-13 21:57:08","2026-01-13 21:57:08",NULL
1085,Rohtak,0,"2026-01-13 21:57:08","2026-01-13 21:57:08",NULL
1086,Rohtak,0,"2026-01-13 21:57:08","2026-01-13 21:57:08",NULL
1087,Rohtak,0,"2026-01-13 21:57:08","2026-01-13 21:57:08",NULL
1088,Rohtak,0,"2026-01-13 21:57:08","2026-01-13 21:57:08",NULL
1089,Rohtak,0,"2026-01-13 21:57:08","2026-01-13 21:57:08",NULL
1090,Rohtak,0,"2026-01-13 21:57:08","2026-01-13 21:57:08",NULL
1091,Rohtak,0,"2026-01-13 21:57:08","2026-01-13 21:57:08",NULL
1092,Rohtak,0,"2026-01-13 21:57:08","2026-01-13 21:57:08",NULL
1093,Rohtak,0,"2026-01-13 21:57:08","2026-01-13 21:57:08",NULL
1094,Rohtak,0,"2026-01-13 21:57:08","2026-01-13 21:57:08",NULL
1095,Rohtak,0,"2026-01-13 21:57:08","2026-01-13 21:57:08",NULL
1096,Rohtak,0,"2026-01-13 21:57:08","2026-01-13 21:57:08",NULL
1097,Rohtak,0,"2026-01-13 21:57:08","2026-01-13 21:57:08",NULL
1098,Rohtak,0,"2026-01-13 21:57:08","2026-01-13 21:57:08",NULL
1099,Rohtak,0,"2026-01-13 21:57:08","2026-01-13 21:57:08",NULL
1100,Rohtak,0,"2026-01-13 21:57:08","2026-01-13 21:57:08",NULL
1101,Rohtak,0,"2026-01-13 21:57:08","2026-01-13 21:57:08",NULL
1102,Rohtak,0,"2026-01-13 21:57:08","2026-01-13 21:57:08",NULL
1103,Rohtak,0,"2026-01-13 21:57:08","2026-01-13 21:57:08",NULL
1104,Rohtak,0,"2026-01-13 21:57:08","2026-01-13 21:57:08",NULL
1105,Rohtak,0,"2026-01-13 21:57:08","2026-01-13 21:57:08",NULL
1106,Rohtak,0,"2026-01-13 21:57:08","2026-01-13 21:57:08",NULL
1107,Rewari,0,"2026-01-13 21:57:08","2026-01-13 21:57:08",NULL
1108,Rewari,0,"2026-01-13 21:57:08","2026-01-13 21:57:08",NULL
1109,Rewari,0,"2026-01-13 21:57:08","2026-01-13 21:57:08",NULL
1110,Rewari,0,"2026-01-13 21:57:08","2026-01-13 21:57:08",NULL
1111,Rewari,0,"2026-01-13 21:57:08","2026-01-13 21:57:08",NULL
1112,Jhajjar,0,"2026-01-13 21:57:08","2026-01-13 21:57:08",NULL
1113,Jhajjar,0,"2026-01-13 21:57:08","2026-01-13 21:57:08",NULL
1114,Jhajjar,0,"2026-01-13 21:57:08","2026-01-13 21:57:08",NULL
1115,Jhajjar,0,"2026-01-13 21:57:08","2026-01-13 21:57:08",NULL
1116,Jhajjar,0,"2026-01-13 21:57:08","2026-01-13 21:57:08",NULL
1117,Jhajjar,0,"2026-01-13 21:57:08","2026-01-13 21:57:08",NULL
1118,Jhajjar,0,"2026-01-13 21:57:08","2026-01-13 21:57:08",NULL
1119,Jhajjar,0,"2026-01-13 21:57:08","2026-01-13 21:57:08",NULL
1120,Jhajjar,0,"2026-01-13 21:57:08","2026-01-13 21:57:08",NULL
1121,Jhajjar,0,"2026-01-13 21:57:08","2026-01-13 21:57:08",NULL
1122,Jhajjar,0,"2026-01-13 21:57:08","2026-01-13 21:57:08",NULL
1123,Jhajjar,0,"2026-01-13 21:57:08","2026-01-13 21:57:08",NULL
1124,Jhajjar,0,"2026-01-13 21:57:08","2026-01-13 21:57:08",NULL
1125,Jhajjar,0,"2026-01-13 21:57:08","2026-01-13 21:57:08",NULL
1126,Jhajjar,0,"2026-01-13 21:57:08","2026-01-13 21:57:08",NULL
1127,Jhajjar,0,"2026-01-13 21:57:08","2026-01-13 21:57:08",NULL
1128,Jhajjar,0,"2026-01-13 21:57:08","2026-01-13 21:57:08",NULL
1129,Jhajjar,0,"2026-01-13 21:57:08","2026-01-13 21:57:08",NULL
1130,Jhajjar,0,"2026-01-13 21:57:08","2026-01-13 21:57:08",NULL
1131,Jhajjar,0,"2026-01-13 21:57:08","2026-01-13 21:57:08",NULL
1132,Jhajjar,0,"2026-01-13 21:57:08","2026-01-13 21:57:08",NULL
1133,Jhajjar,0,"2026-01-13 21:57:08","2026-01-13 21:57:08",NULL
1134,Jhajjar,0,"2026-01-13 21:57:08","2026-01-13 21:57:08",NULL
1135,Jhajjar,0,"2026-01-13 21:57:08","2026-01-13 21:57:08",NULL
1136,Jhajjar,0,"2026-01-13 21:57:08","2026-01-13 21:57:08",NULL
1137,Jhajjar,0,"2026-01-13 21:57:08","2026-01-13 21:57:08",NULL
1138,Jhajjar,0,"2026-01-13 21:57:08","2026-01-13 21:57:08",NULL
1139,Jhajjar,0,"2026-01-13 21:57:08","2026-01-13 21:57:08",NULL
1140,Jhajjar,0,"2026-01-13 21:57:08","2026-01-13 21:57:08",NULL
1141,Jhajjar,0,"2026-01-13 21:57:08","2026-01-13 21:57:08",NULL
1142,Jhajjar,0,"2026-01-13 21:57:08","2026-01-13 21:57:08",NULL
1143,Jhajjar,0,"2026-01-13 21:57:08","2026-01-13 21:57:08",NULL
1144,Jhajjar,0,"2026-01-13 21:57:08","2026-01-13 21:57:08",NULL
1145,Jhajjar,0,"2026-01-13 21:57:08","2026-01-13 21:57:08",NULL
1146,Jhajjar,0,"2026-01-13 21:57:08","2026-01-13 21:57:08",NULL
1147,Jhajjar,0,"2026-01-13 21:57:08","2026-01-13 21:57:08",NULL
1148,Jhajjar,0,"2026-01-13 21:57:08","2026-01-13 21:57:08",NULL
1149,Jhajjar,0,"2026-01-13 21:57:08","2026-01-13 21:57:08",NULL
1150,Jhajjar,0,"2026-01-13 21:57:08","2026-01-13 21:57:08",NULL
1151,Jhajjar,0,"2026-01-13 21:57:08","2026-01-13 21:57:08",NULL
1152,Jhajjar,0,"2026-01-13 21:57:08","2026-01-13 21:57:08",NULL
1153,Jhajjar,0,"2026-01-13 21:57:08","2026-01-13 21:57:08",NULL
1154,Jhajjar,0,"2026-01-13 21:57:08","2026-01-13 21:57:08",NULL
1155,Jhajjar,0,"2026-01-13 21:57:08","2026-01-13 21:57:08",NULL
1156,Jhajjar,0,"2026-01-13 21:57:08","2026-01-13 21:57:08",NULL
1157,Jhajjar,0,"2026-01-13 21:57:08","2026-01-13 21:57:08",NULL
1158,Jhajjar,0,"2026-01-13 21:57:08","2026-01-13 21:57:08",NULL
1159,Jhajjar,0,"2026-01-13 21:57:08","2026-01-13 21:57:08",NULL
1160,Jhajjar,0,"2026-01-13 21:57:08","2026-01-13 21:57:08",NULL
1161,Jhajjar,0,"2026-01-13 21:57:08","2026-01-13 21:57:08",NULL
1162,Jhajjar,0,"2026-01-13 21:57:08","2026-01-13 21:57:08",NULL
1163,Jhajjar,0,"2026-01-13 21:57:08","2026-01-13 21:57:08",NULL
1164,Jhajjar,0,"2026-01-13 21:57:08","2026-01-13 21:57:08",NULL
1165,Jhajjar,0,"2026-01-13 21:57:08","2026-01-13 21:57:08",NULL
1166,Jhajjar,0,"2026-01-13 21:57:08","2026-01-13 21:57:08",NULL
1167,Rohtak,0,"2026-01-13 21:57:08","2026-01-13 21:57:08",NULL
1168,Rohtak,0,"2026-01-13 21:57:08","2026-01-13 21:57:08",NULL
1169,Rohtak,0,"2026-01-13 21:57:08","2026-01-13 21:57:08",NULL
1170,Jhajjar,0,"2026-01-13 21:57:08","2026-01-13 21:57:08",NULL
1171,Jhajjar,0,"2026-01-13 21:57:08","2026-01-13 21:57:08",NULL
1172,Jhajjar,0,"2026-01-13 21:57:08","2026-01-13 21:57:08",NULL
1173,Jhajjar,0,"2026-01-13 21:57:08","2026-01-13 21:57:08",NULL
1174,Jhajjar,0,"2026-01-13 21:57:08","2026-01-13 21:57:08",NULL
1175,Jhajjar,0,"2026-01-13 21:57:08","2026-01-13 21:57:08",NULL
1176,Jhajjar,0,"2026-01-13 21:57:08","2026-01-13 21:57:08",NULL
1177,Jhajjar,0,"2026-01-13 21:57:08","2026-01-13 21:57:08",NULL
1178,Hisar,0,"2026-01-13 21:57:08","2026-01-13 21:57:08",NULL
1179,Jhajjar,0,"2026-01-13 21:57:08","2026-01-13 21:57:08",NULL
1180,Jhajjar,0,"2026-01-13 21:57:08","2026-01-13 21:57:08",NULL
1181,Jhajjar,0,"2026-01-13 21:57:08","2026-01-13 21:57:08",NULL
1182,Jhajjar,0,"2026-01-13 21:57:08","2026-01-13 21:57:08",NULL
1183,Jhajjar,0,"2026-01-13 21:57:08","2026-01-13 21:57:08",NULL
1184,Jhajjar,0,"2026-01-13 21:57:08","2026-01-13 21:57:08",NULL
1185,Jhajjar,0,"2026-01-13 21:57:08","2026-01-13 21:57:08",NULL
1186,Jhajjar,0,"2026-01-13 21:57:08","2026-01-13 21:57:08",NULL
1187,Jhajjar,0,"2026-01-13 21:57:08","2026-01-13 21:57:08",NULL
1188,Jhajjar,0,"2026-01-13 21:57:08","2026-01-13 21:57:08",NULL
1189,Jhajjar,0,"2026-01-13 21:57:08","2026-01-13 21:57:08",NULL
1190,Jhajjar,0,"2026-01-13 21:57:08","2026-01-13 21:57:08",NULL
1191,Jhajjar,0,"2026-01-13 21:57:08","2026-01-13 21:57:08",NULL
1192,Jhajjar,0,"2026-01-13 21:57:08","2026-01-13 21:57:08",NULL
1193,Jhajjar,0,"2026-01-13 21:57:08","2026-01-13 21:57:08",NULL
1194,Jhajjar,0,"2026-01-13 21:57:08","2026-01-13 21:57:08",NULL
1195,Jhajjar,0,"2026-01-13 21:57:08","2026-01-13 21:57:08",NULL
1196,Jhajjar,0,"2026-01-13 21:57:08","2026-01-13 21:57:08",NULL
1197,Jhajjar,0,"2026-01-13 21:57:08","2026-01-13 21:57:08",NULL
1198,Jhajjar,0,"2026-01-13 21:57:08","2026-01-13 21:57:08",NULL
1199,Jhajjar,0,"2026-01-13 21:57:08","2026-01-13 21:57:08",NULL
1200,Jhajjar,0,"2026-01-13 21:57:08","2026-01-13 21:57:08",NULL
1201,Jhajjar,0,"2026-01-13 21:57:08","2026-01-13 21:57:08",NULL
1202,Jhajjar,0,"2026-01-13 21:57:08","2026-01-13 21:57:08",NULL
1203,Jhajjar,0,"2026-01-13 21:57:08","2026-01-13 21:57:08",NULL
1204,Jhajjar,0,"2026-01-13 21:57:08","2026-01-13 21:57:08",NULL
1205,Jhajjar,0,"2026-01-13 21:57:08","2026-01-13 21:57:08",NULL
1206,Jhajjar,0,"2026-01-13 21:57:08","2026-01-13 21:57:08",NULL
1207,Jhajjar,0,"2026-01-13 21:57:08","2026-01-13 21:57:08",NULL
1208,Jhajjar,0,"2026-01-13 21:57:08","2026-01-13 21:57:08",NULL
1209,Rohtak,0,"2026-01-13 21:57:08","2026-01-13 21:57:08",NULL
1210,Rohtak,0,"2026-01-13 21:57:08","2026-01-13 21:57:08",NULL
1211,Rohtak,0,"2026-01-13 21:57:08","2026-01-13 21:57:08",NULL
1212,Rohtak,0,"2026-01-13 21:57:08","2026-01-13 21:57:08",NULL
1213,Rohtak,0,"2026-01-13 21:57:08","2026-01-13 21:57:08",NULL
1214,Rohtak,0,"2026-01-13 21:57:08","2026-01-13 21:57:08",NULL
1215,Rohtak,0,"2026-01-13 21:57:08","2026-01-13 21:57:08",NULL
1216,Rohtak,0,"2026-01-13 21:57:08","2026-01-13 21:57:08",NULL
1217,Rohtak,0,"2026-01-13 21:57:08","2026-01-13 21:57:08",NULL
1218,Rohtak,0,"2026-01-13 21:57:08","2026-01-13 21:57:08",NULL
1219,Rohtak,0,"2026-01-13 21:57:08","2026-01-13 21:57:08",NULL
1220,Rohtak,0,"2026-01-13 21:57:08","2026-01-13 21:57:08",NULL
1221,Rohtak,0,"2026-01-13 21:57:08","2026-01-13 21:57:08",NULL
1222,Rohtak,0,"2026-01-13 21:57:08","2026-01-13 21:57:08",NULL
1223,Rohtak,0,"2026-01-13 21:57:08","2026-01-13 21:57:08",NULL
1224,Rohtak,0,"2026-01-13 21:57:08","2026-01-13 21:57:08",NULL
1225,Rohtak,0,"2026-01-13 21:57:08","2026-01-13 21:57:08",NULL
1226,Rohtak,0,"2026-01-13 21:57:09","2026-01-13 21:57:09",NULL
1227,Rohtak,0,"2026-01-13 21:57:09","2026-01-13 21:57:09",NULL
1228,Jhajjar,0,"2026-01-13 21:57:09","2026-01-13 21:57:09",NULL
1229,Rohtak,0,"2026-01-13 21:57:09","2026-01-13 21:57:09",NULL
1230,Rohtak,0,"2026-01-13 21:57:09","2026-01-13 21:57:09",NULL
1231,Rohtak,0,"2026-01-13 21:57:09","2026-01-13 21:57:09",NULL
1232,Rohtak,0,"2026-01-13 21:57:09","2026-01-13 21:57:09",NULL
1233,Rohtak,0,"2026-01-13 21:57:09","2026-01-13 21:57:09",NULL
1234,Jhajjar,0,"2026-01-13 21:57:09","2026-01-13 21:57:09",NULL
1235,Jhajjar,0,"2026-01-13 21:57:09","2026-01-13 21:57:09",NULL
1236,Jhajjar,0,"2026-01-13 21:57:09","2026-01-13 21:57:09",NULL
1237,Jhajjar,0,"2026-01-13 21:57:09","2026-01-13 21:57:09",NULL
1238,Jhajjar,0,"2026-01-13 21:57:09","2026-01-13 21:57:09",NULL
1239,Rohtak,0,"2026-01-13 21:57:09","2026-01-13 21:57:09",NULL
1240,Rohtak,0,"2026-01-13 21:57:09","2026-01-13 21:57:09",NULL
1241,Rohtak,0,"2026-01-13 21:57:09","2026-01-13 21:57:09",NULL
1242,Rohtak,0,"2026-01-13 21:57:09","2026-01-13 21:57:09",NULL
1243,Rohtak,0,"2026-01-13 21:57:09","2026-01-13 21:57:09",NULL
1244,Rohtak,0,"2026-01-13 21:57:09","2026-01-13 21:57:09",NULL
1245,Rohtak,0,"2026-01-13 21:57:09","2026-01-13 21:57:09",NULL
1246,Rohtak,0,"2026-01-13 21:57:09","2026-01-13 21:57:09",NULL
1247,Rohtak,0,"2026-01-13 21:57:09","2026-01-13 21:57:09",NULL
1248,Rohtak,0,"2026-01-13 21:57:09","2026-01-13 21:57:09",NULL
1249,Rohtak,0,"2026-01-13 21:57:09","2026-01-13 21:57:09",NULL
1250,Rohtak,0,"2026-01-13 21:57:09","2026-01-13 21:57:09",NULL
1251,Rohtak,0,"2026-01-13 21:57:09","2026-01-13 21:57:09",NULL
1252,Rohtak,0,"2026-01-13 21:57:09","2026-01-13 21:57:09",NULL
1253,Rohtak,0,"2026-01-13 21:57:09","2026-01-13 21:57:09",NULL
1254,Rohtak,0,"2026-01-13 21:57:09","2026-01-13 21:57:09",NULL
1255,Rohtak,0,"2026-01-13 21:57:09","2026-01-13 21:57:09",NULL
1256,Rohtak,0,"2026-01-13 21:57:09","2026-01-13 21:57:09",NULL
1257,Rohtak,0,"2026-01-13 21:57:09","2026-01-13 21:57:09",NULL
1258,Rohtak,0,"2026-01-13 21:57:09","2026-01-13 21:57:09",NULL
1259,Jhajjar,0,"2026-01-13 21:57:09","2026-01-13 21:57:09",NULL
1260,Jhajjar,0,"2026-01-13 21:57:09","2026-01-13 21:57:09",NULL
1261,Jhajjar,0,"2026-01-13 21:57:09","2026-01-13 21:57:09",NULL
1262,Jhajjar,0,"2026-01-13 21:57:09","2026-01-13 21:57:09",NULL
1263,Jhajjar,0,"2026-01-13 21:57:09","2026-01-13 21:57:09",NULL
1264,Jhajjar,0,"2026-01-13 21:57:09","2026-01-13 21:57:09",NULL
1265,Jhajjar,0,"2026-01-13 21:57:09","2026-01-13 21:57:09",NULL
1266,Jhajjar,0,"2026-01-13 21:57:09","2026-01-13 21:57:09",NULL
1267,Jhajjar,0,"2026-01-13 21:57:09","2026-01-13 21:57:09",NULL
1268,Jhajjar,0,"2026-01-13 21:57:09","2026-01-13 21:57:09",NULL
1269,Jhajjar,0,"2026-01-13 21:57:09","2026-01-13 21:57:09",NULL
1270,Jhajjar,0,"2026-01-13 21:57:09","2026-01-13 21:57:09",NULL
1271,Jhajjar,0,"2026-01-13 21:57:09","2026-01-13 21:57:09",NULL
1272,Jhajjar,0,"2026-01-13 21:57:09","2026-01-13 21:57:09",NULL
1273,Jhajjar,0,"2026-01-13 21:57:09","2026-01-13 21:57:09",NULL
1274,Jhajjar,0,"2026-01-13 21:57:09","2026-01-13 21:57:09",NULL
1275,Jhajjar,0,"2026-01-13 21:57:09","2026-01-13 21:57:09",NULL
1276,Jhajjar,0,"2026-01-13 21:57:09","2026-01-13 21:57:09",NULL
1277,Jhajjar,0,"2026-01-13 21:57:09","2026-01-13 21:57:09",NULL
1278,Jhajjar,0,"2026-01-13 21:57:09","2026-01-13 21:57:09",NULL
1279,Jhajjar,0,"2026-01-13 21:57:09","2026-01-13 21:57:09",NULL
1280,Jhajjar,0,"2026-01-13 21:57:09","2026-01-13 21:57:09",NULL
1281,Jhajjar,0,"2026-01-13 21:57:09","2026-01-13 21:57:09",NULL
1282,Jhajjar,0,"2026-01-13 21:57:09","2026-01-13 21:57:09",NULL
1283,Jhajjar,0,"2026-01-13 21:57:09","2026-01-13 21:57:09",NULL
1284,Jhajjar,0,"2026-01-13 21:57:09","2026-01-13 21:57:09",NULL
1285,Jhajjar,0,"2026-01-13 21:57:09","2026-01-13 21:57:09",NULL
1286,Jhajjar,0,"2026-01-13 21:57:09","2026-01-13 21:57:09",NULL
1287,Jhajjar,0,"2026-01-13 21:57:09","2026-01-13 21:57:09",NULL
1288,Jhajjar,0,"2026-01-13 21:57:09","2026-01-13 21:57:09",NULL
1289,Jhajjar,0,"2026-01-13 21:57:09","2026-01-13 21:57:09",NULL
1290,Rohtak,0,"2026-01-13 21:57:09","2026-01-13 21:57:09",NULL
1291,Rohtak,0,"2026-01-13 21:57:09","2026-01-13 21:57:09",NULL
1292,Rohtak,0,"2026-01-13 21:57:09","2026-01-13 21:57:09",NULL
1293,Rohtak,0,"2026-01-13 21:57:09","2026-01-13 21:57:09",NULL
1294,Rohtak,0,"2026-01-13 21:57:09","2026-01-13 21:57:09",NULL
1295,Rohtak,0,"2026-01-13 21:57:09","2026-01-13 21:57:09",NULL
1296,Rohtak,0,"2026-01-13 21:57:09","2026-01-13 21:57:09",NULL
1297,Rohtak,0,"2026-01-13 21:57:09","2026-01-13 21:57:09",NULL
1298,Rohtak,0,"2026-01-13 21:57:09","2026-01-13 21:57:09",NULL
1299,Rohtak,0,"2026-01-13 21:57:09","2026-01-13 21:57:09",NULL
1300,Rohtak,0,"2026-01-13 21:57:09","2026-01-13 21:57:09",NULL
1301,Rohtak,0,"2026-01-13 21:57:09","2026-01-13 21:57:09",NULL
1302,Rohtak,0,"2026-01-13 21:57:09","2026-01-13 21:57:09",NULL
1303,Rohtak,0,"2026-01-13 21:57:09","2026-01-13 21:57:09",NULL
1304,Rohtak,0,"2026-01-13 21:57:09","2026-01-13 21:57:09",NULL
1305,Rohtak,0,"2026-01-13 21:57:09","2026-01-13 21:57:09",NULL
1306,Rohtak,0,"2026-01-13 21:57:09","2026-01-13 21:57:09",NULL
1307,Rohtak,0,"2026-01-13 21:57:09","2026-01-13 21:57:09",NULL
1308,Rohtak,0,"2026-01-13 21:57:09","2026-01-13 21:57:09",NULL
1309,Rohtak,0,"2026-01-13 21:57:09","2026-01-13 21:57:09",NULL
1310,Rohtak,0,"2026-01-13 21:57:09","2026-01-13 21:57:09",NULL
1311,Rohtak,0,"2026-01-13 21:57:09","2026-01-13 21:57:09",NULL
1312,Rohtak,0,"2026-01-13 21:57:09","2026-01-13 21:57:09",NULL
1313,Rohtak,0,"2026-01-13 21:57:09","2026-01-13 21:57:09",NULL
1314,Rohtak,0,"2026-01-13 21:57:09","2026-01-13 21:57:09",NULL
1315,Rohtak,0,"2026-01-13 21:57:09","2026-01-13 21:57:09",NULL
1316,Rohtak,0,"2026-01-13 21:57:09","2026-01-13 21:57:09",NULL
1317,Rohtak,0,"2026-01-13 21:57:09","2026-01-13 21:57:09",NULL
1318,Rohtak,0,"2026-01-13 21:57:09","2026-01-13 21:57:09",NULL
1319,Rohtak,0,"2026-01-13 21:57:09","2026-01-13 21:57:09",NULL
1320,Rohtak,0,"2026-01-13 21:57:09","2026-01-13 21:57:09",NULL
1321,Rohtak,0,"2026-01-13 21:57:09","2026-01-13 21:57:09",NULL
1322,Rohtak,0,"2026-01-13 21:57:09","2026-01-13 21:57:09",NULL
1323,Rohtak,0,"2026-01-13 21:57:09","2026-01-13 21:57:09",NULL
1324,Rohtak,0,"2026-01-13 21:57:09","2026-01-13 21:57:09",NULL
1325,Rohtak,0,"2026-01-13 21:57:09","2026-01-13 21:57:09",NULL
1326,Rohtak,0,"2026-01-13 21:57:09","2026-01-13 21:57:09",NULL
1327,Rohtak,0,"2026-01-13 21:57:09","2026-01-13 21:57:09",NULL
1328,Jhajjar,0,"2026-01-13 21:57:09","2026-01-13 21:57:09",NULL
1329,Jhajjar,0,"2026-01-13 21:57:09","2026-01-13 21:57:09",NULL
1330,Jhajjar,0,"2026-01-13 21:57:09","2026-01-13 21:57:09",NULL
1331,Jhajjar,0,"2026-01-13 21:57:09","2026-01-13 21:57:09",NULL
1332,Jhajjar,0,"2026-01-13 21:57:09","2026-01-13 21:57:09",NULL
1333,Jhajjar,0,"2026-01-13 21:57:09","2026-01-13 21:57:09",NULL
1334,Jhajjar,0,"2026-01-13 21:57:09","2026-01-13 21:57:09",NULL
1335,Jhajjar,0,"2026-01-13 21:57:09","2026-01-13 21:57:09",NULL
1336,Hisar,0,"2026-01-13 21:57:09","2026-01-13 21:57:09",NULL
1337,Hisar,0,"2026-01-13 21:57:09","2026-01-13 21:57:09",NULL
1338,Hisar,0,"2026-01-13 21:57:09","2026-01-13 21:57:09",NULL
1339,Hisar,0,"2026-01-13 21:57:09","2026-01-13 21:57:09",NULL
1340,Hisar,0,"2026-01-13 21:57:09","2026-01-13 21:57:09",NULL
1341,Hisar,0,"2026-01-13 21:57:09","2026-01-13 21:57:09",NULL
1342,Hisar,0,"2026-01-13 21:57:09","2026-01-13 21:57:09",NULL
1343,Hisar,0,"2026-01-13 21:57:09","2026-01-13 21:57:09",NULL
1344,Hisar,0,"2026-01-13 21:57:09","2026-01-13 21:57:09",NULL
1345,Hisar,0,"2026-01-13 21:57:09","2026-01-13 21:57:09",NULL
1346,Hisar,0,"2026-01-13 21:57:09","2026-01-13 21:57:09",NULL
1347,Hisar,0,"2026-01-13 21:57:09","2026-01-13 21:57:09",NULL
1348,Hisar,0,"2026-01-13 21:57:09","2026-01-13 21:57:09",NULL
1349,Hisar,0,"2026-01-13 21:57:09","2026-01-13 21:57:09",NULL
1350,Hisar,0,"2026-01-13 21:57:09","2026-01-13 21:57:09",NULL
1351,Fatehabad,0,"2026-01-13 21:57:09","2026-01-13 21:57:09",NULL
1352,Hisar,0,"2026-01-13 21:57:09","2026-01-13 21:57:09",NULL
1353,Hisar,0,"2026-01-13 21:57:09","2026-01-13 21:57:09",NULL
1354,Hisar,0,"2026-01-13 21:57:09","2026-01-13 21:57:09",NULL
1355,Hisar,0,"2026-01-13 21:57:09","2026-01-13 21:57:09",NULL
1356,Hisar,0,"2026-01-13 21:57:09","2026-01-13 21:57:09",NULL
1357,Hisar,0,"2026-01-13 21:57:09","2026-01-13 21:57:09",NULL
1358,Hisar,0,"2026-01-13 21:57:09","2026-01-13 21:57:09",NULL
1359,Hisar,0,"2026-01-13 21:57:09","2026-01-13 21:57:09",NULL
1360,Hisar,0,"2026-01-13 21:57:09","2026-01-13 21:57:09",NULL
1361,Hisar,0,"2026-01-13 21:57:09","2026-01-13 21:57:09",NULL
1362,Hisar,0,"2026-01-13 21:57:09","2026-01-13 21:57:09",NULL
1363,Hisar,0,"2026-01-13 21:57:09","2026-01-13 21:57:09",NULL
1364,Rohtak,0,"2026-01-13 21:57:09","2026-01-13 21:57:09",NULL
1365,Rohtak,0,"2026-01-13 21:57:09","2026-01-13 21:57:09",NULL
1366,Rohtak,0,"2026-01-13 21:57:09","2026-01-13 21:57:09",NULL
1367,Rohtak,0,"2026-01-13 21:57:09","2026-01-13 21:57:09",NULL
1368,Rohtak,0,"2026-01-13 21:57:09","2026-01-13 21:57:09",NULL
1369,Rohtak,0,"2026-01-13 21:57:09","2026-01-13 21:57:09",NULL
1370,Hisar,0,"2026-01-13 21:57:09","2026-01-13 21:57:09",NULL
1371,Hisar,0,"2026-01-13 21:57:09","2026-01-13 21:57:09",NULL
1372,Hisar,0,"2026-01-13 21:57:09","2026-01-13 21:57:09",NULL
1373,Hisar,0,"2026-01-13 21:57:09","2026-01-13 21:57:09",NULL
1374,Hisar,0,"2026-01-13 21:57:09","2026-01-13 21:57:09",NULL
1375,Hisar,0,"2026-01-13 21:57:09","2026-01-13 21:57:09",NULL
1376,Hisar,0,"2026-01-13 21:57:09","2026-01-13 21:57:09",NULL
1377,Hisar,0,"2026-01-13 21:57:09","2026-01-13 21:57:09",NULL
1378,Hisar,0,"2026-01-13 21:57:09","2026-01-13 21:57:09",NULL
1379,Hisar,0,"2026-01-13 21:57:09","2026-01-13 21:57:09",NULL
1380,Hisar,0,"2026-01-13 21:57:09","2026-01-13 21:57:09",NULL
1381,Hisar,0,"2026-01-13 21:57:09","2026-01-13 21:57:09",NULL
1382,Hisar,0,"2026-01-13 21:57:09","2026-01-13 21:57:09",NULL
1383,Hisar,0,"2026-01-13 21:57:09","2026-01-13 21:57:09",NULL
1384,Hisar,0,"2026-01-13 21:57:09","2026-01-13 21:57:09",NULL
1385,Hisar,0,"2026-01-13 21:57:09","2026-01-13 21:57:09",NULL
1386,Hisar,0,"2026-01-13 21:57:09","2026-01-13 21:57:09",NULL
1387,Hisar,0,"2026-01-13 21:57:09","2026-01-13 21:57:09",NULL
1388,Hisar,0,"2026-01-13 21:57:09","2026-01-13 21:57:09",NULL
1389,Hisar,0,"2026-01-13 21:57:09","2026-01-13 21:57:09",NULL
1390,Hisar,0,"2026-01-13 21:57:09","2026-01-13 21:57:09",NULL
1391,Hisar,0,"2026-01-13 21:57:09","2026-01-13 21:57:09",NULL
1392,Hisar,0,"2026-01-13 21:57:09","2026-01-13 21:57:09",NULL
1393,Hisar,0,"2026-01-13 21:57:09","2026-01-13 21:57:09",NULL
1394,Hisar,0,"2026-01-13 21:57:09","2026-01-13 21:57:09",NULL
1395,Hisar,0,"2026-01-13 21:57:09","2026-01-13 21:57:09",NULL
1396,Hisar,0,"2026-01-13 21:57:09","2026-01-13 21:57:09",NULL
1397,Hisar,0,"2026-01-13 21:57:09","2026-01-13 21:57:09",NULL
1398,Hisar,0,"2026-01-13 21:57:09","2026-01-13 21:57:09",NULL
1399,Hisar,0,"2026-01-13 21:57:09","2026-01-13 21:57:09",NULL
1400,Hisar,0,"2026-01-13 21:57:09","2026-01-13 21:57:09",NULL
1401,Hisar,0,"2026-01-13 21:57:09","2026-01-13 21:57:09",NULL
1402,Hisar,0,"2026-01-13 21:57:09","2026-01-13 21:57:09",NULL
1403,Hisar,0,"2026-01-13 21:57:09","2026-01-13 21:57:09",NULL
1404,Hisar,0,"2026-01-13 21:57:09","2026-01-13 21:57:09",NULL
1405,Hisar,0,"2026-01-13 21:57:09","2026-01-13 21:57:09",NULL
1406,Hisar,0,"2026-01-13 21:57:09","2026-01-13 21:57:09",NULL
1407,Hisar,0,"2026-01-13 21:57:09","2026-01-13 21:57:09",NULL
1408,Hisar,0,"2026-01-13 21:57:09","2026-01-13 21:57:09",NULL
1409,Hisar,0,"2026-01-13 21:57:09","2026-01-13 21:57:09",NULL
1410,Hisar,0,"2026-01-13 21:57:09","2026-01-13 21:57:09",NULL
1411,Hisar,0,"2026-01-13 21:57:09","2026-01-13 21:57:09",NULL
1412,Hisar,0,"2026-01-13 21:57:09","2026-01-13 21:57:09",NULL
1413,Hisar,0,"2026-01-13 21:57:09","2026-01-13 21:57:09",NULL
1414,Hisar,0,"2026-01-13 21:57:09","2026-01-13 21:57:09",NULL
1415,Hisar,0,"2026-01-13 21:57:09","2026-01-13 21:57:09",NULL
1416,Hisar,0,"2026-01-13 21:57:09","2026-01-13 21:57:09",NULL
1417,Hisar,0,"2026-01-13 21:57:09","2026-01-13 21:57:09",NULL
1418,Hisar,0,"2026-01-13 21:57:09","2026-01-13 21:57:09",NULL
1419,Hisar,0,"2026-01-13 21:57:09","2026-01-13 21:57:09",NULL
1420,Hisar,0,"2026-01-13 21:57:09","2026-01-13 21:57:09",NULL
1421,Hisar,0,"2026-01-13 21:57:09","2026-01-13 21:57:09",NULL
1422,Hisar,0,"2026-01-13 21:57:09","2026-01-13 21:57:09",NULL
1423,Hisar,0,"2026-01-13 21:57:09","2026-01-13 21:57:09",NULL
1424,Hisar,0,"2026-01-13 21:57:09","2026-01-13 21:57:09",NULL
1425,Hisar,0,"2026-01-13 21:57:09","2026-01-13 21:57:09",NULL
1426,Hisar,0,"2026-01-13 21:57:09","2026-01-13 21:57:09",NULL
1427,Hisar,0,"2026-01-13 21:57:09","2026-01-13 21:57:09",NULL
1428,Fatehabad,0,"2026-01-13 21:57:09","2026-01-13 21:57:09",NULL
1429,Fatehabad,0,"2026-01-13 21:57:09","2026-01-13 21:57:09",NULL
1430,Fatehabad,0,"2026-01-13 21:57:09","2026-01-13 21:57:09",NULL
1431,Fatehabad,0,"2026-01-13 21:57:09","2026-01-13 21:57:09",NULL
1432,Fatehabad,0,"2026-01-13 21:57:09","2026-01-13 21:57:09",NULL
1433,Hisar,0,"2026-01-13 21:57:09","2026-01-13 21:57:09",NULL
1434,Hisar,0,"2026-01-13 21:57:09","2026-01-13 21:57:09",NULL
1435,Hisar,0,"2026-01-13 21:57:09","2026-01-13 21:57:09",NULL
1436,Hisar,0,"2026-01-13 21:57:09","2026-01-13 21:57:09",NULL
1437,Hisar,0,"2026-01-13 21:57:09","2026-01-13 21:57:09",NULL
1438,Hisar,0,"2026-01-13 21:57:09","2026-01-13 21:57:09",NULL
1439,Hisar,0,"2026-01-13 21:57:09","2026-01-13 21:57:09",NULL
1440,Hisar,0,"2026-01-13 21:57:09","2026-01-13 21:57:09",NULL
1441,Hisar,0,"2026-01-13 21:57:09","2026-01-13 21:57:09",NULL
1442,Hisar,0,"2026-01-13 21:57:09","2026-01-13 21:57:09",NULL
1443,Hisar,0,"2026-01-13 21:57:09","2026-01-13 21:57:09",NULL
1444,Hisar,0,"2026-01-13 21:57:09","2026-01-13 21:57:09",NULL
1445,Hisar,0,"2026-01-13 21:57:09","2026-01-13 21:57:09",NULL
1446,Hisar,0,"2026-01-13 21:57:09","2026-01-13 21:57:09",NULL
1447,Hisar,0,"2026-01-13 21:57:09","2026-01-13 21:57:09",NULL
1448,Hisar,0,"2026-01-13 21:57:09","2026-01-13 21:57:09",NULL
1449,Hisar,0,"2026-01-13 21:57:09","2026-01-13 21:57:09",NULL
1450,Hisar,0,"2026-01-13 21:57:09","2026-01-13 21:57:09",NULL
1451,Hisar,0,"2026-01-13 21:57:09","2026-01-13 21:57:09",NULL
1452,Hisar,0,"2026-01-13 21:57:09","2026-01-13 21:57:09",NULL
1453,Hisar,0,"2026-01-13 21:57:09","2026-01-13 21:57:09",NULL
1454,Hisar,0,"2026-01-13 21:57:09","2026-01-13 21:57:09",NULL
1455,Hisar,0,"2026-01-13 21:57:09","2026-01-13 21:57:09",NULL
1456,Hisar,0,"2026-01-13 21:57:09","2026-01-13 21:57:09",NULL
1457,Hisar,0,"2026-01-13 21:57:09","2026-01-13 21:57:09",NULL
1458,Hisar,0,"2026-01-13 21:57:09","2026-01-13 21:57:09",NULL
1459,Hisar,0,"2026-01-13 21:57:09","2026-01-13 21:57:09",NULL
1460,Hisar,0,"2026-01-13 21:57:09","2026-01-13 21:57:09",NULL
1461,Hisar,0,"2026-01-13 21:57:09","2026-01-13 21:57:09",NULL
1462,Hisar,0,"2026-01-13 21:57:09","2026-01-13 21:57:09",NULL
1463,Hisar,0,"2026-01-13 21:57:09","2026-01-13 21:57:09",NULL
1464,Hisar,0,"2026-01-13 21:57:09","2026-01-13 21:57:09",NULL
1465,Hisar,0,"2026-01-13 21:57:09","2026-01-13 21:57:09",NULL
1466,Hisar,0,"2026-01-13 21:57:09","2026-01-13 21:57:09",NULL
1467,Hisar,0,"2026-01-13 21:57:09","2026-01-13 21:57:09",NULL
1468,Hisar,0,"2026-01-13 21:57:09","2026-01-13 21:57:09",NULL
1469,Hisar,0,"2026-01-13 21:57:09","2026-01-13 21:57:09",NULL
1470,Hisar,0,"2026-01-13 21:57:09","2026-01-13 21:57:09",NULL
1471,Hisar,0,"2026-01-13 21:57:09","2026-01-13 21:57:09",NULL
1472,Hisar,0,"2026-01-13 21:57:09","2026-01-13 21:57:09",NULL
1473,Hisar,0,"2026-01-13 21:57:09","2026-01-13 21:57:09",NULL
1474,Hisar,0,"2026-01-13 21:57:09","2026-01-13 21:57:09",NULL
1475,Hisar,0,"2026-01-13 21:57:09","2026-01-13 21:57:09",NULL
1476,Hisar,0,"2026-01-13 21:57:09","2026-01-13 21:57:09",NULL
1477,Hisar,0,"2026-01-13 21:57:09","2026-01-13 21:57:09",NULL
1478,Hisar,0,"2026-01-13 21:57:09","2026-01-13 21:57:09",NULL
1479,Hisar,0,"2026-01-13 21:57:09","2026-01-13 21:57:09",NULL
1480,Hisar,0,"2026-01-13 21:57:09","2026-01-13 21:57:09",NULL
1481,Hisar,0,"2026-01-13 21:57:09","2026-01-13 21:57:09",NULL
1482,Hisar,0,"2026-01-13 21:57:09","2026-01-13 21:57:09",NULL
1483,Hisar,0,"2026-01-13 21:57:09","2026-01-13 21:57:09",NULL
1484,Hisar,0,"2026-01-13 21:57:09","2026-01-13 21:57:09",NULL
1485,Hisar,0,"2026-01-13 21:57:09","2026-01-13 21:57:09",NULL
1486,Hisar,0,"2026-01-13 21:57:09","2026-01-13 21:57:09",NULL
1487,Hisar,0,"2026-01-13 21:57:09","2026-01-13 21:57:09",NULL
1488,Hisar,0,"2026-01-13 21:57:09","2026-01-13 21:57:09",NULL
1489,Hisar,0,"2026-01-13 21:57:09","2026-01-13 21:57:09",NULL
1490,Hisar,0,"2026-01-13 21:57:09","2026-01-13 21:57:09",NULL
1491,Hisar,0,"2026-01-13 21:57:09","2026-01-13 21:57:09",NULL
1492,Hisar,0,"2026-01-13 21:57:09","2026-01-13 21:57:09",NULL
1493,Hisar,0,"2026-01-13 21:57:09","2026-01-13 21:57:09",NULL
1494,Hisar,0,"2026-01-13 21:57:09","2026-01-13 21:57:09",NULL
1495,Hisar,0,"2026-01-13 21:57:09","2026-01-13 21:57:09",NULL
1496,Hisar,0,"2026-01-13 21:57:09","2026-01-13 21:57:09",NULL
1497,Hisar,0,"2026-01-13 21:57:09","2026-01-13 21:57:09",NULL
1498,Hisar,0,"2026-01-13 21:57:09","2026-01-13 21:57:09",NULL
1499,Hisar,0,"2026-01-13 21:57:09","2026-01-13 21:57:09",NULL
1500,Hisar,0,"2026-01-13 21:57:09","2026-01-13 21:57:09",NULL
1501,Hisar,0,"2026-01-13 21:57:09","2026-01-13 21:57:09",NULL
1502,Hisar,0,"2026-01-13 21:57:09","2026-01-13 21:57:09",NULL
1503,Fatehabad,0,"2026-01-13 21:57:09","2026-01-13 21:57:09",NULL
1504,Fatehabad,0,"2026-01-13 21:57:09","2026-01-13 21:57:09",NULL
1505,Fatehabad,0,"2026-01-13 21:57:09","2026-01-13 21:57:09",NULL
1506,Fatehabad,0,"2026-01-13 21:57:09","2026-01-13 21:57:09",NULL
1507,Fatehabad,0,"2026-01-13 21:57:09","2026-01-13 21:57:09",NULL
1508,Fatehabad,0,"2026-01-13 21:57:09","2026-01-13 21:57:09",NULL
1509,Fatehabad,0,"2026-01-13 21:57:09","2026-01-13 21:57:09",NULL
1510,Fatehabad,0,"2026-01-13 21:57:09","2026-01-13 21:57:09",NULL
1511,Fatehabad,0,"2026-01-13 21:57:09","2026-01-13 21:57:09",NULL
1512,Fatehabad,0,"2026-01-13 21:57:09","2026-01-13 21:57:09",NULL
1513,Fatehabad,0,"2026-01-13 21:57:09","2026-01-13 21:57:09",NULL
1514,Fatehabad,0,"2026-01-13 21:57:09","2026-01-13 21:57:09",NULL
1515,Fatehabad,0,"2026-01-13 21:57:09","2026-01-13 21:57:09",NULL
1516,Fatehabad,0,"2026-01-13 21:57:09","2026-01-13 21:57:09",NULL
1517,Fatehabad,0,"2026-01-13 21:57:09","2026-01-13 21:57:09",NULL
1518,Fatehabad,0,"2026-01-13 21:57:09","2026-01-13 21:57:09",NULL
1519,Fatehabad,0,"2026-01-13 21:57:09","2026-01-13 21:57:09",NULL
1520,Fatehabad,0,"2026-01-13 21:57:09","2026-01-13 21:57:09",NULL
1521,Fatehabad,0,"2026-01-13 21:57:09","2026-01-13 21:57:09",NULL
1522,Fatehabad,0,"2026-01-13 21:57:09","2026-01-13 21:57:09",NULL
1523,Fatehabad,0,"2026-01-13 21:57:09","2026-01-13 21:57:09",NULL
1524,Fatehabad,0,"2026-01-13 21:57:09","2026-01-13 21:57:09",NULL
1525,Fatehabad,0,"2026-01-13 21:57:09","2026-01-13 21:57:09",NULL
1526,Sirsa,0,"2026-01-13 21:57:09","2026-01-13 21:57:09",NULL
1527,Fatehabad,0,"2026-01-13 21:57:09","2026-01-13 21:57:09",NULL
1528,Fatehabad,0,"2026-01-13 21:57:09","2026-01-13 21:57:09",NULL
1529,Fatehabad,0,"2026-01-13 21:57:09","2026-01-13 21:57:09",NULL
1530,Fatehabad,0,"2026-01-13 21:57:09","2026-01-13 21:57:09",NULL
1531,Fatehabad,0,"2026-01-13 21:57:09","2026-01-13 21:57:09",NULL
1532,Fatehabad,0,"2026-01-13 21:57:09","2026-01-13 21:57:09",NULL
1533,Fatehabad,0,"2026-01-13 21:57:09","2026-01-13 21:57:09",NULL
1534,Fatehabad,0,"2026-01-13 21:57:09","2026-01-13 21:57:09",NULL
1535,Fatehabad,0,"2026-01-13 21:57:09","2026-01-13 21:57:09",NULL
1536,Fatehabad,0,"2026-01-13 21:57:09","2026-01-13 21:57:09",NULL
1537,Fatehabad,0,"2026-01-13 21:57:09","2026-01-13 21:57:09",NULL
1538,Fatehabad,0,"2026-01-13 21:57:09","2026-01-13 21:57:09",NULL
1539,Fatehabad,0,"2026-01-13 21:57:09","2026-01-13 21:57:09",NULL
1540,Fatehabad,0,"2026-01-13 21:57:09","2026-01-13 21:57:09",NULL
1541,Fatehabad,0,"2026-01-13 21:57:09","2026-01-13 21:57:09",NULL
1542,Fatehabad,0,"2026-01-13 21:57:09","2026-01-13 21:57:09",NULL
1543,Fatehabad,0,"2026-01-13 21:57:09","2026-01-13 21:57:09",NULL
1544,Fatehabad,0,"2026-01-13 21:57:09","2026-01-13 21:57:09",NULL
1545,Fatehabad,0,"2026-01-13 21:57:09","2026-01-13 21:57:09",NULL
1546,Fatehabad,0,"2026-01-13 21:57:09","2026-01-13 21:57:09",NULL
1547,Fatehabad,0,"2026-01-13 21:57:09","2026-01-13 21:57:09",NULL
1548,Fatehabad,0,"2026-01-13 21:57:09","2026-01-13 21:57:09",NULL
1549,Hisar,0,"2026-01-13 21:57:09","2026-01-13 21:57:09",NULL
1550,Fatehabad,0,"2026-01-13 21:57:09","2026-01-13 21:57:09",NULL
1551,Fatehabad,0,"2026-01-13 21:57:09","2026-01-13 21:57:09",NULL
1552,Fatehabad,0,"2026-01-13 21:57:09","2026-01-13 21:57:09",NULL
1553,Fatehabad,0,"2026-01-13 21:57:09","2026-01-13 21:57:09",NULL
1554,Fatehabad,0,"2026-01-13 21:57:09","2026-01-13 21:57:09",NULL
1555,Hisar,0,"2026-01-13 21:57:09","2026-01-13 21:57:09",NULL
1556,Fatehabad,0,"2026-01-13 21:57:09","2026-01-13 21:57:09",NULL
1557,Fatehabad,0,"2026-01-13 21:57:09","2026-01-13 21:57:09",NULL
1558,Fatehabad,0,"2026-01-13 21:57:09","2026-01-13 21:57:09",NULL
1559,Fatehabad,0,"2026-01-13 21:57:09","2026-01-13 21:57:09",NULL
1560,Fatehabad,0,"2026-01-13 21:57:09","2026-01-13 21:57:09",NULL
1561,Fatehabad,0,"2026-01-13 21:57:09","2026-01-13 21:57:09",NULL
1562,Hisar,0,"2026-01-13 21:57:09","2026-01-13 21:57:09",NULL
1563,Hisar,0,"2026-01-13 21:57:09","2026-01-13 21:57:09",NULL
1564,Hisar,0,"2026-01-13 21:57:09","2026-01-13 21:57:09",NULL
1565,Hisar,0,"2026-01-13 21:57:09","2026-01-13 21:57:09",NULL
1566,Hisar,0,"2026-01-13 21:57:09","2026-01-13 21:57:09",NULL
1567,Hisar,0,"2026-01-13 21:57:09","2026-01-13 21:57:09",NULL
1568,Fatehabad,0,"2026-01-13 21:57:09","2026-01-13 21:57:09",NULL
1569,Hisar,0,"2026-01-13 21:57:09","2026-01-13 21:57:09",NULL
1570,Hisar,0,"2026-01-13 21:57:09","2026-01-13 21:57:09",NULL
1571,Hisar,0,"2026-01-13 21:57:09","2026-01-13 21:57:09",NULL
1572,Hisar,0,"2026-01-13 21:57:09","2026-01-13 21:57:09",NULL
1573,Hisar,0,"2026-01-13 21:57:09","2026-01-13 21:57:09",NULL
1574,Hisar,0,"2026-01-13 21:57:09","2026-01-13 21:57:09",NULL
1575,Hisar,0,"2026-01-13 21:57:09","2026-01-13 21:57:09",NULL
1576,Hisar,0,"2026-01-13 21:57:09","2026-01-13 21:57:09",NULL
1577,Hisar,0,"2026-01-13 21:57:09","2026-01-13 21:57:09",NULL
1578,Hisar,0,"2026-01-13 21:57:09","2026-01-13 21:57:09",NULL
1579,Hisar,0,"2026-01-13 21:57:09","2026-01-13 21:57:09",NULL
1580,Hisar,0,"2026-01-13 21:57:09","2026-01-13 21:57:09",NULL
1581,Fatehabad,0,"2026-01-13 21:57:09","2026-01-13 21:57:09",NULL
1582,Hisar,0,"2026-01-13 21:57:09","2026-01-13 21:57:09",NULL
1583,Hisar,0,"2026-01-13 21:57:09","2026-01-13 21:57:09",NULL
1584,Hisar,0,"2026-01-13 21:57:09","2026-01-13 21:57:09",NULL
1585,Fatehabad,0,"2026-01-13 21:57:09","2026-01-13 21:57:09",NULL
1586,Fatehabad,0,"2026-01-13 21:57:09","2026-01-13 21:57:09",NULL
1587,Fatehabad,0,"2026-01-13 21:57:09","2026-01-13 21:57:09",NULL
1588,Fatehabad,0,"2026-01-13 21:57:09","2026-01-13 21:57:09",NULL
1589,Fatehabad,0,"2026-01-13 21:57:09","2026-01-13 21:57:09",NULL
1590,Fatehabad,0,"2026-01-13 21:57:09","2026-01-13 21:57:09",NULL
1591,Fatehabad,0,"2026-01-13 21:57:09","2026-01-13 21:57:09",NULL
1592,Fatehabad,0,"2026-01-13 21:57:09","2026-01-13 21:57:09",NULL
1593,Fatehabad,0,"2026-01-13 21:57:09","2026-01-13 21:57:09",NULL
1594,Fatehabad,0,"2026-01-13 21:57:09","2026-01-13 21:57:09",NULL
1595,Fatehabad,0,"2026-01-13 21:57:09","2026-01-13 21:57:09",NULL
1596,Fatehabad,0,"2026-01-13 21:57:09","2026-01-13 21:57:09",NULL
1597,Fatehabad,0,"2026-01-13 21:57:09","2026-01-13 21:57:09",NULL
1598,Fatehabad,0,"2026-01-13 21:57:09","2026-01-13 21:57:09",NULL
1599,Sirsa,0,"2026-01-13 21:57:09","2026-01-13 21:57:09",NULL
1600,Sirsa,0,"2026-01-13 21:57:09","2026-01-13 21:57:09",NULL
1601,Sirsa,0,"2026-01-13 21:57:09","2026-01-13 21:57:09",NULL
1602,Sirsa,0,"2026-01-13 21:57:09","2026-01-13 21:57:09",NULL
1603,Sirsa,0,"2026-01-13 21:57:09","2026-01-13 21:57:09",NULL
1604,Sirsa,0,"2026-01-13 21:57:09","2026-01-13 21:57:09",NULL
1605,Sirsa,0,"2026-01-13 21:57:09","2026-01-13 21:57:09",NULL
1606,Sirsa,0,"2026-01-13 21:57:09","2026-01-13 21:57:09",NULL
1607,Sirsa,0,"2026-01-13 21:57:09","2026-01-13 21:57:09",NULL
1608,Sirsa,0,"2026-01-13 21:57:09","2026-01-13 21:57:09",NULL
1609,Sirsa,0,"2026-01-13 21:57:09","2026-01-13 21:57:09",NULL
1610,Sirsa,0,"2026-01-13 21:57:09","2026-01-13 21:57:09",NULL
1611,Sirsa,0,"2026-01-13 21:57:09","2026-01-13 21:57:09",NULL
1612,Sirsa,0,"2026-01-13 21:57:09","2026-01-13 21:57:09",NULL
1613,Sirsa,0,"2026-01-13 21:57:09","2026-01-13 21:57:09",NULL
1614,Sirsa,0,"2026-01-13 21:57:09","2026-01-13 21:57:09",NULL
1615,Sirsa,0,"2026-01-13 21:57:09","2026-01-13 21:57:09",NULL
1616,Sirsa,0,"2026-01-13 21:57:09","2026-01-13 21:57:09",NULL
1617,Sirsa,0,"2026-01-13 21:57:09","2026-01-13 21:57:09",NULL
1618,Sirsa,0,"2026-01-13 21:57:09","2026-01-13 21:57:09",NULL
1619,Sirsa,0,"2026-01-13 21:57:09","2026-01-13 21:57:09",NULL
1620,Sirsa,0,"2026-01-13 21:57:09","2026-01-13 21:57:09",NULL
1621,Sirsa,0,"2026-01-13 21:57:09","2026-01-13 21:57:09",NULL
1622,Sirsa,0,"2026-01-13 21:57:09","2026-01-13 21:57:09",NULL
1623,Sirsa,0,"2026-01-13 21:57:09","2026-01-13 21:57:09",NULL
1624,Sirsa,0,"2026-01-13 21:57:09","2026-01-13 21:57:09",NULL
1625,Sirsa,0,"2026-01-13 21:57:09","2026-01-13 21:57:09",NULL
1626,Sirsa,0,"2026-01-13 21:57:09","2026-01-13 21:57:09",NULL
1627,Sirsa,0,"2026-01-13 21:57:09","2026-01-13 21:57:09",NULL
1628,Sirsa,0,"2026-01-13 21:57:09","2026-01-13 21:57:09",NULL
1629,Sirsa,0,"2026-01-13 21:57:09","2026-01-13 21:57:09",NULL
1630,Sirsa,0,"2026-01-13 21:57:09","2026-01-13 21:57:09",NULL
1631,Sirsa,0,"2026-01-13 21:57:09","2026-01-13 21:57:09",NULL
1632,Sirsa,0,"2026-01-13 21:57:09","2026-01-13 21:57:09",NULL
1633,Sirsa,0,"2026-01-13 21:57:09","2026-01-13 21:57:09",NULL
1634,Sirsa,0,"2026-01-13 21:57:09","2026-01-13 21:57:09",NULL
1635,Sirsa,0,"2026-01-13 21:57:09","2026-01-13 21:57:09",NULL
1636,Sirsa,0,"2026-01-13 21:57:09","2026-01-13 21:57:09",NULL
1637,Sirsa,0,"2026-01-13 21:57:09","2026-01-13 21:57:09",NULL
1638,Sirsa,0,"2026-01-13 21:57:09","2026-01-13 21:57:09",NULL
1639,Sirsa,0,"2026-01-13 21:57:09","2026-01-13 21:57:09",NULL
1640,Sirsa,0,"2026-01-13 21:57:09","2026-01-13 21:57:09",NULL
1641,Sirsa,0,"2026-01-13 21:57:09","2026-01-13 21:57:09",NULL
1642,Sirsa,0,"2026-01-13 21:57:09","2026-01-13 21:57:09",NULL
1643,Sirsa,0,"2026-01-13 21:57:09","2026-01-13 21:57:09",NULL
1644,Sirsa,0,"2026-01-13 21:57:09","2026-01-13 21:57:09",NULL
1645,Sirsa,0,"2026-01-13 21:57:09","2026-01-13 21:57:09",NULL
1646,Sirsa,0,"2026-01-13 21:57:09","2026-01-13 21:57:09",NULL
1647,Sirsa,0,"2026-01-13 21:57:09","2026-01-13 21:57:09",NULL
1648,Sirsa,0,"2026-01-13 21:57:09","2026-01-13 21:57:09",NULL
1649,Sirsa,0,"2026-01-13 21:57:09","2026-01-13 21:57:09",NULL
1650,Sirsa,0,"2026-01-13 21:57:09","2026-01-13 21:57:09",NULL
1651,Sirsa,0,"2026-01-13 21:57:09","2026-01-13 21:57:09",NULL
1652,Sirsa,0,"2026-01-13 21:57:09","2026-01-13 21:57:09",NULL
1653,Sirsa,0,"2026-01-13 21:57:09","2026-01-13 21:57:09",NULL
1654,Sirsa,0,"2026-01-13 21:57:09","2026-01-13 21:57:09",NULL
1655,Sirsa,0,"2026-01-13 21:57:09","2026-01-13 21:57:09",NULL
1656,Sirsa,0,"2026-01-13 21:57:09","2026-01-13 21:57:09",NULL
1657,Sirsa,0,"2026-01-13 21:57:09","2026-01-13 21:57:09",NULL
1658,Sirsa,0,"2026-01-13 21:57:09","2026-01-13 21:57:09",NULL
1659,Sirsa,0,"2026-01-13 21:57:09","2026-01-13 21:57:09",NULL
1660,Sirsa,0,"2026-01-13 21:57:09","2026-01-13 21:57:09",NULL
1661,Sirsa,0,"2026-01-13 21:57:09","2026-01-13 21:57:09",NULL
1662,Sirsa,0,"2026-01-13 21:57:09","2026-01-13 21:57:09",NULL
1663,Sirsa,0,"2026-01-13 21:57:09","2026-01-13 21:57:09",NULL
1664,Sirsa,0,"2026-01-13 21:57:09","2026-01-13 21:57:09",NULL
1665,Sirsa,0,"2026-01-13 21:57:09","2026-01-13 21:57:09",NULL
1666,Sirsa,0,"2026-01-13 21:57:09","2026-01-13 21:57:09",NULL
1667,Sirsa,0,"2026-01-13 21:57:09","2026-01-13 21:57:09",NULL
1668,Sirsa,0,"2026-01-13 21:57:09","2026-01-13 21:57:09",NULL
1669,Sirsa,0,"2026-01-13 21:57:09","2026-01-13 21:57:09",NULL
1670,Sirsa,0,"2026-01-13 21:57:09","2026-01-13 21:57:09",NULL
1671,Sirsa,0,"2026-01-13 21:57:09","2026-01-13 21:57:09",NULL
1672,Sirsa,0,"2026-01-13 21:57:09","2026-01-13 21:57:09",NULL
1673,Sirsa,0,"2026-01-13 21:57:09","2026-01-13 21:57:09",NULL
1674,Sirsa,0,"2026-01-13 21:57:09","2026-01-13 21:57:09",NULL
1675,Sirsa,0,"2026-01-13 21:57:09","2026-01-13 21:57:09",NULL
1676,Sirsa,0,"2026-01-13 21:57:09","2026-01-13 21:57:09",NULL
1677,Sirsa,0,"2026-01-13 21:57:09","2026-01-13 21:57:09",NULL
1678,Sirsa,0,"2026-01-13 21:57:09","2026-01-13 21:57:09",NULL
1679,Sirsa,0,"2026-01-13 21:57:09","2026-01-13 21:57:09",NULL
1680,Sirsa,0,"2026-01-13 21:57:09","2026-01-13 21:57:09",NULL
1681,Sirsa,0,"2026-01-13 21:57:09","2026-01-13 21:57:09",NULL
1682,Sirsa,0,"2026-01-13 21:57:09","2026-01-13 21:57:09",NULL
1683,Sirsa,0,"2026-01-13 21:57:09","2026-01-13 21:57:09",NULL
1684,Sirsa,0,"2026-01-13 21:57:09","2026-01-13 21:57:09",NULL
1685,Sirsa,0,"2026-01-13 21:57:09","2026-01-13 21:57:09",NULL
1686,Sirsa,0,"2026-01-13 21:57:09","2026-01-13 21:57:09",NULL
1687,Sirsa,0,"2026-01-13 21:57:09","2026-01-13 21:57:09",NULL
1688,Sirsa,0,"2026-01-13 21:57:09","2026-01-13 21:57:09",NULL
1689,Sirsa,0,"2026-01-13 21:57:09","2026-01-13 21:57:09",NULL
1690,Sirsa,0,"2026-01-13 21:57:09","2026-01-13 21:57:09",NULL
1691,Sirsa,0,"2026-01-13 21:57:09","2026-01-13 21:57:09",NULL
1692,Sirsa,0,"2026-01-13 21:57:09","2026-01-13 21:57:09",NULL
1693,Sirsa,0,"2026-01-13 21:57:09","2026-01-13 21:57:09",NULL
1694,Sirsa,0,"2026-01-13 21:57:09","2026-01-13 21:57:09",NULL
1695,Sirsa,0,"2026-01-13 21:57:09","2026-01-13 21:57:09",NULL
1696,Sirsa,0,"2026-01-13 21:57:09","2026-01-13 21:57:09",NULL
1697,Sirsa,0,"2026-01-13 21:57:09","2026-01-13 21:57:09",NULL
1698,Sirsa,0,"2026-01-13 21:57:09","2026-01-13 21:57:09",NULL
1699,Sirsa,0,"2026-01-13 21:57:09","2026-01-13 21:57:09",NULL
1700,Sirsa,0,"2026-01-13 21:57:09","2026-01-13 21:57:09",NULL
1701,Jind,0,"2026-01-13 21:57:09","2026-01-13 21:57:09",NULL
1702,Sirsa,0,"2026-01-13 21:57:09","2026-01-13 21:57:09",NULL
1703,Sirsa,0,"2026-01-13 21:57:10","2026-01-13 21:57:10",NULL
1704,Sirsa,0,"2026-01-13 21:57:10","2026-01-13 21:57:10",NULL
1705,Sirsa,0,"2026-01-13 21:57:10","2026-01-13 21:57:10",NULL
1706,Sirsa,0,"2026-01-13 21:57:10","2026-01-13 21:57:10",NULL
1707,Sirsa,0,"2026-01-13 21:57:10","2026-01-13 21:57:10",NULL
1708,Sirsa,0,"2026-01-13 21:57:10","2026-01-13 21:57:10",NULL
1709,Sirsa,0,"2026-01-13 21:57:10","2026-01-13 21:57:10",NULL
1710,Sirsa,0,"2026-01-13 21:57:10","2026-01-13 21:57:10",NULL
1711,Sirsa,0,"2026-01-13 21:57:10","2026-01-13 21:57:10",NULL
1712,Sirsa,0,"2026-01-13 21:57:10","2026-01-13 21:57:10",NULL
1713,Sirsa,0,"2026-01-13 21:57:10","2026-01-13 21:57:10",NULL
1714,Sirsa,0,"2026-01-13 21:57:10","2026-01-13 21:57:10",NULL
1715,Sirsa,0,"2026-01-13 21:57:10","2026-01-13 21:57:10",NULL
1716,Sirsa,0,"2026-01-13 21:57:10","2026-01-13 21:57:10",NULL
1717,Sirsa,0,"2026-01-13 21:57:10","2026-01-13 21:57:10",NULL
1718,Sirsa,0,"2026-01-13 21:57:10","2026-01-13 21:57:10",NULL
1719,Sirsa,0,"2026-01-13 21:57:10","2026-01-13 21:57:10",NULL
1720,Sirsa,0,"2026-01-13 21:57:10","2026-01-13 21:57:10",NULL
1721,Sirsa,0,"2026-01-13 21:57:10","2026-01-13 21:57:10",NULL
1722,Sirsa,0,"2026-01-13 21:57:10","2026-01-13 21:57:10",NULL
1723,Sirsa,0,"2026-01-13 21:57:10","2026-01-13 21:57:10",NULL
1724,Sirsa,0,"2026-01-13 21:57:10","2026-01-13 21:57:10",NULL
1725,Sirsa,0,"2026-01-13 21:57:10","2026-01-13 21:57:10",NULL
1726,Sirsa,0,"2026-01-13 21:57:10","2026-01-13 21:57:10",NULL
1727,Sirsa,0,"2026-01-13 21:57:10","2026-01-13 21:57:10",NULL
1728,Sirsa,0,"2026-01-13 21:57:10","2026-01-13 21:57:10",NULL
1729,Sirsa,0,"2026-01-13 21:57:10","2026-01-13 21:57:10",NULL
1730,Sirsa,0,"2026-01-13 21:57:10","2026-01-13 21:57:10",NULL
1731,Sirsa,0,"2026-01-13 21:57:10","2026-01-13 21:57:10",NULL
1732,Sirsa,0,"2026-01-13 21:57:10","2026-01-13 21:57:10",NULL
1733,Sirsa,0,"2026-01-13 21:57:10","2026-01-13 21:57:10",NULL
1734,Fatehabad,0,"2026-01-13 21:57:10","2026-01-13 21:57:10",NULL
1735,Fatehabad,0,"2026-01-13 21:57:10","2026-01-13 21:57:10",NULL
1736,Fatehabad,0,"2026-01-13 21:57:10","2026-01-13 21:57:10",NULL
1737,Fatehabad,0,"2026-01-13 21:57:10","2026-01-13 21:57:10",NULL
1738,Fatehabad,0,"2026-01-13 21:57:10","2026-01-13 21:57:10",NULL
1739,Fatehabad,0,"2026-01-13 21:57:10","2026-01-13 21:57:10",NULL
1740,Fatehabad,0,"2026-01-13 21:57:10","2026-01-13 21:57:10",NULL
1741,Fatehabad,0,"2026-01-13 21:57:10","2026-01-13 21:57:10",NULL
1742,Fatehabad,0,"2026-01-13 21:57:10","2026-01-13 21:57:10",NULL
1743,Fatehabad,0,"2026-01-13 21:57:10","2026-01-13 21:57:10",NULL
1744,Fatehabad,0,"2026-01-13 21:57:10","2026-01-13 21:57:10",NULL
1745,Fatehabad,0,"2026-01-13 21:57:10","2026-01-13 21:57:10",NULL
1746,Hisar,0,"2026-01-13 21:57:10","2026-01-13 21:57:10",NULL
1747,Hisar,0,"2026-01-13 21:57:10","2026-01-13 21:57:10",NULL
1748,Hisar,0,"2026-01-13 21:57:10","2026-01-13 21:57:10",NULL
1749,Hisar,0,"2026-01-13 21:57:10","2026-01-13 21:57:10",NULL
1750,Hisar,0,"2026-01-13 21:57:10","2026-01-13 21:57:10",NULL
1751,Hisar,0,"2026-01-13 21:57:10","2026-01-13 21:57:10",NULL
1752,Hisar,0,"2026-01-13 21:57:10","2026-01-13 21:57:10",NULL
1753,Hisar,0,"2026-01-13 21:57:10","2026-01-13 21:57:10",NULL
1754,Hisar,0,"2026-01-13 21:57:10","2026-01-13 21:57:10",NULL
1755,Hisar,0,"2026-01-13 21:57:10","2026-01-13 21:57:10",NULL
1756,Hisar,0,"2026-01-13 21:57:10","2026-01-13 21:57:10",NULL
1757,Hisar,0,"2026-01-13 21:57:10","2026-01-13 21:57:10",NULL
1758,Hisar,0,"2026-01-13 21:57:10","2026-01-13 21:57:10",NULL
1759,Fatehabad,0,"2026-01-13 21:57:10","2026-01-13 21:57:10",NULL
1760,Fatehabad,0,"2026-01-13 21:57:10","2026-01-13 21:57:10",NULL
1761,Hisar,0,"2026-01-13 21:57:10","2026-01-13 21:57:10",NULL
1762,Hisar,0,"2026-01-13 21:57:10","2026-01-13 21:57:10",NULL
1763,Hisar,0,"2026-01-13 21:57:10","2026-01-13 21:57:10",NULL
1764,Hisar,0,"2026-01-13 21:57:10","2026-01-13 21:57:10",NULL
1765,Hisar,0,"2026-01-13 21:57:10","2026-01-13 21:57:10",NULL
1766,Fatehabad,0,"2026-01-13 21:57:10","2026-01-13 21:57:10",NULL
1767,Hisar,0,"2026-01-13 21:57:10","2026-01-13 21:57:10",NULL
1768,Fatehabad,0,"2026-01-13 21:57:10","2026-01-13 21:57:10",NULL
1769,Fatehabad,0,"2026-01-13 21:57:10","2026-01-13 21:57:10",NULL
1770,Fatehabad,0,"2026-01-13 21:57:10","2026-01-13 21:57:10",NULL
1771,Fatehabad,0,"2026-01-13 21:57:10","2026-01-13 21:57:10",NULL
1772,Fatehabad,0,"2026-01-13 21:57:10","2026-01-13 21:57:10",NULL
1773,Fatehabad,0,"2026-01-13 21:57:10","2026-01-13 21:57:10",NULL
1774,Fatehabad,0,"2026-01-13 21:57:10","2026-01-13 21:57:10",NULL
1775,Hisar,0,"2026-01-13 21:57:10","2026-01-13 21:57:10",NULL
1776,Fatehabad,0,"2026-01-13 21:57:10","2026-01-13 21:57:10",NULL
1777,Fatehabad,0,"2026-01-13 21:57:10","2026-01-13 21:57:10",NULL
1778,Fatehabad,0,"2026-01-13 21:57:10","2026-01-13 21:57:10",NULL
1779,Fatehabad,0,"2026-01-13 21:57:10","2026-01-13 21:57:10",NULL
1780,Fatehabad,0,"2026-01-13 21:57:10","2026-01-13 21:57:10",NULL
1781,Sirsa,0,"2026-01-13 21:57:10","2026-01-13 21:57:10",NULL
1782,Sirsa,0,"2026-01-13 21:57:10","2026-01-13 21:57:10",NULL
1783,Sirsa,0,"2026-01-13 21:57:10","2026-01-13 21:57:10",NULL
1784,Fatehabad,0,"2026-01-13 21:57:10","2026-01-13 21:57:10",NULL
1785,Fatehabad,0,"2026-01-13 21:57:10","2026-01-13 21:57:10",NULL
1786,Fatehabad,0,"2026-01-13 21:57:10","2026-01-13 21:57:10",NULL
1787,Fatehabad,0,"2026-01-13 21:57:10","2026-01-13 21:57:10",NULL
1788,Fatehabad,0,"2026-01-13 21:57:10","2026-01-13 21:57:10",NULL
1789,Fatehabad,0,"2026-01-13 21:57:10","2026-01-13 21:57:10",NULL
1790,Fatehabad,0,"2026-01-13 21:57:10","2026-01-13 21:57:10",NULL
1791,Fatehabad,0,"2026-01-13 21:57:10","2026-01-13 21:57:10",NULL
1792,Fatehabad,0,"2026-01-13 21:57:10","2026-01-13 21:57:10",NULL
1793,Fatehabad,0,"2026-01-13 21:57:10","2026-01-13 21:57:10",NULL
1794,Fatehabad,0,"2026-01-13 21:57:10","2026-01-13 21:57:10",NULL
1795,Fatehabad,0,"2026-01-13 21:57:10","2026-01-13 21:57:10",NULL
1796,Fatehabad,0,"2026-01-13 21:57:10","2026-01-13 21:57:10",NULL
1797,Sirsa,0,"2026-01-13 21:57:10","2026-01-13 21:57:10",NULL
1798,Sirsa,0,"2026-01-13 21:57:10","2026-01-13 21:57:10",NULL
1799,Sirsa,0,"2026-01-13 21:57:10","2026-01-13 21:57:10",NULL
1800,Sirsa,0,"2026-01-13 21:57:10","2026-01-13 21:57:10",NULL
1801,Sirsa,0,"2026-01-13 21:57:10","2026-01-13 21:57:10",NULL
1802,Sirsa,0,"2026-01-13 21:57:10","2026-01-13 21:57:10",NULL
1803,Fatehabad,0,"2026-01-13 21:57:10","2026-01-13 21:57:10",NULL
1804,Sirsa,0,"2026-01-13 21:57:10","2026-01-13 21:57:10",NULL
1805,Sirsa,0,"2026-01-13 21:57:10","2026-01-13 21:57:10",NULL
1806,Sirsa,0,"2026-01-13 21:57:10","2026-01-13 21:57:10",NULL
1807,Sirsa,0,"2026-01-13 21:57:10","2026-01-13 21:57:10",NULL
1808,Sirsa,0,"2026-01-13 21:57:10","2026-01-13 21:57:10",NULL
1809,Sirsa,0,"2026-01-13 21:57:10","2026-01-13 21:57:10",NULL
1810,Sirsa,0,"2026-01-13 21:57:10","2026-01-13 21:57:10",NULL
1811,Sirsa,0,"2026-01-13 21:57:10","2026-01-13 21:57:10",NULL
1812,Sirsa,0,"2026-01-13 21:57:10","2026-01-13 21:57:10",NULL
1813,Sirsa,0,"2026-01-13 21:57:10","2026-01-13 21:57:10",NULL
1814,Sirsa,0,"2026-01-13 21:57:10","2026-01-13 21:57:10",NULL
1815,Sirsa,0,"2026-01-13 21:57:10","2026-01-13 21:57:10",NULL
1816,Sirsa,0,"2026-01-13 21:57:10","2026-01-13 21:57:10",NULL
1817,Sirsa,0,"2026-01-13 21:57:10","2026-01-13 21:57:10",NULL
1818,Sirsa,0,"2026-01-13 21:57:10","2026-01-13 21:57:10",NULL
1819,Sirsa,0,"2026-01-13 21:57:10","2026-01-13 21:57:10",NULL
1820,Sirsa,0,"2026-01-13 21:57:10","2026-01-13 21:57:10",NULL
1821,Jind,0,"2026-01-13 21:57:10","2026-01-13 21:57:10",NULL
1822,Jind,0,"2026-01-13 21:57:10","2026-01-13 21:57:10",NULL
1823,Jind,0,"2026-01-13 21:57:10","2026-01-13 21:57:10",NULL
1824,Jind,0,"2026-01-13 21:57:10","2026-01-13 21:57:10",NULL
1825,Jind,0,"2026-01-13 21:57:10","2026-01-13 21:57:10",NULL
1826,Jind,0,"2026-01-13 21:57:10","2026-01-13 21:57:10",NULL
1827,Jind,0,"2026-01-13 21:57:10","2026-01-13 21:57:10",NULL
1828,Jind,0,"2026-01-13 21:57:10","2026-01-13 21:57:10",NULL
1829,Jind,0,"2026-01-13 21:57:10","2026-01-13 21:57:10",NULL
1830,Jind,0,"2026-01-13 21:57:10","2026-01-13 21:57:10",NULL
1831,Jind,0,"2026-01-13 21:57:10","2026-01-13 21:57:10",NULL
1832,Jind,0,"2026-01-13 21:57:10","2026-01-13 21:57:10",NULL
1833,Jind,0,"2026-01-13 21:57:10","2026-01-13 21:57:10",NULL
1834,Jind,0,"2026-01-13 21:57:10","2026-01-13 21:57:10",NULL
1835,Jind,0,"2026-01-13 21:57:10","2026-01-13 21:57:10",NULL
1836,Jind,0,"2026-01-13 21:57:10","2026-01-13 21:57:10",NULL
1837,Jind,0,"2026-01-13 21:57:10","2026-01-13 21:57:10",NULL
1838,Fatehabad,0,"2026-01-13 21:57:10","2026-01-13 21:57:10",NULL
1839,Fatehabad,0,"2026-01-13 21:57:10","2026-01-13 21:57:10",NULL
1840,Fatehabad,0,"2026-01-13 21:57:10","2026-01-13 21:57:10",NULL
1841,Hisar,0,"2026-01-13 21:57:10","2026-01-13 21:57:10",NULL
1842,Hisar,0,"2026-01-13 21:57:10","2026-01-13 21:57:10",NULL
1843,Hisar,0,"2026-01-13 21:57:10","2026-01-13 21:57:10",NULL
1844,Hisar,0,"2026-01-13 21:57:10","2026-01-13 21:57:10",NULL
1845,Hisar,0,"2026-01-13 21:57:10","2026-01-13 21:57:10",NULL
1846,Hisar,0,"2026-01-13 21:57:10","2026-01-13 21:57:10",NULL
1847,Hisar,0,"2026-01-13 21:57:10","2026-01-13 21:57:10",NULL
1848,Hisar,0,"2026-01-13 21:57:10","2026-01-13 21:57:10",NULL
1849,Hisar,0,"2026-01-13 21:57:10","2026-01-13 21:57:10",NULL
1850,Hisar,0,"2026-01-13 21:57:10","2026-01-13 21:57:10",NULL
1851,Hisar,0,"2026-01-13 21:57:10","2026-01-13 21:57:10",NULL
1852,Hisar,0,"2026-01-13 21:57:10","2026-01-13 21:57:10",NULL
1853,Hisar,0,"2026-01-13 21:57:10","2026-01-13 21:57:10",NULL
1854,Hisar,0,"2026-01-13 21:57:10","2026-01-13 21:57:10",NULL
1855,Hisar,0,"2026-01-13 21:57:10","2026-01-13 21:57:10",NULL
1856,Hisar,0,"2026-01-13 21:57:10","2026-01-13 21:57:10",NULL
1857,Hisar,0,"2026-01-13 21:57:10","2026-01-13 21:57:10",NULL
1858,Hisar,0,"2026-01-13 21:57:10","2026-01-13 21:57:10",NULL
1859,Hisar,0,"2026-01-13 21:57:10","2026-01-13 21:57:10",NULL
1860,Hisar,0,"2026-01-13 21:57:10","2026-01-13 21:57:10",NULL
1861,Hisar,0,"2026-01-13 21:57:10","2026-01-13 21:57:10",NULL
1862,Hisar,0,"2026-01-13 21:57:10","2026-01-13 21:57:10",NULL
1863,Hisar,0,"2026-01-13 21:57:10","2026-01-13 21:57:10",NULL
1864,Hisar,0,"2026-01-13 21:57:10","2026-01-13 21:57:10",NULL
1865,Fatehabad,0,"2026-01-13 21:57:10","2026-01-13 21:57:10",NULL
1866,Fatehabad,0,"2026-01-13 21:57:10","2026-01-13 21:57:10",NULL
1867,Fatehabad,0,"2026-01-13 21:57:10","2026-01-13 21:57:10",NULL
1868,Fatehabad,0,"2026-01-13 21:57:10","2026-01-13 21:57:10",NULL
1869,Fatehabad,0,"2026-01-13 21:57:10","2026-01-13 21:57:10",NULL
1870,Fatehabad,0,"2026-01-13 21:57:10","2026-01-13 21:57:10",NULL
1871,Jind,0,"2026-01-13 21:57:10","2026-01-13 21:57:10",NULL
1872,Jind,0,"2026-01-13 21:57:10","2026-01-13 21:57:10",NULL
1873,Jind,0,"2026-01-13 21:57:10","2026-01-13 21:57:10",NULL
1874,Jind,0,"2026-01-13 21:57:10","2026-01-13 21:57:10",NULL
1875,Bhiwani,0,"2026-01-13 21:57:10","2026-01-13 21:57:10",NULL
1876,Jind,0,"2026-01-13 21:57:10","2026-01-13 21:57:10",NULL
1877,Jind,0,"2026-01-13 21:57:10","2026-01-13 21:57:10",NULL
1878,Jind,0,"2026-01-13 21:57:10","2026-01-13 21:57:10",NULL
1879,Jind,0,"2026-01-13 21:57:10","2026-01-13 21:57:10",NULL
1880,Jind,0,"2026-01-13 21:57:10","2026-01-13 21:57:10",NULL
1881,Jind,0,"2026-01-13 21:57:10","2026-01-13 21:57:10",NULL
1882,Jind,0,"2026-01-13 21:57:10","2026-01-13 21:57:10",NULL
1883,Jind,0,"2026-01-13 21:57:10","2026-01-13 21:57:10",NULL
1884,Jind,0,"2026-01-13 21:57:10","2026-01-13 21:57:10",NULL
1885,Jind,0,"2026-01-13 21:57:10","2026-01-13 21:57:10",NULL
1886,Jind,0,"2026-01-13 21:57:10","2026-01-13 21:57:10",NULL
1887,Jind,0,"2026-01-13 21:57:10","2026-01-13 21:57:10",NULL
1888,Jind,0,"2026-01-13 21:57:10","2026-01-13 21:57:10",NULL
1889,Jind,0,"2026-01-13 21:57:10","2026-01-13 21:57:10",NULL
1890,Jind,0,"2026-01-13 21:57:10","2026-01-13 21:57:10",NULL
1891,Jind,0,"2026-01-13 21:57:10","2026-01-13 21:57:10",NULL
1892,Jind,0,"2026-01-13 21:57:10","2026-01-13 21:57:10",NULL
1893,Jind,0,"2026-01-13 21:57:10","2026-01-13 21:57:10",NULL
1894,Jind,0,"2026-01-13 21:57:10","2026-01-13 21:57:10",NULL
1895,Jind,0,"2026-01-13 21:57:10","2026-01-13 21:57:10",NULL
1896,Jind,0,"2026-01-13 21:57:10","2026-01-13 21:57:10",NULL
1897,Jind,0,"2026-01-13 21:57:10","2026-01-13 21:57:10",NULL
1898,Jind,0,"2026-01-13 21:57:10","2026-01-13 21:57:10",NULL
1899,Jind,0,"2026-01-13 21:57:10","2026-01-13 21:57:10",NULL
1900,Jind,0,"2026-01-13 21:57:10","2026-01-13 21:57:10",NULL
1901,Jind,0,"2026-01-13 21:57:10","2026-01-13 21:57:10",NULL
1902,Jind,0,"2026-01-13 21:57:10","2026-01-13 21:57:10",NULL
1903,Jind,0,"2026-01-13 21:57:10","2026-01-13 21:57:10",NULL
1904,Jind,0,"2026-01-13 21:57:10","2026-01-13 21:57:10",NULL
1905,Jind,0,"2026-01-13 21:57:10","2026-01-13 21:57:10",NULL
1906,Jind,0,"2026-01-13 21:57:10","2026-01-13 21:57:10",NULL
1907,Jind,0,"2026-01-13 21:57:10","2026-01-13 21:57:10",NULL
1908,Jind,0,"2026-01-13 21:57:10","2026-01-13 21:57:10",NULL
1909,Jind,0,"2026-01-13 21:57:10","2026-01-13 21:57:10",NULL
1910,Jind,0,"2026-01-13 21:57:10","2026-01-13 21:57:10",NULL
1911,Jind,0,"2026-01-13 21:57:10","2026-01-13 21:57:10",NULL
1912,Jind,0,"2026-01-13 21:57:10","2026-01-13 21:57:10",NULL
1913,Jind,0,"2026-01-13 21:57:10","2026-01-13 21:57:10",NULL
1914,Jind,0,"2026-01-13 21:57:10","2026-01-13 21:57:10",NULL
1915,Jind,0,"2026-01-13 21:57:10","2026-01-13 21:57:10",NULL
1916,Jind,0,"2026-01-13 21:57:10","2026-01-13 21:57:10",NULL
1917,Jind,0,"2026-01-13 21:57:10","2026-01-13 21:57:10",NULL
1918,Jind,0,"2026-01-13 21:57:10","2026-01-13 21:57:10",NULL
1919,Jind,0,"2026-01-13 21:57:10","2026-01-13 21:57:10",NULL
1920,Jind,0,"2026-01-13 21:57:10","2026-01-13 21:57:10",NULL
1921,Jind,0,"2026-01-13 21:57:10","2026-01-13 21:57:10",NULL
1922,Jind,0,"2026-01-13 21:57:10","2026-01-13 21:57:10",NULL
1923,Jind,0,"2026-01-13 21:57:10","2026-01-13 21:57:10",NULL
1924,Jind,0,"2026-01-13 21:57:10","2026-01-13 21:57:10",NULL
1925,Jind,0,"2026-01-13 21:57:10","2026-01-13 21:57:10",NULL
1926,Jind,0,"2026-01-13 21:57:10","2026-01-13 21:57:10",NULL
1927,Jind,0,"2026-01-13 21:57:10","2026-01-13 21:57:10",NULL
1928,Jind,0,"2026-01-13 21:57:10","2026-01-13 21:57:10",NULL
1929,Jind,0,"2026-01-13 21:57:10","2026-01-13 21:57:10",NULL
1930,Jind,0,"2026-01-13 21:57:10","2026-01-13 21:57:10",NULL
1931,Jind,0,"2026-01-13 21:57:10","2026-01-13 21:57:10",NULL
1932,Jind,0,"2026-01-13 21:57:10","2026-01-13 21:57:10",NULL
1933,Jind,0,"2026-01-13 21:57:10","2026-01-13 21:57:10",NULL
1934,Jind,0,"2026-01-13 21:57:10","2026-01-13 21:57:10",NULL
1935,Jind,0,"2026-01-13 21:57:10","2026-01-13 21:57:10",NULL
1936,Jind,0,"2026-01-13 21:57:10","2026-01-13 21:57:10",NULL
1937,Jind,0,"2026-01-13 21:57:10","2026-01-13 21:57:10",NULL
1938,Jind,0,"2026-01-13 21:57:10","2026-01-13 21:57:10",NULL
1939,Jind,0,"2026-01-13 21:57:10","2026-01-13 21:57:10",NULL
1940,Jind,0,"2026-01-13 21:57:10","2026-01-13 21:57:10",NULL
1941,Jind,0,"2026-01-13 21:57:10","2026-01-13 21:57:10",NULL
1942,Jind,0,"2026-01-13 21:57:10","2026-01-13 21:57:10",NULL
1943,Jind,0,"2026-01-13 21:57:10","2026-01-13 21:57:10",NULL
1944,Jind,0,"2026-01-13 21:57:10","2026-01-13 21:57:10",NULL
1945,Jind,0,"2026-01-13 21:57:10","2026-01-13 21:57:10",NULL
1946,Jind,0,"2026-01-13 21:57:10","2026-01-13 21:57:10",NULL
1947,Jind,0,"2026-01-13 21:57:10","2026-01-13 21:57:10",NULL
1948,Jind,0,"2026-01-13 21:57:10","2026-01-13 21:57:10",NULL
1949,Jind,0,"2026-01-13 21:57:10","2026-01-13 21:57:10",NULL
1950,Jind,0,"2026-01-13 21:57:10","2026-01-13 21:57:10",NULL
1951,Jind,0,"2026-01-13 21:57:10","2026-01-13 21:57:10",NULL
1952,Jind,0,"2026-01-13 21:57:10","2026-01-13 21:57:10",NULL
1953,Jind,0,"2026-01-13 21:57:10","2026-01-13 21:57:10",NULL
1954,Jind,0,"2026-01-13 21:57:10","2026-01-13 21:57:10",NULL
1955,Jind,0,"2026-01-13 21:57:10","2026-01-13 21:57:10",NULL
1956,Jind,0,"2026-01-13 21:57:10","2026-01-13 21:57:10",NULL
1957,Bhiwani,0,"2026-01-13 21:57:10","2026-01-13 21:57:10",NULL
1958,Bhiwani,0,"2026-01-13 21:57:10","2026-01-13 21:57:10",NULL
1959,Bhiwani,0,"2026-01-13 21:57:10","2026-01-13 21:57:10",NULL
1960,Jind,0,"2026-01-13 21:57:10","2026-01-13 21:57:10",NULL
1961,Jind,0,"2026-01-13 21:57:10","2026-01-13 21:57:10",NULL
1962,Jind,0,"2026-01-13 21:57:10","2026-01-13 21:57:10",NULL
1963,Jind,0,"2026-01-13 21:57:10","2026-01-13 21:57:10",NULL
1964,Jind,0,"2026-01-13 21:57:10","2026-01-13 21:57:10",NULL
1965,Jind,0,"2026-01-13 21:57:10","2026-01-13 21:57:10",NULL
1966,Jind,0,"2026-01-13 21:57:10","2026-01-13 21:57:10",NULL
1967,Jind,0,"2026-01-13 21:57:10","2026-01-13 21:57:10",NULL
1968,Jind,0,"2026-01-13 21:57:10","2026-01-13 21:57:10",NULL
1969,Jind,0,"2026-01-13 21:57:10","2026-01-13 21:57:10",NULL
1970,Jind,0,"2026-01-13 21:57:10","2026-01-13 21:57:10",NULL
1971,Jind,0,"2026-01-13 21:57:10","2026-01-13 21:57:10",NULL
1972,Jind,0,"2026-01-13 21:57:10","2026-01-13 21:57:10",NULL
1973,Jind,0,"2026-01-13 21:57:10","2026-01-13 21:57:10",NULL
1974,Jind,0,"2026-01-13 21:57:10","2026-01-13 21:57:10",NULL
1975,Jind,0,"2026-01-13 21:57:10","2026-01-13 21:57:10",NULL
1976,Jind,0,"2026-01-13 21:57:10","2026-01-13 21:57:10",NULL
1977,Jind,0,"2026-01-13 21:57:10","2026-01-13 21:57:10",NULL
1978,Jind,0,"2026-01-13 21:57:10","2026-01-13 21:57:10",NULL
1979,Jind,0,"2026-01-13 21:57:10","2026-01-13 21:57:10",NULL
1980,Jind,0,"2026-01-13 21:57:10","2026-01-13 21:57:10",NULL
1981,Jind,0,"2026-01-13 21:57:10","2026-01-13 21:57:10",NULL
1982,Jind,0,"2026-01-13 21:57:10","2026-01-13 21:57:10",NULL
1983,Jind,0,"2026-01-13 21:57:10","2026-01-13 21:57:10",NULL
1984,Jind,0,"2026-01-13 21:57:10","2026-01-13 21:57:10",NULL
1985,Jind,0,"2026-01-13 21:57:10","2026-01-13 21:57:10",NULL
1986,Jind,0,"2026-01-13 21:57:10","2026-01-13 21:57:10",NULL
1987,Jind,0,"2026-01-13 21:57:10","2026-01-13 21:57:10",NULL
1988,Jind,0,"2026-01-13 21:57:10","2026-01-13 21:57:10",NULL
1989,Jind,0,"2026-01-13 21:57:10","2026-01-13 21:57:10",NULL
1990,Jind,0,"2026-01-13 21:57:10","2026-01-13 21:57:10",NULL
1991,Jind,0,"2026-01-13 21:57:10","2026-01-13 21:57:10",NULL
1992,Jind,0,"2026-01-13 21:57:10","2026-01-13 21:57:10",NULL
1993,Jind,0,"2026-01-13 21:57:10","2026-01-13 21:57:10",NULL
1994,Jind,0,"2026-01-13 21:57:10","2026-01-13 21:57:10",NULL
1995,Jind,0,"2026-01-13 21:57:10","2026-01-13 21:57:10",NULL
1996,Jind,0,"2026-01-13 21:57:10","2026-01-13 21:57:10",NULL
1997,Jind,0,"2026-01-13 21:57:10","2026-01-13 21:57:10",NULL
1998,Jind,0,"2026-01-13 21:57:10","2026-01-13 21:57:10",NULL
1999,Jind,0,"2026-01-13 21:57:10","2026-01-13 21:57:10",NULL
2000,Jind,0,"2026-01-13 21:57:10","2026-01-13 21:57:10",NULL
2001,Jind,0,"2026-01-13 21:57:10","2026-01-13 21:57:10",NULL
2002,Jind,0,"2026-01-13 21:57:10","2026-01-13 21:57:10",NULL
2003,Jind,0,"2026-01-13 21:57:10","2026-01-13 21:57:10",NULL
2004,Jind,0,"2026-01-13 21:57:10","2026-01-13 21:57:10",NULL
2005,Jind,0,"2026-01-13 21:57:10","2026-01-13 21:57:10",NULL
2006,Jind,0,"2026-01-13 21:57:10","2026-01-13 21:57:10",NULL
2007,Jind,0,"2026-01-13 21:57:10","2026-01-13 21:57:10",NULL
2008,Jind,0,"2026-01-13 21:57:10","2026-01-13 21:57:10",NULL
2009,Jind,0,"2026-01-13 21:57:10","2026-01-13 21:57:10",NULL
2010,Jind,0,"2026-01-13 21:57:10","2026-01-13 21:57:10",NULL
2011,Jind,0,"2026-01-13 21:57:10","2026-01-13 21:57:10",NULL
2012,Jind,0,"2026-01-13 21:57:10","2026-01-13 21:57:10",NULL
2013,Jind,0,"2026-01-13 21:57:10","2026-01-13 21:57:10",NULL
2014,Jind,0,"2026-01-13 21:57:10","2026-01-13 21:57:10",NULL
2015,Jind,0,"2026-01-13 21:57:10","2026-01-13 21:57:10",NULL
2016,Jind,0,"2026-01-13 21:57:10","2026-01-13 21:57:10",NULL
2017,Jind,0,"2026-01-13 21:57:10","2026-01-13 21:57:10",NULL
2018,Bhiwani,0,"2026-01-13 21:57:10","2026-01-13 21:57:10",NULL
2019,Bhiwani,0,"2026-01-13 21:57:10","2026-01-13 21:57:10",NULL
2020,Bhiwani,0,"2026-01-13 21:57:10","2026-01-13 21:57:10",NULL
2021,Bhiwani,0,"2026-01-13 21:57:10","2026-01-13 21:57:10",NULL
2022,Bhiwani,0,"2026-01-13 21:57:10","2026-01-13 21:57:10",NULL
2023,Bhiwani,0,"2026-01-13 21:57:10","2026-01-13 21:57:10",NULL
2024,Bhiwani,0,"2026-01-13 21:57:10","2026-01-13 21:57:10",NULL
2025,Bhiwani,0,"2026-01-13 21:57:10","2026-01-13 21:57:10",NULL
2026,Bhiwani,0,"2026-01-13 21:57:10","2026-01-13 21:57:10",NULL
2027,Bhiwani,0,"2026-01-13 21:57:10","2026-01-13 21:57:10",NULL
2028,Bhiwani,0,"2026-01-13 21:57:10","2026-01-13 21:57:10",NULL
2029,Bhiwani,0,"2026-01-13 21:57:10","2026-01-13 21:57:10",NULL
2030,Bhiwani,0,"2026-01-13 21:57:10","2026-01-13 21:57:10",NULL
2031,Bhiwani,0,"2026-01-13 21:57:10","2026-01-13 21:57:10",NULL
2032,Bhiwani,0,"2026-01-13 21:57:10","2026-01-13 21:57:10",NULL
2033,Bhiwani,0,"2026-01-13 21:57:10","2026-01-13 21:57:10",NULL
2034,Bhiwani,0,"2026-01-13 21:57:10","2026-01-13 21:57:10",NULL
2035,Bhiwani,0,"2026-01-13 21:57:10","2026-01-13 21:57:10",NULL
2036,Bhiwani,0,"2026-01-13 21:57:10","2026-01-13 21:57:10",NULL
2037,Bhiwani,0,"2026-01-13 21:57:10","2026-01-13 21:57:10",NULL
2038,Bhiwani,0,"2026-01-13 21:57:10","2026-01-13 21:57:10",NULL
2039,Bhiwani,0,"2026-01-13 21:57:10","2026-01-13 21:57:10",NULL
2040,Bhiwani,0,"2026-01-13 21:57:10","2026-01-13 21:57:10",NULL
2041,Bhiwani,0,"2026-01-13 21:57:10","2026-01-13 21:57:10",NULL
2042,Bhiwani,0,"2026-01-13 21:57:10","2026-01-13 21:57:10",NULL
2043,Bhiwani,0,"2026-01-13 21:57:10","2026-01-13 21:57:10",NULL
2044,Bhiwani,0,"2026-01-13 21:57:10","2026-01-13 21:57:10",NULL
2045,Bhiwani,0,"2026-01-13 21:57:10","2026-01-13 21:57:10",NULL
2046,Bhiwani,0,"2026-01-13 21:57:10","2026-01-13 21:57:10",NULL
2047,Bhiwani,0,"2026-01-13 21:57:10","2026-01-13 21:57:10",NULL
2048,Bhiwani,0,"2026-01-13 21:57:10","2026-01-13 21:57:10",NULL
2049,Bhiwani,0,"2026-01-13 21:57:10","2026-01-13 21:57:10",NULL
2050,Bhiwani,0,"2026-01-13 21:57:10","2026-01-13 21:57:10",NULL
2051,Bhiwani,0,"2026-01-13 21:57:10","2026-01-13 21:57:10",NULL
2052,Bhiwani,0,"2026-01-13 21:57:10","2026-01-13 21:57:10",NULL
2053,Bhiwani,0,"2026-01-13 21:57:10","2026-01-13 21:57:10",NULL
2054,Bhiwani,0,"2026-01-13 21:57:10","2026-01-13 21:57:10",NULL
2055,Bhiwani,0,"2026-01-13 21:57:10","2026-01-13 21:57:10",NULL
2056,Bhiwani,0,"2026-01-13 21:57:10","2026-01-13 21:57:10",NULL
2057,Bhiwani,0,"2026-01-13 21:57:10","2026-01-13 21:57:10",NULL
2058,Bhiwani,0,"2026-01-13 21:57:10","2026-01-13 21:57:10",NULL
2059,Bhiwani,0,"2026-01-13 21:57:10","2026-01-13 21:57:10",NULL
2060,Bhiwani,0,"2026-01-13 21:57:10","2026-01-13 21:57:10",NULL
2061,Bhiwani,0,"2026-01-13 21:57:10","2026-01-13 21:57:10",NULL
2062,Bhiwani,0,"2026-01-13 21:57:10","2026-01-13 21:57:10",NULL
2063,Bhiwani,0,"2026-01-13 21:57:10","2026-01-13 21:57:10",NULL
2064,Bhiwani,0,"2026-01-13 21:57:10","2026-01-13 21:57:10",NULL
2065,Bhiwani,0,"2026-01-13 21:57:10","2026-01-13 21:57:10",NULL
2066,Bhiwani,0,"2026-01-13 21:57:10","2026-01-13 21:57:10",NULL
2067,Bhiwani,0,"2026-01-13 21:57:10","2026-01-13 21:57:10",NULL
2068,Bhiwani,0,"2026-01-13 21:57:10","2026-01-13 21:57:10",NULL
2069,Bhiwani,0,"2026-01-13 21:57:10","2026-01-13 21:57:10",NULL
2070,Bhiwani,0,"2026-01-13 21:57:10","2026-01-13 21:57:10",NULL
2071,Bhiwani,0,"2026-01-13 21:57:10","2026-01-13 21:57:10",NULL
2072,Bhiwani,0,"2026-01-13 21:57:10","2026-01-13 21:57:10",NULL
2073,Bhiwani,0,"2026-01-13 21:57:10","2026-01-13 21:57:10",NULL
2074,Bhiwani,0,"2026-01-13 21:57:10","2026-01-13 21:57:10",NULL
2075,Bhiwani,0,"2026-01-13 21:57:10","2026-01-13 21:57:10",NULL
2076,Bhiwani,0,"2026-01-13 21:57:10","2026-01-13 21:57:10",NULL
2077,Bhiwani,0,"2026-01-13 21:57:10","2026-01-13 21:57:10",NULL
2078,Bhiwani,0,"2026-01-13 21:57:10","2026-01-13 21:57:10",NULL
2079,Bhiwani,0,"2026-01-13 21:57:10","2026-01-13 21:57:10",NULL
2080,Bhiwani,0,"2026-01-13 21:57:10","2026-01-13 21:57:10",NULL
2081,Bhiwani,0,"2026-01-13 21:57:10","2026-01-13 21:57:10",NULL
2082,Bhiwani,0,"2026-01-13 21:57:10","2026-01-13 21:57:10",NULL
2083,Bhiwani,0,"2026-01-13 21:57:10","2026-01-13 21:57:10",NULL
2084,Bhiwani,0,"2026-01-13 21:57:10","2026-01-13 21:57:10",NULL
2085,Bhiwani,0,"2026-01-13 21:57:10","2026-01-13 21:57:10",NULL
2086,Bhiwani,0,"2026-01-13 21:57:10","2026-01-13 21:57:10",NULL
2087,Bhiwani,0,"2026-01-13 21:57:10","2026-01-13 21:57:10",NULL
2088,Bhiwani,0,"2026-01-13 21:57:10","2026-01-13 21:57:10",NULL
2089,Bhiwani,0,"2026-01-13 21:57:10","2026-01-13 21:57:10",NULL
2090,Bhiwani,0,"2026-01-13 21:57:10","2026-01-13 21:57:10",NULL
2091,Bhiwani,0,"2026-01-13 21:57:10","2026-01-13 21:57:10",NULL
2092,Bhiwani,0,"2026-01-13 21:57:10","2026-01-13 21:57:10",NULL
2093,Bhiwani,0,"2026-01-13 21:57:10","2026-01-13 21:57:10",NULL
2094,Bhiwani,0,"2026-01-13 21:57:10","2026-01-13 21:57:10",NULL
2095,Bhiwani,0,"2026-01-13 21:57:10","2026-01-13 21:57:10",NULL
2096,Bhiwani,0,"2026-01-13 21:57:10","2026-01-13 21:57:10",NULL
2097,Bhiwani,0,"2026-01-13 21:57:10","2026-01-13 21:57:10",NULL
2098,Bhiwani,0,"2026-01-13 21:57:10","2026-01-13 21:57:10",NULL
2099,Bhiwani,0,"2026-01-13 21:57:10","2026-01-13 21:57:10",NULL
2100,Bhiwani,0,"2026-01-13 21:57:10","2026-01-13 21:57:10",NULL
2101,Bhiwani,0,"2026-01-13 21:57:10","2026-01-13 21:57:10",NULL
2102,Bhiwani,0,"2026-01-13 21:57:10","2026-01-13 21:57:10",NULL
2103,Bhiwani,0,"2026-01-13 21:57:10","2026-01-13 21:57:10",NULL
2104,Bhiwani,0,"2026-01-13 21:57:10","2026-01-13 21:57:10",NULL
2105,Bhiwani,0,"2026-01-13 21:57:10","2026-01-13 21:57:10",NULL
2106,Bhiwani,0,"2026-01-13 21:57:10","2026-01-13 21:57:10",NULL
2107,Bhiwani,0,"2026-01-13 21:57:10","2026-01-13 21:57:10",NULL
2108,Bhiwani,0,"2026-01-13 21:57:10","2026-01-13 21:57:10",NULL
2109,Bhiwani,0,"2026-01-13 21:57:10","2026-01-13 21:57:10",NULL
2110,Bhiwani,0,"2026-01-13 21:57:10","2026-01-13 21:57:10",NULL
2111,Bhiwani,0,"2026-01-13 21:57:10","2026-01-13 21:57:10",NULL
2112,Bhiwani,0,"2026-01-13 21:57:10","2026-01-13 21:57:10",NULL
2113,Bhiwani,0,"2026-01-13 21:57:10","2026-01-13 21:57:10",NULL
2114,Bhiwani,0,"2026-01-13 21:57:10","2026-01-13 21:57:10",NULL
2115,Bhiwani,0,"2026-01-13 21:57:10","2026-01-13 21:57:10",NULL
2116,Bhiwani,0,"2026-01-13 21:57:10","2026-01-13 21:57:10",NULL
2117,Bhiwani,0,"2026-01-13 21:57:10","2026-01-13 21:57:10",NULL
2118,Bhiwani,0,"2026-01-13 21:57:10","2026-01-13 21:57:10",NULL
2119,Bhiwani,0,"2026-01-13 21:57:10","2026-01-13 21:57:10",NULL
2120,Bhiwani,0,"2026-01-13 21:57:10","2026-01-13 21:57:10",NULL
2121,Bhiwani,0,"2026-01-13 21:57:10","2026-01-13 21:57:10",NULL
2122,Bhiwani,0,"2026-01-13 21:57:10","2026-01-13 21:57:10",NULL
2123,Bhiwani,0,"2026-01-13 21:57:10","2026-01-13 21:57:10",NULL
2124,Bhiwani,0,"2026-01-13 21:57:10","2026-01-13 21:57:10",NULL
2125,Bhiwani,0,"2026-01-13 21:57:10","2026-01-13 21:57:10",NULL
2126,Bhiwani,0,"2026-01-13 21:57:10","2026-01-13 21:57:10",NULL
2127,Bhiwani,0,"2026-01-13 21:57:10","2026-01-13 21:57:10",NULL
2128,Bhiwani,0,"2026-01-13 21:57:10","2026-01-13 21:57:10",NULL
2129,Bhiwani,0,"2026-01-13 21:57:10","2026-01-13 21:57:10",NULL
2130,Bhiwani,0,"2026-01-13 21:57:10","2026-01-13 21:57:10",NULL
2131,Bhiwani,0,"2026-01-13 21:57:10","2026-01-13 21:57:10",NULL
2132,Bhiwani,0,"2026-01-13 21:57:10","2026-01-13 21:57:10",NULL
2133,Bhiwani,0,"2026-01-13 21:57:10","2026-01-13 21:57:10",NULL
2134,Bhiwani,0,"2026-01-13 21:57:10","2026-01-13 21:57:10",NULL
2135,Bhiwani,0,"2026-01-13 21:57:10","2026-01-13 21:57:10",NULL
2136,Bhiwani,0,"2026-01-13 21:57:10","2026-01-13 21:57:10",NULL
2137,Bhiwani,0,"2026-01-13 21:57:10","2026-01-13 21:57:10",NULL
2138,Bhiwani,0,"2026-01-13 21:57:10","2026-01-13 21:57:10",NULL
2139,Bhiwani,0,"2026-01-13 21:57:10","2026-01-13 21:57:10",NULL
2140,Bhiwani,0,"2026-01-13 21:57:10","2026-01-13 21:57:10",NULL
2141,Bhiwani,0,"2026-01-13 21:57:10","2026-01-13 21:57:10",NULL
2142,Bhiwani,0,"2026-01-13 21:57:10","2026-01-13 21:57:10",NULL
2143,Bhiwani,0,"2026-01-13 21:57:10","2026-01-13 21:57:10",NULL
2144,Bhiwani,0,"2026-01-13 21:57:10","2026-01-13 21:57:10",NULL
2145,Bhiwani,0,"2026-01-13 21:57:10","2026-01-13 21:57:10",NULL
2146,Bhiwani,0,"2026-01-13 21:57:10","2026-01-13 21:57:10",NULL
2147,Bhiwani,0,"2026-01-13 21:57:10","2026-01-13 21:57:10",NULL
2148,Bhiwani,0,"2026-01-13 21:57:10","2026-01-13 21:57:10",NULL
2149,Bhiwani,0,"2026-01-13 21:57:10","2026-01-13 21:57:10",NULL
2150,Bhiwani,0,"2026-01-13 21:57:10","2026-01-13 21:57:10",NULL
2151,Bhiwani,0,"2026-01-13 21:57:10","2026-01-13 21:57:10",NULL
2152,Bhiwani,0,"2026-01-13 21:57:10","2026-01-13 21:57:10",NULL
2153,Bhiwani,0,"2026-01-13 21:57:10","2026-01-13 21:57:10",NULL
2154,Bhiwani,0,"2026-01-13 21:57:11","2026-01-13 21:57:11",NULL
2155,Bhiwani,0,"2026-01-13 21:57:11","2026-01-13 21:57:11",NULL
2156,Bhiwani,0,"2026-01-13 21:57:11","2026-01-13 21:57:11",NULL
2157,Bhiwani,0,"2026-01-13 21:57:11","2026-01-13 21:57:11",NULL
2158,Bhiwani,0,"2026-01-13 21:57:11","2026-01-13 21:57:11",NULL
2159,Bhiwani,0,"2026-01-13 21:57:11","2026-01-13 21:57:11",NULL
2160,Bhiwani,0,"2026-01-13 21:57:11","2026-01-13 21:57:11",NULL
2161,Bhiwani,0,"2026-01-13 21:57:11","2026-01-13 21:57:11",NULL
2162,Bhiwani,0,"2026-01-13 21:57:11","2026-01-13 21:57:11",NULL
2163,Bhiwani,0,"2026-01-13 21:57:11","2026-01-13 21:57:11",NULL
2164,Bhiwani,0,"2026-01-13 21:57:11","2026-01-13 21:57:11",NULL
2165,Bhiwani,0,"2026-01-13 21:57:11","2026-01-13 21:57:11",NULL
2166,Bhiwani,0,"2026-01-13 21:57:11","2026-01-13 21:57:11",NULL
2167,Bhiwani,0,"2026-01-13 21:57:11","2026-01-13 21:57:11",NULL
2168,Bhiwani,0,"2026-01-13 21:57:11","2026-01-13 21:57:11",NULL
2169,Bhiwani,0,"2026-01-13 21:57:11","2026-01-13 21:57:11",NULL
2170,Bhiwani,0,"2026-01-13 21:57:11","2026-01-13 21:57:11",NULL
2171,Bhiwani,0,"2026-01-13 21:57:11","2026-01-13 21:57:11",NULL
2172,Bhiwani,0,"2026-01-13 21:57:11","2026-01-13 21:57:11",NULL
2173,Bhiwani,0,"2026-01-13 21:57:11","2026-01-13 21:57:11",NULL
2174,Bhiwani,0,"2026-01-13 21:57:11","2026-01-13 21:57:11",NULL
2175,Bhiwani,0,"2026-01-13 21:57:11","2026-01-13 21:57:11",NULL
2176,Bhiwani,0,"2026-01-13 21:57:11","2026-01-13 21:57:11",NULL
2177,Bhiwani,0,"2026-01-13 21:57:11","2026-01-13 21:57:11",NULL
2178,Bhiwani,0,"2026-01-13 21:57:11","2026-01-13 21:57:11",NULL
2179,Bhiwani,0,"2026-01-13 21:57:11","2026-01-13 21:57:11",NULL
2180,Bhiwani,0,"2026-01-13 21:57:11","2026-01-13 21:57:11",NULL
2181,Bhiwani,0,"2026-01-13 21:57:11","2026-01-13 21:57:11",NULL
2182,Bhiwani,0,"2026-01-13 21:57:11","2026-01-13 21:57:11",NULL
2183,Bhiwani,0,"2026-01-13 21:57:11","2026-01-13 21:57:11",NULL
2184,Bhiwani,0,"2026-01-13 21:57:11","2026-01-13 21:57:11",NULL
2185,Bhiwani,0,"2026-01-13 21:57:11","2026-01-13 21:57:11",NULL
2186,Bhiwani,0,"2026-01-13 21:57:11","2026-01-13 21:57:11",NULL
2187,Bhiwani,0,"2026-01-13 21:57:11","2026-01-13 21:57:11",NULL
2188,Bhiwani,0,"2026-01-13 21:57:11","2026-01-13 21:57:11",NULL
2189,Bhiwani,0,"2026-01-13 21:57:11","2026-01-13 21:57:11",NULL
2190,Bhiwani,0,"2026-01-13 21:57:11","2026-01-13 21:57:11",NULL
2191,Bhiwani,0,"2026-01-13 21:57:11","2026-01-13 21:57:11",NULL
2192,Bhiwani,0,"2026-01-13 21:57:11","2026-01-13 21:57:11",NULL
2193,Bhiwani,0,"2026-01-13 21:57:11","2026-01-13 21:57:11",NULL
2194,Bhiwani,0,"2026-01-13 21:57:11","2026-01-13 21:57:11",NULL
2195,Bhiwani,0,"2026-01-13 21:57:11","2026-01-13 21:57:11",NULL
2196,Bhiwani,0,"2026-01-13 21:57:11","2026-01-13 21:57:11",NULL
2197,Bhiwani,0,"2026-01-13 21:57:11","2026-01-13 21:57:11",NULL
2198,Bhiwani,0,"2026-01-13 21:57:11","2026-01-13 21:57:11",NULL
2199,Bhiwani,0,"2026-01-13 21:57:11","2026-01-13 21:57:11",NULL
2200,Bhiwani,0,"2026-01-13 21:57:11","2026-01-13 21:57:11",NULL
2201,Bhiwani,0,"2026-01-13 21:57:11","2026-01-13 21:57:11",NULL
2202,Bhiwani,0,"2026-01-13 21:57:11","2026-01-13 21:57:11",NULL
2203,Bhiwani,0,"2026-01-13 21:57:11","2026-01-13 21:57:11",NULL
2204,Bhiwani,0,"2026-01-13 21:57:11","2026-01-13 21:57:11",NULL
2205,Bhiwani,0,"2026-01-13 21:57:11","2026-01-13 21:57:11",NULL
2206,Bhiwani,0,"2026-01-13 21:57:11","2026-01-13 21:57:11",NULL
2207,Bhiwani,0,"2026-01-13 21:57:11","2026-01-13 21:57:11",NULL
2208,Bhiwani,0,"2026-01-13 21:57:11","2026-01-13 21:57:11",NULL
2209,Bhiwani,0,"2026-01-13 21:57:11","2026-01-13 21:57:11",NULL
2210,Bhiwani,0,"2026-01-13 21:57:11","2026-01-13 21:57:11",NULL
2211,Bhiwani,0,"2026-01-13 21:57:11","2026-01-13 21:57:11",NULL
2212,Bhiwani,0,"2026-01-13 21:57:11","2026-01-13 21:57:11",NULL
2213,Bhiwani,0,"2026-01-13 21:57:11","2026-01-13 21:57:11",NULL
2214,Bhiwani,0,"2026-01-13 21:57:11","2026-01-13 21:57:11",NULL
2215,Bhiwani,0,"2026-01-13 21:57:11","2026-01-13 21:57:11",NULL
2216,Bhiwani,0,"2026-01-13 21:57:11","2026-01-13 21:57:11",NULL
2217,Bhiwani,0,"2026-01-13 21:57:11","2026-01-13 21:57:11",NULL
2218,Bhiwani,0,"2026-01-13 21:57:11","2026-01-13 21:57:11",NULL
2219,Bhiwani,0,"2026-01-13 21:57:11","2026-01-13 21:57:11",NULL
2220,Bhiwani,0,"2026-01-13 21:57:11","2026-01-13 21:57:11",NULL
2221,Bhiwani,0,"2026-01-13 21:57:11","2026-01-13 21:57:11",NULL
2222,Bhiwani,0,"2026-01-13 21:57:11","2026-01-13 21:57:11",NULL
2223,Karnal,0,"2026-01-13 21:57:11","2026-01-13 21:57:11",NULL
2224,Bhiwani,0,"2026-01-13 21:57:11","2026-01-13 21:57:11",NULL
2225,Bhiwani,0,"2026-01-13 21:57:11","2026-01-13 21:57:11",NULL
2226,Bhiwani,0,"2026-01-13 21:57:11","2026-01-13 21:57:11",NULL
2227,Bhiwani,0,"2026-01-13 21:57:11","2026-01-13 21:57:11",NULL
2228,Bhiwani,0,"2026-01-13 21:57:11","2026-01-13 21:57:11",NULL
2229,Bhiwani,0,"2026-01-13 21:57:11","2026-01-13 21:57:11",NULL
2230,Bhiwani,0,"2026-01-13 21:57:11","2026-01-13 21:57:11",NULL
2231,Bhiwani,0,"2026-01-13 21:57:11","2026-01-13 21:57:11",NULL
2232,Bhiwani,0,"2026-01-13 21:57:11","2026-01-13 21:57:11",NULL
2233,Bhiwani,0,"2026-01-13 21:57:11","2026-01-13 21:57:11",NULL
2234,Bhiwani,0,"2026-01-13 21:57:11","2026-01-13 21:57:11",NULL
2235,Sonipat,0,"2026-01-13 21:57:11","2026-01-13 21:57:11",NULL
2236,Sonipat,0,"2026-01-13 21:57:11","2026-01-13 21:57:11",NULL
2237,Sonipat,0,"2026-01-13 21:57:11","2026-01-13 21:57:11",NULL
2238,Sonipat,0,"2026-01-13 21:57:11","2026-01-13 21:57:11",NULL
2239,Sonipat,0,"2026-01-13 21:57:11","2026-01-13 21:57:11",NULL
2240,Sonipat,0,"2026-01-13 21:57:11","2026-01-13 21:57:11",NULL
2241,Sonipat,0,"2026-01-13 21:57:11","2026-01-13 21:57:11",NULL
2242,Sonipat,0,"2026-01-13 21:57:11","2026-01-13 21:57:11",NULL
2243,Sonipat,0,"2026-01-13 21:57:11","2026-01-13 21:57:11",NULL
2244,Sonipat,0,"2026-01-13 21:57:11","2026-01-13 21:57:11",NULL
2245,Sonipat,0,"2026-01-13 21:57:11","2026-01-13 21:57:11",NULL
2246,Sonipat,0,"2026-01-13 21:57:11","2026-01-13 21:57:11",NULL
2247,Sonipat,0,"2026-01-13 21:57:11","2026-01-13 21:57:11",NULL
2248,Sonipat,0,"2026-01-13 21:57:11","2026-01-13 21:57:11",NULL
2249,Sonipat,0,"2026-01-13 21:57:11","2026-01-13 21:57:11",NULL
2250,Sonipat,0,"2026-01-13 21:57:11","2026-01-13 21:57:11",NULL
2251,Sonipat,0,"2026-01-13 21:57:11","2026-01-13 21:57:11",NULL
2252,Sonipat,0,"2026-01-13 21:57:11","2026-01-13 21:57:11",NULL
2253,Sonipat,0,"2026-01-13 21:57:11","2026-01-13 21:57:11",NULL
2254,Sonipat,0,"2026-01-13 21:57:11","2026-01-13 21:57:11",NULL
2255,Sonipat,0,"2026-01-13 21:57:11","2026-01-13 21:57:11",NULL
2256,Sonipat,0,"2026-01-13 21:57:11","2026-01-13 21:57:11",NULL
2257,Sonipat,0,"2026-01-13 21:57:11","2026-01-13 21:57:11",NULL
2258,Sonipat,0,"2026-01-13 21:57:11","2026-01-13 21:57:11",NULL
2259,Sonipat,0,"2026-01-13 21:57:11","2026-01-13 21:57:11",NULL
2260,Sonipat,0,"2026-01-13 21:57:11","2026-01-13 21:57:11",NULL
2261,Sonipat,0,"2026-01-13 21:57:11","2026-01-13 21:57:11",NULL
2262,Sonipat,0,"2026-01-13 21:57:11","2026-01-13 21:57:11",NULL
2263,Sonipat,0,"2026-01-13 21:57:11","2026-01-13 21:57:11",NULL
2264,Sonipat,0,"2026-01-13 21:57:11","2026-01-13 21:57:11",NULL
2265,Sonipat,0,"2026-01-13 21:57:11","2026-01-13 21:57:11",NULL
2266,Sonipat,0,"2026-01-13 21:57:11","2026-01-13 21:57:11",NULL
2267,Sonipat,0,"2026-01-13 21:57:11","2026-01-13 21:57:11",NULL
2268,Sonipat,0,"2026-01-13 21:57:11","2026-01-13 21:57:11",NULL
2269,Sonipat,0,"2026-01-13 21:57:11","2026-01-13 21:57:11",NULL
2270,Sonipat,0,"2026-01-13 21:57:11","2026-01-13 21:57:11",NULL
2271,Sonipat,0,"2026-01-13 21:57:11","2026-01-13 21:57:11",NULL
2272,Sonipat,0,"2026-01-13 21:57:11","2026-01-13 21:57:11",NULL
2273,Sonipat,0,"2026-01-13 21:57:11","2026-01-13 21:57:11",NULL
2274,Sonipat,0,"2026-01-13 21:57:11","2026-01-13 21:57:11",NULL
2275,Sonipat,0,"2026-01-13 21:57:11","2026-01-13 21:57:11",NULL
2276,Sonipat,0,"2026-01-13 21:57:11","2026-01-13 21:57:11",NULL
2277,Sonipat,0,"2026-01-13 21:57:11","2026-01-13 21:57:11",NULL
2278,Sonipat,0,"2026-01-13 21:57:11","2026-01-13 21:57:11",NULL
2279,Sonipat,0,"2026-01-13 21:57:11","2026-01-13 21:57:11",NULL
2280,Sonipat,0,"2026-01-13 21:57:11","2026-01-13 21:57:11",NULL
2281,Sonipat,0,"2026-01-13 21:57:11","2026-01-13 21:57:11",NULL
2282,Sonipat,0,"2026-01-13 21:57:11","2026-01-13 21:57:11",NULL
2283,Sonipat,0,"2026-01-13 21:57:11","2026-01-13 21:57:11",NULL
2284,Sonipat,0,"2026-01-13 21:57:11","2026-01-13 21:57:11",NULL
2285,Sonipat,0,"2026-01-13 21:57:11","2026-01-13 21:57:11",NULL
2286,Sonipat,0,"2026-01-13 21:57:11","2026-01-13 21:57:11",NULL
2287,Sonipat,0,"2026-01-13 21:57:11","2026-01-13 21:57:11",NULL
2288,Sonipat,0,"2026-01-13 21:57:11","2026-01-13 21:57:11",NULL
2289,Sonipat,0,"2026-01-13 21:57:11","2026-01-13 21:57:11",NULL
2290,Sonipat,0,"2026-01-13 21:57:11","2026-01-13 21:57:11",NULL
2291,Sonipat,0,"2026-01-13 21:57:11","2026-01-13 21:57:11",NULL
2292,Sonipat,0,"2026-01-13 21:57:11","2026-01-13 21:57:11",NULL
2293,Sonipat,0,"2026-01-13 21:57:11","2026-01-13 21:57:11",NULL
2294,Sonipat,0,"2026-01-13 21:57:11","2026-01-13 21:57:11",NULL
2295,Sonipat,0,"2026-01-13 21:57:11","2026-01-13 21:57:11",NULL
2296,Sonipat,0,"2026-01-13 21:57:11","2026-01-13 21:57:11",NULL
2297,Sonipat,0,"2026-01-13 21:57:11","2026-01-13 21:57:11",NULL
2298,Sonipat,0,"2026-01-13 21:57:11","2026-01-13 21:57:11",NULL
2299,Sonipat,0,"2026-01-13 21:57:11","2026-01-13 21:57:11",NULL
2300,Sonipat,0,"2026-01-13 21:57:11","2026-01-13 21:57:11",NULL
2301,Sonipat,0,"2026-01-13 21:57:11","2026-01-13 21:57:11",NULL
2302,Sonipat,0,"2026-01-13 21:57:11","2026-01-13 21:57:11",NULL
2303,Sonipat,0,"2026-01-13 21:57:11","2026-01-13 21:57:11",NULL
2304,Sonipat,0,"2026-01-13 21:57:11","2026-01-13 21:57:11",NULL
2305,Sonipat,0,"2026-01-13 21:57:11","2026-01-13 21:57:11",NULL
2306,Sonipat,0,"2026-01-13 21:57:11","2026-01-13 21:57:11",NULL
2307,Sonipat,0,"2026-01-13 21:57:11","2026-01-13 21:57:11",NULL
2308,Sonipat,0,"2026-01-13 21:57:11","2026-01-13 21:57:11",NULL
2309,Sonipat,0,"2026-01-13 21:57:11","2026-01-13 21:57:11",NULL
2310,Sonipat,0,"2026-01-13 21:57:11","2026-01-13 21:57:11",NULL
2311,Sonipat,0,"2026-01-13 21:57:11","2026-01-13 21:57:11",NULL
2312,Sonipat,0,"2026-01-13 21:57:11","2026-01-13 21:57:11",NULL
2313,Sonipat,0,"2026-01-13 21:57:11","2026-01-13 21:57:11",NULL
2314,Sonipat,0,"2026-01-13 21:57:11","2026-01-13 21:57:11",NULL
2315,Sonipat,0,"2026-01-13 21:57:11","2026-01-13 21:57:11",NULL
2316,Sonipat,0,"2026-01-13 21:57:11","2026-01-13 21:57:11",NULL
2317,Sonipat,0,"2026-01-13 21:57:11","2026-01-13 21:57:11",NULL
2318,Sonipat,0,"2026-01-13 21:57:11","2026-01-13 21:57:11",NULL
2319,Sonipat,0,"2026-01-13 21:57:11","2026-01-13 21:57:11",NULL
2320,Sonipat,0,"2026-01-13 21:57:11","2026-01-13 21:57:11",NULL
2321,Sonipat,0,"2026-01-13 21:57:11","2026-01-13 21:57:11",NULL
2322,Sonipat,0,"2026-01-13 21:57:11","2026-01-13 21:57:11",NULL
2323,Sonipat,0,"2026-01-13 21:57:11","2026-01-13 21:57:11",NULL
2324,Sonipat,0,"2026-01-13 21:57:11","2026-01-13 21:57:11",NULL
2325,Sonipat,0,"2026-01-13 21:57:11","2026-01-13 21:57:11",NULL
2326,Sonipat,0,"2026-01-13 21:57:11","2026-01-13 21:57:11",NULL
2327,Sonipat,0,"2026-01-13 21:57:11","2026-01-13 21:57:11",NULL
2328,Sonipat,0,"2026-01-13 21:57:11","2026-01-13 21:57:11",NULL
2329,Sonipat,0,"2026-01-13 21:57:11","2026-01-13 21:57:11",NULL
2330,Sonipat,0,"2026-01-13 21:57:11","2026-01-13 21:57:11",NULL
2331,Sonipat,0,"2026-01-13 21:57:11","2026-01-13 21:57:11",NULL
2332,Sonipat,0,"2026-01-13 21:57:11","2026-01-13 21:57:11",NULL
2333,Sonipat,0,"2026-01-13 21:57:11","2026-01-13 21:57:11",NULL
2334,Sonipat,0,"2026-01-13 21:57:11","2026-01-13 21:57:11",NULL
2335,Sonipat,0,"2026-01-13 21:57:11","2026-01-13 21:57:11",NULL
2336,Sonipat,0,"2026-01-13 21:57:11","2026-01-13 21:57:11",NULL
2337,Sonipat,0,"2026-01-13 21:57:11","2026-01-13 21:57:11",NULL
2338,Sonipat,0,"2026-01-13 21:57:11","2026-01-13 21:57:11",NULL
2339,Sonipat,0,"2026-01-13 21:57:11","2026-01-13 21:57:11",NULL
2340,Sonipat,0,"2026-01-13 21:57:11","2026-01-13 21:57:11",NULL
2341,Sonipat,0,"2026-01-13 21:57:11","2026-01-13 21:57:11",NULL
2342,Sonipat,0,"2026-01-13 21:57:11","2026-01-13 21:57:11",NULL
2343,Sonipat,0,"2026-01-13 21:57:11","2026-01-13 21:57:11",NULL
2344,Sonipat,0,"2026-01-13 21:57:11","2026-01-13 21:57:11",NULL
2345,Sonipat,0,"2026-01-13 21:57:11","2026-01-13 21:57:11",NULL
2346,Sonipat,0,"2026-01-13 21:57:11","2026-01-13 21:57:11",NULL
2347,Sonipat,0,"2026-01-13 21:57:11","2026-01-13 21:57:11",NULL
2348,Sonipat,0,"2026-01-13 21:57:11","2026-01-13 21:57:11",NULL
2349,Sonipat,0,"2026-01-13 21:57:11","2026-01-13 21:57:11",NULL
2350,Sonipat,0,"2026-01-13 21:57:11","2026-01-13 21:57:11",NULL
2351,Sonipat,0,"2026-01-13 21:57:11","2026-01-13 21:57:11",NULL
2352,Sonipat,0,"2026-01-13 21:57:11","2026-01-13 21:57:11",NULL
2353,Sonipat,0,"2026-01-13 21:57:11","2026-01-13 21:57:11",NULL
2354,Sonipat,0,"2026-01-13 21:57:11","2026-01-13 21:57:11",NULL
2355,Sonipat,0,"2026-01-13 21:57:11","2026-01-13 21:57:11",NULL
2356,Sonipat,0,"2026-01-13 21:57:11","2026-01-13 21:57:11",NULL
2357,Sonipat,0,"2026-01-13 21:57:11","2026-01-13 21:57:11",NULL
2358,Sonipat,0,"2026-01-13 21:57:11","2026-01-13 21:57:11",NULL
2359,Sonipat,0,"2026-01-13 21:57:11","2026-01-13 21:57:11",NULL
2360,Sonipat,0,"2026-01-13 21:57:11","2026-01-13 21:57:11",NULL
2361,Sonipat,0,"2026-01-13 21:57:11","2026-01-13 21:57:11",NULL
2362,Sonipat,0,"2026-01-13 21:57:11","2026-01-13 21:57:11",NULL
2363,Sonipat,0,"2026-01-13 21:57:11","2026-01-13 21:57:11",NULL
2364,Sonipat,0,"2026-01-13 21:57:11","2026-01-13 21:57:11",NULL
2365,Sonipat,0,"2026-01-13 21:57:11","2026-01-13 21:57:11",NULL
2366,Sonipat,0,"2026-01-13 21:57:11","2026-01-13 21:57:11",NULL
2367,Sonipat,0,"2026-01-13 21:57:11","2026-01-13 21:57:11",NULL
2368,Sonipat,0,"2026-01-13 21:57:11","2026-01-13 21:57:11",NULL
2369,Sonipat,0,"2026-01-13 21:57:11","2026-01-13 21:57:11",NULL
2370,Sonipat,0,"2026-01-13 21:57:11","2026-01-13 21:57:11",NULL
2371,Sonipat,0,"2026-01-13 21:57:11","2026-01-13 21:57:11",NULL
2372,Sonipat,0,"2026-01-13 21:57:11","2026-01-13 21:57:11",NULL
2373,Sonipat,0,"2026-01-13 21:57:11","2026-01-13 21:57:11",NULL
2374,Sonipat,0,"2026-01-13 21:57:11","2026-01-13 21:57:11",NULL
2375,Sonipat,0,"2026-01-13 21:57:11","2026-01-13 21:57:11",NULL
2376,Sonipat,0,"2026-01-13 21:57:11","2026-01-13 21:57:11",NULL
2377,Sonipat,0,"2026-01-13 21:57:11","2026-01-13 21:57:11",NULL
2378,Sonipat,0,"2026-01-13 21:57:11","2026-01-13 21:57:11",NULL
2379,Sonipat,0,"2026-01-13 21:57:11","2026-01-13 21:57:11",NULL
2380,Sonipat,0,"2026-01-13 21:57:11","2026-01-13 21:57:11",NULL
2381,Sonipat,0,"2026-01-13 21:57:11","2026-01-13 21:57:11",NULL
2382,Sonipat,0,"2026-01-13 21:57:11","2026-01-13 21:57:11",NULL
2383,Sonipat,0,"2026-01-13 21:57:11","2026-01-13 21:57:11",NULL
2384,Sonipat,0,"2026-01-13 21:57:11","2026-01-13 21:57:11",NULL
2385,Sonipat,0,"2026-01-13 21:57:11","2026-01-13 21:57:11",NULL
2386,Sonipat,0,"2026-01-13 21:57:11","2026-01-13 21:57:11",NULL
2387,Sonipat,0,"2026-01-13 21:57:11","2026-01-13 21:57:11",NULL
2388,Sonipat,0,"2026-01-13 21:57:11","2026-01-13 21:57:11",NULL
2389,Sonipat,0,"2026-01-13 21:57:11","2026-01-13 21:57:11",NULL
2390,Sonipat,0,"2026-01-13 21:57:11","2026-01-13 21:57:11",NULL
2391,Sonipat,0,"2026-01-13 21:57:11","2026-01-13 21:57:11",NULL
2392,Sonipat,0,"2026-01-13 21:57:11","2026-01-13 21:57:11",NULL
2393,Sonipat,0,"2026-01-13 21:57:11","2026-01-13 21:57:11",NULL
2394,Karnal,0,"2026-01-13 21:57:11","2026-01-13 21:57:11",NULL
2395,Karnal,0,"2026-01-13 21:57:11","2026-01-13 21:57:11",NULL
2396,Karnal,0,"2026-01-13 21:57:11","2026-01-13 21:57:11",NULL
2397,Karnal,0,"2026-01-13 21:57:11","2026-01-13 21:57:11",NULL
2398,Karnal,0,"2026-01-13 21:57:11","2026-01-13 21:57:11",NULL
2399,Panipat,0,"2026-01-13 21:57:11","2026-01-13 21:57:11",NULL
2400,Karnal,0,"2026-01-13 21:57:11","2026-01-13 21:57:11",NULL
2401,Karnal,0,"2026-01-13 21:57:11","2026-01-13 21:57:11",NULL
2402,Sonipat,0,"2026-01-13 21:57:11","2026-01-13 21:57:11",NULL
2403,Sonipat,0,"2026-01-13 21:57:11","2026-01-13 21:57:11",NULL
2404,Sonipat,0,"2026-01-13 21:57:11","2026-01-13 21:57:11",NULL
2405,Sonipat,0,"2026-01-13 21:57:11","2026-01-13 21:57:11",NULL
2406,Sonipat,0,"2026-01-13 21:57:11","2026-01-13 21:57:11",NULL
2407,Sonipat,0,"2026-01-13 21:57:11","2026-01-13 21:57:11",NULL
2408,Sonipat,0,"2026-01-13 21:57:11","2026-01-13 21:57:11",NULL
2409,Sonipat,0,"2026-01-13 21:57:11","2026-01-13 21:57:11",NULL
2410,Sonipat,0,"2026-01-13 21:57:11","2026-01-13 21:57:11",NULL
2411,Sonipat,0,"2026-01-13 21:57:11","2026-01-13 21:57:11",NULL
2412,Sonipat,0,"2026-01-13 21:57:11","2026-01-13 21:57:11",NULL
2413,Sonipat,0,"2026-01-13 21:57:11","2026-01-13 21:57:11",NULL
2414,Sonipat,0,"2026-01-13 21:57:11","2026-01-13 21:57:11",NULL
2415,Sonipat,0,"2026-01-13 21:57:11","2026-01-13 21:57:11",NULL
2416,Sonipat,0,"2026-01-13 21:57:11","2026-01-13 21:57:11",NULL
2417,Sonipat,0,"2026-01-13 21:57:11","2026-01-13 21:57:11",NULL
2418,Sonipat,0,"2026-01-13 21:57:11","2026-01-13 21:57:11",NULL
2419,Sonipat,0,"2026-01-13 21:57:11","2026-01-13 21:57:11",NULL
2420,Karnal,0,"2026-01-13 21:57:11","2026-01-13 21:57:11",NULL
2421,Karnal,0,"2026-01-13 21:57:11","2026-01-13 21:57:11",NULL
2422,Karnal,0,"2026-01-13 21:57:11","2026-01-13 21:57:11",NULL
2423,Karnal,0,"2026-01-13 21:57:11","2026-01-13 21:57:11",NULL
2424,Karnal,0,"2026-01-13 21:57:11","2026-01-13 21:57:11",NULL
2425,Karnal,0,"2026-01-13 21:57:11","2026-01-13 21:57:11",NULL
2426,Karnal,0,"2026-01-13 21:57:11","2026-01-13 21:57:11",NULL
2427,Karnal,0,"2026-01-13 21:57:11","2026-01-13 21:57:11",NULL
2428,Karnal,0,"2026-01-13 21:57:11","2026-01-13 21:57:11",NULL
2429,Karnal,0,"2026-01-13 21:57:11","2026-01-13 21:57:11",NULL
2430,Karnal,0,"2026-01-13 21:57:11","2026-01-13 21:57:11",NULL
2431,Karnal,0,"2026-01-13 21:57:11","2026-01-13 21:57:11",NULL
2432,Karnal,0,"2026-01-13 21:57:11","2026-01-13 21:57:11",NULL
2433,Karnal,0,"2026-01-13 21:57:11","2026-01-13 21:57:11",NULL
2434,Karnal,0,"2026-01-13 21:57:11","2026-01-13 21:57:11",NULL
2435,Karnal,0,"2026-01-13 21:57:11","2026-01-13 21:57:11",NULL
2436,Karnal,0,"2026-01-13 21:57:11","2026-01-13 21:57:11",NULL
2437,Karnal,0,"2026-01-13 21:57:11","2026-01-13 21:57:11",NULL
2438,Karnal,0,"2026-01-13 21:57:11","2026-01-13 21:57:11",NULL
2439,Karnal,0,"2026-01-13 21:57:11","2026-01-13 21:57:11",NULL
2440,Karnal,0,"2026-01-13 21:57:11","2026-01-13 21:57:11",NULL
2441,Karnal,0,"2026-01-13 21:57:11","2026-01-13 21:57:11",NULL
2442,Karnal,0,"2026-01-13 21:57:11","2026-01-13 21:57:11",NULL
2443,Karnal,0,"2026-01-13 21:57:11","2026-01-13 21:57:11",NULL
2444,Karnal,0,"2026-01-13 21:57:11","2026-01-13 21:57:11",NULL
2445,Karnal,0,"2026-01-13 21:57:11","2026-01-13 21:57:11",NULL
2446,Karnal,0,"2026-01-13 21:57:11","2026-01-13 21:57:11",NULL
2447,Karnal,0,"2026-01-13 21:57:11","2026-01-13 21:57:11",NULL
2448,Karnal,0,"2026-01-13 21:57:11","2026-01-13 21:57:11",NULL
2449,Karnal,0,"2026-01-13 21:57:11","2026-01-13 21:57:11",NULL
2450,Karnal,0,"2026-01-13 21:57:11","2026-01-13 21:57:11",NULL
2451,Karnal,0,"2026-01-13 21:57:11","2026-01-13 21:57:11",NULL
2452,Karnal,0,"2026-01-13 21:57:11","2026-01-13 21:57:11",NULL
2453,Karnal,0,"2026-01-13 21:57:11","2026-01-13 21:57:11",NULL
2454,Karnal,0,"2026-01-13 21:57:11","2026-01-13 21:57:11",NULL
2455,Karnal,0,"2026-01-13 21:57:11","2026-01-13 21:57:11",NULL
2456,Karnal,0,"2026-01-13 21:57:11","2026-01-13 21:57:11",NULL
2457,Karnal,0,"2026-01-13 21:57:11","2026-01-13 21:57:11",NULL
2458,Karnal,0,"2026-01-13 21:57:11","2026-01-13 21:57:11",NULL
2459,Karnal,0,"2026-01-13 21:57:11","2026-01-13 21:57:11",NULL
2460,Karnal,0,"2026-01-13 21:57:11","2026-01-13 21:57:11",NULL
2461,Karnal,0,"2026-01-13 21:57:11","2026-01-13 21:57:11",NULL
2462,Karnal,0,"2026-01-13 21:57:11","2026-01-13 21:57:11",NULL
2463,Karnal,0,"2026-01-13 21:57:11","2026-01-13 21:57:11",NULL
2464,Karnal,0,"2026-01-13 21:57:11","2026-01-13 21:57:11",NULL
2465,Karnal,0,"2026-01-13 21:57:11","2026-01-13 21:57:11",NULL
2466,Karnal,0,"2026-01-13 21:57:11","2026-01-13 21:57:11",NULL
2467,Karnal,0,"2026-01-13 21:57:11","2026-01-13 21:57:11",NULL
2468,Karnal,0,"2026-01-13 21:57:11","2026-01-13 21:57:11",NULL
2469,Karnal,0,"2026-01-13 21:57:11","2026-01-13 21:57:11",NULL
2470,Karnal,0,"2026-01-13 21:57:11","2026-01-13 21:57:11",NULL
2471,Karnal,0,"2026-01-13 21:57:11","2026-01-13 21:57:11",NULL
2472,Karnal,0,"2026-01-13 21:57:11","2026-01-13 21:57:11",NULL
2473,Karnal,0,"2026-01-13 21:57:11","2026-01-13 21:57:11",NULL
2474,Karnal,0,"2026-01-13 21:57:11","2026-01-13 21:57:11",NULL
2475,Karnal,0,"2026-01-13 21:57:11","2026-01-13 21:57:11",NULL
2476,Karnal,0,"2026-01-13 21:57:11","2026-01-13 21:57:11",NULL
2477,Karnal,0,"2026-01-13 21:57:11","2026-01-13 21:57:11",NULL
2478,Karnal,0,"2026-01-13 21:57:11","2026-01-13 21:57:11",NULL
2479,Karnal,0,"2026-01-13 21:57:11","2026-01-13 21:57:11",NULL
2480,Karnal,0,"2026-01-13 21:57:11","2026-01-13 21:57:11",NULL
2481,Karnal,0,"2026-01-13 21:57:11","2026-01-13 21:57:11",NULL
2482,Karnal,0,"2026-01-13 21:57:11","2026-01-13 21:57:11",NULL
2483,Karnal,0,"2026-01-13 21:57:11","2026-01-13 21:57:11",NULL
2484,Karnal,0,"2026-01-13 21:57:11","2026-01-13 21:57:11",NULL
2485,Karnal,0,"2026-01-13 21:57:11","2026-01-13 21:57:11",NULL
2486,Karnal,0,"2026-01-13 21:57:11","2026-01-13 21:57:11",NULL
2487,Karnal,0,"2026-01-13 21:57:11","2026-01-13 21:57:11",NULL
2488,Karnal,0,"2026-01-13 21:57:11","2026-01-13 21:57:11",NULL
2489,Karnal,0,"2026-01-13 21:57:11","2026-01-13 21:57:11",NULL
2490,Karnal,0,"2026-01-13 21:57:11","2026-01-13 21:57:11",NULL
2491,Karnal,0,"2026-01-13 21:57:11","2026-01-13 21:57:11",NULL
2492,Karnal,0,"2026-01-13 21:57:11","2026-01-13 21:57:11",NULL
2493,Karnal,0,"2026-01-13 21:57:11","2026-01-13 21:57:11",NULL
2494,Karnal,0,"2026-01-13 21:57:11","2026-01-13 21:57:11",NULL
2495,Karnal,0,"2026-01-13 21:57:11","2026-01-13 21:57:11",NULL
2496,Karnal,0,"2026-01-13 21:57:11","2026-01-13 21:57:11",NULL
2497,Karnal,0,"2026-01-13 21:57:11","2026-01-13 21:57:11",NULL
2498,Karnal,0,"2026-01-13 21:57:11","2026-01-13 21:57:11",NULL
2499,Karnal,0,"2026-01-13 21:57:11","2026-01-13 21:57:11",NULL
2500,Karnal,0,"2026-01-13 21:57:11","2026-01-13 21:57:11",NULL
2501,Karnal,0,"2026-01-13 21:57:11","2026-01-13 21:57:11",NULL
2502,Karnal,0,"2026-01-13 21:57:11","2026-01-13 21:57:11",NULL
2503,Karnal,0,"2026-01-13 21:57:11","2026-01-13 21:57:11",NULL
2504,Karnal,0,"2026-01-13 21:57:11","2026-01-13 21:57:11",NULL
2505,Karnal,0,"2026-01-13 21:57:11","2026-01-13 21:57:11",NULL
2506,Karnal,0,"2026-01-13 21:57:11","2026-01-13 21:57:11",NULL
2507,Karnal,0,"2026-01-13 21:57:11","2026-01-13 21:57:11",NULL
2508,Karnal,0,"2026-01-13 21:57:11","2026-01-13 21:57:11",NULL
2509,Karnal,0,"2026-01-13 21:57:11","2026-01-13 21:57:11",NULL
2510,Karnal,0,"2026-01-13 21:57:11","2026-01-13 21:57:11",NULL
2511,Karnal,0,"2026-01-13 21:57:11","2026-01-13 21:57:11",NULL
2512,Karnal,0,"2026-01-13 21:57:11","2026-01-13 21:57:11",NULL
2513,Karnal,0,"2026-01-13 21:57:11","2026-01-13 21:57:11",NULL
2514,Karnal,0,"2026-01-13 21:57:11","2026-01-13 21:57:11",NULL
2515,Karnal,0,"2026-01-13 21:57:11","2026-01-13 21:57:11",NULL
2516,Karnal,0,"2026-01-13 21:57:11","2026-01-13 21:57:11",NULL
2517,Karnal,0,"2026-01-13 21:57:11","2026-01-13 21:57:11",NULL
2518,Karnal,0,"2026-01-13 21:57:11","2026-01-13 21:57:11",NULL
2519,Karnal,0,"2026-01-13 21:57:11","2026-01-13 21:57:11",NULL
2520,Karnal,0,"2026-01-13 21:57:11","2026-01-13 21:57:11",NULL
2521,Karnal,0,"2026-01-13 21:57:11","2026-01-13 21:57:11",NULL
2522,Karnal,0,"2026-01-13 21:57:11","2026-01-13 21:57:11",NULL
2523,Karnal,0,"2026-01-13 21:57:11","2026-01-13 21:57:11",NULL
2524,Karnal,0,"2026-01-13 21:57:11","2026-01-13 21:57:11",NULL
2525,Panipat,0,"2026-01-13 21:57:11","2026-01-13 21:57:11",NULL
2526,Panipat,0,"2026-01-13 21:57:11","2026-01-13 21:57:11",NULL
2527,Panipat,0,"2026-01-13 21:57:11","2026-01-13 21:57:11",NULL
2528,Panipat,0,"2026-01-13 21:57:11","2026-01-13 21:57:11",NULL
2529,Panipat,0,"2026-01-13 21:57:11","2026-01-13 21:57:11",NULL
2530,Panipat,0,"2026-01-13 21:57:11","2026-01-13 21:57:11",NULL
2531,Panipat,0,"2026-01-13 21:57:11","2026-01-13 21:57:11",NULL
2532,Panipat,0,"2026-01-13 21:57:11","2026-01-13 21:57:11",NULL
2533,Panipat,0,"2026-01-13 21:57:11","2026-01-13 21:57:11",NULL
2534,Panipat,0,"2026-01-13 21:57:11","2026-01-13 21:57:11",NULL
2535,Panipat,0,"2026-01-13 21:57:11","2026-01-13 21:57:11",NULL
2536,Panipat,0,"2026-01-13 21:57:11","2026-01-13 21:57:11",NULL
2537,Panipat,0,"2026-01-13 21:57:11","2026-01-13 21:57:11",NULL
2538,Panipat,0,"2026-01-13 21:57:11","2026-01-13 21:57:11",NULL
2539,Panipat,0,"2026-01-13 21:57:11","2026-01-13 21:57:11",NULL
2540,Panipat,0,"2026-01-13 21:57:11","2026-01-13 21:57:11",NULL
2541,Panipat,0,"2026-01-13 21:57:11","2026-01-13 21:57:11",NULL
2542,Panipat,0,"2026-01-13 21:57:11","2026-01-13 21:57:11",NULL
2543,Panipat,0,"2026-01-13 21:57:11","2026-01-13 21:57:11",NULL
2544,Panipat,0,"2026-01-13 21:57:11","2026-01-13 21:57:11",NULL
2545,Panipat,0,"2026-01-13 21:57:11","2026-01-13 21:57:11",NULL
2546,Panipat,0,"2026-01-13 21:57:11","2026-01-13 21:57:11",NULL
2547,Panipat,0,"2026-01-13 21:57:11","2026-01-13 21:57:11",NULL
2548,Panipat,0,"2026-01-13 21:57:11","2026-01-13 21:57:11",NULL
2549,Panipat,0,"2026-01-13 21:57:11","2026-01-13 21:57:11",NULL
2550,Panipat,0,"2026-01-13 21:57:11","2026-01-13 21:57:11",NULL
2551,Panipat,0,"2026-01-13 21:57:11","2026-01-13 21:57:11",NULL
2552,Panipat,0,"2026-01-13 21:57:11","2026-01-13 21:57:11",NULL
2553,Panipat,0,"2026-01-13 21:57:11","2026-01-13 21:57:11",NULL
2554,Panipat,0,"2026-01-13 21:57:11","2026-01-13 21:57:11",NULL
2555,Panipat,0,"2026-01-13 21:57:11","2026-01-13 21:57:11",NULL
2556,Panipat,0,"2026-01-13 21:57:11","2026-01-13 21:57:11",NULL
2557,Panipat,0,"2026-01-13 21:57:11","2026-01-13 21:57:11",NULL
2558,Panipat,0,"2026-01-13 21:57:11","2026-01-13 21:57:11",NULL
2559,Panipat,0,"2026-01-13 21:57:11","2026-01-13 21:57:11",NULL
2560,Panipat,0,"2026-01-13 21:57:11","2026-01-13 21:57:11",NULL
2561,Panipat,0,"2026-01-13 21:57:11","2026-01-13 21:57:11",NULL
2562,Panipat,0,"2026-01-13 21:57:11","2026-01-13 21:57:11",NULL
2563,Panipat,0,"2026-01-13 21:57:11","2026-01-13 21:57:11",NULL
2564,Panipat,0,"2026-01-13 21:57:11","2026-01-13 21:57:11",NULL
2565,Panipat,0,"2026-01-13 21:57:11","2026-01-13 21:57:11",NULL
2566,Panipat,0,"2026-01-13 21:57:11","2026-01-13 21:57:11",NULL
2567,Panipat,0,"2026-01-13 21:57:11","2026-01-13 21:57:11",NULL
2568,Panipat,0,"2026-01-13 21:57:11","2026-01-13 21:57:11",NULL
2569,Panipat,0,"2026-01-13 21:57:11","2026-01-13 21:57:11",NULL
2570,Panipat,0,"2026-01-13 21:57:11","2026-01-13 21:57:11",NULL
2571,Panipat,0,"2026-01-13 21:57:11","2026-01-13 21:57:11",NULL
2572,Ambala,0,"2026-01-13 21:57:11","2026-01-13 21:57:11",NULL
2573,Panipat,0,"2026-01-13 21:57:11","2026-01-13 21:57:11",NULL
2574,Panipat,0,"2026-01-13 21:57:11","2026-01-13 21:57:11",NULL
2575,Panipat,0,"2026-01-13 21:57:11","2026-01-13 21:57:11",NULL
2576,Panipat,0,"2026-01-13 21:57:11","2026-01-13 21:57:11",NULL
2577,Panipat,0,"2026-01-13 21:57:11","2026-01-13 21:57:11",NULL
2578,Panipat,0,"2026-01-13 21:57:11","2026-01-13 21:57:11",NULL
2579,Panipat,0,"2026-01-13 21:57:11","2026-01-13 21:57:11",NULL
2580,Panipat,0,"2026-01-13 21:57:11","2026-01-13 21:57:11",NULL
2581,Panipat,0,"2026-01-13 21:57:11","2026-01-13 21:57:11",NULL
2582,Panipat,0,"2026-01-13 21:57:11","2026-01-13 21:57:11",NULL
2583,Panipat,0,"2026-01-13 21:57:11","2026-01-13 21:57:11",NULL
2584,Panipat,0,"2026-01-13 21:57:11","2026-01-13 21:57:11",NULL
2585,Panipat,0,"2026-01-13 21:57:11","2026-01-13 21:57:11",NULL
2586,Panipat,0,"2026-01-13 21:57:11","2026-01-13 21:57:11",NULL
2587,Panipat,0,"2026-01-13 21:57:11","2026-01-13 21:57:11",NULL
2588,Panipat,0,"2026-01-13 21:57:11","2026-01-13 21:57:11",NULL
2589,Panipat,0,"2026-01-13 21:57:11","2026-01-13 21:57:11",NULL
2590,Panipat,0,"2026-01-13 21:57:11","2026-01-13 21:57:11",NULL
2591,Panipat,0,"2026-01-13 21:57:11","2026-01-13 21:57:11",NULL
2592,Panipat,0,"2026-01-13 21:57:11","2026-01-13 21:57:11",NULL
2593,Panipat,0,"2026-01-13 21:57:11","2026-01-13 21:57:11",NULL
2594,Panipat,0,"2026-01-13 21:57:11","2026-01-13 21:57:11",NULL
2595,Panipat,0,"2026-01-13 21:57:11","2026-01-13 21:57:11",NULL
2596,Panipat,0,"2026-01-13 21:57:11","2026-01-13 21:57:11",NULL
2597,Panipat,0,"2026-01-13 21:57:11","2026-01-13 21:57:11",NULL
2598,Panipat,0,"2026-01-13 21:57:11","2026-01-13 21:57:11",NULL
2599,Panipat,0,"2026-01-13 21:57:11","2026-01-13 21:57:11",NULL
2600,Panipat,0,"2026-01-13 21:57:11","2026-01-13 21:57:11",NULL
2601,Panipat,0,"2026-01-13 21:57:11","2026-01-13 21:57:11",NULL
2602,Karnal,0,"2026-01-13 21:57:11","2026-01-13 21:57:11",NULL
2603,Karnal,0,"2026-01-13 21:57:11","2026-01-13 21:57:11",NULL
2604,Karnal,0,"2026-01-13 21:57:11","2026-01-13 21:57:11",NULL
2605,Karnal,0,"2026-01-13 21:57:11","2026-01-13 21:57:11",NULL
2606,Karnal,0,"2026-01-13 21:57:11","2026-01-13 21:57:11",NULL
2607,Karnal,0,"2026-01-13 21:57:11","2026-01-13 21:57:11",NULL
2608,Karnal,0,"2026-01-13 21:57:11","2026-01-13 21:57:11",NULL
2609,Karnal,0,"2026-01-13 21:57:11","2026-01-13 21:57:11",NULL
2610,Karnal,0,"2026-01-13 21:57:11","2026-01-13 21:57:11",NULL
2611,Karnal,0,"2026-01-13 21:57:11","2026-01-13 21:57:11",NULL
2612,Karnal,0,"2026-01-13 21:57:11","2026-01-13 21:57:11",NULL
2613,Panipat,0,"2026-01-13 21:57:11","2026-01-13 21:57:11",NULL
2614,Panipat,0,"2026-01-13 21:57:11","2026-01-13 21:57:11",NULL
2615,Panipat,0,"2026-01-13 21:57:11","2026-01-13 21:57:11",NULL
2616,Panipat,0,"2026-01-13 21:57:11","2026-01-13 21:57:11",NULL
2617,Panipat,0,"2026-01-13 21:57:11","2026-01-13 21:57:11",NULL
2618,Karnal,0,"2026-01-13 21:57:11","2026-01-13 21:57:11",NULL
2619,Karnal,0,"2026-01-13 21:57:11","2026-01-13 21:57:11",NULL
2620,Karnal,0,"2026-01-13 21:57:11","2026-01-13 21:57:11",NULL
2621,Karnal,0,"2026-01-13 21:57:11","2026-01-13 21:57:11",NULL
2622,Karnal,0,"2026-01-13 21:57:11","2026-01-13 21:57:11",NULL
2623,Karnal,0,"2026-01-13 21:57:11","2026-01-13 21:57:11",NULL
2624,Karnal,0,"2026-01-13 21:57:11","2026-01-13 21:57:11",NULL
2625,Karnal,0,"2026-01-13 21:57:12","2026-01-13 21:57:12",NULL
2626,Karnal,0,"2026-01-13 21:57:12","2026-01-13 21:57:12",NULL
2627,Karnal,0,"2026-01-13 21:57:12","2026-01-13 21:57:12",NULL
2628,Karnal,0,"2026-01-13 21:57:12","2026-01-13 21:57:12",NULL
2629,Karnal,0,"2026-01-13 21:57:12","2026-01-13 21:57:12",NULL
2630,Karnal,0,"2026-01-13 21:57:12","2026-01-13 21:57:12",NULL
2631,Karnal,0,"2026-01-13 21:57:12","2026-01-13 21:57:12",NULL
2632,Karnal,0,"2026-01-13 21:57:12","2026-01-13 21:57:12",NULL
2633,Karnal,0,"2026-01-13 21:57:12","2026-01-13 21:57:12",NULL
2634,Karnal,0,"2026-01-13 21:57:12","2026-01-13 21:57:12",NULL
2635,Karnal,0,"2026-01-13 21:57:12","2026-01-13 21:57:12",NULL
2636,Karnal,0,"2026-01-13 21:57:12","2026-01-13 21:57:12",NULL
2637,Panipat,0,"2026-01-13 21:57:12","2026-01-13 21:57:12",NULL
2638,Panipat,0,"2026-01-13 21:57:12","2026-01-13 21:57:12",NULL
2639,Panipat,0,"2026-01-13 21:57:12","2026-01-13 21:57:12",NULL
2640,Panipat,0,"2026-01-13 21:57:12","2026-01-13 21:57:12",NULL
2641,Panipat,0,"2026-01-13 21:57:12","2026-01-13 21:57:12",NULL
2642,Panipat,0,"2026-01-13 21:57:12","2026-01-13 21:57:12",NULL
2643,Panipat,0,"2026-01-13 21:57:12","2026-01-13 21:57:12",NULL
2644,Panipat,0,"2026-01-13 21:57:12","2026-01-13 21:57:12",NULL
2645,Panipat,0,"2026-01-13 21:57:12","2026-01-13 21:57:12",NULL
2646,Panipat,0,"2026-01-13 21:57:12","2026-01-13 21:57:12",NULL
2647,Panipat,0,"2026-01-13 21:57:12","2026-01-13 21:57:12",NULL
2648,Panipat,0,"2026-01-13 21:57:12","2026-01-13 21:57:12",NULL
2649,Panipat,0,"2026-01-13 21:57:12","2026-01-13 21:57:12",NULL
2650,Panipat,0,"2026-01-13 21:57:12","2026-01-13 21:57:12",NULL
2651,Karnal,0,"2026-01-13 21:57:12","2026-01-13 21:57:12",NULL
2652,Karnal,0,"2026-01-13 21:57:12","2026-01-13 21:57:12",NULL
2653,Karnal,0,"2026-01-13 21:57:12","2026-01-13 21:57:12",NULL
2654,Karnal,0,"2026-01-13 21:57:12","2026-01-13 21:57:12",NULL
2655,Karnal,0,"2026-01-13 21:57:12","2026-01-13 21:57:12",NULL
2656,Karnal,0,"2026-01-13 21:57:12","2026-01-13 21:57:12",NULL
2657,Karnal,0,"2026-01-13 21:57:12","2026-01-13 21:57:12",NULL
2658,Karnal,0,"2026-01-13 21:57:12","2026-01-13 21:57:12",NULL
2659,Karnal,0,"2026-01-13 21:57:12","2026-01-13 21:57:12",NULL
2660,Ambala,0,"2026-01-13 21:57:12","2026-01-13 21:57:12",NULL
2661,Ambala,0,"2026-01-13 21:57:12","2026-01-13 21:57:12",NULL
2662,Ambala,0,"2026-01-13 21:57:12","2026-01-13 21:57:12",NULL
2663,Ambala,0,"2026-01-13 21:57:12","2026-01-13 21:57:12",NULL
2664,Ambala,0,"2026-01-13 21:57:12","2026-01-13 21:57:12",NULL
2665,Ambala,0,"2026-01-13 21:57:12","2026-01-13 21:57:12",NULL
2666,Ambala,0,"2026-01-13 21:57:12","2026-01-13 21:57:12",NULL
2667,Ambala,0,"2026-01-13 21:57:12","2026-01-13 21:57:12",NULL
2668,Ambala,0,"2026-01-13 21:57:12","2026-01-13 21:57:12",NULL
2669,Ambala,0,"2026-01-13 21:57:12","2026-01-13 21:57:12",NULL
2670,Ambala,0,"2026-01-13 21:57:12","2026-01-13 21:57:12",NULL
2671,Ambala,0,"2026-01-13 21:57:12","2026-01-13 21:57:12",NULL
2672,Ambala,0,"2026-01-13 21:57:12","2026-01-13 21:57:12",NULL
2673,Karnal,0,"2026-01-13 21:57:12","2026-01-13 21:57:12",NULL
2674,Karnal,0,"2026-01-13 21:57:12","2026-01-13 21:57:12",NULL
2675,Karnal,0,"2026-01-13 21:57:12","2026-01-13 21:57:12",NULL
2676,Karnal,0,"2026-01-13 21:57:12","2026-01-13 21:57:12",NULL
2677,Karnal,0,"2026-01-13 21:57:12","2026-01-13 21:57:12",NULL
2678,Karnal,0,"2026-01-13 21:57:12","2026-01-13 21:57:12",NULL
2679,Karnal,0,"2026-01-13 21:57:12","2026-01-13 21:57:12",NULL
2680,Karnal,0,"2026-01-13 21:57:12","2026-01-13 21:57:12",NULL
2681,Panipat,0,"2026-01-13 21:57:12","2026-01-13 21:57:12",NULL
2682,Panipat,0,"2026-01-13 21:57:12","2026-01-13 21:57:12",NULL
2683,Karnal,0,"2026-01-13 21:57:12","2026-01-13 21:57:12",NULL
2684,Karnal,0,"2026-01-13 21:57:12","2026-01-13 21:57:12",NULL
2685,Karnal,0,"2026-01-13 21:57:12","2026-01-13 21:57:12",NULL
2686,Karnal,0,"2026-01-13 21:57:12","2026-01-13 21:57:12",NULL
2687,Karnal,0,"2026-01-13 21:57:12","2026-01-13 21:57:12",NULL
2688,Karnal,0,"2026-01-13 21:57:12","2026-01-13 21:57:12",NULL
2689,Karnal,0,"2026-01-13 21:57:12","2026-01-13 21:57:12",NULL
2690,"Yamuna Nagar",0,"2026-01-13 21:57:12","2026-01-13 21:57:12",NULL
2691,"Yamuna Nagar",0,"2026-01-13 21:57:12","2026-01-13 21:57:12",NULL
2692,"Yamuna Nagar",0,"2026-01-13 21:57:12","2026-01-13 21:57:12",NULL
2693,"Yamuna Nagar",0,"2026-01-13 21:57:12","2026-01-13 21:57:12",NULL
2694,Ambala,0,"2026-01-13 21:57:12","2026-01-13 21:57:12",NULL
2695,Ambala,0,"2026-01-13 21:57:12","2026-01-13 21:57:12",NULL
2696,Ambala,0,"2026-01-13 21:57:12","2026-01-13 21:57:12",NULL
2697,Ambala,0,"2026-01-13 21:57:12","2026-01-13 21:57:12",NULL
2698,Ambala,0,"2026-01-13 21:57:12","2026-01-13 21:57:12",NULL
2699,Ambala,0,"2026-01-13 21:57:12","2026-01-13 21:57:12",NULL
2700,Ambala,0,"2026-01-13 21:57:12","2026-01-13 21:57:12",NULL
2701,Ambala,0,"2026-01-13 21:57:12","2026-01-13 21:57:12",NULL
2702,Ambala,0,"2026-01-13 21:57:12","2026-01-13 21:57:12",NULL
2703,Ambala,0,"2026-01-13 21:57:12","2026-01-13 21:57:12",NULL
2704,Ambala,0,"2026-01-13 21:57:12","2026-01-13 21:57:12",NULL
2705,Ambala,0,"2026-01-13 21:57:12","2026-01-13 21:57:12",NULL
2706,Ambala,0,"2026-01-13 21:57:12","2026-01-13 21:57:12",NULL
2707,Ambala,0,"2026-01-13 21:57:12","2026-01-13 21:57:12",NULL
2708,Ambala,0,"2026-01-13 21:57:12","2026-01-13 21:57:12",NULL
2709,Ambala,0,"2026-01-13 21:57:12","2026-01-13 21:57:12",NULL
2710,Ambala,0,"2026-01-13 21:57:12","2026-01-13 21:57:12",NULL
2711,Ambala,0,"2026-01-13 21:57:12","2026-01-13 21:57:12",NULL
2712,Ambala,0,"2026-01-13 21:57:12","2026-01-13 21:57:12",NULL
2713,Ambala,0,"2026-01-13 21:57:12","2026-01-13 21:57:12",NULL
2714,Ambala,0,"2026-01-13 21:57:12","2026-01-13 21:57:12",NULL
2715,Ambala,0,"2026-01-13 21:57:12","2026-01-13 21:57:12",NULL
2716,Ambala,0,"2026-01-13 21:57:12","2026-01-13 21:57:12",NULL
2717,Ambala,0,"2026-01-13 21:57:12","2026-01-13 21:57:12",NULL
2718,Ambala,0,"2026-01-13 21:57:12","2026-01-13 21:57:12",NULL
2719,"Yamuna Nagar",0,"2026-01-13 21:57:12","2026-01-13 21:57:12",NULL
2720,"Yamuna Nagar",0,"2026-01-13 21:57:12","2026-01-13 21:57:12",NULL
2721,"Yamuna Nagar",0,"2026-01-13 21:57:12","2026-01-13 21:57:12",NULL
2722,"Yamuna Nagar",0,"2026-01-13 21:57:12","2026-01-13 21:57:12",NULL
2723,"Yamuna Nagar",0,"2026-01-13 21:57:12","2026-01-13 21:57:12",NULL
2724,"Yamuna Nagar",0,"2026-01-13 21:57:12","2026-01-13 21:57:12",NULL
2725,"Yamuna Nagar",0,"2026-01-13 21:57:12","2026-01-13 21:57:12",NULL
2726,"Yamuna Nagar",0,"2026-01-13 21:57:12","2026-01-13 21:57:12",NULL
2727,"Yamuna Nagar",0,"2026-01-13 21:57:12","2026-01-13 21:57:12",NULL
2728,"Yamuna Nagar",0,"2026-01-13 21:57:12","2026-01-13 21:57:12",NULL
2729,Ambala,0,"2026-01-13 21:57:12","2026-01-13 21:57:12",NULL
2730,Ambala,0,"2026-01-13 21:57:12","2026-01-13 21:57:12",NULL
2731,Ambala,0,"2026-01-13 21:57:12","2026-01-13 21:57:12",NULL
2732,Ambala,0,"2026-01-13 21:57:12","2026-01-13 21:57:12",NULL
2733,Ambala,0,"2026-01-13 21:57:12","2026-01-13 21:57:12",NULL
2734,Ambala,0,"2026-01-13 21:57:12","2026-01-13 21:57:12",NULL
2735,Ambala,0,"2026-01-13 21:57:12","2026-01-13 21:57:12",NULL
2736,Ambala,0,"2026-01-13 21:57:12","2026-01-13 21:57:12",NULL
2737,"Yamuna Nagar",0,"2026-01-13 21:57:12","2026-01-13 21:57:12",NULL
2738,"Yamuna Nagar",0,"2026-01-13 21:57:12","2026-01-13 21:57:12",NULL
2739,Ambala,0,"2026-01-13 21:57:12","2026-01-13 21:57:12",NULL
2740,Ambala,0,"2026-01-13 21:57:12","2026-01-13 21:57:12",NULL
2741,Ambala,0,"2026-01-13 21:57:12","2026-01-13 21:57:12",NULL
2742,Ambala,0,"2026-01-13 21:57:12","2026-01-13 21:57:12",NULL
2743,Ambala,0,"2026-01-13 21:57:12","2026-01-13 21:57:12",NULL
2744,Ambala,0,"2026-01-13 21:57:12","2026-01-13 21:57:12",NULL
2745,"Yamuna Nagar",0,"2026-01-13 21:57:12","2026-01-13 21:57:12",NULL
2746,Ambala,0,"2026-01-13 21:57:12","2026-01-13 21:57:12",NULL
2747,Ambala,0,"2026-01-13 21:57:12","2026-01-13 21:57:12",NULL
2748,Ambala,0,"2026-01-13 21:57:12","2026-01-13 21:57:12",NULL
2749,Ambala,0,"2026-01-13 21:57:12","2026-01-13 21:57:12",NULL
2750,Ambala,0,"2026-01-13 21:57:12","2026-01-13 21:57:12",NULL
2751,Ambala,0,"2026-01-13 21:57:12","2026-01-13 21:57:12",NULL
2752,Ambala,0,"2026-01-13 21:57:12","2026-01-13 21:57:12",NULL
2753,Ambala,0,"2026-01-13 21:57:12","2026-01-13 21:57:12",NULL
2754,Ambala,0,"2026-01-13 21:57:12","2026-01-13 21:57:12",NULL
2755,Ambala,0,"2026-01-13 21:57:12","2026-01-13 21:57:12",NULL
2756,Ambala,0,"2026-01-13 21:57:12","2026-01-13 21:57:12",NULL
2757,Ambala,0,"2026-01-13 21:57:12","2026-01-13 21:57:12",NULL
2758,Ambala,0,"2026-01-13 21:57:12","2026-01-13 21:57:12",NULL
2759,Ambala,0,"2026-01-13 21:57:12","2026-01-13 21:57:12",NULL
2760,Ambala,0,"2026-01-13 21:57:12","2026-01-13 21:57:12",NULL
2761,"Yamuna Nagar",0,"2026-01-13 21:57:12","2026-01-13 21:57:12",NULL
2762,"Yamuna Nagar",0,"2026-01-13 21:57:12","2026-01-13 21:57:12",NULL
2763,"Yamuna Nagar",0,"2026-01-13 21:57:12","2026-01-13 21:57:12",NULL
2764,"Yamuna Nagar",0,"2026-01-13 21:57:12","2026-01-13 21:57:12",NULL
2765,"Yamuna Nagar",0,"2026-01-13 21:57:12","2026-01-13 21:57:12",NULL
2766,"Yamuna Nagar",0,"2026-01-13 21:57:12","2026-01-13 21:57:12",NULL
2767,"Yamuna Nagar",0,"2026-01-13 21:57:12","2026-01-13 21:57:12",NULL
2768,Ambala,0,"2026-01-13 21:57:12","2026-01-13 21:57:12",NULL
2769,Ambala,0,"2026-01-13 21:57:12","2026-01-13 21:57:12",NULL
2770,Ambala,0,"2026-01-13 21:57:12","2026-01-13 21:57:12",NULL
2771,Ambala,0,"2026-01-13 21:57:12","2026-01-13 21:57:12",NULL
2772,Ambala,0,"2026-01-13 21:57:12","2026-01-13 21:57:12",NULL
2773,Ambala,0,"2026-01-13 21:57:12","2026-01-13 21:57:12",NULL
2774,Panchkula,0,"2026-01-13 21:57:12","2026-01-13 21:57:12",NULL
2775,Panchkula,0,"2026-01-13 21:57:12","2026-01-13 21:57:12",NULL
2776,Panchkula,0,"2026-01-13 21:57:12","2026-01-13 21:57:12",NULL
2777,Panchkula,0,"2026-01-13 21:57:12","2026-01-13 21:57:12",NULL
2778,Panchkula,0,"2026-01-13 21:57:12","2026-01-13 21:57:12",NULL
2779,Panchkula,0,"2026-01-13 21:57:12","2026-01-13 21:57:12",NULL
2780,Panchkula,0,"2026-01-13 21:57:12","2026-01-13 21:57:12",NULL
2781,Panchkula,0,"2026-01-13 21:57:12","2026-01-13 21:57:12",NULL
2782,Panchkula,0,"2026-01-13 21:57:12","2026-01-13 21:57:12",NULL
2783,Panchkula,0,"2026-01-13 21:57:12","2026-01-13 21:57:12",NULL
2784,Panchkula,0,"2026-01-13 21:57:12","2026-01-13 21:57:12",NULL
2785,Panchkula,0,"2026-01-13 21:57:12","2026-01-13 21:57:12",NULL
2786,Panchkula,0,"2026-01-13 21:57:12","2026-01-13 21:57:12",NULL
2787,Panchkula,0,"2026-01-13 21:57:12","2026-01-13 21:57:12",NULL
2788,Panchkula,0,"2026-01-13 21:57:12","2026-01-13 21:57:12",NULL
2789,Panchkula,0,"2026-01-13 21:57:12","2026-01-13 21:57:12",NULL
2790,Panchkula,0,"2026-01-13 21:57:12","2026-01-13 21:57:12",NULL
2791,Panchkula,0,"2026-01-13 21:57:12","2026-01-13 21:57:12",NULL
2792,Panchkula,0,"2026-01-13 21:57:12","2026-01-13 21:57:12",NULL
2793,"Yamuna Nagar",0,"2026-01-13 21:57:12","2026-01-13 21:57:12",NULL
2794,"Yamuna Nagar",0,"2026-01-13 21:57:12","2026-01-13 21:57:12",NULL
2795,"Yamuna Nagar",0,"2026-01-13 21:57:12","2026-01-13 21:57:12",NULL
2796,"Yamuna Nagar",0,"2026-01-13 21:57:12","2026-01-13 21:57:12",NULL
2797,"Yamuna Nagar",0,"2026-01-13 21:57:12","2026-01-13 21:57:12",NULL
2798,"Yamuna Nagar",0,"2026-01-13 21:57:12","2026-01-13 21:57:12",NULL
2799,"Yamuna Nagar",0,"2026-01-13 21:57:12","2026-01-13 21:57:12",NULL
2800,"Yamuna Nagar",0,"2026-01-13 21:57:12","2026-01-13 21:57:12",NULL
2801,Ambala,0,"2026-01-13 21:57:12","2026-01-13 21:57:12",NULL
2802,Panchkula,0,"2026-01-13 21:57:12","2026-01-13 21:57:12",NULL
2803,Panchkula,0,"2026-01-13 21:57:12","2026-01-13 21:57:12",NULL
2804,Panchkula,0,"2026-01-13 21:57:12","2026-01-13 21:57:12",NULL
2805,Panchkula,0,"2026-01-13 21:57:12","2026-01-13 21:57:12",NULL
2806,Ambala,0,"2026-01-13 21:57:12","2026-01-13 21:57:12",NULL
2807,Ambala,0,"2026-01-13 21:57:12","2026-01-13 21:57:12",NULL
2808,Ambala,0,"2026-01-13 21:57:12","2026-01-13 21:57:12",NULL
2809,Ambala,0,"2026-01-13 21:57:12","2026-01-13 21:57:12",NULL
2810,Ambala,0,"2026-01-13 21:57:12","2026-01-13 21:57:12",NULL
2811,Ambala,0,"2026-01-13 21:57:12","2026-01-13 21:57:12",NULL
2812,Ambala,0,"2026-01-13 21:57:12","2026-01-13 21:57:12",NULL
2813,Ambala,0,"2026-01-13 21:57:12","2026-01-13 21:57:12",NULL
2814,Ambala,0,"2026-01-13 21:57:12","2026-01-13 21:57:12",NULL
2815,Ambala,0,"2026-01-13 21:57:12","2026-01-13 21:57:12",NULL
2816,Ambala,0,"2026-01-13 21:57:12","2026-01-13 21:57:12",NULL
2817,Ambala,0,"2026-01-13 21:57:12","2026-01-13 21:57:12",NULL
2818,Ambala,0,"2026-01-13 21:57:12","2026-01-13 21:57:12",NULL
2819,Ambala,0,"2026-01-13 21:57:12","2026-01-13 21:57:12",NULL
2820,Ambala,0,"2026-01-13 21:57:12","2026-01-13 21:57:12",NULL
2821,Ambala,0,"2026-01-13 21:57:12","2026-01-13 21:57:12",NULL
2822,Ambala,0,"2026-01-13 21:57:12","2026-01-13 21:57:12",NULL
2823,Ambala,0,"2026-01-13 21:57:12","2026-01-13 21:57:12",NULL
2824,Ambala,0,"2026-01-13 21:57:12","2026-01-13 21:57:12",NULL
2825,Ambala,0,"2026-01-13 21:57:12","2026-01-13 21:57:12",NULL
2826,Ambala,0,"2026-01-13 21:57:12","2026-01-13 21:57:12",NULL
2827,Ambala,0,"2026-01-13 21:57:12","2026-01-13 21:57:12",NULL
2828,Ambala,0,"2026-01-13 21:57:12","2026-01-13 21:57:12",NULL
2829,Ambala,0,"2026-01-13 21:57:12","2026-01-13 21:57:12",NULL
2830,Ambala,0,"2026-01-13 21:57:12","2026-01-13 21:57:12",NULL
2831,Ambala,0,"2026-01-13 21:57:12","2026-01-13 21:57:12",NULL
2832,Ambala,0,"2026-01-13 21:57:12","2026-01-13 21:57:12",NULL
2833,Ambala,0,"2026-01-13 21:57:12","2026-01-13 21:57:12",NULL
2834,Ambala,0,"2026-01-13 21:57:12","2026-01-13 21:57:12",NULL
2835,Ambala,0,"2026-01-13 21:57:12","2026-01-13 21:57:12",NULL
2836,Panchkula,0,"2026-01-13 21:57:12","2026-01-13 21:57:12",NULL
2837,Panchkula,0,"2026-01-13 21:57:12","2026-01-13 21:57:12",NULL
2838,Panchkula,0,"2026-01-13 21:57:12","2026-01-13 21:57:12",NULL
2839,Panchkula,0,"2026-01-13 21:57:12","2026-01-13 21:57:12",NULL
2840,Panchkula,0,"2026-01-13 21:57:12","2026-01-13 21:57:12",NULL
2841,Panchkula,0,"2026-01-13 21:57:12","2026-01-13 21:57:12",NULL
2842,Ambala,0,"2026-01-13 21:57:12","2026-01-13 21:57:12",NULL
2843,Ambala,0,"2026-01-13 21:57:12","2026-01-13 21:57:12",NULL
2844,Panchkula,0,"2026-01-13 21:57:12","2026-01-13 21:57:12",NULL
2845,Panchkula,0,"2026-01-13 21:57:12","2026-01-13 21:57:12",NULL
2846,Ambala,0,"2026-01-13 21:57:12","2026-01-13 21:57:12",NULL
2847,Panchkula,0,"2026-01-13 21:57:12","2026-01-13 21:57:12",NULL
2848,Panchkula,0,"2026-01-13 21:57:12","2026-01-13 21:57:12",NULL
2849,Panchkula,0,"2026-01-13 21:57:12","2026-01-13 21:57:12",NULL
2850,Ambala,0,"2026-01-13 21:57:12","2026-01-13 21:57:12",NULL
2851,Ambala,0,"2026-01-13 21:57:12","2026-01-13 21:57:12",NULL
2852,Ambala,0,"2026-01-13 21:57:12","2026-01-13 21:57:12",NULL
2853,Ambala,0,"2026-01-13 21:57:12","2026-01-13 21:57:12",NULL
2854,Ambala,0,"2026-01-13 21:57:12","2026-01-13 21:57:12",NULL
2855,Ambala,0,"2026-01-13 21:57:12","2026-01-13 21:57:12",NULL
2856,Ambala,0,"2026-01-13 21:57:12","2026-01-13 21:57:12",NULL
2857,Ambala,0,"2026-01-13 21:57:12","2026-01-13 21:57:12",NULL
2858,Panchkula,0,"2026-01-13 21:57:12","2026-01-13 21:57:12",NULL
2859,Ambala,0,"2026-01-13 21:57:12","2026-01-13 21:57:12",NULL
2860,Ambala,0,"2026-01-13 21:57:12","2026-01-13 21:57:12",NULL
2861,Ambala,0,"2026-01-13 21:57:12","2026-01-13 21:57:12",NULL
2862,Ambala,0,"2026-01-13 21:57:12","2026-01-13 21:57:12",NULL
2863,Ambala,0,"2026-01-13 21:57:12","2026-01-13 21:57:12",NULL
2864,Ambala,0,"2026-01-13 21:57:12","2026-01-13 21:57:12",NULL
2865,Ambala,0,"2026-01-13 21:57:12","2026-01-13 21:57:12",NULL
2866,Ambala,0,"2026-01-13 21:57:12","2026-01-13 21:57:12",NULL
2867,Ambala,0,"2026-01-13 21:57:12","2026-01-13 21:57:12",NULL
2868,Ambala,0,"2026-01-13 21:57:12","2026-01-13 21:57:12",NULL
2869,Ambala,0,"2026-01-13 21:57:12","2026-01-13 21:57:12",NULL
2870,Ambala,0,"2026-01-13 21:57:12","2026-01-13 21:57:12",NULL
2871,Ambala,0,"2026-01-13 21:57:12","2026-01-13 21:57:12",NULL
2872,Ambala,0,"2026-01-13 21:57:12","2026-01-13 21:57:12",NULL
2873,Ambala,0,"2026-01-13 21:57:12","2026-01-13 21:57:12",NULL
2874,Ambala,0,"2026-01-13 21:57:12","2026-01-13 21:57:12",NULL
2875,Panchkula,0,"2026-01-13 21:57:12","2026-01-13 21:57:12",NULL
2876,Ambala,0,"2026-01-13 21:57:12","2026-01-13 21:57:12",NULL
2877,Ambala,0,"2026-01-13 21:57:12","2026-01-13 21:57:12",NULL
2878,Ambala,0,"2026-01-13 21:57:12","2026-01-13 21:57:12",NULL
2879,Ambala,0,"2026-01-13 21:57:12","2026-01-13 21:57:12",NULL
2880,Ambala,0,"2026-01-13 21:57:12","2026-01-13 21:57:12",NULL
2881,Panchkula,0,"2026-01-13 21:57:12","2026-01-13 21:57:12",NULL
2882,Ambala,0,"2026-01-13 21:57:12","2026-01-13 21:57:12",NULL
2883,Ambala,0,"2026-01-13 21:57:12","2026-01-13 21:57:12",NULL
2884,Panchkula,0,"2026-01-13 21:57:12","2026-01-13 21:57:12",NULL
2885,Ambala,0,"2026-01-13 21:57:12","2026-01-13 21:57:12",NULL
2886,Ambala,0,"2026-01-13 21:57:12","2026-01-13 21:57:12",NULL
2887,Panchkula,0,"2026-01-13 21:57:12","2026-01-13 21:57:12",NULL
2888,Panchkula,0,"2026-01-13 21:57:12","2026-01-13 21:57:12",NULL
2889,Panchkula,0,"2026-01-13 21:57:12","2026-01-13 21:57:12",NULL
2890,Panchkula,0,"2026-01-13 21:57:12","2026-01-13 21:57:12",NULL
2891,Panchkula,0,"2026-01-13 21:57:12","2026-01-13 21:57:12",NULL
2892,Panchkula,0,"2026-01-13 21:57:12","2026-01-13 21:57:12",NULL
2893,"Yamuna Nagar",0,"2026-01-13 21:57:12","2026-01-13 21:57:12",NULL
2894,"Yamuna Nagar",0,"2026-01-13 21:57:12","2026-01-13 21:57:12",NULL
2895,"Yamuna Nagar",0,"2026-01-13 21:57:12","2026-01-13 21:57:12",NULL
2896,"Yamuna Nagar",0,"2026-01-13 21:57:12","2026-01-13 21:57:12",NULL
2897,"Yamuna Nagar",0,"2026-01-13 21:57:12","2026-01-13 21:57:12",NULL
2898,"Yamuna Nagar",0,"2026-01-13 21:57:12","2026-01-13 21:57:12",NULL
2899,"Yamuna Nagar",0,"2026-01-13 21:57:12","2026-01-13 21:57:12",NULL
2900,"Yamuna Nagar",0,"2026-01-13 21:57:12","2026-01-13 21:57:12",NULL
2901,"Yamuna Nagar",0,"2026-01-13 21:57:12","2026-01-13 21:57:12",NULL
2902,"Yamuna Nagar",0,"2026-01-13 21:57:12","2026-01-13 21:57:12",NULL
2903,"Yamuna Nagar",0,"2026-01-13 21:57:12","2026-01-13 21:57:12",NULL
2904,"Yamuna Nagar",0,"2026-01-13 21:57:12","2026-01-13 21:57:12",NULL
2905,"Yamuna Nagar",0,"2026-01-13 21:57:12","2026-01-13 21:57:12",NULL
2906,"Yamuna Nagar",0,"2026-01-13 21:57:12","2026-01-13 21:57:12",NULL
2907,"Yamuna Nagar",0,"2026-01-13 21:57:12","2026-01-13 21:57:12",NULL
2908,"Yamuna Nagar",0,"2026-01-13 21:57:12","2026-01-13 21:57:12",NULL
2909,"Yamuna Nagar",0,"2026-01-13 21:57:12","2026-01-13 21:57:12",NULL
2910,"Yamuna Nagar",0,"2026-01-13 21:57:12","2026-01-13 21:57:12",NULL
2911,"Yamuna Nagar",0,"2026-01-13 21:57:12","2026-01-13 21:57:12",NULL
2912,"Yamuna Nagar",0,"2026-01-13 21:57:12","2026-01-13 21:57:12",NULL
2913,"Yamuna Nagar",0,"2026-01-13 21:57:12","2026-01-13 21:57:12",NULL
2914,"Yamuna Nagar",0,"2026-01-13 21:57:12","2026-01-13 21:57:12",NULL
2915,Kurukshetra,0,"2026-01-13 21:57:12","2026-01-13 21:57:12",NULL
2916,"Yamuna Nagar",0,"2026-01-13 21:57:12","2026-01-13 21:57:12",NULL
2917,"Yamuna Nagar",0,"2026-01-13 21:57:12","2026-01-13 21:57:12",NULL
2918,"Yamuna Nagar",0,"2026-01-13 21:57:12","2026-01-13 21:57:12",NULL
2919,"Yamuna Nagar",0,"2026-01-13 21:57:12","2026-01-13 21:57:12",NULL
2920,"Yamuna Nagar",0,"2026-01-13 21:57:12","2026-01-13 21:57:12",NULL
2921,"Yamuna Nagar",0,"2026-01-13 21:57:12","2026-01-13 21:57:12",NULL
2922,"Yamuna Nagar",0,"2026-01-13 21:57:12","2026-01-13 21:57:12",NULL
2923,"Yamuna Nagar",0,"2026-01-13 21:57:12","2026-01-13 21:57:12",NULL
2924,"Yamuna Nagar",0,"2026-01-13 21:57:12","2026-01-13 21:57:12",NULL
2925,"Yamuna Nagar",0,"2026-01-13 21:57:12","2026-01-13 21:57:12",NULL
2926,"Yamuna Nagar",0,"2026-01-13 21:57:12","2026-01-13 21:57:12",NULL
2927,"Yamuna Nagar",0,"2026-01-13 21:57:12","2026-01-13 21:57:12",NULL
2928,"Yamuna Nagar",0,"2026-01-13 21:57:12","2026-01-13 21:57:12",NULL
2929,"Yamuna Nagar",0,"2026-01-13 21:57:12","2026-01-13 21:57:12",NULL
2930,"Yamuna Nagar",0,"2026-01-13 21:57:12","2026-01-13 21:57:12",NULL
2931,"Yamuna Nagar",0,"2026-01-13 21:57:12","2026-01-13 21:57:12",NULL
2932,"Yamuna Nagar",0,"2026-01-13 21:57:12","2026-01-13 21:57:12",NULL
2933,"Yamuna Nagar",0,"2026-01-13 21:57:12","2026-01-13 21:57:12",NULL
2934,"Yamuna Nagar",0,"2026-01-13 21:57:12","2026-01-13 21:57:12",NULL
2935,"Yamuna Nagar",0,"2026-01-13 21:57:12","2026-01-13 21:57:12",NULL
2936,"Yamuna Nagar",0,"2026-01-13 21:57:12","2026-01-13 21:57:12",NULL
2937,"Yamuna Nagar",0,"2026-01-13 21:57:12","2026-01-13 21:57:12",NULL
2938,"Yamuna Nagar",0,"2026-01-13 21:57:12","2026-01-13 21:57:12",NULL
2939,"Yamuna Nagar",0,"2026-01-13 21:57:12","2026-01-13 21:57:12",NULL
2940,"Yamuna Nagar",0,"2026-01-13 21:57:12","2026-01-13 21:57:12",NULL
2941,"Yamuna Nagar",0,"2026-01-13 21:57:12","2026-01-13 21:57:12",NULL
2942,"Yamuna Nagar",0,"2026-01-13 21:57:12","2026-01-13 21:57:12",NULL
2943,"Yamuna Nagar",0,"2026-01-13 21:57:12","2026-01-13 21:57:12",NULL
2944,"Yamuna Nagar",0,"2026-01-13 21:57:12","2026-01-13 21:57:12",NULL
2945,"Yamuna Nagar",0,"2026-01-13 21:57:12","2026-01-13 21:57:12",NULL
2946,"Yamuna Nagar",0,"2026-01-13 21:57:12","2026-01-13 21:57:12",NULL
2947,"Yamuna Nagar",0,"2026-01-13 21:57:12","2026-01-13 21:57:12",NULL
2948,"Yamuna Nagar",0,"2026-01-13 21:57:12","2026-01-13 21:57:12",NULL
2949,"Yamuna Nagar",0,"2026-01-13 21:57:12","2026-01-13 21:57:12",NULL
2950,"Yamuna Nagar",0,"2026-01-13 21:57:12","2026-01-13 21:57:12",NULL
2951,"Yamuna Nagar",0,"2026-01-13 21:57:12","2026-01-13 21:57:12",NULL
2952,"Yamuna Nagar",0,"2026-01-13 21:57:12","2026-01-13 21:57:12",NULL
2953,"Yamuna Nagar",0,"2026-01-13 21:57:12","2026-01-13 21:57:12",NULL
2954,"Yamuna Nagar",0,"2026-01-13 21:57:12","2026-01-13 21:57:12",NULL
2955,"Yamuna Nagar",0,"2026-01-13 21:57:12","2026-01-13 21:57:12",NULL
2956,"Yamuna Nagar",0,"2026-01-13 21:57:12","2026-01-13 21:57:12",NULL
2957,"Yamuna Nagar",0,"2026-01-13 21:57:12","2026-01-13 21:57:12",NULL
2958,"Yamuna Nagar",0,"2026-01-13 21:57:12","2026-01-13 21:57:12",NULL
2959,"Yamuna Nagar",0,"2026-01-13 21:57:12","2026-01-13 21:57:12",NULL
2960,"Yamuna Nagar",0,"2026-01-13 21:57:12","2026-01-13 21:57:12",NULL
2961,"Yamuna Nagar",0,"2026-01-13 21:57:12","2026-01-13 21:57:12",NULL
2962,"Yamuna Nagar",0,"2026-01-13 21:57:12","2026-01-13 21:57:12",NULL
2963,"Yamuna Nagar",0,"2026-01-13 21:57:12","2026-01-13 21:57:12",NULL
2964,"Yamuna Nagar",0,"2026-01-13 21:57:12","2026-01-13 21:57:12",NULL
2965,"Yamuna Nagar",0,"2026-01-13 21:57:12","2026-01-13 21:57:12",NULL
2966,"Yamuna Nagar",0,"2026-01-13 21:57:12","2026-01-13 21:57:12",NULL
2967,"Yamuna Nagar",0,"2026-01-13 21:57:12","2026-01-13 21:57:12",NULL
2968,"Yamuna Nagar",0,"2026-01-13 21:57:12","2026-01-13 21:57:12",NULL
2969,"Yamuna Nagar",0,"2026-01-13 21:57:12","2026-01-13 21:57:12",NULL
2970,"Yamuna Nagar",0,"2026-01-13 21:57:12","2026-01-13 21:57:12",NULL
2971,"Yamuna Nagar",0,"2026-01-13 21:57:12","2026-01-13 21:57:12",NULL
2972,"Yamuna Nagar",0,"2026-01-13 21:57:12","2026-01-13 21:57:12",NULL
2973,"Yamuna Nagar",0,"2026-01-13 21:57:12","2026-01-13 21:57:12",NULL
2974,"Yamuna Nagar",0,"2026-01-13 21:57:12","2026-01-13 21:57:12",NULL
2975,"Yamuna Nagar",0,"2026-01-13 21:57:12","2026-01-13 21:57:12",NULL
2976,"Yamuna Nagar",0,"2026-01-13 21:57:12","2026-01-13 21:57:12",NULL
2977,Kaithal,0,"2026-01-13 21:57:12","2026-01-13 21:57:12",NULL
2978,Kaithal,0,"2026-01-13 21:57:12","2026-01-13 21:57:12",NULL
2979,Kaithal,0,"2026-01-13 21:57:12","2026-01-13 21:57:12",NULL
2980,Kaithal,0,"2026-01-13 21:57:12","2026-01-13 21:57:12",NULL
2981,Kaithal,0,"2026-01-13 21:57:12","2026-01-13 21:57:12",NULL
2982,Kaithal,0,"2026-01-13 21:57:12","2026-01-13 21:57:12",NULL
2983,Kaithal,0,"2026-01-13 21:57:12","2026-01-13 21:57:12",NULL
2984,Kaithal,0,"2026-01-13 21:57:12","2026-01-13 21:57:12",NULL
2985,Kaithal,0,"2026-01-13 21:57:12","2026-01-13 21:57:12",NULL
2986,Kaithal,0,"2026-01-13 21:57:12","2026-01-13 21:57:12",NULL
2987,Kaithal,0,"2026-01-13 21:57:12","2026-01-13 21:57:12",NULL
2988,Kaithal,0,"2026-01-13 21:57:12","2026-01-13 21:57:12",NULL
2989,Kaithal,0,"2026-01-13 21:57:12","2026-01-13 21:57:12",NULL
2990,Kaithal,0,"2026-01-13 21:57:12","2026-01-13 21:57:12",NULL
2991,Kaithal,0,"2026-01-13 21:57:12","2026-01-13 21:57:12",NULL
2992,Kaithal,0,"2026-01-13 21:57:12","2026-01-13 21:57:12",NULL
2993,Kaithal,0,"2026-01-13 21:57:12","2026-01-13 21:57:12",NULL
2994,Kaithal,0,"2026-01-13 21:57:12","2026-01-13 21:57:12",NULL
2995,Kaithal,0,"2026-01-13 21:57:12","2026-01-13 21:57:12",NULL
2996,Kaithal,0,"2026-01-13 21:57:12","2026-01-13 21:57:12",NULL
2997,Kaithal,0,"2026-01-13 21:57:12","2026-01-13 21:57:12",NULL
2998,Kaithal,0,"2026-01-13 21:57:12","2026-01-13 21:57:12",NULL
2999,Kaithal,0,"2026-01-13 21:57:12","2026-01-13 21:57:12",NULL
3000,Kaithal,0,"2026-01-13 21:57:12","2026-01-13 21:57:12",NULL
3001,Kaithal,0,"2026-01-13 21:57:12","2026-01-13 21:57:12",NULL
3002,Kaithal,0,"2026-01-13 21:57:12","2026-01-13 21:57:12",NULL
3003,Kaithal,0,"2026-01-13 21:57:12","2026-01-13 21:57:12",NULL
3004,Kaithal,0,"2026-01-13 21:57:12","2026-01-13 21:57:12",NULL
3005,Kaithal,0,"2026-01-13 21:57:12","2026-01-13 21:57:12",NULL
3006,Kaithal,0,"2026-01-13 21:57:12","2026-01-13 21:57:12",NULL
3007,Kaithal,0,"2026-01-13 21:57:12","2026-01-13 21:57:12",NULL
3008,Kaithal,0,"2026-01-13 21:57:12","2026-01-13 21:57:12",NULL
3009,Kaithal,0,"2026-01-13 21:57:12","2026-01-13 21:57:12",NULL
3010,Kaithal,0,"2026-01-13 21:57:12","2026-01-13 21:57:12",NULL
3011,Kaithal,0,"2026-01-13 21:57:12","2026-01-13 21:57:12",NULL
3012,Kaithal,0,"2026-01-13 21:57:12","2026-01-13 21:57:12",NULL
3013,Kaithal,0,"2026-01-13 21:57:12","2026-01-13 21:57:12",NULL
3014,Kaithal,0,"2026-01-13 21:57:12","2026-01-13 21:57:12",NULL
3015,Kaithal,0,"2026-01-13 21:57:12","2026-01-13 21:57:12",NULL
3016,Kaithal,0,"2026-01-13 21:57:12","2026-01-13 21:57:12",NULL
3017,Kaithal,0,"2026-01-13 21:57:12","2026-01-13 21:57:12",NULL
3018,Kaithal,0,"2026-01-13 21:57:12","2026-01-13 21:57:12",NULL
3019,Kaithal,0,"2026-01-13 21:57:12","2026-01-13 21:57:12",NULL
3020,Kurukshetra,0,"2026-01-13 21:57:12","2026-01-13 21:57:12",NULL
3021,Kurukshetra,0,"2026-01-13 21:57:12","2026-01-13 21:57:12",NULL
3022,Kurukshetra,0,"2026-01-13 21:57:12","2026-01-13 21:57:12",NULL
3023,Kurukshetra,0,"2026-01-13 21:57:12","2026-01-13 21:57:12",NULL
3024,Kurukshetra,0,"2026-01-13 21:57:12","2026-01-13 21:57:12",NULL
3025,Kurukshetra,0,"2026-01-13 21:57:12","2026-01-13 21:57:12",NULL
3026,Kaithal,0,"2026-01-13 21:57:12","2026-01-13 21:57:12",NULL
3027,Kaithal,0,"2026-01-13 21:57:12","2026-01-13 21:57:12",NULL
3028,Kaithal,0,"2026-01-13 21:57:12","2026-01-13 21:57:12",NULL
3029,Kaithal,0,"2026-01-13 21:57:12","2026-01-13 21:57:12",NULL
3030,Kaithal,0,"2026-01-13 21:57:12","2026-01-13 21:57:12",NULL
3031,Kaithal,0,"2026-01-13 21:57:12","2026-01-13 21:57:12",NULL
3032,Kaithal,0,"2026-01-13 21:57:12","2026-01-13 21:57:12",NULL
3033,Kaithal,0,"2026-01-13 21:57:12","2026-01-13 21:57:12",NULL
3034,Kaithal,0,"2026-01-13 21:57:12","2026-01-13 21:57:12",NULL
3035,Kaithal,0,"2026-01-13 21:57:12","2026-01-13 21:57:12",NULL
3036,"Yamuna Nagar",0,"2026-01-13 21:57:12","2026-01-13 21:57:12",NULL
3037,"Yamuna Nagar",0,"2026-01-13 21:57:12","2026-01-13 21:57:12",NULL
3038,"Yamuna Nagar",0,"2026-01-13 21:57:12","2026-01-13 21:57:12",NULL
3039,"Yamuna Nagar",0,"2026-01-13 21:57:12","2026-01-13 21:57:12",NULL
3040,"Yamuna Nagar",0,"2026-01-13 21:57:12","2026-01-13 21:57:12",NULL
3041,"Yamuna Nagar",0,"2026-01-13 21:57:12","2026-01-13 21:57:12",NULL
3042,"Yamuna Nagar",0,"2026-01-13 21:57:12","2026-01-13 21:57:12",NULL
3043,"Yamuna Nagar",0,"2026-01-13 21:57:12","2026-01-13 21:57:12",NULL
3044,"Yamuna Nagar",0,"2026-01-13 21:57:12","2026-01-13 21:57:12",NULL
3045,Kaithal,0,"2026-01-13 21:57:12","2026-01-13 21:57:12",NULL
3046,Kaithal,0,"2026-01-13 21:57:12","2026-01-13 21:57:12",NULL
3047,Kaithal,0,"2026-01-13 21:57:12","2026-01-13 21:57:12",NULL
3048,Kaithal,0,"2026-01-13 21:57:12","2026-01-13 21:57:12",NULL
3049,Kaithal,0,"2026-01-13 21:57:12","2026-01-13 21:57:12",NULL
3050,Kaithal,0,"2026-01-13 21:57:12","2026-01-13 21:57:12",NULL
3051,Kaithal,0,"2026-01-13 21:57:12","2026-01-13 21:57:12",NULL
3052,Kaithal,0,"2026-01-13 21:57:12","2026-01-13 21:57:12",NULL
3053,Kaithal,0,"2026-01-13 21:57:12","2026-01-13 21:57:12",NULL
3054,Kaithal,0,"2026-01-13 21:57:12","2026-01-13 21:57:12",NULL
3055,Kaithal,0,"2026-01-13 21:57:12","2026-01-13 21:57:12",NULL
3056,Kaithal,0,"2026-01-13 21:57:12","2026-01-13 21:57:12",NULL
3057,Kaithal,0,"2026-01-13 21:57:12","2026-01-13 21:57:12",NULL
3058,Kaithal,0,"2026-01-13 21:57:12","2026-01-13 21:57:12",NULL
3059,Kaithal,0,"2026-01-13 21:57:12","2026-01-13 21:57:12",NULL
3060,Kaithal,0,"2026-01-13 21:57:12","2026-01-13 21:57:12",NULL
3061,Kaithal,0,"2026-01-13 21:57:12","2026-01-13 21:57:12",NULL
3062,Kaithal,0,"2026-01-13 21:57:12","2026-01-13 21:57:12",NULL
3063,Kaithal,0,"2026-01-13 21:57:12","2026-01-13 21:57:12",NULL
3064,Kaithal,0,"2026-01-13 21:57:12","2026-01-13 21:57:12",NULL
3065,Kaithal,0,"2026-01-13 21:57:12","2026-01-13 21:57:12",NULL
3066,Kaithal,0,"2026-01-13 21:57:12","2026-01-13 21:57:12",NULL
3067,Kaithal,0,"2026-01-13 21:57:12","2026-01-13 21:57:12",NULL
3068,Kaithal,0,"2026-01-13 21:57:12","2026-01-13 21:57:12",NULL
3069,Kaithal,0,"2026-01-13 21:57:12","2026-01-13 21:57:12",NULL
3070,Kaithal,0,"2026-01-13 21:57:12","2026-01-13 21:57:12",NULL
3071,Kaithal,0,"2026-01-13 21:57:12","2026-01-13 21:57:12",NULL
3072,Kaithal,0,"2026-01-13 21:57:12","2026-01-13 21:57:12",NULL
3073,Kaithal,0,"2026-01-13 21:57:12","2026-01-13 21:57:12",NULL
3074,Kaithal,0,"2026-01-13 21:57:12","2026-01-13 21:57:12",NULL
3075,Kaithal,0,"2026-01-13 21:57:12","2026-01-13 21:57:12",NULL
3076,Kaithal,0,"2026-01-13 21:57:12","2026-01-13 21:57:12",NULL
3077,Kaithal,0,"2026-01-13 21:57:12","2026-01-13 21:57:12",NULL
3078,Kaithal,0,"2026-01-13 21:57:12","2026-01-13 21:57:12",NULL
3079,Kaithal,0,"2026-01-13 21:57:12","2026-01-13 21:57:12",NULL
3080,Kaithal,0,"2026-01-13 21:57:12","2026-01-13 21:57:12",NULL
3081,Kaithal,0,"2026-01-13 21:57:12","2026-01-13 21:57:12",NULL
3082,Kaithal,0,"2026-01-13 21:57:12","2026-01-13 21:57:12",NULL
3083,Kurukshetra,0,"2026-01-13 21:57:12","2026-01-13 21:57:12",NULL
3084,Kurukshetra,0,"2026-01-13 21:57:12","2026-01-13 21:57:12",NULL
3085,Rupnagar,0,"2026-01-13 21:57:13","2026-01-13 21:57:13",NULL
3086,Kurukshetra,0,"2026-01-13 21:57:13","2026-01-13 21:57:13",NULL
3087,Kurukshetra,0,"2026-01-13 21:57:13","2026-01-13 21:57:13",NULL
3088,Kurukshetra,0,"2026-01-13 21:57:13","2026-01-13 21:57:13",NULL
3089,Kurukshetra,0,"2026-01-13 21:57:13","2026-01-13 21:57:13",NULL
3090,Kurukshetra,0,"2026-01-13 21:57:13","2026-01-13 21:57:13",NULL
3091,Kurukshetra,0,"2026-01-13 21:57:13","2026-01-13 21:57:13",NULL
3092,Kurukshetra,0,"2026-01-13 21:57:13","2026-01-13 21:57:13",NULL
3093,Kurukshetra,0,"2026-01-13 21:57:13","2026-01-13 21:57:13",NULL
3094,Kaithal,0,"2026-01-13 21:57:13","2026-01-13 21:57:13",NULL
3095,Kaithal,0,"2026-01-13 21:57:13","2026-01-13 21:57:13",NULL
3096,Kaithal,0,"2026-01-13 21:57:13","2026-01-13 21:57:13",NULL
3097,Kaithal,0,"2026-01-13 21:57:13","2026-01-13 21:57:13",NULL
3098,Kaithal,0,"2026-01-13 21:57:13","2026-01-13 21:57:13",NULL
3099,Kaithal,0,"2026-01-13 21:57:13","2026-01-13 21:57:13",NULL
3100,Kaithal,0,"2026-01-13 21:57:13","2026-01-13 21:57:13",NULL
3101,Kaithal,0,"2026-01-13 21:57:13","2026-01-13 21:57:13",NULL
3102,Kaithal,0,"2026-01-13 21:57:13","2026-01-13 21:57:13",NULL
3103,Kaithal,0,"2026-01-13 21:57:13","2026-01-13 21:57:13",NULL
3104,Kaithal,0,"2026-01-13 21:57:13","2026-01-13 21:57:13",NULL
3105,Kaithal,0,"2026-01-13 21:57:13","2026-01-13 21:57:13",NULL
3106,Kaithal,0,"2026-01-13 21:57:13","2026-01-13 21:57:13",NULL
3107,Kaithal,0,"2026-01-13 21:57:13","2026-01-13 21:57:13",NULL
3108,Kaithal,0,"2026-01-13 21:57:13","2026-01-13 21:57:13",NULL
3109,Kaithal,0,"2026-01-13 21:57:13","2026-01-13 21:57:13",NULL
3110,Kaithal,0,"2026-01-13 21:57:13","2026-01-13 21:57:13",NULL
3111,Kaithal,0,"2026-01-13 21:57:13","2026-01-13 21:57:13",NULL
3112,Kaithal,0,"2026-01-13 21:57:13","2026-01-13 21:57:13",NULL
3113,Kaithal,0,"2026-01-13 21:57:13","2026-01-13 21:57:13",NULL
3114,Kurukshetra,0,"2026-01-13 21:57:13","2026-01-13 21:57:13",NULL
3115,Kaithal,0,"2026-01-13 21:57:13","2026-01-13 21:57:13",NULL
3116,Kaithal,0,"2026-01-13 21:57:13","2026-01-13 21:57:13",NULL
3117,Kaithal,0,"2026-01-13 21:57:13","2026-01-13 21:57:13",NULL
3118,Kaithal,0,"2026-01-13 21:57:13","2026-01-13 21:57:13",NULL
3119,Kaithal,0,"2026-01-13 21:57:13","2026-01-13 21:57:13",NULL
3120,Kaithal,0,"2026-01-13 21:57:13","2026-01-13 21:57:13",NULL
3121,Kaithal,0,"2026-01-13 21:57:13","2026-01-13 21:57:13",NULL
3122,Kaithal,0,"2026-01-13 21:57:13","2026-01-13 21:57:13",NULL
3123,Kaithal,0,"2026-01-13 21:57:13","2026-01-13 21:57:13",NULL
3124,Kurukshetra,0,"2026-01-13 21:57:13","2026-01-13 21:57:13",NULL
3125,Kurukshetra,0,"2026-01-13 21:57:13","2026-01-13 21:57:13",NULL
3126,Kurukshetra,0,"2026-01-13 21:57:13","2026-01-13 21:57:13",NULL
3127,Kurukshetra,0,"2026-01-13 21:57:13","2026-01-13 21:57:13",NULL
3128,Kurukshetra,0,"2026-01-13 21:57:13","2026-01-13 21:57:13",NULL
3129,Kurukshetra,0,"2026-01-13 21:57:13","2026-01-13 21:57:13",NULL
3130,Kurukshetra,0,"2026-01-13 21:57:13","2026-01-13 21:57:13",NULL
3131,Kurukshetra,0,"2026-01-13 21:57:13","2026-01-13 21:57:13",NULL
3132,Kurukshetra,0,"2026-01-13 21:57:13","2026-01-13 21:57:13",NULL
3133,Kurukshetra,0,"2026-01-13 21:57:13","2026-01-13 21:57:13",NULL
3134,Kurukshetra,0,"2026-01-13 21:57:13","2026-01-13 21:57:13",NULL
3135,Kurukshetra,0,"2026-01-13 21:57:13","2026-01-13 21:57:13",NULL
3136,Kurukshetra,0,"2026-01-13 21:57:13","2026-01-13 21:57:13",NULL
3137,Kurukshetra,0,"2026-01-13 21:57:13","2026-01-13 21:57:13",NULL
3138,Kurukshetra,0,"2026-01-13 21:57:13","2026-01-13 21:57:13",NULL
3139,Kurukshetra,0,"2026-01-13 21:57:13","2026-01-13 21:57:13",NULL
3140,Kurukshetra,0,"2026-01-13 21:57:13","2026-01-13 21:57:13",NULL
3141,Kurukshetra,0,"2026-01-13 21:57:13","2026-01-13 21:57:13",NULL
3142,Kurukshetra,0,"2026-01-13 21:57:13","2026-01-13 21:57:13",NULL
3143,Kurukshetra,0,"2026-01-13 21:57:13","2026-01-13 21:57:13",NULL
3144,Kurukshetra,0,"2026-01-13 21:57:13","2026-01-13 21:57:13",NULL
3145,Kurukshetra,0,"2026-01-13 21:57:13","2026-01-13 21:57:13",NULL
3146,Kurukshetra,0,"2026-01-13 21:57:13","2026-01-13 21:57:13",NULL
3147,Kurukshetra,0,"2026-01-13 21:57:13","2026-01-13 21:57:13",NULL
3148,Kurukshetra,0,"2026-01-13 21:57:13","2026-01-13 21:57:13",NULL
3149,Kurukshetra,0,"2026-01-13 21:57:13","2026-01-13 21:57:13",NULL
3150,Kurukshetra,0,"2026-01-13 21:57:13","2026-01-13 21:57:13",NULL
3151,Kurukshetra,0,"2026-01-13 21:57:13","2026-01-13 21:57:13",NULL
3152,Kurukshetra,0,"2026-01-13 21:57:13","2026-01-13 21:57:13",NULL
3153,Kurukshetra,0,"2026-01-13 21:57:13","2026-01-13 21:57:13",NULL
3154,Kurukshetra,0,"2026-01-13 21:57:13","2026-01-13 21:57:13",NULL
3155,Kurukshetra,0,"2026-01-13 21:57:13","2026-01-13 21:57:13",NULL
3156,Kurukshetra,0,"2026-01-13 21:57:13","2026-01-13 21:57:13",NULL
3157,Kurukshetra,0,"2026-01-13 21:57:13","2026-01-13 21:57:13",NULL
3158,Kurukshetra,0,"2026-01-13 21:57:13","2026-01-13 21:57:13",NULL
3159,Kurukshetra,0,"2026-01-13 21:57:13","2026-01-13 21:57:13",NULL
3160,Kurukshetra,0,"2026-01-13 21:57:13","2026-01-13 21:57:13",NULL
3161,Kurukshetra,0,"2026-01-13 21:57:13","2026-01-13 21:57:13",NULL
3162,Kurukshetra,0,"2026-01-13 21:57:13","2026-01-13 21:57:13",NULL
3163,Kurukshetra,0,"2026-01-13 21:57:13","2026-01-13 21:57:13",NULL
3164,Kurukshetra,0,"2026-01-13 21:57:13","2026-01-13 21:57:13",NULL
3165,Kurukshetra,0,"2026-01-13 21:57:13","2026-01-13 21:57:13",NULL
3166,Kurukshetra,0,"2026-01-13 21:57:13","2026-01-13 21:57:13",NULL
3167,Kurukshetra,0,"2026-01-13 21:57:13","2026-01-13 21:57:13",NULL
3168,Kurukshetra,0,"2026-01-13 21:57:13","2026-01-13 21:57:13",NULL
3169,Kurukshetra,0,"2026-01-13 21:57:13","2026-01-13 21:57:13",NULL
3170,Kurukshetra,0,"2026-01-13 21:57:13","2026-01-13 21:57:13",NULL
3171,Kurukshetra,0,"2026-01-13 21:57:13","2026-01-13 21:57:13",NULL
3172,Kurukshetra,0,"2026-01-13 21:57:13","2026-01-13 21:57:13",NULL
3173,Kurukshetra,0,"2026-01-13 21:57:13","2026-01-13 21:57:13",NULL
3174,Kurukshetra,0,"2026-01-13 21:57:13","2026-01-13 21:57:13",NULL
3175,Kurukshetra,0,"2026-01-13 21:57:13","2026-01-13 21:57:13",NULL
3176,Kurukshetra,0,"2026-01-13 21:57:13","2026-01-13 21:57:13",NULL
3177,Kurukshetra,0,"2026-01-13 21:57:13","2026-01-13 21:57:13",NULL
3178,Kurukshetra,0,"2026-01-13 21:57:13","2026-01-13 21:57:13",NULL
3179,Kurukshetra,0,"2026-01-13 21:57:13","2026-01-13 21:57:13",NULL
3180,Kurukshetra,0,"2026-01-13 21:57:13","2026-01-13 21:57:13",NULL
3181,Kurukshetra,0,"2026-01-13 21:57:13","2026-01-13 21:57:13",NULL
3182,Kurukshetra,0,"2026-01-13 21:57:13","2026-01-13 21:57:13",NULL
3183,Kurukshetra,0,"2026-01-13 21:57:13","2026-01-13 21:57:13",NULL
3184,Kurukshetra,0,"2026-01-13 21:57:13","2026-01-13 21:57:13",NULL
3185,Kurukshetra,0,"2026-01-13 21:57:13","2026-01-13 21:57:13",NULL
3186,Kurukshetra,0,"2026-01-13 21:57:13","2026-01-13 21:57:13",NULL
3187,Kurukshetra,0,"2026-01-13 21:57:13","2026-01-13 21:57:13",NULL
3188,Kurukshetra,0,"2026-01-13 21:57:13","2026-01-13 21:57:13",NULL
3189,Kurukshetra,0,"2026-01-13 21:57:13","2026-01-13 21:57:13",NULL
3190,Kurukshetra,0,"2026-01-13 21:57:13","2026-01-13 21:57:13",NULL
3191,Kurukshetra,0,"2026-01-13 21:57:13","2026-01-13 21:57:13",NULL
3192,Kurukshetra,0,"2026-01-13 21:57:13","2026-01-13 21:57:13",NULL
3193,Kurukshetra,0,"2026-01-13 21:57:13","2026-01-13 21:57:13",NULL
3194,Kurukshetra,0,"2026-01-13 21:57:13","2026-01-13 21:57:13",NULL
3195,Kurukshetra,0,"2026-01-13 21:57:13","2026-01-13 21:57:13",NULL
3196,Kurukshetra,0,"2026-01-13 21:57:13","2026-01-13 21:57:13",NULL
3197,Kurukshetra,0,"2026-01-13 21:57:13","2026-01-13 21:57:13",NULL
3198,Kurukshetra,0,"2026-01-13 21:57:13","2026-01-13 21:57:13",NULL
3199,Kurukshetra,0,"2026-01-13 21:57:13","2026-01-13 21:57:13",NULL
3200,Kurukshetra,0,"2026-01-13 21:57:13","2026-01-13 21:57:13",NULL
3201,Kurukshetra,0,"2026-01-13 21:57:13","2026-01-13 21:57:13",NULL
3202,Kurukshetra,0,"2026-01-13 21:57:13","2026-01-13 21:57:13",NULL
3203,Kurukshetra,0,"2026-01-13 21:57:13","2026-01-13 21:57:13",NULL
3204,Kurukshetra,0,"2026-01-13 21:57:13","2026-01-13 21:57:13",NULL
3205,Kurukshetra,0,"2026-01-13 21:57:13","2026-01-13 21:57:13",NULL
3206,Kurukshetra,0,"2026-01-13 21:57:13","2026-01-13 21:57:13",NULL
3207,Kurukshetra,0,"2026-01-13 21:57:13","2026-01-13 21:57:13",NULL
3208,Kurukshetra,0,"2026-01-13 21:57:13","2026-01-13 21:57:13",NULL
3209,Kurukshetra,0,"2026-01-13 21:57:13","2026-01-13 21:57:13",NULL
3210,Kurukshetra,0,"2026-01-13 21:57:13","2026-01-13 21:57:13",NULL
3211,Kurukshetra,0,"2026-01-13 21:57:13","2026-01-13 21:57:13",NULL
3212,Kurukshetra,0,"2026-01-13 21:57:13","2026-01-13 21:57:13",NULL
3213,Kurukshetra,0,"2026-01-13 21:57:13","2026-01-13 21:57:13",NULL
3214,Rupnagar,0,"2026-01-13 21:57:13","2026-01-13 21:57:13",NULL
3215,Rupnagar,0,"2026-01-13 21:57:13","2026-01-13 21:57:13",NULL
3216,Rupnagar,0,"2026-01-13 21:57:13","2026-01-13 21:57:13",NULL
3217,Rupnagar,0,"2026-01-13 21:57:13","2026-01-13 21:57:13",NULL
3218,Rupnagar,0,"2026-01-13 21:57:13","2026-01-13 21:57:13",NULL
3219,Ropar,0,"2026-01-13 21:57:13","2026-01-13 21:57:13",NULL
3220,Rupnagar,0,"2026-01-13 21:57:13","2026-01-13 21:57:13",NULL
3221,Rupnagar,0,"2026-01-13 21:57:13","2026-01-13 21:57:13",NULL
3222,Rupnagar,0,"2026-01-13 21:57:13","2026-01-13 21:57:13",NULL
3223,Rupnagar,0,"2026-01-13 21:57:13","2026-01-13 21:57:13",NULL
3224,Ropar,0,"2026-01-13 21:57:13","2026-01-13 21:57:13",NULL
3225,Rupnagar,0,"2026-01-13 21:57:13","2026-01-13 21:57:13",NULL
3226,Rupnagar,0,"2026-01-13 21:57:13","2026-01-13 21:57:13",NULL
3227,Rupnagar,0,"2026-01-13 21:57:13","2026-01-13 21:57:13",NULL
3228,Ropar,0,"2026-01-13 21:57:13","2026-01-13 21:57:13",NULL
3229,Ropar,0,"2026-01-13 21:57:13","2026-01-13 21:57:13",NULL
3230,Ropar,0,"2026-01-13 21:57:13","2026-01-13 21:57:13",NULL
3231,Ropar,0,"2026-01-13 21:57:13","2026-01-13 21:57:13",NULL
3232,Rupnagar,0,"2026-01-13 21:57:13","2026-01-13 21:57:13",NULL
3233,Ropar,0,"2026-01-13 21:57:13","2026-01-13 21:57:13",NULL
3234,Rupnagar,0,"2026-01-13 21:57:13","2026-01-13 21:57:13",NULL
3235,Mohali,0,"2026-01-13 21:57:13","2026-01-13 21:57:13",NULL
3236,Rupnagar,0,"2026-01-13 21:57:13","2026-01-13 21:57:13",NULL
3237,Rupnagar,0,"2026-01-13 21:57:13","2026-01-13 21:57:13",NULL
3238,Rupnagar,0,"2026-01-13 21:57:13","2026-01-13 21:57:13",NULL
3239,Mohali,0,"2026-01-13 21:57:13","2026-01-13 21:57:13",NULL
3240,Rupnagar,0,"2026-01-13 21:57:13","2026-01-13 21:57:13",NULL
3241,Mohali,0,"2026-01-13 21:57:13","2026-01-13 21:57:13",NULL
3242,Mohali,0,"2026-01-13 21:57:13","2026-01-13 21:57:13",NULL
3243,Mohali,0,"2026-01-13 21:57:13","2026-01-13 21:57:13",NULL
3244,Rupnagar,0,"2026-01-13 21:57:13","2026-01-13 21:57:13",NULL
3245,Mohali,0,"2026-01-13 21:57:13","2026-01-13 21:57:13",NULL
3246,Rupnagar,0,"2026-01-13 21:57:13","2026-01-13 21:57:13",NULL
3247,Rupnagar,0,"2026-01-13 21:57:13","2026-01-13 21:57:13",NULL
3248,Rupnagar,0,"2026-01-13 21:57:13","2026-01-13 21:57:13",NULL
3249,Rupnagar,0,"2026-01-13 21:57:13","2026-01-13 21:57:13",NULL
3250,Rupnagar,0,"2026-01-13 21:57:13","2026-01-13 21:57:13",NULL
3251,Rupnagar,0,"2026-01-13 21:57:13","2026-01-13 21:57:13",NULL
3252,Rupnagar,0,"2026-01-13 21:57:13","2026-01-13 21:57:13",NULL
3253,Rupnagar,0,"2026-01-13 21:57:13","2026-01-13 21:57:13",NULL
3254,Rupnagar,0,"2026-01-13 21:57:13","2026-01-13 21:57:13",NULL
3255,Rupnagar,0,"2026-01-13 21:57:13","2026-01-13 21:57:13",NULL
3256,Rupnagar,0,"2026-01-13 21:57:13","2026-01-13 21:57:13",NULL
3257,Patiala,0,"2026-01-13 21:57:13","2026-01-13 21:57:13",NULL
3258,Rupnagar,0,"2026-01-13 21:57:13","2026-01-13 21:57:13",NULL
3259,Rupnagar,0,"2026-01-13 21:57:13","2026-01-13 21:57:13",NULL
3260,Rupnagar,0,"2026-01-13 21:57:13","2026-01-13 21:57:13",NULL
3261,Rupnagar,0,"2026-01-13 21:57:13","2026-01-13 21:57:13",NULL
3262,Rupnagar,0,"2026-01-13 21:57:13","2026-01-13 21:57:13",NULL
3263,Rupnagar,0,"2026-01-13 21:57:13","2026-01-13 21:57:13",NULL
3264,Mohali,0,"2026-01-13 21:57:13","2026-01-13 21:57:13",NULL
3265,Rupnagar,0,"2026-01-13 21:57:13","2026-01-13 21:57:13",NULL
3266,Rupnagar,0,"2026-01-13 21:57:13","2026-01-13 21:57:13",NULL
3267,Rupnagar,0,"2026-01-13 21:57:13","2026-01-13 21:57:13",NULL
3268,Rupnagar,0,"2026-01-13 21:57:13","2026-01-13 21:57:13",NULL
3269,Rupnagar,0,"2026-01-13 21:57:13","2026-01-13 21:57:13",NULL
3270,Rupnagar,0,"2026-01-13 21:57:13","2026-01-13 21:57:13",NULL
3271,Rupnagar,0,"2026-01-13 21:57:13","2026-01-13 21:57:13",NULL
3272,Rupnagar,0,"2026-01-13 21:57:13","2026-01-13 21:57:13",NULL
3273,Rupnagar,0,"2026-01-13 21:57:13","2026-01-13 21:57:13",NULL
3274,Rupnagar,0,"2026-01-13 21:57:13","2026-01-13 21:57:13",NULL
3275,Rupnagar,0,"2026-01-13 21:57:13","2026-01-13 21:57:13",NULL
3276,Ropar,0,"2026-01-13 21:57:13","2026-01-13 21:57:13",NULL
3277,Rupnagar,0,"2026-01-13 21:57:13","2026-01-13 21:57:13",NULL
3278,Rupnagar,0,"2026-01-13 21:57:13","2026-01-13 21:57:13",NULL
3279,Rupnagar,0,"2026-01-13 21:57:13","2026-01-13 21:57:13",NULL
3280,Ropar,0,"2026-01-13 21:57:13","2026-01-13 21:57:13",NULL
3281,Rupnagar,0,"2026-01-13 21:57:13","2026-01-13 21:57:13",NULL
3282,Rupnagar,0,"2026-01-13 21:57:13","2026-01-13 21:57:13",NULL
3283,Ropar,0,"2026-01-13 21:57:13","2026-01-13 21:57:13",NULL
3284,Rupnagar,0,"2026-01-13 21:57:13","2026-01-13 21:57:13",NULL
3285,Rupnagar,0,"2026-01-13 21:57:13","2026-01-13 21:57:13",NULL
3286,Rupnagar,0,"2026-01-13 21:57:13","2026-01-13 21:57:13",NULL
3287,Rupnagar,0,"2026-01-13 21:57:13","2026-01-13 21:57:13",NULL
3288,Rupnagar,0,"2026-01-13 21:57:13","2026-01-13 21:57:13",NULL
3289,Rupnagar,0,"2026-01-13 21:57:13","2026-01-13 21:57:13",NULL
3290,Rupnagar,0,"2026-01-13 21:57:13","2026-01-13 21:57:13",NULL
3291,Rupnagar,0,"2026-01-13 21:57:13","2026-01-13 21:57:13",NULL
3292,Ropar,0,"2026-01-13 21:57:13","2026-01-13 21:57:13",NULL
3293,Ropar,0,"2026-01-13 21:57:13","2026-01-13 21:57:13",NULL
3294,Ropar,0,"2026-01-13 21:57:13","2026-01-13 21:57:13",NULL
3295,Rupnagar,0,"2026-01-13 21:57:13","2026-01-13 21:57:13",NULL
3296,Rupnagar,0,"2026-01-13 21:57:13","2026-01-13 21:57:13",NULL
3297,Rupnagar,0,"2026-01-13 21:57:13","2026-01-13 21:57:13",NULL
3298,Ropar,0,"2026-01-13 21:57:13","2026-01-13 21:57:13",NULL
3299,Chandigarh,0,"2026-01-13 21:57:13","2026-01-13 21:57:13",NULL
3300,Ropar,0,"2026-01-13 21:57:13","2026-01-13 21:57:13",NULL
3301,Rupnagar,0,"2026-01-13 21:57:13","2026-01-13 21:57:13",NULL
3302,Rupnagar,0,"2026-01-13 21:57:13","2026-01-13 21:57:13",NULL
3303,Rupnagar,0,"2026-01-13 21:57:13","2026-01-13 21:57:13",NULL
3304,Rupnagar,0,"2026-01-13 21:57:13","2026-01-13 21:57:13",NULL
3305,Rupnagar,0,"2026-01-13 21:57:13","2026-01-13 21:57:13",NULL
3306,Rupnagar,0,"2026-01-13 21:57:13","2026-01-13 21:57:13",NULL
3307,Rupnagar,0,"2026-01-13 21:57:13","2026-01-13 21:57:13",NULL
3308,Rupnagar,0,"2026-01-13 21:57:13","2026-01-13 21:57:13",NULL
3309,Rupnagar,0,"2026-01-13 21:57:13","2026-01-13 21:57:13",NULL
3310,Rupnagar,0,"2026-01-13 21:57:13","2026-01-13 21:57:13",NULL
3311,Ropar,0,"2026-01-13 21:57:13","2026-01-13 21:57:13",NULL
3312,Ropar,0,"2026-01-13 21:57:13","2026-01-13 21:57:13",NULL
3313,Mohali,0,"2026-01-13 21:57:13","2026-01-13 21:57:13",NULL
3314,Mohali,0,"2026-01-13 21:57:13","2026-01-13 21:57:13",NULL
3315,Mohali,0,"2026-01-13 21:57:13","2026-01-13 21:57:13",NULL
3316,Mohali,0,"2026-01-13 21:57:13","2026-01-13 21:57:13",NULL
3317,Mohali,0,"2026-01-13 21:57:13","2026-01-13 21:57:13",NULL
3318,Mohali,0,"2026-01-13 21:57:13","2026-01-13 21:57:13",NULL
3319,Mohali,0,"2026-01-13 21:57:13","2026-01-13 21:57:13",NULL
3320,Rupnagar,0,"2026-01-13 21:57:13","2026-01-13 21:57:13",NULL
3321,Rupnagar,0,"2026-01-13 21:57:13","2026-01-13 21:57:13",NULL
3322,Rupnagar,0,"2026-01-13 21:57:13","2026-01-13 21:57:13",NULL
3323,Mohali,0,"2026-01-13 21:57:13","2026-01-13 21:57:13",NULL
3324,Mohali,0,"2026-01-13 21:57:13","2026-01-13 21:57:13",NULL
3325,Rupnagar,0,"2026-01-13 21:57:13","2026-01-13 21:57:13",NULL
3326,Rupnagar,0,"2026-01-13 21:57:13","2026-01-13 21:57:13",NULL
3327,Rupnagar,0,"2026-01-13 21:57:13","2026-01-13 21:57:13",NULL
3328,Rupnagar,0,"2026-01-13 21:57:13","2026-01-13 21:57:13",NULL
3329,Rupnagar,0,"2026-01-13 21:57:13","2026-01-13 21:57:13",NULL
3330,Rupnagar,0,"2026-01-13 21:57:13","2026-01-13 21:57:13",NULL
3331,Mohali,0,"2026-01-13 21:57:13","2026-01-13 21:57:13",NULL
3332,Rupnagar,0,"2026-01-13 21:57:13","2026-01-13 21:57:13",NULL
3333,Rupnagar,0,"2026-01-13 21:57:13","2026-01-13 21:57:13",NULL
3334,Mohali,0,"2026-01-13 21:57:13","2026-01-13 21:57:13",NULL
3335,Rupnagar,0,"2026-01-13 21:57:13","2026-01-13 21:57:13",NULL
3336,Rupnagar,0,"2026-01-13 21:57:13","2026-01-13 21:57:13",NULL
3337,Mohali,0,"2026-01-13 21:57:13","2026-01-13 21:57:13",NULL
3338,Rupnagar,0,"2026-01-13 21:57:13","2026-01-13 21:57:13",NULL
3339,Rupnagar,0,"2026-01-13 21:57:13","2026-01-13 21:57:13",NULL
3340,Rupnagar,0,"2026-01-13 21:57:13","2026-01-13 21:57:13",NULL
3341,Rupnagar,0,"2026-01-13 21:57:13","2026-01-13 21:57:13",NULL
3342,Patiala,0,"2026-01-13 21:57:13","2026-01-13 21:57:13",NULL
3343,Patiala,0,"2026-01-13 21:57:13","2026-01-13 21:57:13",NULL
3344,Patiala,0,"2026-01-13 21:57:13","2026-01-13 21:57:13",NULL
3345,Patiala,0,"2026-01-13 21:57:13","2026-01-13 21:57:13",NULL
3346,Patiala,0,"2026-01-13 21:57:13","2026-01-13 21:57:13",NULL
3347,Patiala,0,"2026-01-13 21:57:13","2026-01-13 21:57:13",NULL
3348,Patiala,0,"2026-01-13 21:57:13","2026-01-13 21:57:13",NULL
3349,Patiala,0,"2026-01-13 21:57:13","2026-01-13 21:57:13",NULL
3350,Patiala,0,"2026-01-13 21:57:13","2026-01-13 21:57:13",NULL
3351,Patiala,0,"2026-01-13 21:57:13","2026-01-13 21:57:13",NULL
3352,Patiala,0,"2026-01-13 21:57:13","2026-01-13 21:57:13",NULL
3353,Patiala,0,"2026-01-13 21:57:13","2026-01-13 21:57:13",NULL
3354,Patiala,0,"2026-01-13 21:57:13","2026-01-13 21:57:13",NULL
3355,Chandigarh,0,"2026-01-13 21:57:13","2026-01-13 21:57:13",NULL
3356,Rupnagar,0,"2026-01-13 21:57:13","2026-01-13 21:57:13",NULL
3357,Rupnagar,0,"2026-01-13 21:57:13","2026-01-13 21:57:13",NULL
3358,Ropar,0,"2026-01-13 21:57:13","2026-01-13 21:57:13",NULL
3359,Ropar,0,"2026-01-13 21:57:13","2026-01-13 21:57:13",NULL
3360,Rupnagar,0,"2026-01-13 21:57:13","2026-01-13 21:57:13",NULL
3361,Ropar,0,"2026-01-13 21:57:13","2026-01-13 21:57:13",NULL
3362,Rupnagar,0,"2026-01-13 21:57:13","2026-01-13 21:57:13",NULL
3363,Rupnagar,0,"2026-01-13 21:57:13","2026-01-13 21:57:13",NULL
3364,Rupnagar,0,"2026-01-13 21:57:13","2026-01-13 21:57:13",NULL
3365,Rupnagar,0,"2026-01-13 21:57:13","2026-01-13 21:57:13",NULL
3366,Rupnagar,0,"2026-01-13 21:57:13","2026-01-13 21:57:13",NULL
3367,Rupnagar,0,"2026-01-13 21:57:13","2026-01-13 21:57:13",NULL
3368,Ropar,0,"2026-01-13 21:57:13","2026-01-13 21:57:13",NULL
3369,Ropar,0,"2026-01-13 21:57:13","2026-01-13 21:57:13",NULL
3370,Rupnagar,0,"2026-01-13 21:57:13","2026-01-13 21:57:13",NULL
3371,Rupnagar,0,"2026-01-13 21:57:13","2026-01-13 21:57:13",NULL
3372,Rupnagar,0,"2026-01-13 21:57:13","2026-01-13 21:57:13",NULL
3373,Chandigarh,0,"2026-01-13 21:57:13","2026-01-13 21:57:13",NULL
3374,Rupnagar,0,"2026-01-13 21:57:13","2026-01-13 21:57:13",NULL
3375,Patiala,0,"2026-01-13 21:57:13","2026-01-13 21:57:13",NULL
3376,Mohali,0,"2026-01-13 21:57:13","2026-01-13 21:57:13",NULL
3377,Patiala,0,"2026-01-13 21:57:13","2026-01-13 21:57:13",NULL
3378,Rupnagar,0,"2026-01-13 21:57:13","2026-01-13 21:57:13",NULL
3379,Rupnagar,0,"2026-01-13 21:57:13","2026-01-13 21:57:13",NULL
3380,Rupnagar,0,"2026-01-13 21:57:13","2026-01-13 21:57:13",NULL
3381,Rupnagar,0,"2026-01-13 21:57:13","2026-01-13 21:57:13",NULL
3382,Rupnagar,0,"2026-01-13 21:57:13","2026-01-13 21:57:13",NULL
3383,Rupnagar,0,"2026-01-13 21:57:13","2026-01-13 21:57:13",NULL
3384,Rupnagar,0,"2026-01-13 21:57:13","2026-01-13 21:57:13",NULL
3385,Mohali,0,"2026-01-13 21:57:13","2026-01-13 21:57:13",NULL
3386,Mohali,0,"2026-01-13 21:57:13","2026-01-13 21:57:13",NULL
3387,Mohali,0,"2026-01-13 21:57:13","2026-01-13 21:57:13",NULL
3388,Patiala,0,"2026-01-13 21:57:13","2026-01-13 21:57:13",NULL
3389,Patiala,0,"2026-01-13 21:57:13","2026-01-13 21:57:13",NULL
3390,Patiala,0,"2026-01-13 21:57:13","2026-01-13 21:57:13",NULL
3391,Patiala,0,"2026-01-13 21:57:13","2026-01-13 21:57:13",NULL
3392,"Fatehgarh Sahib",0,"2026-01-13 21:57:13","2026-01-13 21:57:13",NULL
3393,"Fatehgarh Sahib",0,"2026-01-13 21:57:13","2026-01-13 21:57:13",NULL
3394,"Fatehgarh Sahib",0,"2026-01-13 21:57:13","2026-01-13 21:57:13",NULL
3395,"Fatehgarh Sahib",0,"2026-01-13 21:57:13","2026-01-13 21:57:13",NULL
3396,"Fatehgarh Sahib",0,"2026-01-13 21:57:13","2026-01-13 21:57:13",NULL
3397,"Fatehgarh Sahib",0,"2026-01-13 21:57:13","2026-01-13 21:57:13",NULL
3398,"Fatehgarh Sahib",0,"2026-01-13 21:57:13","2026-01-13 21:57:13",NULL
3399,"Fatehgarh Sahib",0,"2026-01-13 21:57:13","2026-01-13 21:57:13",NULL
3400,Patiala,0,"2026-01-13 21:57:13","2026-01-13 21:57:13",NULL
3401,"Fatehgarh Sahib",0,"2026-01-13 21:57:13","2026-01-13 21:57:13",NULL
3402,"Fatehgarh Sahib",0,"2026-01-13 21:57:13","2026-01-13 21:57:13",NULL
3403,"Fatehgarh Sahib",0,"2026-01-13 21:57:13","2026-01-13 21:57:13",NULL
3404,"Fatehgarh Sahib",0,"2026-01-13 21:57:13","2026-01-13 21:57:13",NULL
3405,"Fatehgarh Sahib",0,"2026-01-13 21:57:13","2026-01-13 21:57:13",NULL
3406,"Fatehgarh Sahib",0,"2026-01-13 21:57:13","2026-01-13 21:57:13",NULL
3407,"Fatehgarh Sahib",0,"2026-01-13 21:57:13","2026-01-13 21:57:13",NULL
3408,Patiala,0,"2026-01-13 21:57:13","2026-01-13 21:57:13",NULL
3409,"Fatehgarh Sahib",0,"2026-01-13 21:57:13","2026-01-13 21:57:13",NULL
3410,"Fatehgarh Sahib",0,"2026-01-13 21:57:13","2026-01-13 21:57:13",NULL
3411,"Fatehgarh Sahib",0,"2026-01-13 21:57:13","2026-01-13 21:57:13",NULL
3412,"Fatehgarh Sahib",0,"2026-01-13 21:57:13","2026-01-13 21:57:13",NULL
3413,"Fatehgarh Sahib",0,"2026-01-13 21:57:13","2026-01-13 21:57:13",NULL
3414,"Fatehgarh Sahib",0,"2026-01-13 21:57:13","2026-01-13 21:57:13",NULL
3415,"Fatehgarh Sahib",0,"2026-01-13 21:57:13","2026-01-13 21:57:13",NULL
3416,Patiala,0,"2026-01-13 21:57:13","2026-01-13 21:57:13",NULL
3417,"Fatehgarh Sahib",0,"2026-01-13 21:57:13","2026-01-13 21:57:13",NULL
3418,"Fatehgarh Sahib",0,"2026-01-13 21:57:13","2026-01-13 21:57:13",NULL
3419,"Fatehgarh Sahib",0,"2026-01-13 21:57:13","2026-01-13 21:57:13",NULL
3420,"Fatehgarh Sahib",0,"2026-01-13 21:57:13","2026-01-13 21:57:13",NULL
3421,"Fatehgarh Sahib",0,"2026-01-13 21:57:13","2026-01-13 21:57:13",NULL
3422,"Fatehgarh Sahib",0,"2026-01-13 21:57:13","2026-01-13 21:57:13",NULL
3423,Patiala,0,"2026-01-13 21:57:13","2026-01-13 21:57:13",NULL
3424,"Fatehgarh Sahib",0,"2026-01-13 21:57:13","2026-01-13 21:57:13",NULL
3425,Ludhiana,0,"2026-01-13 21:57:13","2026-01-13 21:57:13",NULL
3426,"Fatehgarh Sahib",0,"2026-01-13 21:57:13","2026-01-13 21:57:13",NULL
3427,"Fatehgarh Sahib",0,"2026-01-13 21:57:13","2026-01-13 21:57:13",NULL
3428,Patiala,0,"2026-01-13 21:57:13","2026-01-13 21:57:13",NULL
3429,"Fatehgarh Sahib",0,"2026-01-13 21:57:13","2026-01-13 21:57:13",NULL
3430,"Fatehgarh Sahib",0,"2026-01-13 21:57:13","2026-01-13 21:57:13",NULL
3431,Rupnagar,0,"2026-01-13 21:57:13","2026-01-13 21:57:13",NULL
3432,Mohali,0,"2026-01-13 21:57:13","2026-01-13 21:57:13",NULL
3433,Mohali,0,"2026-01-13 21:57:13","2026-01-13 21:57:13",NULL
3434,Rupnagar,0,"2026-01-13 21:57:13","2026-01-13 21:57:13",NULL
3435,Mohali,0,"2026-01-13 21:57:13","2026-01-13 21:57:13",NULL
3436,Rupnagar,0,"2026-01-13 21:57:13","2026-01-13 21:57:13",NULL
3437,Patiala,0,"2026-01-13 21:57:13","2026-01-13 21:57:13",NULL
3438,Patiala,0,"2026-01-13 21:57:13","2026-01-13 21:57:13",NULL
3439,Patiala,0,"2026-01-13 21:57:13","2026-01-13 21:57:13",NULL
3440,Patiala,0,"2026-01-13 21:57:13","2026-01-13 21:57:13",NULL
3441,Patiala,0,"2026-01-13 21:57:13","2026-01-13 21:57:13",NULL
3442,Patiala,0,"2026-01-13 21:57:13","2026-01-13 21:57:13",NULL
3443,Patiala,0,"2026-01-13 21:57:13","2026-01-13 21:57:13",NULL
3444,"Fatehgarh Sahib",0,"2026-01-13 21:57:13","2026-01-13 21:57:13",NULL
3445,Patiala,0,"2026-01-13 21:57:13","2026-01-13 21:57:13",NULL
3446,Patiala,0,"2026-01-13 21:57:13","2026-01-13 21:57:13",NULL
3447,Patiala,0,"2026-01-13 21:57:13","2026-01-13 21:57:13",NULL
3448,Mohali,0,"2026-01-13 21:57:13","2026-01-13 21:57:13",NULL
3449,Mohali,0,"2026-01-13 21:57:13","2026-01-13 21:57:13",NULL
3450,Mohali,0,"2026-01-13 21:57:13","2026-01-13 21:57:13",NULL
3451,Mohali,0,"2026-01-13 21:57:13","2026-01-13 21:57:13",NULL
3452,Mohali,0,"2026-01-13 21:57:13","2026-01-13 21:57:13",NULL
3453,Mohali,0,"2026-01-13 21:57:13","2026-01-13 21:57:13",NULL
3454,Mohali,0,"2026-01-13 21:57:13","2026-01-13 21:57:13",NULL
3455,Mohali,0,"2026-01-13 21:57:13","2026-01-13 21:57:13",NULL
3456,Mohali,0,"2026-01-13 21:57:13","2026-01-13 21:57:13",NULL
3457,Mohali,0,"2026-01-13 21:57:13","2026-01-13 21:57:13",NULL
3458,Mohali,0,"2026-01-13 21:57:13","2026-01-13 21:57:13",NULL
3459,Mohali,0,"2026-01-13 21:57:13","2026-01-13 21:57:13",NULL
3460,Mohali,0,"2026-01-13 21:57:13","2026-01-13 21:57:13",NULL
3461,Mohali,0,"2026-01-13 21:57:13","2026-01-13 21:57:13",NULL
3462,Mohali,0,"2026-01-13 21:57:13","2026-01-13 21:57:13",NULL
3463,Patiala,0,"2026-01-13 21:57:13","2026-01-13 21:57:13",NULL
3464,Mohali,0,"2026-01-13 21:57:13","2026-01-13 21:57:13",NULL
3465,Mohali,0,"2026-01-13 21:57:13","2026-01-13 21:57:13",NULL
3466,Mohali,0,"2026-01-13 21:57:13","2026-01-13 21:57:13",NULL
3467,Mohali,0,"2026-01-13 21:57:13","2026-01-13 21:57:13",NULL
3468,Patiala,0,"2026-01-13 21:57:13","2026-01-13 21:57:13",NULL
3469,Patiala,0,"2026-01-13 21:57:13","2026-01-13 21:57:13",NULL
3470,Patiala,0,"2026-01-13 21:57:13","2026-01-13 21:57:13",NULL
3471,Patiala,0,"2026-01-13 21:57:13","2026-01-13 21:57:13",NULL
3472,Mohali,0,"2026-01-13 21:57:13","2026-01-13 21:57:13",NULL
3473,Patiala,0,"2026-01-13 21:57:13","2026-01-13 21:57:13",NULL
3474,Mohali,0,"2026-01-13 21:57:13","2026-01-13 21:57:13",NULL
3475,Mohali,0,"2026-01-13 21:57:13","2026-01-13 21:57:13",NULL
3476,Mohali,0,"2026-01-13 21:57:13","2026-01-13 21:57:13",NULL
3477,Mohali,0,"2026-01-13 21:57:13","2026-01-13 21:57:13",NULL
3478,Mohali,0,"2026-01-13 21:57:13","2026-01-13 21:57:13",NULL
3479,Mohali,0,"2026-01-13 21:57:13","2026-01-13 21:57:13",NULL
3480,Mohali,0,"2026-01-13 21:57:13","2026-01-13 21:57:13",NULL
3481,Mohali,0,"2026-01-13 21:57:13","2026-01-13 21:57:13",NULL
3482,Mohali,0,"2026-01-13 21:57:13","2026-01-13 21:57:13",NULL
3483,Mohali,0,"2026-01-13 21:57:13","2026-01-13 21:57:13",NULL
3484,Mohali,0,"2026-01-13 21:57:13","2026-01-13 21:57:13",NULL
3485,Patiala,0,"2026-01-13 21:57:13","2026-01-13 21:57:13",NULL
3486,Patiala,0,"2026-01-13 21:57:13","2026-01-13 21:57:13",NULL
3487,Patiala,0,"2026-01-13 21:57:13","2026-01-13 21:57:13",NULL
3488,Patiala,0,"2026-01-13 21:57:13","2026-01-13 21:57:13",NULL
3489,Patiala,0,"2026-01-13 21:57:13","2026-01-13 21:57:13",NULL
3490,Patiala,0,"2026-01-13 21:57:13","2026-01-13 21:57:13",NULL
3491,Patiala,0,"2026-01-13 21:57:13","2026-01-13 21:57:13",NULL
3492,Patiala,0,"2026-01-13 21:57:13","2026-01-13 21:57:13",NULL
3493,"Fatehgarh Sahib",0,"2026-01-13 21:57:13","2026-01-13 21:57:13",NULL
3494,Patiala,0,"2026-01-13 21:57:13","2026-01-13 21:57:13",NULL
3495,Rupnagar,0,"2026-01-13 21:57:13","2026-01-13 21:57:13",NULL
3496,Patiala,0,"2026-01-13 21:57:13","2026-01-13 21:57:13",NULL
3497,Patiala,0,"2026-01-13 21:57:13","2026-01-13 21:57:13",NULL
3498,Patiala,0,"2026-01-13 21:57:13","2026-01-13 21:57:13",NULL
3499,Patiala,0,"2026-01-13 21:57:13","2026-01-13 21:57:13",NULL
3500,Patiala,0,"2026-01-13 21:57:13","2026-01-13 21:57:13",NULL
3501,Patiala,0,"2026-01-13 21:57:13","2026-01-13 21:57:13",NULL
3502,Mohali,0,"2026-01-13 21:57:13","2026-01-13 21:57:13",NULL
3503,Rupnagar,0,"2026-01-13 21:57:13","2026-01-13 21:57:13",NULL
3504,Patiala,0,"2026-01-13 21:57:13","2026-01-13 21:57:13",NULL
3505,Mohali,0,"2026-01-13 21:57:13","2026-01-13 21:57:13",NULL
3506,Patiala,0,"2026-01-13 21:57:13","2026-01-13 21:57:13",NULL
3507,Patiala,0,"2026-01-13 21:57:13","2026-01-13 21:57:13",NULL
3508,Patiala,0,"2026-01-13 21:57:13","2026-01-13 21:57:13",NULL
3509,Patiala,0,"2026-01-13 21:57:13","2026-01-13 21:57:13",NULL
3510,Patiala,0,"2026-01-13 21:57:13","2026-01-13 21:57:13",NULL
3511,Patiala,0,"2026-01-13 21:57:13","2026-01-13 21:57:13",NULL
3512,Ludhiana,0,"2026-01-13 21:57:13","2026-01-13 21:57:13",NULL
3513,Ludhiana,0,"2026-01-13 21:57:13","2026-01-13 21:57:13",NULL
3514,Ludhiana,0,"2026-01-13 21:57:13","2026-01-13 21:57:13",NULL
3515,Ludhiana,0,"2026-01-13 21:57:13","2026-01-13 21:57:13",NULL
3516,Ludhiana,0,"2026-01-13 21:57:13","2026-01-13 21:57:13",NULL
3517,Ludhiana,0,"2026-01-13 21:57:13","2026-01-13 21:57:13",NULL
3518,Ludhiana,0,"2026-01-13 21:57:13","2026-01-13 21:57:13",NULL
3519,Ludhiana,0,"2026-01-13 21:57:13","2026-01-13 21:57:13",NULL
3520,Ludhiana,0,"2026-01-13 21:57:13","2026-01-13 21:57:13",NULL
3521,Ludhiana,0,"2026-01-13 21:57:13","2026-01-13 21:57:13",NULL
3522,Ludhiana,0,"2026-01-13 21:57:13","2026-01-13 21:57:13",NULL
3523,Ludhiana,0,"2026-01-13 21:57:13","2026-01-13 21:57:13",NULL
3524,Ludhiana,0,"2026-01-13 21:57:13","2026-01-13 21:57:13",NULL
3525,Ludhiana,0,"2026-01-13 21:57:13","2026-01-13 21:57:13",NULL
3526,Ludhiana,0,"2026-01-13 21:57:13","2026-01-13 21:57:13",NULL
3527,Ludhiana,0,"2026-01-13 21:57:13","2026-01-13 21:57:13",NULL
3528,Ludhiana,0,"2026-01-13 21:57:13","2026-01-13 21:57:13",NULL
3529,Ludhiana,0,"2026-01-13 21:57:13","2026-01-13 21:57:13",NULL
3530,Ludhiana,0,"2026-01-13 21:57:13","2026-01-13 21:57:13",NULL
3531,Ludhiana,0,"2026-01-13 21:57:13","2026-01-13 21:57:13",NULL
3532,Ludhiana,0,"2026-01-13 21:57:13","2026-01-13 21:57:13",NULL
3533,Ludhiana,0,"2026-01-13 21:57:13","2026-01-13 21:57:13",NULL
3534,Ludhiana,0,"2026-01-13 21:57:13","2026-01-13 21:57:13",NULL
3535,Ludhiana,0,"2026-01-13 21:57:13","2026-01-13 21:57:13",NULL
3536,Ludhiana,0,"2026-01-13 21:57:13","2026-01-13 21:57:13",NULL
3537,Ludhiana,0,"2026-01-13 21:57:13","2026-01-13 21:57:13",NULL
3538,Ludhiana,0,"2026-01-13 21:57:13","2026-01-13 21:57:13",NULL
3539,Ludhiana,0,"2026-01-13 21:57:13","2026-01-13 21:57:13",NULL
3540,Ludhiana,0,"2026-01-13 21:57:13","2026-01-13 21:57:13",NULL
3541,Ludhiana,0,"2026-01-13 21:57:13","2026-01-13 21:57:13",NULL
3542,Ludhiana,0,"2026-01-13 21:57:13","2026-01-13 21:57:13",NULL
3543,Ludhiana,0,"2026-01-13 21:57:13","2026-01-13 21:57:13",NULL
3544,Ludhiana,0,"2026-01-13 21:57:13","2026-01-13 21:57:13",NULL
3545,Ludhiana,0,"2026-01-13 21:57:13","2026-01-13 21:57:13",NULL
3546,Ludhiana,0,"2026-01-13 21:57:13","2026-01-13 21:57:13",NULL
3547,Ludhiana,0,"2026-01-13 21:57:13","2026-01-13 21:57:13",NULL
3548,Ludhiana,0,"2026-01-13 21:57:13","2026-01-13 21:57:13",NULL
3549,Ludhiana,0,"2026-01-13 21:57:13","2026-01-13 21:57:13",NULL
3550,Ludhiana,0,"2026-01-13 21:57:13","2026-01-13 21:57:13",NULL
3551,Ludhiana,0,"2026-01-13 21:57:13","2026-01-13 21:57:13",NULL
3552,Ludhiana,0,"2026-01-13 21:57:13","2026-01-13 21:57:13",NULL
3553,Ludhiana,0,"2026-01-13 21:57:13","2026-01-13 21:57:13",NULL
3554,Ludhiana,0,"2026-01-13 21:57:13","2026-01-13 21:57:13",NULL
3555,Patiala,0,"2026-01-13 21:57:13","2026-01-13 21:57:13",NULL
3556,Patiala,0,"2026-01-13 21:57:13","2026-01-13 21:57:13",NULL
3557,Patiala,0,"2026-01-13 21:57:13","2026-01-13 21:57:13",NULL
3558,Patiala,0,"2026-01-13 21:57:13","2026-01-13 21:57:13",NULL
3559,Patiala,0,"2026-01-13 21:57:14","2026-01-13 21:57:14",NULL
3560,Patiala,0,"2026-01-13 21:57:14","2026-01-13 21:57:14",NULL
3561,Patiala,0,"2026-01-13 21:57:14","2026-01-13 21:57:14",NULL
3562,Patiala,0,"2026-01-13 21:57:14","2026-01-13 21:57:14",NULL
3563,Patiala,0,"2026-01-13 21:57:14","2026-01-13 21:57:14",NULL
3564,Patiala,0,"2026-01-13 21:57:14","2026-01-13 21:57:14",NULL
3565,Patiala,0,"2026-01-13 21:57:14","2026-01-13 21:57:14",NULL
3566,Patiala,0,"2026-01-13 21:57:14","2026-01-13 21:57:14",NULL
3567,Patiala,0,"2026-01-13 21:57:14","2026-01-13 21:57:14",NULL
3568,"Fatehgarh Sahib",0,"2026-01-13 21:57:14","2026-01-13 21:57:14",NULL
3569,Patiala,0,"2026-01-13 21:57:14","2026-01-13 21:57:14",NULL
3570,Patiala,0,"2026-01-13 21:57:14","2026-01-13 21:57:14",NULL
3571,Mohali,0,"2026-01-13 21:57:14","2026-01-13 21:57:14",NULL
3572,Rupnagar,0,"2026-01-13 21:57:14","2026-01-13 21:57:14",NULL
3573,Mohali,0,"2026-01-13 21:57:14","2026-01-13 21:57:14",NULL
3574,Mohali,0,"2026-01-13 21:57:14","2026-01-13 21:57:14",NULL
3575,Ludhiana,0,"2026-01-13 21:57:14","2026-01-13 21:57:14",NULL
3576,Ludhiana,0,"2026-01-13 21:57:14","2026-01-13 21:57:14",NULL
3577,Ludhiana,0,"2026-01-13 21:57:14","2026-01-13 21:57:14",NULL
3578,Ludhiana,0,"2026-01-13 21:57:14","2026-01-13 21:57:14",NULL
3579,Ludhiana,0,"2026-01-13 21:57:14","2026-01-13 21:57:14",NULL
3580,Ludhiana,0,"2026-01-13 21:57:14","2026-01-13 21:57:14",NULL
3581,Ludhiana,0,"2026-01-13 21:57:14","2026-01-13 21:57:14",NULL
3582,Ludhiana,0,"2026-01-13 21:57:14","2026-01-13 21:57:14",NULL
3583,Ludhiana,0,"2026-01-13 21:57:14","2026-01-13 21:57:14",NULL
3584,Ludhiana,0,"2026-01-13 21:57:14","2026-01-13 21:57:14",NULL
3585,Ludhiana,0,"2026-01-13 21:57:14","2026-01-13 21:57:14",NULL
3586,Ludhiana,0,"2026-01-13 21:57:14","2026-01-13 21:57:14",NULL
3587,Ludhiana,0,"2026-01-13 21:57:14","2026-01-13 21:57:14",NULL
3588,Ludhiana,0,"2026-01-13 21:57:14","2026-01-13 21:57:14",NULL
3589,Ludhiana,0,"2026-01-13 21:57:14","2026-01-13 21:57:14",NULL
3590,Ludhiana,0,"2026-01-13 21:57:14","2026-01-13 21:57:14",NULL
3591,Ludhiana,0,"2026-01-13 21:57:14","2026-01-13 21:57:14",NULL
3592,Ludhiana,0,"2026-01-13 21:57:14","2026-01-13 21:57:14",NULL
3593,Ludhiana,0,"2026-01-13 21:57:14","2026-01-13 21:57:14",NULL
3594,Ludhiana,0,"2026-01-13 21:57:14","2026-01-13 21:57:14",NULL
3595,Ludhiana,0,"2026-01-13 21:57:14","2026-01-13 21:57:14",NULL
3596,Ludhiana,0,"2026-01-13 21:57:14","2026-01-13 21:57:14",NULL
3597,Ludhiana,0,"2026-01-13 21:57:14","2026-01-13 21:57:14",NULL
3598,Ludhiana,0,"2026-01-13 21:57:14","2026-01-13 21:57:14",NULL
3599,Ludhiana,0,"2026-01-13 21:57:14","2026-01-13 21:57:14",NULL
3600,Ludhiana,0,"2026-01-13 21:57:14","2026-01-13 21:57:14",NULL
3601,Ludhiana,0,"2026-01-13 21:57:14","2026-01-13 21:57:14",NULL
3602,Ludhiana,0,"2026-01-13 21:57:14","2026-01-13 21:57:14",NULL
3603,Ludhiana,0,"2026-01-13 21:57:14","2026-01-13 21:57:14",NULL
3604,Ludhiana,0,"2026-01-13 21:57:14","2026-01-13 21:57:14",NULL
3605,Ludhiana,0,"2026-01-13 21:57:14","2026-01-13 21:57:14",NULL
3606,Ludhiana,0,"2026-01-13 21:57:14","2026-01-13 21:57:14",NULL
3607,Ludhiana,0,"2026-01-13 21:57:14","2026-01-13 21:57:14",NULL
3608,Ludhiana,0,"2026-01-13 21:57:14","2026-01-13 21:57:14",NULL
3609,Ludhiana,0,"2026-01-13 21:57:14","2026-01-13 21:57:14",NULL
3610,Ludhiana,0,"2026-01-13 21:57:14","2026-01-13 21:57:14",NULL
3611,Ludhiana,0,"2026-01-13 21:57:14","2026-01-13 21:57:14",NULL
3612,Ludhiana,0,"2026-01-13 21:57:14","2026-01-13 21:57:14",NULL
3613,Ludhiana,0,"2026-01-13 21:57:14","2026-01-13 21:57:14",NULL
3614,Ludhiana,0,"2026-01-13 21:57:14","2026-01-13 21:57:14",NULL
3615,Ludhiana,0,"2026-01-13 21:57:14","2026-01-13 21:57:14",NULL
3616,Ludhiana,0,"2026-01-13 21:57:14","2026-01-13 21:57:14",NULL
3617,Ludhiana,0,"2026-01-13 21:57:14","2026-01-13 21:57:14",NULL
3618,Ludhiana,0,"2026-01-13 21:57:14","2026-01-13 21:57:14",NULL
3619,Ludhiana,0,"2026-01-13 21:57:14","2026-01-13 21:57:14",NULL
3620,Ludhiana,0,"2026-01-13 21:57:14","2026-01-13 21:57:14",NULL
3621,Ludhiana,0,"2026-01-13 21:57:14","2026-01-13 21:57:14",NULL
3622,Ludhiana,0,"2026-01-13 21:57:14","2026-01-13 21:57:14",NULL
3623,Ludhiana,0,"2026-01-13 21:57:14","2026-01-13 21:57:14",NULL
3624,Ludhiana,0,"2026-01-13 21:57:14","2026-01-13 21:57:14",NULL
3625,Ludhiana,0,"2026-01-13 21:57:14","2026-01-13 21:57:14",NULL
3626,Ludhiana,0,"2026-01-13 21:57:14","2026-01-13 21:57:14",NULL
3627,Ludhiana,0,"2026-01-13 21:57:14","2026-01-13 21:57:14",NULL
3628,Ludhiana,0,"2026-01-13 21:57:14","2026-01-13 21:57:14",NULL
3629,Ludhiana,0,"2026-01-13 21:57:14","2026-01-13 21:57:14",NULL
3630,Ludhiana,0,"2026-01-13 21:57:14","2026-01-13 21:57:14",NULL
3631,Ludhiana,0,"2026-01-13 21:57:14","2026-01-13 21:57:14",NULL
3632,Ludhiana,0,"2026-01-13 21:57:14","2026-01-13 21:57:14",NULL
3633,Ludhiana,0,"2026-01-13 21:57:14","2026-01-13 21:57:14",NULL
3634,Ludhiana,0,"2026-01-13 21:57:14","2026-01-13 21:57:14",NULL
3635,Ludhiana,0,"2026-01-13 21:57:14","2026-01-13 21:57:14",NULL
3636,Ludhiana,0,"2026-01-13 21:57:14","2026-01-13 21:57:14",NULL
3637,Ludhiana,0,"2026-01-13 21:57:14","2026-01-13 21:57:14",NULL
3638,Ludhiana,0,"2026-01-13 21:57:14","2026-01-13 21:57:14",NULL
3639,Ludhiana,0,"2026-01-13 21:57:14","2026-01-13 21:57:14",NULL
3640,Ludhiana,0,"2026-01-13 21:57:14","2026-01-13 21:57:14",NULL
3641,Ludhiana,0,"2026-01-13 21:57:14","2026-01-13 21:57:14",NULL
3642,Ludhiana,0,"2026-01-13 21:57:14","2026-01-13 21:57:14",NULL
3643,Ludhiana,0,"2026-01-13 21:57:14","2026-01-13 21:57:14",NULL
3644,Ludhiana,0,"2026-01-13 21:57:14","2026-01-13 21:57:14",NULL
3645,Ludhiana,0,"2026-01-13 21:57:14","2026-01-13 21:57:14",NULL
3646,Ludhiana,0,"2026-01-13 21:57:14","2026-01-13 21:57:14",NULL
3647,Ludhiana,0,"2026-01-13 21:57:14","2026-01-13 21:57:14",NULL
3648,Ludhiana,0,"2026-01-13 21:57:14","2026-01-13 21:57:14",NULL
3649,Ludhiana,0,"2026-01-13 21:57:14","2026-01-13 21:57:14",NULL
3650,Ludhiana,0,"2026-01-13 21:57:14","2026-01-13 21:57:14",NULL
3651,Ludhiana,0,"2026-01-13 21:57:14","2026-01-13 21:57:14",NULL
3652,Ludhiana,0,"2026-01-13 21:57:14","2026-01-13 21:57:14",NULL
3653,Ludhiana,0,"2026-01-13 21:57:14","2026-01-13 21:57:14",NULL
3654,Ludhiana,0,"2026-01-13 21:57:14","2026-01-13 21:57:14",NULL
3655,Ludhiana,0,"2026-01-13 21:57:14","2026-01-13 21:57:14",NULL
3656,Ludhiana,0,"2026-01-13 21:57:14","2026-01-13 21:57:14",NULL
3657,Ludhiana,0,"2026-01-13 21:57:14","2026-01-13 21:57:14",NULL
3658,Ludhiana,0,"2026-01-13 21:57:14","2026-01-13 21:57:14",NULL
3659,Ludhiana,0,"2026-01-13 21:57:14","2026-01-13 21:57:14",NULL
3660,Ludhiana,0,"2026-01-13 21:57:14","2026-01-13 21:57:14",NULL
3661,Ludhiana,0,"2026-01-13 21:57:14","2026-01-13 21:57:14",NULL
3662,Ludhiana,0,"2026-01-13 21:57:14","2026-01-13 21:57:14",NULL
3663,Ludhiana,0,"2026-01-13 21:57:14","2026-01-13 21:57:14",NULL
3664,Ludhiana,0,"2026-01-13 21:57:14","2026-01-13 21:57:14",NULL
3665,Ludhiana,0,"2026-01-13 21:57:14","2026-01-13 21:57:14",NULL
3666,Ludhiana,0,"2026-01-13 21:57:14","2026-01-13 21:57:14",NULL
3667,Ludhiana,0,"2026-01-13 21:57:14","2026-01-13 21:57:14",NULL
3668,Ludhiana,0,"2026-01-13 21:57:14","2026-01-13 21:57:14",NULL
3669,Ludhiana,0,"2026-01-13 21:57:14","2026-01-13 21:57:14",NULL
3670,Ludhiana,0,"2026-01-13 21:57:14","2026-01-13 21:57:14",NULL
3671,Ludhiana,0,"2026-01-13 21:57:14","2026-01-13 21:57:14",NULL
3672,Ludhiana,0,"2026-01-13 21:57:14","2026-01-13 21:57:14",NULL
3673,Ludhiana,0,"2026-01-13 21:57:14","2026-01-13 21:57:14",NULL
3674,Ludhiana,0,"2026-01-13 21:57:14","2026-01-13 21:57:14",NULL
3675,Ludhiana,0,"2026-01-13 21:57:14","2026-01-13 21:57:14",NULL
3676,Ludhiana,0,"2026-01-13 21:57:14","2026-01-13 21:57:14",NULL
3677,Ludhiana,0,"2026-01-13 21:57:14","2026-01-13 21:57:14",NULL
3678,Ludhiana,0,"2026-01-13 21:57:14","2026-01-13 21:57:14",NULL
3679,Ludhiana,0,"2026-01-13 21:57:14","2026-01-13 21:57:14",NULL
3680,Ludhiana,0,"2026-01-13 21:57:14","2026-01-13 21:57:14",NULL
3681,Ludhiana,0,"2026-01-13 21:57:14","2026-01-13 21:57:14",NULL
3682,Ludhiana,0,"2026-01-13 21:57:14","2026-01-13 21:57:14",NULL
3683,Ludhiana,0,"2026-01-13 21:57:14","2026-01-13 21:57:14",NULL
3684,Ludhiana,0,"2026-01-13 21:57:14","2026-01-13 21:57:14",NULL
3685,Ludhiana,0,"2026-01-13 21:57:14","2026-01-13 21:57:14",NULL
3686,Ludhiana,0,"2026-01-13 21:57:14","2026-01-13 21:57:14",NULL
3687,Ludhiana,0,"2026-01-13 21:57:14","2026-01-13 21:57:14",NULL
3688,Ludhiana,0,"2026-01-13 21:57:14","2026-01-13 21:57:14",NULL
3689,Ludhiana,0,"2026-01-13 21:57:14","2026-01-13 21:57:14",NULL
3690,Ludhiana,0,"2026-01-13 21:57:14","2026-01-13 21:57:14",NULL
3691,Ludhiana,0,"2026-01-13 21:57:14","2026-01-13 21:57:14",NULL
3692,Ludhiana,0,"2026-01-13 21:57:14","2026-01-13 21:57:14",NULL
3693,Ludhiana,0,"2026-01-13 21:57:14","2026-01-13 21:57:14",NULL
3694,Ludhiana,0,"2026-01-13 21:57:14","2026-01-13 21:57:14",NULL
3695,Ludhiana,0,"2026-01-13 21:57:14","2026-01-13 21:57:14",NULL
3696,Ludhiana,0,"2026-01-13 21:57:14","2026-01-13 21:57:14",NULL
3697,Ludhiana,0,"2026-01-13 21:57:14","2026-01-13 21:57:14",NULL
3698,Ludhiana,0,"2026-01-13 21:57:14","2026-01-13 21:57:14",NULL
3699,Ludhiana,0,"2026-01-13 21:57:14","2026-01-13 21:57:14",NULL
3700,Ludhiana,0,"2026-01-13 21:57:14","2026-01-13 21:57:14",NULL
3701,Ludhiana,0,"2026-01-13 21:57:14","2026-01-13 21:57:14",NULL
3702,Ludhiana,0,"2026-01-13 21:57:14","2026-01-13 21:57:14",NULL
3703,Ludhiana,0,"2026-01-13 21:57:14","2026-01-13 21:57:14",NULL
3704,Ludhiana,0,"2026-01-13 21:57:14","2026-01-13 21:57:14",NULL
3705,Ludhiana,0,"2026-01-13 21:57:14","2026-01-13 21:57:14",NULL
3706,Ludhiana,0,"2026-01-13 21:57:14","2026-01-13 21:57:14",NULL
3707,Ludhiana,0,"2026-01-13 21:57:14","2026-01-13 21:57:14",NULL
3708,Ludhiana,0,"2026-01-13 21:57:14","2026-01-13 21:57:14",NULL
3709,Ludhiana,0,"2026-01-13 21:57:14","2026-01-13 21:57:14",NULL
3710,Ludhiana,0,"2026-01-13 21:57:14","2026-01-13 21:57:14",NULL
3711,Ludhiana,0,"2026-01-13 21:57:14","2026-01-13 21:57:14",NULL
3712,Ludhiana,0,"2026-01-13 21:57:14","2026-01-13 21:57:14",NULL
3713,Ludhiana,0,"2026-01-13 21:57:14","2026-01-13 21:57:14",NULL
3714,Ludhiana,0,"2026-01-13 21:57:14","2026-01-13 21:57:14",NULL
3715,Ludhiana,0,"2026-01-13 21:57:14","2026-01-13 21:57:14",NULL
3716,Ludhiana,0,"2026-01-13 21:57:14","2026-01-13 21:57:14",NULL
3717,Ludhiana,0,"2026-01-13 21:57:14","2026-01-13 21:57:14",NULL
3718,Ludhiana,0,"2026-01-13 21:57:14","2026-01-13 21:57:14",NULL
3719,Ludhiana,0,"2026-01-13 21:57:14","2026-01-13 21:57:14",NULL
3720,Ludhiana,0,"2026-01-13 21:57:14","2026-01-13 21:57:14",NULL
3721,Ludhiana,0,"2026-01-13 21:57:14","2026-01-13 21:57:14",NULL
3722,Ludhiana,0,"2026-01-13 21:57:14","2026-01-13 21:57:14",NULL
3723,Ludhiana,0,"2026-01-13 21:57:14","2026-01-13 21:57:14",NULL
3724,Ludhiana,0,"2026-01-13 21:57:14","2026-01-13 21:57:14",NULL
3725,Ludhiana,0,"2026-01-13 21:57:14","2026-01-13 21:57:14",NULL
3726,Ludhiana,0,"2026-01-13 21:57:14","2026-01-13 21:57:14",NULL
3727,Ludhiana,0,"2026-01-13 21:57:14","2026-01-13 21:57:14",NULL
3728,Ludhiana,0,"2026-01-13 21:57:14","2026-01-13 21:57:14",NULL
3729,Ludhiana,0,"2026-01-13 21:57:14","2026-01-13 21:57:14",NULL
3730,Ludhiana,0,"2026-01-13 21:57:14","2026-01-13 21:57:14",NULL
3731,Ludhiana,0,"2026-01-13 21:57:14","2026-01-13 21:57:14",NULL
3732,Ludhiana,0,"2026-01-13 21:57:14","2026-01-13 21:57:14",NULL
3733,Ludhiana,0,"2026-01-13 21:57:14","2026-01-13 21:57:14",NULL
3734,Ludhiana,0,"2026-01-13 21:57:14","2026-01-13 21:57:14",NULL
3735,Ludhiana,0,"2026-01-13 21:57:14","2026-01-13 21:57:14",NULL
3736,Ludhiana,0,"2026-01-13 21:57:14","2026-01-13 21:57:14",NULL
3737,Ludhiana,0,"2026-01-13 21:57:14","2026-01-13 21:57:14",NULL
3738,Ludhiana,0,"2026-01-13 21:57:14","2026-01-13 21:57:14",NULL
3739,Ludhiana,0,"2026-01-13 21:57:14","2026-01-13 21:57:14",NULL
3740,Ludhiana,0,"2026-01-13 21:57:14","2026-01-13 21:57:14",NULL
3741,Ludhiana,0,"2026-01-13 21:57:14","2026-01-13 21:57:14",NULL
3742,Ludhiana,0,"2026-01-13 21:57:14","2026-01-13 21:57:14",NULL
3743,Ludhiana,0,"2026-01-13 21:57:14","2026-01-13 21:57:14",NULL
3744,Ludhiana,0,"2026-01-13 21:57:14","2026-01-13 21:57:14",NULL
3745,Ludhiana,0,"2026-01-13 21:57:14","2026-01-13 21:57:14",NULL
3746,Ludhiana,0,"2026-01-13 21:57:14","2026-01-13 21:57:14",NULL
3747,Ludhiana,0,"2026-01-13 21:57:14","2026-01-13 21:57:14",NULL
3748,Ludhiana,0,"2026-01-13 21:57:14","2026-01-13 21:57:14",NULL
3749,Ludhiana,0,"2026-01-13 21:57:14","2026-01-13 21:57:14",NULL
3750,Ludhiana,0,"2026-01-13 21:57:14","2026-01-13 21:57:14",NULL
3751,Ludhiana,0,"2026-01-13 21:57:14","2026-01-13 21:57:14",NULL
3752,Ludhiana,0,"2026-01-13 21:57:14","2026-01-13 21:57:14",NULL
3753,Ludhiana,0,"2026-01-13 21:57:14","2026-01-13 21:57:14",NULL
3754,Ludhiana,0,"2026-01-13 21:57:14","2026-01-13 21:57:14",NULL
3755,Ludhiana,0,"2026-01-13 21:57:14","2026-01-13 21:57:14",NULL
3756,Ludhiana,0,"2026-01-13 21:57:14","2026-01-13 21:57:14",NULL
3757,Ludhiana,0,"2026-01-13 21:57:14","2026-01-13 21:57:14",NULL
3758,Ludhiana,0,"2026-01-13 21:57:14","2026-01-13 21:57:14",NULL
3759,Ludhiana,0,"2026-01-13 21:57:14","2026-01-13 21:57:14",NULL
3760,Ludhiana,0,"2026-01-13 21:57:14","2026-01-13 21:57:14",NULL
3761,Ludhiana,0,"2026-01-13 21:57:14","2026-01-13 21:57:14",NULL
3762,Ludhiana,0,"2026-01-13 21:57:14","2026-01-13 21:57:14",NULL
3763,Ludhiana,0,"2026-01-13 21:57:14","2026-01-13 21:57:14",NULL
3764,Ludhiana,0,"2026-01-13 21:57:14","2026-01-13 21:57:14",NULL
3765,Ludhiana,0,"2026-01-13 21:57:14","2026-01-13 21:57:14",NULL
3766,Ludhiana,0,"2026-01-13 21:57:14","2026-01-13 21:57:14",NULL
3767,Ludhiana,0,"2026-01-13 21:57:14","2026-01-13 21:57:14",NULL
3768,Ludhiana,0,"2026-01-13 21:57:14","2026-01-13 21:57:14",NULL
3769,Ludhiana,0,"2026-01-13 21:57:14","2026-01-13 21:57:14",NULL
3770,Ludhiana,0,"2026-01-13 21:57:14","2026-01-13 21:57:14",NULL
3771,"Fatehgarh Sahib",0,"2026-01-13 21:57:14","2026-01-13 21:57:14",NULL
3772,"Fatehgarh Sahib",0,"2026-01-13 21:57:14","2026-01-13 21:57:14",NULL
3773,Ludhiana,0,"2026-01-13 21:57:14","2026-01-13 21:57:14",NULL
3774,Patiala,0,"2026-01-13 21:57:14","2026-01-13 21:57:14",NULL
3775,"Fatehgarh Sahib",0,"2026-01-13 21:57:14","2026-01-13 21:57:14",NULL
3776,"Fatehgarh Sahib",0,"2026-01-13 21:57:14","2026-01-13 21:57:14",NULL
3777,"Fatehgarh Sahib",0,"2026-01-13 21:57:14","2026-01-13 21:57:14",NULL
3778,Ludhiana,0,"2026-01-13 21:57:14","2026-01-13 21:57:14",NULL
3779,"Fatehgarh Sahib",0,"2026-01-13 21:57:14","2026-01-13 21:57:14",NULL
3780,"Fatehgarh Sahib",0,"2026-01-13 21:57:14","2026-01-13 21:57:14",NULL
3781,Ludhiana,0,"2026-01-13 21:57:14","2026-01-13 21:57:14",NULL
3782,Ludhiana,0,"2026-01-13 21:57:14","2026-01-13 21:57:14",NULL
3783,Ludhiana,0,"2026-01-13 21:57:14","2026-01-13 21:57:14",NULL
3784,Ludhiana,0,"2026-01-13 21:57:14","2026-01-13 21:57:14",NULL
3785,Ludhiana,0,"2026-01-13 21:57:14","2026-01-13 21:57:14",NULL
3786,Ludhiana,0,"2026-01-13 21:57:14","2026-01-13 21:57:14",NULL
3787,Ludhiana,0,"2026-01-13 21:57:14","2026-01-13 21:57:14",NULL
3788,Ludhiana,0,"2026-01-13 21:57:14","2026-01-13 21:57:14",NULL
3789,Ludhiana,0,"2026-01-13 21:57:14","2026-01-13 21:57:14",NULL
3790,Ludhiana,0,"2026-01-13 21:57:14","2026-01-13 21:57:14",NULL
3791,Ludhiana,0,"2026-01-13 21:57:14","2026-01-13 21:57:14",NULL
3792,Ludhiana,0,"2026-01-13 21:57:14","2026-01-13 21:57:14",NULL
3793,Ludhiana,0,"2026-01-13 21:57:14","2026-01-13 21:57:14",NULL
3794,Ludhiana,0,"2026-01-13 21:57:14","2026-01-13 21:57:14",NULL
3795,Ludhiana,0,"2026-01-13 21:57:14","2026-01-13 21:57:14",NULL
3796,Ludhiana,0,"2026-01-13 21:57:14","2026-01-13 21:57:14",NULL
3797,Ludhiana,0,"2026-01-13 21:57:14","2026-01-13 21:57:14",NULL
3798,Ludhiana,0,"2026-01-13 21:57:14","2026-01-13 21:57:14",NULL
3799,Ludhiana,0,"2026-01-13 21:57:14","2026-01-13 21:57:14",NULL
3800,Ludhiana,0,"2026-01-13 21:57:14","2026-01-13 21:57:14",NULL
3801,Ludhiana,0,"2026-01-13 21:57:14","2026-01-13 21:57:14",NULL
3802,Ludhiana,0,"2026-01-13 21:57:14","2026-01-13 21:57:14",NULL
3803,Ludhiana,0,"2026-01-13 21:57:14","2026-01-13 21:57:14",NULL
3804,Ludhiana,0,"2026-01-13 21:57:14","2026-01-13 21:57:14",NULL
3805,Ludhiana,0,"2026-01-13 21:57:14","2026-01-13 21:57:14",NULL
3806,Ludhiana,0,"2026-01-13 21:57:14","2026-01-13 21:57:14",NULL
3807,Ludhiana,0,"2026-01-13 21:57:14","2026-01-13 21:57:14",NULL
3808,Ludhiana,0,"2026-01-13 21:57:14","2026-01-13 21:57:14",NULL
3809,Ludhiana,0,"2026-01-13 21:57:14","2026-01-13 21:57:14",NULL
3810,Ludhiana,0,"2026-01-13 21:57:14","2026-01-13 21:57:14",NULL
3811,Ludhiana,0,"2026-01-13 21:57:14","2026-01-13 21:57:14",NULL
3812,Ludhiana,0,"2026-01-13 21:57:14","2026-01-13 21:57:14",NULL
3813,Ludhiana,0,"2026-01-13 21:57:14","2026-01-13 21:57:14",NULL
3814,Ludhiana,0,"2026-01-13 21:57:14","2026-01-13 21:57:14",NULL
3815,Ludhiana,0,"2026-01-13 21:57:14","2026-01-13 21:57:14",NULL
3816,Ludhiana,0,"2026-01-13 21:57:14","2026-01-13 21:57:14",NULL
3817,Ludhiana,0,"2026-01-13 21:57:14","2026-01-13 21:57:14",NULL
3818,Ludhiana,0,"2026-01-13 21:57:14","2026-01-13 21:57:14",NULL
3819,Ludhiana,0,"2026-01-13 21:57:14","2026-01-13 21:57:14",NULL
3820,Ludhiana,0,"2026-01-13 21:57:14","2026-01-13 21:57:14",NULL
3821,Ludhiana,0,"2026-01-13 21:57:14","2026-01-13 21:57:14",NULL
3822,Ludhiana,0,"2026-01-13 21:57:14","2026-01-13 21:57:14",NULL
3823,Ludhiana,0,"2026-01-13 21:57:14","2026-01-13 21:57:14",NULL
3824,Ludhiana,0,"2026-01-13 21:57:14","2026-01-13 21:57:14",NULL
3825,Ludhiana,0,"2026-01-13 21:57:14","2026-01-13 21:57:14",NULL
3826,Ludhiana,0,"2026-01-13 21:57:14","2026-01-13 21:57:14",NULL
3827,Ludhiana,0,"2026-01-13 21:57:14","2026-01-13 21:57:14",NULL
3828,Ludhiana,0,"2026-01-13 21:57:14","2026-01-13 21:57:14",NULL
3829,Ludhiana,0,"2026-01-13 21:57:14","2026-01-13 21:57:14",NULL
3830,Ludhiana,0,"2026-01-13 21:57:14","2026-01-13 21:57:14",NULL
3831,Ludhiana,0,"2026-01-13 21:57:14","2026-01-13 21:57:14",NULL
3832,Ludhiana,0,"2026-01-13 21:57:14","2026-01-13 21:57:14",NULL
3833,Ludhiana,0,"2026-01-13 21:57:14","2026-01-13 21:57:14",NULL
3834,Ludhiana,0,"2026-01-13 21:57:14","2026-01-13 21:57:14",NULL
3835,Ludhiana,0,"2026-01-13 21:57:14","2026-01-13 21:57:14",NULL
3836,Ludhiana,0,"2026-01-13 21:57:14","2026-01-13 21:57:14",NULL
3837,"Fatehgarh Sahib",0,"2026-01-13 21:57:14","2026-01-13 21:57:14",NULL
3838,Ludhiana,0,"2026-01-13 21:57:14","2026-01-13 21:57:14",NULL
3839,Ludhiana,0,"2026-01-13 21:57:14","2026-01-13 21:57:14",NULL
3840,Ludhiana,0,"2026-01-13 21:57:14","2026-01-13 21:57:14",NULL
3841,Ludhiana,0,"2026-01-13 21:57:14","2026-01-13 21:57:14",NULL
3842,"Fatehgarh Sahib",0,"2026-01-13 21:57:14","2026-01-13 21:57:14",NULL
3843,"Fatehgarh Sahib",0,"2026-01-13 21:57:14","2026-01-13 21:57:14",NULL
3844,Patiala,0,"2026-01-13 21:57:14","2026-01-13 21:57:14",NULL
3845,"Fatehgarh Sahib",0,"2026-01-13 21:57:14","2026-01-13 21:57:14",NULL
3846,"Fatehgarh Sahib",0,"2026-01-13 21:57:14","2026-01-13 21:57:14",NULL
3847,Patiala,0,"2026-01-13 21:57:14","2026-01-13 21:57:14",NULL
3848,"Fatehgarh Sahib",0,"2026-01-13 21:57:14","2026-01-13 21:57:14",NULL
3849,Patiala,0,"2026-01-13 21:57:14","2026-01-13 21:57:14",NULL
3850,Moga,0,"2026-01-13 21:57:14","2026-01-13 21:57:14",NULL
3851,Moga,0,"2026-01-13 21:57:14","2026-01-13 21:57:14",NULL
3852,Moga,0,"2026-01-13 21:57:14","2026-01-13 21:57:14",NULL
3853,Moga,0,"2026-01-13 21:57:14","2026-01-13 21:57:14",NULL
3854,Moga,0,"2026-01-13 21:57:14","2026-01-13 21:57:14",NULL
3855,Moga,0,"2026-01-13 21:57:14","2026-01-13 21:57:14",NULL
3856,Moga,0,"2026-01-13 21:57:14","2026-01-13 21:57:14",NULL
3857,Moga,0,"2026-01-13 21:57:14","2026-01-13 21:57:14",NULL
3858,Moga,0,"2026-01-13 21:57:14","2026-01-13 21:57:14",NULL
3859,Moga,0,"2026-01-13 21:57:14","2026-01-13 21:57:14",NULL
3860,Moga,0,"2026-01-13 21:57:14","2026-01-13 21:57:14",NULL
3861,Moga,0,"2026-01-13 21:57:14","2026-01-13 21:57:14",NULL
3862,Moga,0,"2026-01-13 21:57:14","2026-01-13 21:57:14",NULL
3863,Moga,0,"2026-01-13 21:57:14","2026-01-13 21:57:14",NULL
3864,Moga,0,"2026-01-13 21:57:14","2026-01-13 21:57:14",NULL
3865,Moga,0,"2026-01-13 21:57:14","2026-01-13 21:57:14",NULL
3866,Moga,0,"2026-01-13 21:57:14","2026-01-13 21:57:14",NULL
3867,Moga,0,"2026-01-13 21:57:14","2026-01-13 21:57:14",NULL
3868,Moga,0,"2026-01-13 21:57:14","2026-01-13 21:57:14",NULL
3869,Moga,0,"2026-01-13 21:57:14","2026-01-13 21:57:14",NULL
3870,Moga,0,"2026-01-13 21:57:14","2026-01-13 21:57:14",NULL
3871,Ludhiana,0,"2026-01-13 21:57:14","2026-01-13 21:57:14",NULL
3872,Ludhiana,0,"2026-01-13 21:57:14","2026-01-13 21:57:14",NULL
3873,Ludhiana,0,"2026-01-13 21:57:14","2026-01-13 21:57:14",NULL
3874,Ludhiana,0,"2026-01-13 21:57:14","2026-01-13 21:57:14",NULL
3875,Ludhiana,0,"2026-01-13 21:57:14","2026-01-13 21:57:14",NULL
3876,Ludhiana,0,"2026-01-13 21:57:14","2026-01-13 21:57:14",NULL
3877,Ludhiana,0,"2026-01-13 21:57:14","2026-01-13 21:57:14",NULL
3878,Ludhiana,0,"2026-01-13 21:57:14","2026-01-13 21:57:14",NULL
3879,Ludhiana,0,"2026-01-13 21:57:14","2026-01-13 21:57:14",NULL
3880,Ludhiana,0,"2026-01-13 21:57:14","2026-01-13 21:57:14",NULL
3881,Ludhiana,0,"2026-01-13 21:57:14","2026-01-13 21:57:14",NULL
3882,Ludhiana,0,"2026-01-13 21:57:14","2026-01-13 21:57:14",NULL
3883,Ludhiana,0,"2026-01-13 21:57:14","2026-01-13 21:57:14",NULL
3884,Ludhiana,0,"2026-01-13 21:57:14","2026-01-13 21:57:14",NULL
3885,Ludhiana,0,"2026-01-13 21:57:14","2026-01-13 21:57:14",NULL
3886,Ludhiana,0,"2026-01-13 21:57:14","2026-01-13 21:57:14",NULL
3887,Ludhiana,0,"2026-01-13 21:57:14","2026-01-13 21:57:14",NULL
3888,Ludhiana,0,"2026-01-13 21:57:14","2026-01-13 21:57:14",NULL
3889,Ludhiana,0,"2026-01-13 21:57:14","2026-01-13 21:57:14",NULL
3890,Ludhiana,0,"2026-01-13 21:57:14","2026-01-13 21:57:14",NULL
3891,Ludhiana,0,"2026-01-13 21:57:14","2026-01-13 21:57:14",NULL
3892,Ludhiana,0,"2026-01-13 21:57:14","2026-01-13 21:57:14",NULL
3893,Ludhiana,0,"2026-01-13 21:57:14","2026-01-13 21:57:14",NULL
3894,Ludhiana,0,"2026-01-13 21:57:14","2026-01-13 21:57:14",NULL
3895,Ludhiana,0,"2026-01-13 21:57:14","2026-01-13 21:57:14",NULL
3896,Ludhiana,0,"2026-01-13 21:57:14","2026-01-13 21:57:14",NULL
3897,Ludhiana,0,"2026-01-13 21:57:14","2026-01-13 21:57:14",NULL
3898,Ludhiana,0,"2026-01-13 21:57:14","2026-01-13 21:57:14",NULL
3899,Ludhiana,0,"2026-01-13 21:57:14","2026-01-13 21:57:14",NULL
3900,Ludhiana,0,"2026-01-13 21:57:14","2026-01-13 21:57:14",NULL
3901,Ludhiana,0,"2026-01-13 21:57:14","2026-01-13 21:57:14",NULL
3902,Ludhiana,0,"2026-01-13 21:57:14","2026-01-13 21:57:14",NULL
3903,Ludhiana,0,"2026-01-13 21:57:14","2026-01-13 21:57:14",NULL
3904,Ludhiana,0,"2026-01-13 21:57:14","2026-01-13 21:57:14",NULL
3905,Ludhiana,0,"2026-01-13 21:57:14","2026-01-13 21:57:14",NULL
3906,Ludhiana,0,"2026-01-13 21:57:14","2026-01-13 21:57:14",NULL
3907,Ludhiana,0,"2026-01-13 21:57:14","2026-01-13 21:57:14",NULL
3908,Ludhiana,0,"2026-01-13 21:57:14","2026-01-13 21:57:14",NULL
3909,Ludhiana,0,"2026-01-13 21:57:14","2026-01-13 21:57:14",NULL
3910,Ludhiana,0,"2026-01-13 21:57:14","2026-01-13 21:57:14",NULL
3911,Ludhiana,0,"2026-01-13 21:57:14","2026-01-13 21:57:14",NULL
3912,Ludhiana,0,"2026-01-13 21:57:14","2026-01-13 21:57:14",NULL
3913,Ludhiana,0,"2026-01-13 21:57:14","2026-01-13 21:57:14",NULL
3914,Ludhiana,0,"2026-01-13 21:57:14","2026-01-13 21:57:14",NULL
3915,Ludhiana,0,"2026-01-13 21:57:14","2026-01-13 21:57:14",NULL
3916,Ludhiana,0,"2026-01-13 21:57:14","2026-01-13 21:57:14",NULL
3917,Ludhiana,0,"2026-01-13 21:57:14","2026-01-13 21:57:14",NULL
3918,Ludhiana,0,"2026-01-13 21:57:14","2026-01-13 21:57:14",NULL
3919,Ludhiana,0,"2026-01-13 21:57:14","2026-01-13 21:57:14",NULL
3920,Ludhiana,0,"2026-01-13 21:57:14","2026-01-13 21:57:14",NULL
3921,Ludhiana,0,"2026-01-13 21:57:14","2026-01-13 21:57:14",NULL
3922,Ludhiana,0,"2026-01-13 21:57:14","2026-01-13 21:57:14",NULL
3923,Ludhiana,0,"2026-01-13 21:57:14","2026-01-13 21:57:14",NULL
3924,Ludhiana,0,"2026-01-13 21:57:14","2026-01-13 21:57:14",NULL
3925,Ludhiana,0,"2026-01-13 21:57:14","2026-01-13 21:57:14",NULL
3926,Ludhiana,0,"2026-01-13 21:57:14","2026-01-13 21:57:14",NULL
3927,Ludhiana,0,"2026-01-13 21:57:14","2026-01-13 21:57:14",NULL
3928,Ludhiana,0,"2026-01-13 21:57:14","2026-01-13 21:57:14",NULL
3929,Ludhiana,0,"2026-01-13 21:57:14","2026-01-13 21:57:14",NULL
3930,Ludhiana,0,"2026-01-13 21:57:14","2026-01-13 21:57:14",NULL
3931,Ludhiana,0,"2026-01-13 21:57:14","2026-01-13 21:57:14",NULL
3932,Ludhiana,0,"2026-01-13 21:57:14","2026-01-13 21:57:14",NULL
3933,Ludhiana,0,"2026-01-13 21:57:14","2026-01-13 21:57:14",NULL
3934,Ludhiana,0,"2026-01-13 21:57:14","2026-01-13 21:57:14",NULL
3935,Ludhiana,0,"2026-01-13 21:57:14","2026-01-13 21:57:14",NULL
3936,Ludhiana,0,"2026-01-13 21:57:14","2026-01-13 21:57:14",NULL
3937,Firozpur,0,"2026-01-13 21:57:14","2026-01-13 21:57:14",NULL
3938,Ludhiana,0,"2026-01-13 21:57:14","2026-01-13 21:57:14",NULL
3939,Ludhiana,0,"2026-01-13 21:57:14","2026-01-13 21:57:14",NULL
3940,Ludhiana,0,"2026-01-13 21:57:14","2026-01-13 21:57:14",NULL
3941,Ludhiana,0,"2026-01-13 21:57:14","2026-01-13 21:57:14",NULL
3942,Ludhiana,0,"2026-01-13 21:57:14","2026-01-13 21:57:14",NULL
3943,Ludhiana,0,"2026-01-13 21:57:14","2026-01-13 21:57:14",NULL
3944,Ludhiana,0,"2026-01-13 21:57:14","2026-01-13 21:57:14",NULL
3945,Ludhiana,0,"2026-01-13 21:57:14","2026-01-13 21:57:14",NULL
3946,Ludhiana,0,"2026-01-13 21:57:14","2026-01-13 21:57:14",NULL
3947,Ludhiana,0,"2026-01-13 21:57:14","2026-01-13 21:57:14",NULL
3948,Ludhiana,0,"2026-01-13 21:57:14","2026-01-13 21:57:14",NULL
3949,Ludhiana,0,"2026-01-13 21:57:14","2026-01-13 21:57:14",NULL
3950,Ludhiana,0,"2026-01-13 21:57:14","2026-01-13 21:57:14",NULL
3951,Ludhiana,0,"2026-01-13 21:57:14","2026-01-13 21:57:14",NULL
3952,Ludhiana,0,"2026-01-13 21:57:14","2026-01-13 21:57:14",NULL
3953,Ludhiana,0,"2026-01-13 21:57:14","2026-01-13 21:57:14",NULL
3954,Ludhiana,0,"2026-01-13 21:57:14","2026-01-13 21:57:14",NULL
3955,Ludhiana,0,"2026-01-13 21:57:14","2026-01-13 21:57:14",NULL
3956,Ludhiana,0,"2026-01-13 21:57:14","2026-01-13 21:57:14",NULL
3957,Ludhiana,0,"2026-01-13 21:57:14","2026-01-13 21:57:14",NULL
3958,Ludhiana,0,"2026-01-13 21:57:14","2026-01-13 21:57:14",NULL
3959,Ludhiana,0,"2026-01-13 21:57:14","2026-01-13 21:57:14",NULL
3960,Ludhiana,0,"2026-01-13 21:57:14","2026-01-13 21:57:14",NULL
3961,Ludhiana,0,"2026-01-13 21:57:14","2026-01-13 21:57:14",NULL
3962,Ludhiana,0,"2026-01-13 21:57:14","2026-01-13 21:57:14",NULL
3963,Moga,0,"2026-01-13 21:57:14","2026-01-13 21:57:14",NULL
3964,Moga,0,"2026-01-13 21:57:14","2026-01-13 21:57:14",NULL
3965,Moga,0,"2026-01-13 21:57:14","2026-01-13 21:57:14",NULL
3966,Moga,0,"2026-01-13 21:57:14","2026-01-13 21:57:14",NULL
3967,Moga,0,"2026-01-13 21:57:14","2026-01-13 21:57:14",NULL
3968,Moga,0,"2026-01-13 21:57:14","2026-01-13 21:57:14",NULL
3969,Moga,0,"2026-01-13 21:57:14","2026-01-13 21:57:14",NULL
3970,Firozpur,0,"2026-01-13 21:57:14","2026-01-13 21:57:14",NULL
3971,Firozpur,0,"2026-01-13 21:57:14","2026-01-13 21:57:14",NULL
3972,Firozpur,0,"2026-01-13 21:57:14","2026-01-13 21:57:14",NULL
3973,Firozpur,0,"2026-01-13 21:57:14","2026-01-13 21:57:14",NULL
3974,Moga,0,"2026-01-13 21:57:14","2026-01-13 21:57:14",NULL
3975,Moga,0,"2026-01-13 21:57:14","2026-01-13 21:57:14",NULL
3976,Moga,0,"2026-01-13 21:57:14","2026-01-13 21:57:14",NULL
3977,Moga,0,"2026-01-13 21:57:14","2026-01-13 21:57:14",NULL
3978,Moga,0,"2026-01-13 21:57:14","2026-01-13 21:57:14",NULL
3979,Moga,0,"2026-01-13 21:57:14","2026-01-13 21:57:14",NULL
3980,Moga,0,"2026-01-13 21:57:14","2026-01-13 21:57:14",NULL
3981,Moga,0,"2026-01-13 21:57:14","2026-01-13 21:57:14",NULL
3982,Moga,0,"2026-01-13 21:57:14","2026-01-13 21:57:14",NULL
3983,Moga,0,"2026-01-13 21:57:14","2026-01-13 21:57:14",NULL
3984,Moga,0,"2026-01-13 21:57:14","2026-01-13 21:57:14",NULL
3985,Moga,0,"2026-01-13 21:57:14","2026-01-13 21:57:14",NULL
3986,Moga,0,"2026-01-13 21:57:14","2026-01-13 21:57:14",NULL
3987,Moga,0,"2026-01-13 21:57:14","2026-01-13 21:57:14",NULL
3988,Moga,0,"2026-01-13 21:57:14","2026-01-13 21:57:14",NULL
3989,Moga,0,"2026-01-13 21:57:14","2026-01-13 21:57:14",NULL
3990,Moga,0,"2026-01-13 21:57:14","2026-01-13 21:57:14",NULL
3991,Moga,0,"2026-01-13 21:57:14","2026-01-13 21:57:14",NULL
3992,Moga,0,"2026-01-13 21:57:14","2026-01-13 21:57:14",NULL
3993,Moga,0,"2026-01-13 21:57:14","2026-01-13 21:57:14",NULL
3994,Moga,0,"2026-01-13 21:57:14","2026-01-13 21:57:14",NULL
3995,Moga,0,"2026-01-13 21:57:14","2026-01-13 21:57:14",NULL
3996,Moga,0,"2026-01-13 21:57:14","2026-01-13 21:57:14",NULL
3997,Moga,0,"2026-01-13 21:57:14","2026-01-13 21:57:14",NULL
3998,Moga,0,"2026-01-13 21:57:14","2026-01-13 21:57:14",NULL
3999,Moga,0,"2026-01-13 21:57:14","2026-01-13 21:57:14",NULL
4000,Moga,0,"2026-01-13 21:57:14","2026-01-13 21:57:14",NULL
4001,Moga,0,"2026-01-13 21:57:14","2026-01-13 21:57:14",NULL
4002,Moga,0,"2026-01-13 21:57:14","2026-01-13 21:57:14",NULL
4003,Moga,0,"2026-01-13 21:57:14","2026-01-13 21:57:14",NULL
4004,Moga,0,"2026-01-13 21:57:14","2026-01-13 21:57:14",NULL
4005,Moga,0,"2026-01-13 21:57:14","2026-01-13 21:57:14",NULL
4006,Moga,0,"2026-01-13 21:57:14","2026-01-13 21:57:14",NULL
4007,Moga,0,"2026-01-13 21:57:14","2026-01-13 21:57:14",NULL
4008,Moga,0,"2026-01-13 21:57:14","2026-01-13 21:57:14",NULL
4009,Moga,0,"2026-01-13 21:57:14","2026-01-13 21:57:14",NULL
4010,Moga,0,"2026-01-13 21:57:14","2026-01-13 21:57:14",NULL
4011,Moga,0,"2026-01-13 21:57:14","2026-01-13 21:57:14",NULL
4012,Moga,0,"2026-01-13 21:57:14","2026-01-13 21:57:14",NULL
4013,Moga,0,"2026-01-13 21:57:14","2026-01-13 21:57:14",NULL
4014,Moga,0,"2026-01-13 21:57:14","2026-01-13 21:57:14",NULL
4015,Moga,0,"2026-01-13 21:57:14","2026-01-13 21:57:14",NULL
4016,Moga,0,"2026-01-13 21:57:14","2026-01-13 21:57:14",NULL
4017,Moga,0,"2026-01-13 21:57:14","2026-01-13 21:57:14",NULL
4018,Moga,0,"2026-01-13 21:57:14","2026-01-13 21:57:14",NULL
4019,Moga,0,"2026-01-13 21:57:14","2026-01-13 21:57:14",NULL
4020,Moga,0,"2026-01-13 21:57:14","2026-01-13 21:57:14",NULL
4021,Moga,0,"2026-01-13 21:57:14","2026-01-13 21:57:14",NULL
4022,Moga,0,"2026-01-13 21:57:14","2026-01-13 21:57:14",NULL
4023,Moga,0,"2026-01-13 21:57:14","2026-01-13 21:57:14",NULL
4024,Moga,0,"2026-01-13 21:57:14","2026-01-13 21:57:14",NULL
4025,Moga,0,"2026-01-13 21:57:14","2026-01-13 21:57:14",NULL
4026,Moga,0,"2026-01-13 21:57:14","2026-01-13 21:57:14",NULL
4027,Moga,0,"2026-01-13 21:57:14","2026-01-13 21:57:14",NULL
4028,Moga,0,"2026-01-13 21:57:14","2026-01-13 21:57:14",NULL
4029,Moga,0,"2026-01-13 21:57:14","2026-01-13 21:57:14",NULL
4030,Moga,0,"2026-01-13 21:57:14","2026-01-13 21:57:14",NULL
4031,Moga,0,"2026-01-13 21:57:14","2026-01-13 21:57:14",NULL
4032,Firozpur,0,"2026-01-13 21:57:15","2026-01-13 21:57:15",NULL
4033,Firozpur,0,"2026-01-13 21:57:15","2026-01-13 21:57:15",NULL
4034,Firozpur,0,"2026-01-13 21:57:15","2026-01-13 21:57:15",NULL
4035,Firozpur,0,"2026-01-13 21:57:15","2026-01-13 21:57:15",NULL
4036,Firozpur,0,"2026-01-13 21:57:15","2026-01-13 21:57:15",NULL
4037,Firozpur,0,"2026-01-13 21:57:15","2026-01-13 21:57:15",NULL
4038,Firozpur,0,"2026-01-13 21:57:15","2026-01-13 21:57:15",NULL
4039,Firozpur,0,"2026-01-13 21:57:15","2026-01-13 21:57:15",NULL
4040,Firozpur,0,"2026-01-13 21:57:15","2026-01-13 21:57:15",NULL
4041,Firozpur,0,"2026-01-13 21:57:15","2026-01-13 21:57:15",NULL
4042,Firozpur,0,"2026-01-13 21:57:15","2026-01-13 21:57:15",NULL
4043,Firozpur,0,"2026-01-13 21:57:15","2026-01-13 21:57:15",NULL
4044,Firozpur,0,"2026-01-13 21:57:15","2026-01-13 21:57:15",NULL
4045,Firozpur,0,"2026-01-13 21:57:15","2026-01-13 21:57:15",NULL
4046,Firozpur,0,"2026-01-13 21:57:15","2026-01-13 21:57:15",NULL
4047,Firozpur,0,"2026-01-13 21:57:15","2026-01-13 21:57:15",NULL
4048,Firozpur,0,"2026-01-13 21:57:15","2026-01-13 21:57:15",NULL
4049,Firozpur,0,"2026-01-13 21:57:15","2026-01-13 21:57:15",NULL
4050,Firozpur,0,"2026-01-13 21:57:15","2026-01-13 21:57:15",NULL
4051,Firozpur,0,"2026-01-13 21:57:15","2026-01-13 21:57:15",NULL
4052,Firozpur,0,"2026-01-13 21:57:15","2026-01-13 21:57:15",NULL
4053,Firozpur,0,"2026-01-13 21:57:15","2026-01-13 21:57:15",NULL
4054,Firozpur,0,"2026-01-13 21:57:15","2026-01-13 21:57:15",NULL
4055,Firozpur,0,"2026-01-13 21:57:15","2026-01-13 21:57:15",NULL
4056,Moga,0,"2026-01-13 21:57:15","2026-01-13 21:57:15",NULL
4057,Moga,0,"2026-01-13 21:57:15","2026-01-13 21:57:15",NULL
4058,Moga,0,"2026-01-13 21:57:15","2026-01-13 21:57:15",NULL
4059,Moga,0,"2026-01-13 21:57:15","2026-01-13 21:57:15",NULL
4060,Moga,0,"2026-01-13 21:57:15","2026-01-13 21:57:15",NULL
4061,Moga,0,"2026-01-13 21:57:15","2026-01-13 21:57:15",NULL
4062,Moga,0,"2026-01-13 21:57:15","2026-01-13 21:57:15",NULL
4063,Moga,0,"2026-01-13 21:57:15","2026-01-13 21:57:15",NULL
4064,Firozpur,0,"2026-01-13 21:57:15","2026-01-13 21:57:15",NULL
4065,Firozpur,0,"2026-01-13 21:57:15","2026-01-13 21:57:15",NULL
4066,Firozpur,0,"2026-01-13 21:57:15","2026-01-13 21:57:15",NULL
4067,Firozpur,0,"2026-01-13 21:57:15","2026-01-13 21:57:15",NULL
4068,Firozpur,0,"2026-01-13 21:57:15","2026-01-13 21:57:15",NULL
4069,Firozpur,0,"2026-01-13 21:57:15","2026-01-13 21:57:15",NULL
4070,Firozpur,0,"2026-01-13 21:57:15","2026-01-13 21:57:15",NULL
4071,Firozpur,0,"2026-01-13 21:57:15","2026-01-13 21:57:15",NULL
4072,Firozpur,0,"2026-01-13 21:57:15","2026-01-13 21:57:15",NULL
4073,Firozpur,0,"2026-01-13 21:57:15","2026-01-13 21:57:15",NULL
4074,Firozpur,0,"2026-01-13 21:57:15","2026-01-13 21:57:15",NULL
4075,Firozpur,0,"2026-01-13 21:57:15","2026-01-13 21:57:15",NULL
4076,Firozpur,0,"2026-01-13 21:57:15","2026-01-13 21:57:15",NULL
4077,Firozpur,0,"2026-01-13 21:57:15","2026-01-13 21:57:15",NULL
4078,Moga,0,"2026-01-13 21:57:15","2026-01-13 21:57:15",NULL
4079,Moga,0,"2026-01-13 21:57:15","2026-01-13 21:57:15",NULL
4080,Moga,0,"2026-01-13 21:57:15","2026-01-13 21:57:15",NULL
4081,Moga,0,"2026-01-13 21:57:15","2026-01-13 21:57:15",NULL
4082,Moga,0,"2026-01-13 21:57:15","2026-01-13 21:57:15",NULL
4083,Moga,0,"2026-01-13 21:57:15","2026-01-13 21:57:15",NULL
4084,Moga,0,"2026-01-13 21:57:15","2026-01-13 21:57:15",NULL
4085,Moga,0,"2026-01-13 21:57:15","2026-01-13 21:57:15",NULL
4086,Moga,0,"2026-01-13 21:57:15","2026-01-13 21:57:15",NULL
4087,Moga,0,"2026-01-13 21:57:15","2026-01-13 21:57:15",NULL
4088,Moga,0,"2026-01-13 21:57:15","2026-01-13 21:57:15",NULL
4089,Moga,0,"2026-01-13 21:57:15","2026-01-13 21:57:15",NULL
4090,Moga,0,"2026-01-13 21:57:15","2026-01-13 21:57:15",NULL
4091,Moga,0,"2026-01-13 21:57:15","2026-01-13 21:57:15",NULL
4092,Moga,0,"2026-01-13 21:57:15","2026-01-13 21:57:15",NULL
4093,Moga,0,"2026-01-13 21:57:15","2026-01-13 21:57:15",NULL
4094,Moga,0,"2026-01-13 21:57:15","2026-01-13 21:57:15",NULL
4095,Moga,0,"2026-01-13 21:57:15","2026-01-13 21:57:15",NULL
4096,Moga,0,"2026-01-13 21:57:15","2026-01-13 21:57:15",NULL
4097,Moga,0,"2026-01-13 21:57:15","2026-01-13 21:57:15",NULL
4098,Moga,0,"2026-01-13 21:57:15","2026-01-13 21:57:15",NULL
4099,Moga,0,"2026-01-13 21:57:15","2026-01-13 21:57:15",NULL
4100,Moga,0,"2026-01-13 21:57:15","2026-01-13 21:57:15",NULL
4101,Moga,0,"2026-01-13 21:57:15","2026-01-13 21:57:15",NULL
4102,Moga,0,"2026-01-13 21:57:15","2026-01-13 21:57:15",NULL
4103,Moga,0,"2026-01-13 21:57:15","2026-01-13 21:57:15",NULL
4104,Moga,0,"2026-01-13 21:57:15","2026-01-13 21:57:15",NULL
4105,Firozpur,0,"2026-01-13 21:57:15","2026-01-13 21:57:15",NULL
4106,Firozpur,0,"2026-01-13 21:57:15","2026-01-13 21:57:15",NULL
4107,Firozpur,0,"2026-01-13 21:57:15","2026-01-13 21:57:15",NULL
4108,Firozpur,0,"2026-01-13 21:57:15","2026-01-13 21:57:15",NULL
4109,Firozpur,0,"2026-01-13 21:57:15","2026-01-13 21:57:15",NULL
4110,Amritsar,0,"2026-01-13 21:57:15","2026-01-13 21:57:15",NULL
4111,Firozpur,0,"2026-01-13 21:57:15","2026-01-13 21:57:15",NULL
4112,Firozpur,0,"2026-01-13 21:57:15","2026-01-13 21:57:15",NULL
4113,Firozpur,0,"2026-01-13 21:57:15","2026-01-13 21:57:15",NULL
4114,Firozpur,0,"2026-01-13 21:57:15","2026-01-13 21:57:15",NULL
4115,Moga,0,"2026-01-13 21:57:15","2026-01-13 21:57:15",NULL
4116,Moga,0,"2026-01-13 21:57:15","2026-01-13 21:57:15",NULL
4117,Moga,0,"2026-01-13 21:57:15","2026-01-13 21:57:15",NULL
4118,Moga,0,"2026-01-13 21:57:15","2026-01-13 21:57:15",NULL
4119,Moga,0,"2026-01-13 21:57:15","2026-01-13 21:57:15",NULL
4120,Moga,0,"2026-01-13 21:57:15","2026-01-13 21:57:15",NULL
4121,Moga,0,"2026-01-13 21:57:15","2026-01-13 21:57:15",NULL
4122,Moga,0,"2026-01-13 21:57:15","2026-01-13 21:57:15",NULL
4123,Moga,0,"2026-01-13 21:57:15","2026-01-13 21:57:15",NULL
4124,Moga,0,"2026-01-13 21:57:15","2026-01-13 21:57:15",NULL
4125,Moga,0,"2026-01-13 21:57:15","2026-01-13 21:57:15",NULL
4126,Moga,0,"2026-01-13 21:57:15","2026-01-13 21:57:15",NULL
4127,Moga,0,"2026-01-13 21:57:15","2026-01-13 21:57:15",NULL
4128,Moga,0,"2026-01-13 21:57:15","2026-01-13 21:57:15",NULL
4129,Moga,0,"2026-01-13 21:57:15","2026-01-13 21:57:15",NULL
4130,Moga,0,"2026-01-13 21:57:15","2026-01-13 21:57:15",NULL
4131,Moga,0,"2026-01-13 21:57:15","2026-01-13 21:57:15",NULL
4132,Moga,0,"2026-01-13 21:57:15","2026-01-13 21:57:15",NULL
4133,Moga,0,"2026-01-13 21:57:15","2026-01-13 21:57:15",NULL
4134,Moga,0,"2026-01-13 21:57:15","2026-01-13 21:57:15",NULL
4135,Moga,0,"2026-01-13 21:57:15","2026-01-13 21:57:15",NULL
4136,Moga,0,"2026-01-13 21:57:15","2026-01-13 21:57:15",NULL
4137,Moga,0,"2026-01-13 21:57:15","2026-01-13 21:57:15",NULL
4138,Moga,0,"2026-01-13 21:57:15","2026-01-13 21:57:15",NULL
4139,Moga,0,"2026-01-13 21:57:15","2026-01-13 21:57:15",NULL
4140,Moga,0,"2026-01-13 21:57:15","2026-01-13 21:57:15",NULL
4141,Moga,0,"2026-01-13 21:57:15","2026-01-13 21:57:15",NULL
4142,Moga,0,"2026-01-13 21:57:15","2026-01-13 21:57:15",NULL
4143,Moga,0,"2026-01-13 21:57:15","2026-01-13 21:57:15",NULL
4144,Moga,0,"2026-01-13 21:57:15","2026-01-13 21:57:15",NULL
4145,Moga,0,"2026-01-13 21:57:15","2026-01-13 21:57:15",NULL
4146,Moga,0,"2026-01-13 21:57:15","2026-01-13 21:57:15",NULL
4147,Moga,0,"2026-01-13 21:57:15","2026-01-13 21:57:15",NULL
4148,Moga,0,"2026-01-13 21:57:15","2026-01-13 21:57:15",NULL
4149,Moga,0,"2026-01-13 21:57:15","2026-01-13 21:57:15",NULL
4150,Moga,0,"2026-01-13 21:57:15","2026-01-13 21:57:15",NULL
4151,Moga,0,"2026-01-13 21:57:15","2026-01-13 21:57:15",NULL
4152,Moga,0,"2026-01-13 21:57:15","2026-01-13 21:57:15",NULL
4153,Firozpur,0,"2026-01-13 21:57:15","2026-01-13 21:57:15",NULL
4154,Firozpur,0,"2026-01-13 21:57:15","2026-01-13 21:57:15",NULL
4155,Firozpur,0,"2026-01-13 21:57:15","2026-01-13 21:57:15",NULL
4156,Firozpur,0,"2026-01-13 21:57:15","2026-01-13 21:57:15",NULL
4157,Firozpur,0,"2026-01-13 21:57:15","2026-01-13 21:57:15",NULL
4158,Amritsar,0,"2026-01-13 21:57:15","2026-01-13 21:57:15",NULL
4159,Amritsar,0,"2026-01-13 21:57:15","2026-01-13 21:57:15",NULL
4160,Amritsar,0,"2026-01-13 21:57:15","2026-01-13 21:57:15",NULL
4161,Amritsar,0,"2026-01-13 21:57:15","2026-01-13 21:57:15",NULL
4162,Amritsar,0,"2026-01-13 21:57:15","2026-01-13 21:57:15",NULL
4163,Amritsar,0,"2026-01-13 21:57:15","2026-01-13 21:57:15",NULL
4164,Amritsar,0,"2026-01-13 21:57:15","2026-01-13 21:57:15",NULL
4165,Amritsar,0,"2026-01-13 21:57:15","2026-01-13 21:57:15",NULL
4166,Amritsar,0,"2026-01-13 21:57:15","2026-01-13 21:57:15",NULL
4167,Amritsar,0,"2026-01-13 21:57:15","2026-01-13 21:57:15",NULL
4168,Amritsar,0,"2026-01-13 21:57:15","2026-01-13 21:57:15",NULL
4169,Amritsar,0,"2026-01-13 21:57:15","2026-01-13 21:57:15",NULL
4170,Amritsar,0,"2026-01-13 21:57:15","2026-01-13 21:57:15",NULL
4171,Amritsar,0,"2026-01-13 21:57:15","2026-01-13 21:57:15",NULL
4172,Amritsar,0,"2026-01-13 21:57:15","2026-01-13 21:57:15",NULL
4173,Amritsar,0,"2026-01-13 21:57:15","2026-01-13 21:57:15",NULL
4174,Amritsar,0,"2026-01-13 21:57:15","2026-01-13 21:57:15",NULL
4175,Amritsar,0,"2026-01-13 21:57:15","2026-01-13 21:57:15",NULL
4176,Amritsar,0,"2026-01-13 21:57:15","2026-01-13 21:57:15",NULL
4177,Amritsar,0,"2026-01-13 21:57:15","2026-01-13 21:57:15",NULL
4178,Amritsar,0,"2026-01-13 21:57:15","2026-01-13 21:57:15",NULL
4179,Amritsar,0,"2026-01-13 21:57:15","2026-01-13 21:57:15",NULL
4180,Amritsar,0,"2026-01-13 21:57:15","2026-01-13 21:57:15",NULL
4181,Amritsar,0,"2026-01-13 21:57:15","2026-01-13 21:57:15",NULL
4182,Amritsar,0,"2026-01-13 21:57:15","2026-01-13 21:57:15",NULL
4183,Amritsar,0,"2026-01-13 21:57:15","2026-01-13 21:57:15",NULL
4184,Amritsar,0,"2026-01-13 21:57:15","2026-01-13 21:57:15",NULL
4185,"Tarn Taran",0,"2026-01-13 21:57:15","2026-01-13 21:57:15",NULL
4186,Amritsar,0,"2026-01-13 21:57:15","2026-01-13 21:57:15",NULL
4187,Amritsar,0,"2026-01-13 21:57:15","2026-01-13 21:57:15",NULL
4188,Amritsar,0,"2026-01-13 21:57:15","2026-01-13 21:57:15",NULL
4189,Amritsar,0,"2026-01-13 21:57:15","2026-01-13 21:57:15",NULL
4190,Amritsar,0,"2026-01-13 21:57:15","2026-01-13 21:57:15",NULL
4191,Amritsar,0,"2026-01-13 21:57:15","2026-01-13 21:57:15",NULL
4192,Amritsar,0,"2026-01-13 21:57:15","2026-01-13 21:57:15",NULL
4193,Amritsar,0,"2026-01-13 21:57:15","2026-01-13 21:57:15",NULL
4194,Amritsar,0,"2026-01-13 21:57:15","2026-01-13 21:57:15",NULL
4195,Amritsar,0,"2026-01-13 21:57:15","2026-01-13 21:57:15",NULL
4196,"Tarn Taran",0,"2026-01-13 21:57:15","2026-01-13 21:57:15",NULL
4197,Amritsar,0,"2026-01-13 21:57:15","2026-01-13 21:57:15",NULL
4198,Amritsar,0,"2026-01-13 21:57:15","2026-01-13 21:57:15",NULL
4199,Amritsar,0,"2026-01-13 21:57:15","2026-01-13 21:57:15",NULL
4200,Amritsar,0,"2026-01-13 21:57:15","2026-01-13 21:57:15",NULL
4201,Amritsar,0,"2026-01-13 21:57:15","2026-01-13 21:57:15",NULL
4202,Amritsar,0,"2026-01-13 21:57:15","2026-01-13 21:57:15",NULL
4203,Amritsar,0,"2026-01-13 21:57:15","2026-01-13 21:57:15",NULL
4204,Amritsar,0,"2026-01-13 21:57:15","2026-01-13 21:57:15",NULL
4205,Amritsar,0,"2026-01-13 21:57:15","2026-01-13 21:57:15",NULL
4206,Amritsar,0,"2026-01-13 21:57:15","2026-01-13 21:57:15",NULL
4207,Amritsar,0,"2026-01-13 21:57:15","2026-01-13 21:57:15",NULL
4208,Amritsar,0,"2026-01-13 21:57:15","2026-01-13 21:57:15",NULL
4209,Amritsar,0,"2026-01-13 21:57:15","2026-01-13 21:57:15",NULL
4210,Amritsar,0,"2026-01-13 21:57:15","2026-01-13 21:57:15",NULL
4211,Amritsar,0,"2026-01-13 21:57:15","2026-01-13 21:57:15",NULL
4212,Amritsar,0,"2026-01-13 21:57:15","2026-01-13 21:57:15",NULL
4213,Amritsar,0,"2026-01-13 21:57:15","2026-01-13 21:57:15",NULL
4214,Amritsar,0,"2026-01-13 21:57:15","2026-01-13 21:57:15",NULL
4215,Amritsar,0,"2026-01-13 21:57:15","2026-01-13 21:57:15",NULL
4216,Amritsar,0,"2026-01-13 21:57:15","2026-01-13 21:57:15",NULL
4217,Amritsar,0,"2026-01-13 21:57:15","2026-01-13 21:57:15",NULL
4218,Amritsar,0,"2026-01-13 21:57:15","2026-01-13 21:57:15",NULL
4219,Amritsar,0,"2026-01-13 21:57:15","2026-01-13 21:57:15",NULL
4220,Amritsar,0,"2026-01-13 21:57:15","2026-01-13 21:57:15",NULL
4221,Amritsar,0,"2026-01-13 21:57:15","2026-01-13 21:57:15",NULL
4222,Amritsar,0,"2026-01-13 21:57:15","2026-01-13 21:57:15",NULL
4223,Amritsar,0,"2026-01-13 21:57:15","2026-01-13 21:57:15",NULL
4224,Amritsar,0,"2026-01-13 21:57:15","2026-01-13 21:57:15",NULL
4225,Amritsar,0,"2026-01-13 21:57:15","2026-01-13 21:57:15",NULL
4226,Amritsar,0,"2026-01-13 21:57:15","2026-01-13 21:57:15",NULL
4227,Amritsar,0,"2026-01-13 21:57:15","2026-01-13 21:57:15",NULL
4228,Amritsar,0,"2026-01-13 21:57:15","2026-01-13 21:57:15",NULL
4229,Amritsar,0,"2026-01-13 21:57:15","2026-01-13 21:57:15",NULL
4230,Amritsar,0,"2026-01-13 21:57:15","2026-01-13 21:57:15",NULL
4231,Amritsar,0,"2026-01-13 21:57:15","2026-01-13 21:57:15",NULL
4232,Amritsar,0,"2026-01-13 21:57:15","2026-01-13 21:57:15",NULL
4233,Amritsar,0,"2026-01-13 21:57:15","2026-01-13 21:57:15",NULL
4234,Amritsar,0,"2026-01-13 21:57:15","2026-01-13 21:57:15",NULL
4235,Amritsar,0,"2026-01-13 21:57:15","2026-01-13 21:57:15",NULL
4236,Amritsar,0,"2026-01-13 21:57:15","2026-01-13 21:57:15",NULL
4237,Amritsar,0,"2026-01-13 21:57:15","2026-01-13 21:57:15",NULL
4238,Amritsar,0,"2026-01-13 21:57:15","2026-01-13 21:57:15",NULL
4239,Amritsar,0,"2026-01-13 21:57:15","2026-01-13 21:57:15",NULL
4240,Amritsar,0,"2026-01-13 21:57:15","2026-01-13 21:57:15",NULL
4241,Amritsar,0,"2026-01-13 21:57:15","2026-01-13 21:57:15",NULL
4242,Amritsar,0,"2026-01-13 21:57:15","2026-01-13 21:57:15",NULL
4243,"Tarn Taran",0,"2026-01-13 21:57:15","2026-01-13 21:57:15",NULL
4244,Amritsar,0,"2026-01-13 21:57:15","2026-01-13 21:57:15",NULL
4245,Amritsar,0,"2026-01-13 21:57:15","2026-01-13 21:57:15",NULL
4246,Amritsar,0,"2026-01-13 21:57:15","2026-01-13 21:57:15",NULL
4247,Amritsar,0,"2026-01-13 21:57:15","2026-01-13 21:57:15",NULL
4248,Amritsar,0,"2026-01-13 21:57:15","2026-01-13 21:57:15",NULL
4249,Amritsar,0,"2026-01-13 21:57:15","2026-01-13 21:57:15",NULL
4250,Amritsar,0,"2026-01-13 21:57:15","2026-01-13 21:57:15",NULL
4251,Amritsar,0,"2026-01-13 21:57:15","2026-01-13 21:57:15",NULL
4252,Amritsar,0,"2026-01-13 21:57:15","2026-01-13 21:57:15",NULL
4253,Amritsar,0,"2026-01-13 21:57:15","2026-01-13 21:57:15",NULL
4254,Amritsar,0,"2026-01-13 21:57:15","2026-01-13 21:57:15",NULL
4255,Amritsar,0,"2026-01-13 21:57:15","2026-01-13 21:57:15",NULL
4256,Amritsar,0,"2026-01-13 21:57:15","2026-01-13 21:57:15",NULL
4257,Amritsar,0,"2026-01-13 21:57:15","2026-01-13 21:57:15",NULL
4258,Amritsar,0,"2026-01-13 21:57:15","2026-01-13 21:57:15",NULL
4259,Amritsar,0,"2026-01-13 21:57:15","2026-01-13 21:57:15",NULL
4260,Amritsar,0,"2026-01-13 21:57:15","2026-01-13 21:57:15",NULL
4261,Amritsar,0,"2026-01-13 21:57:15","2026-01-13 21:57:15",NULL
4262,Amritsar,0,"2026-01-13 21:57:15","2026-01-13 21:57:15",NULL
4263,Amritsar,0,"2026-01-13 21:57:15","2026-01-13 21:57:15",NULL
4264,Amritsar,0,"2026-01-13 21:57:15","2026-01-13 21:57:15",NULL
4265,Amritsar,0,"2026-01-13 21:57:15","2026-01-13 21:57:15",NULL
4266,Amritsar,0,"2026-01-13 21:57:15","2026-01-13 21:57:15",NULL
4267,Amritsar,0,"2026-01-13 21:57:15","2026-01-13 21:57:15",NULL
4268,Amritsar,0,"2026-01-13 21:57:15","2026-01-13 21:57:15",NULL
4269,Amritsar,0,"2026-01-13 21:57:15","2026-01-13 21:57:15",NULL
4270,Amritsar,0,"2026-01-13 21:57:15","2026-01-13 21:57:15",NULL
4271,Amritsar,0,"2026-01-13 21:57:15","2026-01-13 21:57:15",NULL
4272,Amritsar,0,"2026-01-13 21:57:15","2026-01-13 21:57:15",NULL
4273,Amritsar,0,"2026-01-13 21:57:15","2026-01-13 21:57:15",NULL
4274,Amritsar,0,"2026-01-13 21:57:15","2026-01-13 21:57:15",NULL
4275,Amritsar,0,"2026-01-13 21:57:15","2026-01-13 21:57:15",NULL
4276,Amritsar,0,"2026-01-13 21:57:15","2026-01-13 21:57:15",NULL
4277,Amritsar,0,"2026-01-13 21:57:15","2026-01-13 21:57:15",NULL
4278,Amritsar,0,"2026-01-13 21:57:15","2026-01-13 21:57:15",NULL
4279,Amritsar,0,"2026-01-13 21:57:15","2026-01-13 21:57:15",NULL
4280,"Tarn Taran",0,"2026-01-13 21:57:15","2026-01-13 21:57:15",NULL
4281,Amritsar,0,"2026-01-13 21:57:15","2026-01-13 21:57:15",NULL
4282,Amritsar,0,"2026-01-13 21:57:15","2026-01-13 21:57:15",NULL
4283,Amritsar,0,"2026-01-13 21:57:15","2026-01-13 21:57:15",NULL
4284,Amritsar,0,"2026-01-13 21:57:15","2026-01-13 21:57:15",NULL
4285,Amritsar,0,"2026-01-13 21:57:15","2026-01-13 21:57:15",NULL
4286,Amritsar,0,"2026-01-13 21:57:15","2026-01-13 21:57:15",NULL
4287,Amritsar,0,"2026-01-13 21:57:15","2026-01-13 21:57:15",NULL
4288,Amritsar,0,"2026-01-13 21:57:15","2026-01-13 21:57:15",NULL
4289,Amritsar,0,"2026-01-13 21:57:15","2026-01-13 21:57:15",NULL
4290,Amritsar,0,"2026-01-13 21:57:15","2026-01-13 21:57:15",NULL
4291,Amritsar,0,"2026-01-13 21:57:15","2026-01-13 21:57:15",NULL
4292,Amritsar,0,"2026-01-13 21:57:15","2026-01-13 21:57:15",NULL
4293,Amritsar,0,"2026-01-13 21:57:15","2026-01-13 21:57:15",NULL
4294,Amritsar,0,"2026-01-13 21:57:15","2026-01-13 21:57:15",NULL
4295,Amritsar,0,"2026-01-13 21:57:15","2026-01-13 21:57:15",NULL
4296,Amritsar,0,"2026-01-13 21:57:15","2026-01-13 21:57:15",NULL
4297,Amritsar,0,"2026-01-13 21:57:15","2026-01-13 21:57:15",NULL
4298,Amritsar,0,"2026-01-13 21:57:15","2026-01-13 21:57:15",NULL
4299,Amritsar,0,"2026-01-13 21:57:15","2026-01-13 21:57:15",NULL
4300,Amritsar,0,"2026-01-13 21:57:15","2026-01-13 21:57:15",NULL
4301,Amritsar,0,"2026-01-13 21:57:15","2026-01-13 21:57:15",NULL
4302,"Tarn Taran",0,"2026-01-13 21:57:15","2026-01-13 21:57:15",NULL
4303,Amritsar,0,"2026-01-13 21:57:15","2026-01-13 21:57:15",NULL
4304,Amritsar,0,"2026-01-13 21:57:15","2026-01-13 21:57:15",NULL
4305,Amritsar,0,"2026-01-13 21:57:15","2026-01-13 21:57:15",NULL
4306,Amritsar,0,"2026-01-13 21:57:15","2026-01-13 21:57:15",NULL
4307,Amritsar,0,"2026-01-13 21:57:15","2026-01-13 21:57:15",NULL
4308,Amritsar,0,"2026-01-13 21:57:15","2026-01-13 21:57:15",NULL
4309,Amritsar,0,"2026-01-13 21:57:15","2026-01-13 21:57:15",NULL
4310,Amritsar,0,"2026-01-13 21:57:15","2026-01-13 21:57:15",NULL
4311,Amritsar,0,"2026-01-13 21:57:15","2026-01-13 21:57:15",NULL
4312,Amritsar,0,"2026-01-13 21:57:15","2026-01-13 21:57:15",NULL
4313,Amritsar,0,"2026-01-13 21:57:15","2026-01-13 21:57:15",NULL
4314,Amritsar,0,"2026-01-13 21:57:15","2026-01-13 21:57:15",NULL
4315,Amritsar,0,"2026-01-13 21:57:15","2026-01-13 21:57:15",NULL
4316,Amritsar,0,"2026-01-13 21:57:15","2026-01-13 21:57:15",NULL
4317,Amritsar,0,"2026-01-13 21:57:15","2026-01-13 21:57:15",NULL
4318,Amritsar,0,"2026-01-13 21:57:15","2026-01-13 21:57:15",NULL
4319,Amritsar,0,"2026-01-13 21:57:15","2026-01-13 21:57:15",NULL
4320,"Tarn Taran",0,"2026-01-13 21:57:15","2026-01-13 21:57:15",NULL
4321,Amritsar,0,"2026-01-13 21:57:15","2026-01-13 21:57:15",NULL
4322,Amritsar,0,"2026-01-13 21:57:15","2026-01-13 21:57:15",NULL
4323,Amritsar,0,"2026-01-13 21:57:15","2026-01-13 21:57:15",NULL
4324,Amritsar,0,"2026-01-13 21:57:15","2026-01-13 21:57:15",NULL
4325,Amritsar,0,"2026-01-13 21:57:15","2026-01-13 21:57:15",NULL
4326,Amritsar,0,"2026-01-13 21:57:15","2026-01-13 21:57:15",NULL
4327,Amritsar,0,"2026-01-13 21:57:15","2026-01-13 21:57:15",NULL
4328,Amritsar,0,"2026-01-13 21:57:15","2026-01-13 21:57:15",NULL
4329,Amritsar,0,"2026-01-13 21:57:15","2026-01-13 21:57:15",NULL
4330,Amritsar,0,"2026-01-13 21:57:15","2026-01-13 21:57:15",NULL
4331,"Tarn Taran",0,"2026-01-13 21:57:15","2026-01-13 21:57:15",NULL
4332,Amritsar,0,"2026-01-13 21:57:15","2026-01-13 21:57:15",NULL
4333,Amritsar,0,"2026-01-13 21:57:15","2026-01-13 21:57:15",NULL
4334,Amritsar,0,"2026-01-13 21:57:15","2026-01-13 21:57:15",NULL
4335,Amritsar,0,"2026-01-13 21:57:15","2026-01-13 21:57:15",NULL
4336,Amritsar,0,"2026-01-13 21:57:15","2026-01-13 21:57:15",NULL
4337,Amritsar,0,"2026-01-13 21:57:15","2026-01-13 21:57:15",NULL
4338,Amritsar,0,"2026-01-13 21:57:15","2026-01-13 21:57:15",NULL
4339,Amritsar,0,"2026-01-13 21:57:15","2026-01-13 21:57:15",NULL
4340,Amritsar,0,"2026-01-13 21:57:15","2026-01-13 21:57:15",NULL
4341,"Tarn Taran",0,"2026-01-13 21:57:15","2026-01-13 21:57:15",NULL
4342,Amritsar,0,"2026-01-13 21:57:15","2026-01-13 21:57:15",NULL
4343,Amritsar,0,"2026-01-13 21:57:15","2026-01-13 21:57:15",NULL
4344,Amritsar,0,"2026-01-13 21:57:15","2026-01-13 21:57:15",NULL
4345,Amritsar,0,"2026-01-13 21:57:15","2026-01-13 21:57:15",NULL
4346,"Tarn Taran",0,"2026-01-13 21:57:15","2026-01-13 21:57:15",NULL
4347,Amritsar,0,"2026-01-13 21:57:15","2026-01-13 21:57:15",NULL
4348,Amritsar,0,"2026-01-13 21:57:15","2026-01-13 21:57:15",NULL
4349,Amritsar,0,"2026-01-13 21:57:15","2026-01-13 21:57:15",NULL
4350,Amritsar,0,"2026-01-13 21:57:15","2026-01-13 21:57:15",NULL
4351,"Tarn Taran",0,"2026-01-13 21:57:15","2026-01-13 21:57:15",NULL
4352,Amritsar,0,"2026-01-13 21:57:15","2026-01-13 21:57:15",NULL
4353,Amritsar,0,"2026-01-13 21:57:15","2026-01-13 21:57:15",NULL
4354,Amritsar,0,"2026-01-13 21:57:15","2026-01-13 21:57:15",NULL
4355,Amritsar,0,"2026-01-13 21:57:15","2026-01-13 21:57:15",NULL
4356,"Tarn Taran",0,"2026-01-13 21:57:15","2026-01-13 21:57:15",NULL
4357,Amritsar,0,"2026-01-13 21:57:15","2026-01-13 21:57:15",NULL
4358,Amritsar,0,"2026-01-13 21:57:15","2026-01-13 21:57:15",NULL
4359,Amritsar,0,"2026-01-13 21:57:15","2026-01-13 21:57:15",NULL
4360,Amritsar,0,"2026-01-13 21:57:15","2026-01-13 21:57:15",NULL
4361,Amritsar,0,"2026-01-13 21:57:15","2026-01-13 21:57:15",NULL
4362,Amritsar,0,"2026-01-13 21:57:15","2026-01-13 21:57:15",NULL
4363,Amritsar,0,"2026-01-13 21:57:15","2026-01-13 21:57:15",NULL
4364,Amritsar,0,"2026-01-13 21:57:15","2026-01-13 21:57:15",NULL
4365,Amritsar,0,"2026-01-13 21:57:15","2026-01-13 21:57:15",NULL
4366,Amritsar,0,"2026-01-13 21:57:15","2026-01-13 21:57:15",NULL
4367,Amritsar,0,"2026-01-13 21:57:15","2026-01-13 21:57:15",NULL
4368,"Tarn Taran",0,"2026-01-13 21:57:15","2026-01-13 21:57:15",NULL
4369,"Tarn Taran",0,"2026-01-13 21:57:15","2026-01-13 21:57:15",NULL
4370,"Tarn Taran",0,"2026-01-13 21:57:15","2026-01-13 21:57:15",NULL
4371,"Tarn Taran",0,"2026-01-13 21:57:15","2026-01-13 21:57:15",NULL
4372,"Tarn Taran",0,"2026-01-13 21:57:15","2026-01-13 21:57:15",NULL
4373,"Tarn Taran",0,"2026-01-13 21:57:15","2026-01-13 21:57:15",NULL
4374,"Tarn Taran",0,"2026-01-13 21:57:15","2026-01-13 21:57:15",NULL
4375,"Tarn Taran",0,"2026-01-13 21:57:15","2026-01-13 21:57:15",NULL
4376,Amritsar,0,"2026-01-13 21:57:15","2026-01-13 21:57:15",NULL
4377,Amritsar,0,"2026-01-13 21:57:15","2026-01-13 21:57:15",NULL
4378,Amritsar,0,"2026-01-13 21:57:15","2026-01-13 21:57:15",NULL
4379,Amritsar,0,"2026-01-13 21:57:15","2026-01-13 21:57:15",NULL
4380,Amritsar,0,"2026-01-13 21:57:15","2026-01-13 21:57:15",NULL
4381,Amritsar,0,"2026-01-13 21:57:15","2026-01-13 21:57:15",NULL
4382,Amritsar,0,"2026-01-13 21:57:15","2026-01-13 21:57:15",NULL
4383,Amritsar,0,"2026-01-13 21:57:15","2026-01-13 21:57:15",NULL
4384,Amritsar,0,"2026-01-13 21:57:15","2026-01-13 21:57:15",NULL
4385,Amritsar,0,"2026-01-13 21:57:15","2026-01-13 21:57:15",NULL
4386,Amritsar,0,"2026-01-13 21:57:15","2026-01-13 21:57:15",NULL
4387,Amritsar,0,"2026-01-13 21:57:15","2026-01-13 21:57:15",NULL
4388,Amritsar,0,"2026-01-13 21:57:15","2026-01-13 21:57:15",NULL
4389,Amritsar,0,"2026-01-13 21:57:15","2026-01-13 21:57:15",NULL
4390,Amritsar,0,"2026-01-13 21:57:15","2026-01-13 21:57:15",NULL
4391,Amritsar,0,"2026-01-13 21:57:15","2026-01-13 21:57:15",NULL
4392,Amritsar,0,"2026-01-13 21:57:15","2026-01-13 21:57:15",NULL
4393,Amritsar,0,"2026-01-13 21:57:15","2026-01-13 21:57:15",NULL
4394,Amritsar,0,"2026-01-13 21:57:15","2026-01-13 21:57:15",NULL
4395,Amritsar,0,"2026-01-13 21:57:15","2026-01-13 21:57:15",NULL
4396,Amritsar,0,"2026-01-13 21:57:15","2026-01-13 21:57:15",NULL
4397,Amritsar,0,"2026-01-13 21:57:15","2026-01-13 21:57:15",NULL
4398,Amritsar,0,"2026-01-13 21:57:15","2026-01-13 21:57:15",NULL
4399,Amritsar,0,"2026-01-13 21:57:15","2026-01-13 21:57:15",NULL
4400,Amritsar,0,"2026-01-13 21:57:15","2026-01-13 21:57:15",NULL
4401,Amritsar,0,"2026-01-13 21:57:15","2026-01-13 21:57:15",NULL
4402,Amritsar,0,"2026-01-13 21:57:15","2026-01-13 21:57:15",NULL
4403,Amritsar,0,"2026-01-13 21:57:15","2026-01-13 21:57:15",NULL
4404,Amritsar,0,"2026-01-13 21:57:15","2026-01-13 21:57:15",NULL
4405,Amritsar,0,"2026-01-13 21:57:15","2026-01-13 21:57:15",NULL
4406,Amritsar,0,"2026-01-13 21:57:15","2026-01-13 21:57:15",NULL
4407,Amritsar,0,"2026-01-13 21:57:15","2026-01-13 21:57:15",NULL
4408,Amritsar,0,"2026-01-13 21:57:15","2026-01-13 21:57:15",NULL
4409,Amritsar,0,"2026-01-13 21:57:15","2026-01-13 21:57:15",NULL
4410,Amritsar,0,"2026-01-13 21:57:15","2026-01-13 21:57:15",NULL
4411,Amritsar,0,"2026-01-13 21:57:15","2026-01-13 21:57:15",NULL
4412,Amritsar,0,"2026-01-13 21:57:15","2026-01-13 21:57:15",NULL
4413,Amritsar,0,"2026-01-13 21:57:15","2026-01-13 21:57:15",NULL
4414,"Tarn Taran",0,"2026-01-13 21:57:15","2026-01-13 21:57:15",NULL
4415,"Tarn Taran",0,"2026-01-13 21:57:15","2026-01-13 21:57:15",NULL
4416,"Tarn Taran",0,"2026-01-13 21:57:15","2026-01-13 21:57:15",NULL
4417,"Tarn Taran",0,"2026-01-13 21:57:15","2026-01-13 21:57:15",NULL
4418,"Tarn Taran",0,"2026-01-13 21:57:15","2026-01-13 21:57:15",NULL
4419,Amritsar,0,"2026-01-13 21:57:15","2026-01-13 21:57:15",NULL
4420,Amritsar,0,"2026-01-13 21:57:15","2026-01-13 21:57:15",NULL
4421,Amritsar,0,"2026-01-13 21:57:15","2026-01-13 21:57:15",NULL
4422,Amritsar,0,"2026-01-13 21:57:15","2026-01-13 21:57:15",NULL
4423,Amritsar,0,"2026-01-13 21:57:15","2026-01-13 21:57:15",NULL
4424,"Tarn Taran",0,"2026-01-13 21:57:15","2026-01-13 21:57:15",NULL
4425,"Tarn Taran",0,"2026-01-13 21:57:15","2026-01-13 21:57:15",NULL
4426,Amritsar,0,"2026-01-13 21:57:15","2026-01-13 21:57:15",NULL
4427,Amritsar,0,"2026-01-13 21:57:15","2026-01-13 21:57:15",NULL
4428,"Tarn Taran",0,"2026-01-13 21:57:15","2026-01-13 21:57:15",NULL
4429,Amritsar,0,"2026-01-13 21:57:15","2026-01-13 21:57:15",NULL
4430,Amritsar,0,"2026-01-13 21:57:15","2026-01-13 21:57:15",NULL
4431,Amritsar,0,"2026-01-13 21:57:15","2026-01-13 21:57:15",NULL
4432,Amritsar,0,"2026-01-13 21:57:15","2026-01-13 21:57:15",NULL
4433,"Tarn Taran",0,"2026-01-13 21:57:15","2026-01-13 21:57:15",NULL
4434,"Tarn Taran",0,"2026-01-13 21:57:15","2026-01-13 21:57:15",NULL
4435,Amritsar,0,"2026-01-13 21:57:15","2026-01-13 21:57:15",NULL
4436,"Tarn Taran",0,"2026-01-13 21:57:15","2026-01-13 21:57:15",NULL
4437,Amritsar,0,"2026-01-13 21:57:15","2026-01-13 21:57:15",NULL
4438,Amritsar,0,"2026-01-13 21:57:15","2026-01-13 21:57:15",NULL
4439,Amritsar,0,"2026-01-13 21:57:15","2026-01-13 21:57:15",NULL
4440,"Tarn Taran",0,"2026-01-13 21:57:15","2026-01-13 21:57:15",NULL
4441,Amritsar,0,"2026-01-13 21:57:15","2026-01-13 21:57:15",NULL
4442,Amritsar,0,"2026-01-13 21:57:15","2026-01-13 21:57:15",NULL
4443,Amritsar,0,"2026-01-13 21:57:15","2026-01-13 21:57:15",NULL
4444,Amritsar,0,"2026-01-13 21:57:15","2026-01-13 21:57:15",NULL
4445,Amritsar,0,"2026-01-13 21:57:15","2026-01-13 21:57:15",NULL
4446,Amritsar,0,"2026-01-13 21:57:15","2026-01-13 21:57:15",NULL
4447,Amritsar,0,"2026-01-13 21:57:15","2026-01-13 21:57:15",NULL
4448,Amritsar,0,"2026-01-13 21:57:15","2026-01-13 21:57:15",NULL
4449,Amritsar,0,"2026-01-13 21:57:15","2026-01-13 21:57:15",NULL
4450,Gurdaspur,0,"2026-01-13 21:57:15","2026-01-13 21:57:15",NULL
4451,Amritsar,0,"2026-01-13 21:57:15","2026-01-13 21:57:15",NULL
4452,"Tarn Taran",0,"2026-01-13 21:57:15","2026-01-13 21:57:15",NULL
4453,Amritsar,0,"2026-01-13 21:57:15","2026-01-13 21:57:15",NULL
4454,Amritsar,0,"2026-01-13 21:57:15","2026-01-13 21:57:15",NULL
4455,Amritsar,0,"2026-01-13 21:57:15","2026-01-13 21:57:15",NULL
4456,"Tarn Taran",0,"2026-01-13 21:57:15","2026-01-13 21:57:15",NULL
4457,Amritsar,0,"2026-01-13 21:57:15","2026-01-13 21:57:15",NULL
4458,Amritsar,0,"2026-01-13 21:57:15","2026-01-13 21:57:15",NULL
4459,Amritsar,0,"2026-01-13 21:57:15","2026-01-13 21:57:15",NULL
4460,"Tarn Taran",0,"2026-01-13 21:57:15","2026-01-13 21:57:15",NULL
4461,Amritsar,0,"2026-01-13 21:57:15","2026-01-13 21:57:15",NULL
4462,"Tarn Taran",0,"2026-01-13 21:57:15","2026-01-13 21:57:15",NULL
4463,"Tarn Taran",0,"2026-01-13 21:57:15","2026-01-13 21:57:15",NULL
4464,Amritsar,0,"2026-01-13 21:57:15","2026-01-13 21:57:15",NULL
4465,Amritsar,0,"2026-01-13 21:57:15","2026-01-13 21:57:15",NULL
4466,"Tarn Taran",0,"2026-01-13 21:57:15","2026-01-13 21:57:15",NULL
4467,Amritsar,0,"2026-01-13 21:57:15","2026-01-13 21:57:15",NULL
4468,"Tarn Taran",0,"2026-01-13 21:57:15","2026-01-13 21:57:15",NULL
4469,Amritsar,0,"2026-01-13 21:57:15","2026-01-13 21:57:15",NULL
4470,Amritsar,0,"2026-01-13 21:57:15","2026-01-13 21:57:15",NULL
4471,Amritsar,0,"2026-01-13 21:57:15","2026-01-13 21:57:15",NULL
4472,"Tarn Taran",0,"2026-01-13 21:57:15","2026-01-13 21:57:15",NULL
4473,Amritsar,0,"2026-01-13 21:57:15","2026-01-13 21:57:15",NULL
4474,"Tarn Taran",0,"2026-01-13 21:57:15","2026-01-13 21:57:15",NULL
4475,"Tarn Taran",0,"2026-01-13 21:57:15","2026-01-13 21:57:15",NULL
4476,"Tarn Taran",0,"2026-01-13 21:57:15","2026-01-13 21:57:15",NULL
4477,"Tarn Taran",0,"2026-01-13 21:57:15","2026-01-13 21:57:15",NULL
4478,"Tarn Taran",0,"2026-01-13 21:57:15","2026-01-13 21:57:15",NULL
4479,"Tarn Taran",0,"2026-01-13 21:57:15","2026-01-13 21:57:15",NULL
4480,Amritsar,0,"2026-01-13 21:57:15","2026-01-13 21:57:15",NULL
4481,Amritsar,0,"2026-01-13 21:57:15","2026-01-13 21:57:15",NULL
4482,Amritsar,0,"2026-01-13 21:57:15","2026-01-13 21:57:15",NULL
4483,Amritsar,0,"2026-01-13 21:57:15","2026-01-13 21:57:15",NULL
4484,Amritsar,0,"2026-01-13 21:57:15","2026-01-13 21:57:15",NULL
4485,Amritsar,0,"2026-01-13 21:57:15","2026-01-13 21:57:15",NULL
4486,"Tarn Taran",0,"2026-01-13 21:57:15","2026-01-13 21:57:15",NULL
4487,"Tarn Taran",0,"2026-01-13 21:57:15","2026-01-13 21:57:15",NULL
4488,Amritsar,0,"2026-01-13 21:57:15","2026-01-13 21:57:15",NULL
4489,Amritsar,0,"2026-01-13 21:57:15","2026-01-13 21:57:15",NULL
4490,Amritsar,0,"2026-01-13 21:57:15","2026-01-13 21:57:15",NULL
4491,Amritsar,0,"2026-01-13 21:57:15","2026-01-13 21:57:15",NULL
4492,Amritsar,0,"2026-01-13 21:57:15","2026-01-13 21:57:15",NULL
4493,Amritsar,0,"2026-01-13 21:57:15","2026-01-13 21:57:15",NULL
4494,"Tarn Taran",0,"2026-01-13 21:57:15","2026-01-13 21:57:15",NULL
4495,Amritsar,0,"2026-01-13 21:57:15","2026-01-13 21:57:15",NULL
4496,"Tarn Taran",0,"2026-01-13 21:57:16","2026-01-13 21:57:16",NULL
4497,Amritsar,0,"2026-01-13 21:57:16","2026-01-13 21:57:16",NULL
4498,Amritsar,0,"2026-01-13 21:57:16","2026-01-13 21:57:16",NULL
4499,Amritsar,0,"2026-01-13 21:57:16","2026-01-13 21:57:16",NULL
4500,Amritsar,0,"2026-01-13 21:57:16","2026-01-13 21:57:16",NULL
4501,Amritsar,0,"2026-01-13 21:57:16","2026-01-13 21:57:16",NULL
4502,Amritsar,0,"2026-01-13 21:57:16","2026-01-13 21:57:16",NULL
4503,Amritsar,0,"2026-01-13 21:57:16","2026-01-13 21:57:16",NULL
4504,"Tarn Taran",0,"2026-01-13 21:57:16","2026-01-13 21:57:16",NULL
4505,"Tarn Taran",0,"2026-01-13 21:57:16","2026-01-13 21:57:16",NULL
4506,"Tarn Taran",0,"2026-01-13 21:57:16","2026-01-13 21:57:16",NULL
4507,Amritsar,0,"2026-01-13 21:57:16","2026-01-13 21:57:16",NULL
4508,"Tarn Taran",0,"2026-01-13 21:57:16","2026-01-13 21:57:16",NULL
4509,Amritsar,0,"2026-01-13 21:57:16","2026-01-13 21:57:16",NULL
4510,"Tarn Taran",0,"2026-01-13 21:57:16","2026-01-13 21:57:16",NULL
4511,"Tarn Taran",0,"2026-01-13 21:57:16","2026-01-13 21:57:16",NULL
4512,"Tarn Taran",0,"2026-01-13 21:57:16","2026-01-13 21:57:16",NULL
4513,"Tarn Taran",0,"2026-01-13 21:57:16","2026-01-13 21:57:16",NULL
4514,"Tarn Taran",0,"2026-01-13 21:57:16","2026-01-13 21:57:16",NULL
4515,"Tarn Taran",0,"2026-01-13 21:57:16","2026-01-13 21:57:16",NULL
4516,"Tarn Taran",0,"2026-01-13 21:57:16","2026-01-13 21:57:16",NULL
4517,"Tarn Taran",0,"2026-01-13 21:57:16","2026-01-13 21:57:16",NULL
4518,Amritsar,0,"2026-01-13 21:57:16","2026-01-13 21:57:16",NULL
4519,"Tarn Taran",0,"2026-01-13 21:57:16","2026-01-13 21:57:16",NULL
4520,"Tarn Taran",0,"2026-01-13 21:57:16","2026-01-13 21:57:16",NULL
4521,"Tarn Taran",0,"2026-01-13 21:57:16","2026-01-13 21:57:16",NULL
4522,"Tarn Taran",0,"2026-01-13 21:57:16","2026-01-13 21:57:16",NULL
4523,"Tarn Taran",0,"2026-01-13 21:57:16","2026-01-13 21:57:16",NULL
4524,"Tarn Taran",0,"2026-01-13 21:57:16","2026-01-13 21:57:16",NULL
4525,"Tarn Taran",0,"2026-01-13 21:57:16","2026-01-13 21:57:16",NULL
4526,Amritsar,0,"2026-01-13 21:57:16","2026-01-13 21:57:16",NULL
4527,"Tarn Taran",0,"2026-01-13 21:57:16","2026-01-13 21:57:16",NULL
4528,"Tarn Taran",0,"2026-01-13 21:57:16","2026-01-13 21:57:16",NULL
4529,Amritsar,0,"2026-01-13 21:57:16","2026-01-13 21:57:16",NULL
4530,"Tarn Taran",0,"2026-01-13 21:57:16","2026-01-13 21:57:16",NULL
4531,Amritsar,0,"2026-01-13 21:57:16","2026-01-13 21:57:16",NULL
4532,Amritsar,0,"2026-01-13 21:57:16","2026-01-13 21:57:16",NULL
4533,Amritsar,0,"2026-01-13 21:57:16","2026-01-13 21:57:16",NULL
4534,"Tarn Taran",0,"2026-01-13 21:57:16","2026-01-13 21:57:16",NULL
4535,"Tarn Taran",0,"2026-01-13 21:57:16","2026-01-13 21:57:16",NULL
4536,Amritsar,0,"2026-01-13 21:57:16","2026-01-13 21:57:16",NULL
4537,"Tarn Taran",0,"2026-01-13 21:57:16","2026-01-13 21:57:16",NULL
4538,"Tarn Taran",0,"2026-01-13 21:57:16","2026-01-13 21:57:16",NULL
4539,Amritsar,0,"2026-01-13 21:57:16","2026-01-13 21:57:16",NULL
4540,Amritsar,0,"2026-01-13 21:57:16","2026-01-13 21:57:16",NULL
4541,"Tarn Taran",0,"2026-01-13 21:57:16","2026-01-13 21:57:16",NULL
4542,Amritsar,0,"2026-01-13 21:57:16","2026-01-13 21:57:16",NULL
4543,Amritsar,0,"2026-01-13 21:57:16","2026-01-13 21:57:16",NULL
4544,"Tarn Taran",0,"2026-01-13 21:57:16","2026-01-13 21:57:16",NULL
4545,Amritsar,0,"2026-01-13 21:57:16","2026-01-13 21:57:16",NULL
4546,"Tarn Taran",0,"2026-01-13 21:57:16","2026-01-13 21:57:16",NULL
4547,Amritsar,0,"2026-01-13 21:57:16","2026-01-13 21:57:16",NULL
4548,"Tarn Taran",0,"2026-01-13 21:57:16","2026-01-13 21:57:16",NULL
4549,"Tarn Taran",0,"2026-01-13 21:57:16","2026-01-13 21:57:16",NULL
4550,Amritsar,0,"2026-01-13 21:57:16","2026-01-13 21:57:16",NULL
4551,Amritsar,0,"2026-01-13 21:57:16","2026-01-13 21:57:16",NULL
4552,Amritsar,0,"2026-01-13 21:57:16","2026-01-13 21:57:16",NULL
4553,Amritsar,0,"2026-01-13 21:57:16","2026-01-13 21:57:16",NULL
4554,"Tarn Taran",0,"2026-01-13 21:57:16","2026-01-13 21:57:16",NULL
4555,"Tarn Taran",0,"2026-01-13 21:57:16","2026-01-13 21:57:16",NULL
4556,"Tarn Taran",0,"2026-01-13 21:57:16","2026-01-13 21:57:16",NULL
4557,"Tarn Taran",0,"2026-01-13 21:57:16","2026-01-13 21:57:16",NULL
4558,Amritsar,0,"2026-01-13 21:57:16","2026-01-13 21:57:16",NULL
4559,"Tarn Taran",0,"2026-01-13 21:57:16","2026-01-13 21:57:16",NULL
4560,"Tarn Taran",0,"2026-01-13 21:57:16","2026-01-13 21:57:16",NULL
4561,Amritsar,0,"2026-01-13 21:57:16","2026-01-13 21:57:16",NULL
4562,Amritsar,0,"2026-01-13 21:57:16","2026-01-13 21:57:16",NULL
4563,Amritsar,0,"2026-01-13 21:57:16","2026-01-13 21:57:16",NULL
4564,Amritsar,0,"2026-01-13 21:57:16","2026-01-13 21:57:16",NULL
4565,Amritsar,0,"2026-01-13 21:57:16","2026-01-13 21:57:16",NULL
4566,Amritsar,0,"2026-01-13 21:57:16","2026-01-13 21:57:16",NULL
4567,Amritsar,0,"2026-01-13 21:57:16","2026-01-13 21:57:16",NULL
4568,Amritsar,0,"2026-01-13 21:57:16","2026-01-13 21:57:16",NULL
4569,Gurdaspur,0,"2026-01-13 21:57:16","2026-01-13 21:57:16",NULL
4570,Gurdaspur,0,"2026-01-13 21:57:16","2026-01-13 21:57:16",NULL
4571,"Tarn Taran",0,"2026-01-13 21:57:16","2026-01-13 21:57:16",NULL
4572,"Tarn Taran",0,"2026-01-13 21:57:16","2026-01-13 21:57:16",NULL
4573,"Tarn Taran",0,"2026-01-13 21:57:16","2026-01-13 21:57:16",NULL
4574,Amritsar,0,"2026-01-13 21:57:16","2026-01-13 21:57:16",NULL
4575,"Tarn Taran",0,"2026-01-13 21:57:16","2026-01-13 21:57:16",NULL
4576,"Tarn Taran",0,"2026-01-13 21:57:16","2026-01-13 21:57:16",NULL
4577,"Tarn Taran",0,"2026-01-13 21:57:16","2026-01-13 21:57:16",NULL
4578,"Tarn Taran",0,"2026-01-13 21:57:16","2026-01-13 21:57:16",NULL
4579,"Tarn Taran",0,"2026-01-13 21:57:16","2026-01-13 21:57:16",NULL
4580,Amritsar,0,"2026-01-13 21:57:16","2026-01-13 21:57:16",NULL
4581,Amritsar,0,"2026-01-13 21:57:16","2026-01-13 21:57:16",NULL
4582,Amritsar,0,"2026-01-13 21:57:16","2026-01-13 21:57:16",NULL
4583,Amritsar,0,"2026-01-13 21:57:16","2026-01-13 21:57:16",NULL
4584,Amritsar,0,"2026-01-13 21:57:16","2026-01-13 21:57:16",NULL
4585,Amritsar,0,"2026-01-13 21:57:16","2026-01-13 21:57:16",NULL
4586,"Tarn Taran",0,"2026-01-13 21:57:16","2026-01-13 21:57:16",NULL
4587,Amritsar,0,"2026-01-13 21:57:16","2026-01-13 21:57:16",NULL
4588,Amritsar,0,"2026-01-13 21:57:16","2026-01-13 21:57:16",NULL
4589,Amritsar,0,"2026-01-13 21:57:16","2026-01-13 21:57:16",NULL
4590,Amritsar,0,"2026-01-13 21:57:16","2026-01-13 21:57:16",NULL
4591,Amritsar,0,"2026-01-13 21:57:16","2026-01-13 21:57:16",NULL
4592,Amritsar,0,"2026-01-13 21:57:16","2026-01-13 21:57:16",NULL
4593,Amritsar,0,"2026-01-13 21:57:16","2026-01-13 21:57:16",NULL
4594,Amritsar,0,"2026-01-13 21:57:16","2026-01-13 21:57:16",NULL
4595,Amritsar,0,"2026-01-13 21:57:16","2026-01-13 21:57:16",NULL
4596,Amritsar,0,"2026-01-13 21:57:16","2026-01-13 21:57:16",NULL
4597,Amritsar,0,"2026-01-13 21:57:16","2026-01-13 21:57:16",NULL
4598,Amritsar,0,"2026-01-13 21:57:16","2026-01-13 21:57:16",NULL
4599,Amritsar,0,"2026-01-13 21:57:16","2026-01-13 21:57:16",NULL
4600,Amritsar,0,"2026-01-13 21:57:16","2026-01-13 21:57:16",NULL
4601,Amritsar,0,"2026-01-13 21:57:16","2026-01-13 21:57:16",NULL
4602,Amritsar,0,"2026-01-13 21:57:16","2026-01-13 21:57:16",NULL
4603,Amritsar,0,"2026-01-13 21:57:16","2026-01-13 21:57:16",NULL
4604,Amritsar,0,"2026-01-13 21:57:16","2026-01-13 21:57:16",NULL
4605,Amritsar,0,"2026-01-13 21:57:16","2026-01-13 21:57:16",NULL
4606,Gurdaspur,0,"2026-01-13 21:57:16","2026-01-13 21:57:16",NULL
4607,Gurdaspur,0,"2026-01-13 21:57:16","2026-01-13 21:57:16",NULL
4608,Gurdaspur,0,"2026-01-13 21:57:16","2026-01-13 21:57:16",NULL
4609,Gurdaspur,0,"2026-01-13 21:57:16","2026-01-13 21:57:16",NULL
4610,Gurdaspur,0,"2026-01-13 21:57:16","2026-01-13 21:57:16",NULL
4611,Gurdaspur,0,"2026-01-13 21:57:16","2026-01-13 21:57:16",NULL
4612,Gurdaspur,0,"2026-01-13 21:57:16","2026-01-13 21:57:16",NULL
4613,Gurdaspur,0,"2026-01-13 21:57:16","2026-01-13 21:57:16",NULL
4614,Gurdaspur,0,"2026-01-13 21:57:16","2026-01-13 21:57:16",NULL
4615,Gurdaspur,0,"2026-01-13 21:57:16","2026-01-13 21:57:16",NULL
4616,Gurdaspur,0,"2026-01-13 21:57:16","2026-01-13 21:57:16",NULL
4617,Gurdaspur,0,"2026-01-13 21:57:16","2026-01-13 21:57:16",NULL
4618,Gurdaspur,0,"2026-01-13 21:57:16","2026-01-13 21:57:16",NULL
4619,Gurdaspur,0,"2026-01-13 21:57:16","2026-01-13 21:57:16",NULL
4620,Gurdaspur,0,"2026-01-13 21:57:16","2026-01-13 21:57:16",NULL
4621,Amritsar,0,"2026-01-13 21:57:16","2026-01-13 21:57:16",NULL
4622,Gurdaspur,0,"2026-01-13 21:57:16","2026-01-13 21:57:16",NULL
4623,Gurdaspur,0,"2026-01-13 21:57:16","2026-01-13 21:57:16",NULL
4624,Gurdaspur,0,"2026-01-13 21:57:16","2026-01-13 21:57:16",NULL
4625,Gurdaspur,0,"2026-01-13 21:57:16","2026-01-13 21:57:16",NULL
4626,Gurdaspur,0,"2026-01-13 21:57:16","2026-01-13 21:57:16",NULL
4627,Gurdaspur,0,"2026-01-13 21:57:16","2026-01-13 21:57:16",NULL
4628,Gurdaspur,0,"2026-01-13 21:57:16","2026-01-13 21:57:16",NULL
4629,Gurdaspur,0,"2026-01-13 21:57:16","2026-01-13 21:57:16",NULL
4630,Gurdaspur,0,"2026-01-13 21:57:16","2026-01-13 21:57:16",NULL
4631,Gurdaspur,0,"2026-01-13 21:57:16","2026-01-13 21:57:16",NULL
4632,Gurdaspur,0,"2026-01-13 21:57:16","2026-01-13 21:57:16",NULL
4633,Gurdaspur,0,"2026-01-13 21:57:16","2026-01-13 21:57:16",NULL
4634,Gurdaspur,0,"2026-01-13 21:57:16","2026-01-13 21:57:16",NULL
4635,Gurdaspur,0,"2026-01-13 21:57:16","2026-01-13 21:57:16",NULL
4636,Gurdaspur,0,"2026-01-13 21:57:16","2026-01-13 21:57:16",NULL
4637,Gurdaspur,0,"2026-01-13 21:57:16","2026-01-13 21:57:16",NULL
4638,Gurdaspur,0,"2026-01-13 21:57:16","2026-01-13 21:57:16",NULL
4639,Gurdaspur,0,"2026-01-13 21:57:16","2026-01-13 21:57:16",NULL
4640,Gurdaspur,0,"2026-01-13 21:57:16","2026-01-13 21:57:16",NULL
4641,Gurdaspur,0,"2026-01-13 21:57:16","2026-01-13 21:57:16",NULL
4642,Gurdaspur,0,"2026-01-13 21:57:16","2026-01-13 21:57:16",NULL
4643,Gurdaspur,0,"2026-01-13 21:57:16","2026-01-13 21:57:16",NULL
4644,Gurdaspur,0,"2026-01-13 21:57:16","2026-01-13 21:57:16",NULL
4645,Gurdaspur,0,"2026-01-13 21:57:16","2026-01-13 21:57:16",NULL
4646,Gurdaspur,0,"2026-01-13 21:57:16","2026-01-13 21:57:16",NULL
4647,Gurdaspur,0,"2026-01-13 21:57:16","2026-01-13 21:57:16",NULL
4648,Gurdaspur,0,"2026-01-13 21:57:16","2026-01-13 21:57:16",NULL
4649,Gurdaspur,0,"2026-01-13 21:57:16","2026-01-13 21:57:16",NULL
4650,Gurdaspur,0,"2026-01-13 21:57:16","2026-01-13 21:57:16",NULL
4651,Gurdaspur,0,"2026-01-13 21:57:16","2026-01-13 21:57:16",NULL
4652,Gurdaspur,0,"2026-01-13 21:57:16","2026-01-13 21:57:16",NULL
4653,Gurdaspur,0,"2026-01-13 21:57:16","2026-01-13 21:57:16",NULL
4654,Gurdaspur,0,"2026-01-13 21:57:16","2026-01-13 21:57:16",NULL
4655,Gurdaspur,0,"2026-01-13 21:57:16","2026-01-13 21:57:16",NULL
4656,Gurdaspur,0,"2026-01-13 21:57:16","2026-01-13 21:57:16",NULL
4657,Gurdaspur,0,"2026-01-13 21:57:16","2026-01-13 21:57:16",NULL
4658,Gurdaspur,0,"2026-01-13 21:57:16","2026-01-13 21:57:16",NULL
4659,Gurdaspur,0,"2026-01-13 21:57:16","2026-01-13 21:57:16",NULL
4660,Gurdaspur,0,"2026-01-13 21:57:16","2026-01-13 21:57:16",NULL
4661,Gurdaspur,0,"2026-01-13 21:57:16","2026-01-13 21:57:16",NULL
4662,Gurdaspur,0,"2026-01-13 21:57:16","2026-01-13 21:57:16",NULL
4663,Gurdaspur,0,"2026-01-13 21:57:16","2026-01-13 21:57:16",NULL
4664,Gurdaspur,0,"2026-01-13 21:57:16","2026-01-13 21:57:16",NULL
4665,Gurdaspur,0,"2026-01-13 21:57:16","2026-01-13 21:57:16",NULL
4666,Gurdaspur,0,"2026-01-13 21:57:16","2026-01-13 21:57:16",NULL
4667,Gurdaspur,0,"2026-01-13 21:57:16","2026-01-13 21:57:16",NULL
4668,Gurdaspur,0,"2026-01-13 21:57:16","2026-01-13 21:57:16",NULL
4669,Gurdaspur,0,"2026-01-13 21:57:16","2026-01-13 21:57:16",NULL
4670,Gurdaspur,0,"2026-01-13 21:57:16","2026-01-13 21:57:16",NULL
4671,Gurdaspur,0,"2026-01-13 21:57:16","2026-01-13 21:57:16",NULL
4672,Gurdaspur,0,"2026-01-13 21:57:16","2026-01-13 21:57:16",NULL
4673,Gurdaspur,0,"2026-01-13 21:57:16","2026-01-13 21:57:16",NULL
4674,Gurdaspur,0,"2026-01-13 21:57:16","2026-01-13 21:57:16",NULL
4675,Gurdaspur,0,"2026-01-13 21:57:16","2026-01-13 21:57:16",NULL
4676,Gurdaspur,0,"2026-01-13 21:57:16","2026-01-13 21:57:16",NULL
4677,Gurdaspur,0,"2026-01-13 21:57:16","2026-01-13 21:57:16",NULL
4678,Gurdaspur,0,"2026-01-13 21:57:16","2026-01-13 21:57:16",NULL
4679,Gurdaspur,0,"2026-01-13 21:57:16","2026-01-13 21:57:16",NULL
4680,Gurdaspur,0,"2026-01-13 21:57:16","2026-01-13 21:57:16",NULL
4681,Gurdaspur,0,"2026-01-13 21:57:16","2026-01-13 21:57:16",NULL
4682,Gurdaspur,0,"2026-01-13 21:57:16","2026-01-13 21:57:16",NULL
4683,Gurdaspur,0,"2026-01-13 21:57:16","2026-01-13 21:57:16",NULL
4684,Gurdaspur,0,"2026-01-13 21:57:16","2026-01-13 21:57:16",NULL
4685,Gurdaspur,0,"2026-01-13 21:57:16","2026-01-13 21:57:16",NULL
4686,Gurdaspur,0,"2026-01-13 21:57:16","2026-01-13 21:57:16",NULL
4687,Gurdaspur,0,"2026-01-13 21:57:16","2026-01-13 21:57:16",NULL
4688,Gurdaspur,0,"2026-01-13 21:57:16","2026-01-13 21:57:16",NULL
4689,Gurdaspur,0,"2026-01-13 21:57:16","2026-01-13 21:57:16",NULL
4690,Gurdaspur,0,"2026-01-13 21:57:16","2026-01-13 21:57:16",NULL
4691,Gurdaspur,0,"2026-01-13 21:57:16","2026-01-13 21:57:16",NULL
4692,Gurdaspur,0,"2026-01-13 21:57:16","2026-01-13 21:57:16",NULL
4693,Gurdaspur,0,"2026-01-13 21:57:16","2026-01-13 21:57:16",NULL
4694,Gurdaspur,0,"2026-01-13 21:57:16","2026-01-13 21:57:16",NULL
4695,Gurdaspur,0,"2026-01-13 21:57:16","2026-01-13 21:57:16",NULL
4696,Gurdaspur,0,"2026-01-13 21:57:16","2026-01-13 21:57:16",NULL
4697,Gurdaspur,0,"2026-01-13 21:57:16","2026-01-13 21:57:16",NULL
4698,Gurdaspur,0,"2026-01-13 21:57:16","2026-01-13 21:57:16",NULL
4699,Gurdaspur,0,"2026-01-13 21:57:16","2026-01-13 21:57:16",NULL
4700,Gurdaspur,0,"2026-01-13 21:57:16","2026-01-13 21:57:16",NULL
4701,Gurdaspur,0,"2026-01-13 21:57:16","2026-01-13 21:57:16",NULL
4702,Gurdaspur,0,"2026-01-13 21:57:16","2026-01-13 21:57:16",NULL
4703,Gurdaspur,0,"2026-01-13 21:57:16","2026-01-13 21:57:16",NULL
4704,Gurdaspur,0,"2026-01-13 21:57:16","2026-01-13 21:57:16",NULL
4705,Gurdaspur,0,"2026-01-13 21:57:16","2026-01-13 21:57:16",NULL
4706,Gurdaspur,0,"2026-01-13 21:57:16","2026-01-13 21:57:16",NULL
4707,Gurdaspur,0,"2026-01-13 21:57:16","2026-01-13 21:57:16",NULL
4708,Gurdaspur,0,"2026-01-13 21:57:16","2026-01-13 21:57:16",NULL
4709,Gurdaspur,0,"2026-01-13 21:57:16","2026-01-13 21:57:16",NULL
4710,Gurdaspur,0,"2026-01-13 21:57:16","2026-01-13 21:57:16",NULL
4711,Gurdaspur,0,"2026-01-13 21:57:16","2026-01-13 21:57:16",NULL
4712,Gurdaspur,0,"2026-01-13 21:57:16","2026-01-13 21:57:16",NULL
4713,Gurdaspur,0,"2026-01-13 21:57:16","2026-01-13 21:57:16",NULL
4714,Gurdaspur,0,"2026-01-13 21:57:16","2026-01-13 21:57:16",NULL
4715,Gurdaspur,0,"2026-01-13 21:57:16","2026-01-13 21:57:16",NULL
4716,Gurdaspur,0,"2026-01-13 21:57:16","2026-01-13 21:57:16",NULL
4717,Gurdaspur,0,"2026-01-13 21:57:16","2026-01-13 21:57:16",NULL
4718,Gurdaspur,0,"2026-01-13 21:57:16","2026-01-13 21:57:16",NULL
4719,Gurdaspur,0,"2026-01-13 21:57:16","2026-01-13 21:57:16",NULL
4720,Gurdaspur,0,"2026-01-13 21:57:16","2026-01-13 21:57:16",NULL
4721,Gurdaspur,0,"2026-01-13 21:57:16","2026-01-13 21:57:16",NULL
4722,Gurdaspur,0,"2026-01-13 21:57:16","2026-01-13 21:57:16",NULL
4723,Gurdaspur,0,"2026-01-13 21:57:16","2026-01-13 21:57:16",NULL
4724,Gurdaspur,0,"2026-01-13 21:57:16","2026-01-13 21:57:16",NULL
4725,Gurdaspur,0,"2026-01-13 21:57:16","2026-01-13 21:57:16",NULL
4726,Gurdaspur,0,"2026-01-13 21:57:16","2026-01-13 21:57:16",NULL
4727,Gurdaspur,0,"2026-01-13 21:57:16","2026-01-13 21:57:16",NULL
4728,Gurdaspur,0,"2026-01-13 21:57:16","2026-01-13 21:57:16",NULL
4729,Gurdaspur,0,"2026-01-13 21:57:16","2026-01-13 21:57:16",NULL
4730,Gurdaspur,0,"2026-01-13 21:57:16","2026-01-13 21:57:16",NULL
4731,Gurdaspur,0,"2026-01-13 21:57:16","2026-01-13 21:57:16",NULL
4732,Gurdaspur,0,"2026-01-13 21:57:16","2026-01-13 21:57:16",NULL
4733,Gurdaspur,0,"2026-01-13 21:57:16","2026-01-13 21:57:16",NULL
4734,Gurdaspur,0,"2026-01-13 21:57:16","2026-01-13 21:57:16",NULL
4735,Gurdaspur,0,"2026-01-13 21:57:16","2026-01-13 21:57:16",NULL
4736,Gurdaspur,0,"2026-01-13 21:57:16","2026-01-13 21:57:16",NULL
4737,Gurdaspur,0,"2026-01-13 21:57:16","2026-01-13 21:57:16",NULL
4738,Gurdaspur,0,"2026-01-13 21:57:16","2026-01-13 21:57:16",NULL
4739,Gurdaspur,0,"2026-01-13 21:57:16","2026-01-13 21:57:16",NULL
4740,Gurdaspur,0,"2026-01-13 21:57:16","2026-01-13 21:57:16",NULL
4741,Gurdaspur,0,"2026-01-13 21:57:16","2026-01-13 21:57:16",NULL
4742,Gurdaspur,0,"2026-01-13 21:57:16","2026-01-13 21:57:16",NULL
4743,Gurdaspur,0,"2026-01-13 21:57:16","2026-01-13 21:57:16",NULL
4744,Gurdaspur,0,"2026-01-13 21:57:16","2026-01-13 21:57:16",NULL
4745,Gurdaspur,0,"2026-01-13 21:57:16","2026-01-13 21:57:16",NULL
4746,Gurdaspur,0,"2026-01-13 21:57:16","2026-01-13 21:57:16",NULL
4747,Gurdaspur,0,"2026-01-13 21:57:16","2026-01-13 21:57:16",NULL
4748,Gurdaspur,0,"2026-01-13 21:57:16","2026-01-13 21:57:16",NULL
4749,Gurdaspur,0,"2026-01-13 21:57:16","2026-01-13 21:57:16",NULL
4750,Gurdaspur,0,"2026-01-13 21:57:16","2026-01-13 21:57:16",NULL
4751,Gurdaspur,0,"2026-01-13 21:57:16","2026-01-13 21:57:16",NULL
4752,Gurdaspur,0,"2026-01-13 21:57:16","2026-01-13 21:57:16",NULL
4753,Gurdaspur,0,"2026-01-13 21:57:16","2026-01-13 21:57:16",NULL
4754,Gurdaspur,0,"2026-01-13 21:57:16","2026-01-13 21:57:16",NULL
4755,Gurdaspur,0,"2026-01-13 21:57:16","2026-01-13 21:57:16",NULL
4756,Gurdaspur,0,"2026-01-13 21:57:16","2026-01-13 21:57:16",NULL
4757,Gurdaspur,0,"2026-01-13 21:57:16","2026-01-13 21:57:16",NULL
4758,Gurdaspur,0,"2026-01-13 21:57:16","2026-01-13 21:57:16",NULL
4759,Gurdaspur,0,"2026-01-13 21:57:16","2026-01-13 21:57:16",NULL
4760,Gurdaspur,0,"2026-01-13 21:57:16","2026-01-13 21:57:16",NULL
4761,Gurdaspur,0,"2026-01-13 21:57:16","2026-01-13 21:57:16",NULL
4762,Gurdaspur,0,"2026-01-13 21:57:16","2026-01-13 21:57:16",NULL
4763,Gurdaspur,0,"2026-01-13 21:57:16","2026-01-13 21:57:16",NULL
4764,Gurdaspur,0,"2026-01-13 21:57:16","2026-01-13 21:57:16",NULL
4765,Gurdaspur,0,"2026-01-13 21:57:16","2026-01-13 21:57:16",NULL
4766,Gurdaspur,0,"2026-01-13 21:57:16","2026-01-13 21:57:16",NULL
4767,Gurdaspur,0,"2026-01-13 21:57:16","2026-01-13 21:57:16",NULL
4768,Gurdaspur,0,"2026-01-13 21:57:16","2026-01-13 21:57:16",NULL
4769,Gurdaspur,0,"2026-01-13 21:57:16","2026-01-13 21:57:16",NULL
4770,Pathankot,0,"2026-01-13 21:57:16","2026-01-13 21:57:16",NULL
4771,Gurdaspur,0,"2026-01-13 21:57:16","2026-01-13 21:57:16",NULL
4772,Gurdaspur,0,"2026-01-13 21:57:16","2026-01-13 21:57:16",NULL
4773,Gurdaspur,0,"2026-01-13 21:57:16","2026-01-13 21:57:16",NULL
4774,Gurdaspur,0,"2026-01-13 21:57:16","2026-01-13 21:57:16",NULL
4775,Gurdaspur,0,"2026-01-13 21:57:16","2026-01-13 21:57:16",NULL
4776,Gurdaspur,0,"2026-01-13 21:57:16","2026-01-13 21:57:16",NULL
4777,Gurdaspur,0,"2026-01-13 21:57:16","2026-01-13 21:57:16",NULL
4778,Gurdaspur,0,"2026-01-13 21:57:16","2026-01-13 21:57:16",NULL
4779,Gurdaspur,0,"2026-01-13 21:57:16","2026-01-13 21:57:16",NULL
4780,Gurdaspur,0,"2026-01-13 21:57:16","2026-01-13 21:57:16",NULL
4781,Gurdaspur,0,"2026-01-13 21:57:16","2026-01-13 21:57:16",NULL
4782,Gurdaspur,0,"2026-01-13 21:57:16","2026-01-13 21:57:16",NULL
4783,Gurdaspur,0,"2026-01-13 21:57:16","2026-01-13 21:57:16",NULL
4784,Gurdaspur,0,"2026-01-13 21:57:16","2026-01-13 21:57:16",NULL
4785,Gurdaspur,0,"2026-01-13 21:57:16","2026-01-13 21:57:16",NULL
4786,Gurdaspur,0,"2026-01-13 21:57:16","2026-01-13 21:57:16",NULL
4787,Gurdaspur,0,"2026-01-13 21:57:16","2026-01-13 21:57:16",NULL
4788,Gurdaspur,0,"2026-01-13 21:57:16","2026-01-13 21:57:16",NULL
4789,Gurdaspur,0,"2026-01-13 21:57:16","2026-01-13 21:57:16",NULL
4790,Amritsar,0,"2026-01-13 21:57:16","2026-01-13 21:57:16",NULL
4791,Jalandhar,0,"2026-01-13 21:57:16","2026-01-13 21:57:16",NULL
4792,Amritsar,0,"2026-01-13 21:57:16","2026-01-13 21:57:16",NULL
4793,Amritsar,0,"2026-01-13 21:57:16","2026-01-13 21:57:16",NULL
4794,Amritsar,0,"2026-01-13 21:57:16","2026-01-13 21:57:16",NULL
4795,Amritsar,0,"2026-01-13 21:57:16","2026-01-13 21:57:16",NULL
4796,Gurdaspur,0,"2026-01-13 21:57:16","2026-01-13 21:57:16",NULL
4797,Gurdaspur,0,"2026-01-13 21:57:16","2026-01-13 21:57:16",NULL
4798,Gurdaspur,0,"2026-01-13 21:57:16","2026-01-13 21:57:16",NULL
4799,Gurdaspur,0,"2026-01-13 21:57:16","2026-01-13 21:57:16",NULL
4800,Gurdaspur,0,"2026-01-13 21:57:16","2026-01-13 21:57:16",NULL
4801,Gurdaspur,0,"2026-01-13 21:57:16","2026-01-13 21:57:16",NULL
4802,Gurdaspur,0,"2026-01-13 21:57:16","2026-01-13 21:57:16",NULL
4803,Gurdaspur,0,"2026-01-13 21:57:16","2026-01-13 21:57:16",NULL
4804,Gurdaspur,0,"2026-01-13 21:57:16","2026-01-13 21:57:16",NULL
4805,Gurdaspur,0,"2026-01-13 21:57:16","2026-01-13 21:57:16",NULL
4806,Gurdaspur,0,"2026-01-13 21:57:16","2026-01-13 21:57:16",NULL
4807,Gurdaspur,0,"2026-01-13 21:57:16","2026-01-13 21:57:16",NULL
4808,Gurdaspur,0,"2026-01-13 21:57:16","2026-01-13 21:57:16",NULL
4809,Gurdaspur,0,"2026-01-13 21:57:16","2026-01-13 21:57:16",NULL
4810,Gurdaspur,0,"2026-01-13 21:57:16","2026-01-13 21:57:16",NULL
4811,Gurdaspur,0,"2026-01-13 21:57:16","2026-01-13 21:57:16",NULL
4812,Gurdaspur,0,"2026-01-13 21:57:16","2026-01-13 21:57:16",NULL
4813,Gurdaspur,0,"2026-01-13 21:57:16","2026-01-13 21:57:16",NULL
4814,Gurdaspur,0,"2026-01-13 21:57:16","2026-01-13 21:57:16",NULL
4815,Gurdaspur,0,"2026-01-13 21:57:16","2026-01-13 21:57:16",NULL
4816,Gurdaspur,0,"2026-01-13 21:57:16","2026-01-13 21:57:16",NULL
4817,Gurdaspur,0,"2026-01-13 21:57:16","2026-01-13 21:57:16",NULL
4818,Gurdaspur,0,"2026-01-13 21:57:16","2026-01-13 21:57:16",NULL
4819,Gurdaspur,0,"2026-01-13 21:57:16","2026-01-13 21:57:16",NULL
4820,Gurdaspur,0,"2026-01-13 21:57:16","2026-01-13 21:57:16",NULL
4821,Pathankot,0,"2026-01-13 21:57:16","2026-01-13 21:57:16",NULL
4822,Amritsar,0,"2026-01-13 21:57:16","2026-01-13 21:57:16",NULL
4823,"Tarn Taran",0,"2026-01-13 21:57:16","2026-01-13 21:57:16",NULL
4824,Amritsar,0,"2026-01-13 21:57:16","2026-01-13 21:57:16",NULL
4825,Amritsar,0,"2026-01-13 21:57:16","2026-01-13 21:57:16",NULL
4826,Amritsar,0,"2026-01-13 21:57:16","2026-01-13 21:57:16",NULL
4827,Amritsar,0,"2026-01-13 21:57:16","2026-01-13 21:57:16",NULL
4828,Amritsar,0,"2026-01-13 21:57:16","2026-01-13 21:57:16",NULL
4829,Amritsar,0,"2026-01-13 21:57:16","2026-01-13 21:57:16",NULL
4830,Amritsar,0,"2026-01-13 21:57:16","2026-01-13 21:57:16",NULL
4831,Amritsar,0,"2026-01-13 21:57:16","2026-01-13 21:57:16",NULL
4832,Amritsar,0,"2026-01-13 21:57:16","2026-01-13 21:57:16",NULL
4833,Amritsar,0,"2026-01-13 21:57:16","2026-01-13 21:57:16",NULL
4834,Amritsar,0,"2026-01-13 21:57:16","2026-01-13 21:57:16",NULL
4835,Amritsar,0,"2026-01-13 21:57:16","2026-01-13 21:57:16",NULL
4836,Amritsar,0,"2026-01-13 21:57:16","2026-01-13 21:57:16",NULL
4837,Amritsar,0,"2026-01-13 21:57:16","2026-01-13 21:57:16",NULL
4838,Gurdaspur,0,"2026-01-13 21:57:16","2026-01-13 21:57:16",NULL
4839,Gurdaspur,0,"2026-01-13 21:57:16","2026-01-13 21:57:16",NULL
4840,Gurdaspur,0,"2026-01-13 21:57:16","2026-01-13 21:57:16",NULL
4841,Gurdaspur,0,"2026-01-13 21:57:16","2026-01-13 21:57:16",NULL
4842,Gurdaspur,0,"2026-01-13 21:57:16","2026-01-13 21:57:16",NULL
4843,Amritsar,0,"2026-01-13 21:57:16","2026-01-13 21:57:16",NULL
4844,Amritsar,0,"2026-01-13 21:57:16","2026-01-13 21:57:16",NULL
4845,Amritsar,0,"2026-01-13 21:57:16","2026-01-13 21:57:16",NULL
4846,Amritsar,0,"2026-01-13 21:57:16","2026-01-13 21:57:16",NULL
4847,Amritsar,0,"2026-01-13 21:57:16","2026-01-13 21:57:16",NULL
4848,Amritsar,0,"2026-01-13 21:57:16","2026-01-13 21:57:16",NULL
4849,Amritsar,0,"2026-01-13 21:57:16","2026-01-13 21:57:16",NULL
4850,Amritsar,0,"2026-01-13 21:57:16","2026-01-13 21:57:16",NULL
4851,Amritsar,0,"2026-01-13 21:57:16","2026-01-13 21:57:16",NULL
4852,Amritsar,0,"2026-01-13 21:57:16","2026-01-13 21:57:16",NULL
4853,Jalandhar,0,"2026-01-13 21:57:16","2026-01-13 21:57:16",NULL
4854,Jalandhar,0,"2026-01-13 21:57:16","2026-01-13 21:57:16",NULL
4855,Jalandhar,0,"2026-01-13 21:57:16","2026-01-13 21:57:16",NULL
4856,Jalandhar,0,"2026-01-13 21:57:16","2026-01-13 21:57:16",NULL
4857,Jalandhar,0,"2026-01-13 21:57:16","2026-01-13 21:57:16",NULL
4858,Jalandhar,0,"2026-01-13 21:57:16","2026-01-13 21:57:16",NULL
4859,Jalandhar,0,"2026-01-13 21:57:16","2026-01-13 21:57:16",NULL
4860,Jalandhar,0,"2026-01-13 21:57:16","2026-01-13 21:57:16",NULL
4861,Jalandhar,0,"2026-01-13 21:57:16","2026-01-13 21:57:16",NULL
4862,Jalandhar,0,"2026-01-13 21:57:16","2026-01-13 21:57:16",NULL
4863,Jalandhar,0,"2026-01-13 21:57:16","2026-01-13 21:57:16",NULL
4864,Jalandhar,0,"2026-01-13 21:57:16","2026-01-13 21:57:16",NULL
4865,Jalandhar,0,"2026-01-13 21:57:16","2026-01-13 21:57:16",NULL
4866,Jalandhar,0,"2026-01-13 21:57:16","2026-01-13 21:57:16",NULL
4867,Jalandhar,0,"2026-01-13 21:57:16","2026-01-13 21:57:16",NULL
4868,Jalandhar,0,"2026-01-13 21:57:16","2026-01-13 21:57:16",NULL
4869,Jalandhar,0,"2026-01-13 21:57:16","2026-01-13 21:57:16",NULL
4870,Jalandhar,0,"2026-01-13 21:57:16","2026-01-13 21:57:16",NULL
4871,Jalandhar,0,"2026-01-13 21:57:16","2026-01-13 21:57:16",NULL
4872,Jalandhar,0,"2026-01-13 21:57:16","2026-01-13 21:57:16",NULL
4873,Jalandhar,0,"2026-01-13 21:57:16","2026-01-13 21:57:16",NULL
4874,Jalandhar,0,"2026-01-13 21:57:16","2026-01-13 21:57:16",NULL
4875,Jalandhar,0,"2026-01-13 21:57:16","2026-01-13 21:57:16",NULL
4876,Jalandhar,0,"2026-01-13 21:57:16","2026-01-13 21:57:16",NULL
4877,Jalandhar,0,"2026-01-13 21:57:16","2026-01-13 21:57:16",NULL
4878,Jalandhar,0,"2026-01-13 21:57:16","2026-01-13 21:57:16",NULL
4879,Jalandhar,0,"2026-01-13 21:57:16","2026-01-13 21:57:16",NULL
4880,Jalandhar,0,"2026-01-13 21:57:16","2026-01-13 21:57:16",NULL
4881,Jalandhar,0,"2026-01-13 21:57:16","2026-01-13 21:57:16",NULL
4882,Jalandhar,0,"2026-01-13 21:57:16","2026-01-13 21:57:16",NULL
4883,Jalandhar,0,"2026-01-13 21:57:16","2026-01-13 21:57:16",NULL
4884,Jalandhar,0,"2026-01-13 21:57:16","2026-01-13 21:57:16",NULL
4885,Jalandhar,0,"2026-01-13 21:57:16","2026-01-13 21:57:16",NULL
4886,Jalandhar,0,"2026-01-13 21:57:16","2026-01-13 21:57:16",NULL
4887,Jalandhar,0,"2026-01-13 21:57:16","2026-01-13 21:57:16",NULL
4888,Jalandhar,0,"2026-01-13 21:57:16","2026-01-13 21:57:16",NULL
4889,Jalandhar,0,"2026-01-13 21:57:16","2026-01-13 21:57:16",NULL
4890,Jalandhar,0,"2026-01-13 21:57:16","2026-01-13 21:57:16",NULL
4891,Jalandhar,0,"2026-01-13 21:57:16","2026-01-13 21:57:16",NULL
4892,Jalandhar,0,"2026-01-13 21:57:16","2026-01-13 21:57:16",NULL
4893,Jalandhar,0,"2026-01-13 21:57:16","2026-01-13 21:57:16",NULL
4894,Jalandhar,0,"2026-01-13 21:57:16","2026-01-13 21:57:16",NULL
4895,Jalandhar,0,"2026-01-13 21:57:16","2026-01-13 21:57:16",NULL
4896,Jalandhar,0,"2026-01-13 21:57:16","2026-01-13 21:57:16",NULL
4897,Jalandhar,0,"2026-01-13 21:57:16","2026-01-13 21:57:16",NULL
4898,Jalandhar,0,"2026-01-13 21:57:16","2026-01-13 21:57:16",NULL
4899,Jalandhar,0,"2026-01-13 21:57:16","2026-01-13 21:57:16",NULL
4900,Jalandhar,0,"2026-01-13 21:57:16","2026-01-13 21:57:16",NULL
4901,Jalandhar,0,"2026-01-13 21:57:16","2026-01-13 21:57:16",NULL
4902,Jalandhar,0,"2026-01-13 21:57:16","2026-01-13 21:57:16",NULL
4903,Jalandhar,0,"2026-01-13 21:57:16","2026-01-13 21:57:16",NULL
4904,Jalandhar,0,"2026-01-13 21:57:16","2026-01-13 21:57:16",NULL
4905,Jalandhar,0,"2026-01-13 21:57:16","2026-01-13 21:57:16",NULL
4906,Jalandhar,0,"2026-01-13 21:57:16","2026-01-13 21:57:16",NULL
4907,Jalandhar,0,"2026-01-13 21:57:16","2026-01-13 21:57:16",NULL
4908,Jalandhar,0,"2026-01-13 21:57:16","2026-01-13 21:57:16",NULL
4909,Jalandhar,0,"2026-01-13 21:57:16","2026-01-13 21:57:16",NULL
4910,Jalandhar,0,"2026-01-13 21:57:16","2026-01-13 21:57:16",NULL
4911,Jalandhar,0,"2026-01-13 21:57:16","2026-01-13 21:57:16",NULL
4912,Jalandhar,0,"2026-01-13 21:57:16","2026-01-13 21:57:16",NULL
4913,Jalandhar,0,"2026-01-13 21:57:16","2026-01-13 21:57:16",NULL
4914,Jalandhar,0,"2026-01-13 21:57:16","2026-01-13 21:57:16",NULL
4915,Jalandhar,0,"2026-01-13 21:57:16","2026-01-13 21:57:16",NULL
4916,Jalandhar,0,"2026-01-13 21:57:16","2026-01-13 21:57:16",NULL
4917,Jalandhar,0,"2026-01-13 21:57:16","2026-01-13 21:57:16",NULL
4918,Jalandhar,0,"2026-01-13 21:57:16","2026-01-13 21:57:16",NULL
4919,Jalandhar,0,"2026-01-13 21:57:16","2026-01-13 21:57:16",NULL
4920,Jalandhar,0,"2026-01-13 21:57:16","2026-01-13 21:57:16",NULL
4921,Jalandhar,0,"2026-01-13 21:57:16","2026-01-13 21:57:16",NULL
4922,Jalandhar,0,"2026-01-13 21:57:16","2026-01-13 21:57:16",NULL
4923,Jalandhar,0,"2026-01-13 21:57:16","2026-01-13 21:57:16",NULL
4924,Jalandhar,0,"2026-01-13 21:57:16","2026-01-13 21:57:16",NULL
4925,Jalandhar,0,"2026-01-13 21:57:16","2026-01-13 21:57:16",NULL
4926,Jalandhar,0,"2026-01-13 21:57:16","2026-01-13 21:57:16",NULL
4927,Jalandhar,0,"2026-01-13 21:57:16","2026-01-13 21:57:16",NULL
4928,Jalandhar,0,"2026-01-13 21:57:16","2026-01-13 21:57:16",NULL
4929,Jalandhar,0,"2026-01-13 21:57:16","2026-01-13 21:57:16",NULL
4930,Jalandhar,0,"2026-01-13 21:57:16","2026-01-13 21:57:16",NULL
4931,Jalandhar,0,"2026-01-13 21:57:16","2026-01-13 21:57:16",NULL
4932,Jalandhar,0,"2026-01-13 21:57:16","2026-01-13 21:57:16",NULL
4933,Jalandhar,0,"2026-01-13 21:57:16","2026-01-13 21:57:16",NULL
4934,Jalandhar,0,"2026-01-13 21:57:16","2026-01-13 21:57:16",NULL
4935,Jalandhar,0,"2026-01-13 21:57:16","2026-01-13 21:57:16",NULL
4936,Jalandhar,0,"2026-01-13 21:57:16","2026-01-13 21:57:16",NULL
4937,Jalandhar,0,"2026-01-13 21:57:16","2026-01-13 21:57:16",NULL
4938,Jalandhar,0,"2026-01-13 21:57:16","2026-01-13 21:57:16",NULL
4939,Jalandhar,0,"2026-01-13 21:57:16","2026-01-13 21:57:16",NULL
4940,Jalandhar,0,"2026-01-13 21:57:16","2026-01-13 21:57:16",NULL
4941,Jalandhar,0,"2026-01-13 21:57:16","2026-01-13 21:57:16",NULL
4942,Jalandhar,0,"2026-01-13 21:57:16","2026-01-13 21:57:16",NULL
4943,Jalandhar,0,"2026-01-13 21:57:16","2026-01-13 21:57:16",NULL
4944,Jalandhar,0,"2026-01-13 21:57:16","2026-01-13 21:57:16",NULL
4945,Jalandhar,0,"2026-01-13 21:57:16","2026-01-13 21:57:16",NULL
4946,Jalandhar,0,"2026-01-13 21:57:16","2026-01-13 21:57:16",NULL
4947,Jalandhar,0,"2026-01-13 21:57:17","2026-01-13 21:57:17",NULL
4948,Jalandhar,0,"2026-01-13 21:57:17","2026-01-13 21:57:17",NULL
4949,Nawanshahr,0,"2026-01-13 21:57:17","2026-01-13 21:57:17",NULL
4950,Jalandhar,0,"2026-01-13 21:57:17","2026-01-13 21:57:17",NULL
4951,Jalandhar,0,"2026-01-13 21:57:17","2026-01-13 21:57:17",NULL
4952,Jalandhar,0,"2026-01-13 21:57:17","2026-01-13 21:57:17",NULL
4953,Jalandhar,0,"2026-01-13 21:57:17","2026-01-13 21:57:17",NULL
4954,Jalandhar,0,"2026-01-13 21:57:17","2026-01-13 21:57:17",NULL
4955,Kapurthala,0,"2026-01-13 21:57:17","2026-01-13 21:57:17",NULL
4956,Jalandhar,0,"2026-01-13 21:57:17","2026-01-13 21:57:17",NULL
4957,Hoshiarpur,0,"2026-01-13 21:57:17","2026-01-13 21:57:17",NULL
4958,Jalandhar,0,"2026-01-13 21:57:17","2026-01-13 21:57:17",NULL
4959,Jalandhar,0,"2026-01-13 21:57:17","2026-01-13 21:57:17",NULL
4960,Jalandhar,0,"2026-01-13 21:57:17","2026-01-13 21:57:17",NULL
4961,Kapurthala,0,"2026-01-13 21:57:17","2026-01-13 21:57:17",NULL
4962,Jalandhar,0,"2026-01-13 21:57:17","2026-01-13 21:57:17",NULL
4963,Jalandhar,0,"2026-01-13 21:57:17","2026-01-13 21:57:17",NULL
4964,Jalandhar,0,"2026-01-13 21:57:17","2026-01-13 21:57:17",NULL
4965,Jalandhar,0,"2026-01-13 21:57:17","2026-01-13 21:57:17",NULL
4966,Jalandhar,0,"2026-01-13 21:57:17","2026-01-13 21:57:17",NULL
4967,Jalandhar,0,"2026-01-13 21:57:17","2026-01-13 21:57:17",NULL
4968,Jalandhar,0,"2026-01-13 21:57:17","2026-01-13 21:57:17",NULL
4969,Jalandhar,0,"2026-01-13 21:57:17","2026-01-13 21:57:17",NULL
4970,Jalandhar,0,"2026-01-13 21:57:17","2026-01-13 21:57:17",NULL
4971,Jalandhar,0,"2026-01-13 21:57:17","2026-01-13 21:57:17",NULL
4972,Jalandhar,0,"2026-01-13 21:57:17","2026-01-13 21:57:17",NULL
4973,Jalandhar,0,"2026-01-13 21:57:17","2026-01-13 21:57:17",NULL
4974,Jalandhar,0,"2026-01-13 21:57:17","2026-01-13 21:57:17",NULL
4975,Jalandhar,0,"2026-01-13 21:57:17","2026-01-13 21:57:17",NULL
4976,Jalandhar,0,"2026-01-13 21:57:17","2026-01-13 21:57:17",NULL
4977,Jalandhar,0,"2026-01-13 21:57:17","2026-01-13 21:57:17",NULL
4978,Jalandhar,0,"2026-01-13 21:57:17","2026-01-13 21:57:17",NULL
4979,Jalandhar,0,"2026-01-13 21:57:17","2026-01-13 21:57:17",NULL
4980,Jalandhar,0,"2026-01-13 21:57:17","2026-01-13 21:57:17",NULL
4981,Jalandhar,0,"2026-01-13 21:57:17","2026-01-13 21:57:17",NULL
4982,Jalandhar,0,"2026-01-13 21:57:17","2026-01-13 21:57:17",NULL
4983,Jalandhar,0,"2026-01-13 21:57:17","2026-01-13 21:57:17",NULL
4984,Jalandhar,0,"2026-01-13 21:57:17","2026-01-13 21:57:17",NULL
4985,Jalandhar,0,"2026-01-13 21:57:17","2026-01-13 21:57:17",NULL
4986,Jalandhar,0,"2026-01-13 21:57:17","2026-01-13 21:57:17",NULL
4987,Jalandhar,0,"2026-01-13 21:57:17","2026-01-13 21:57:17",NULL
4988,Jalandhar,0,"2026-01-13 21:57:17","2026-01-13 21:57:17",NULL
4989,Jalandhar,0,"2026-01-13 21:57:17","2026-01-13 21:57:17",NULL
4990,Jalandhar,0,"2026-01-13 21:57:17","2026-01-13 21:57:17",NULL
4991,Jalandhar,0,"2026-01-13 21:57:17","2026-01-13 21:57:17",NULL
4992,Jalandhar,0,"2026-01-13 21:57:17","2026-01-13 21:57:17",NULL
4993,Jalandhar,0,"2026-01-13 21:57:17","2026-01-13 21:57:17",NULL
4994,Jalandhar,0,"2026-01-13 21:57:17","2026-01-13 21:57:17",NULL
4995,Jalandhar,0,"2026-01-13 21:57:17","2026-01-13 21:57:17",NULL
4996,Jalandhar,0,"2026-01-13 21:57:17","2026-01-13 21:57:17",NULL
4997,Jalandhar,0,"2026-01-13 21:57:17","2026-01-13 21:57:17",NULL
4998,Jalandhar,0,"2026-01-13 21:57:17","2026-01-13 21:57:17",NULL
4999,Jalandhar,0,"2026-01-13 21:57:17","2026-01-13 21:57:17",NULL
5000,Jalandhar,0,"2026-01-13 21:57:17","2026-01-13 21:57:17",NULL
5001,Jalandhar,0,"2026-01-13 21:57:17","2026-01-13 21:57:17",NULL
5002,Jalandhar,0,"2026-01-13 21:57:17","2026-01-13 21:57:17",NULL
5003,Jalandhar,0,"2026-01-13 21:57:17","2026-01-13 21:57:17",NULL
5004,Jalandhar,0,"2026-01-13 21:57:17","2026-01-13 21:57:17",NULL
5005,Jalandhar,0,"2026-01-13 21:57:17","2026-01-13 21:57:17",NULL
5006,Jalandhar,0,"2026-01-13 21:57:17","2026-01-13 21:57:17",NULL
5007,Jalandhar,0,"2026-01-13 21:57:17","2026-01-13 21:57:17",NULL
5008,Jalandhar,0,"2026-01-13 21:57:17","2026-01-13 21:57:17",NULL
5009,Jalandhar,0,"2026-01-13 21:57:17","2026-01-13 21:57:17",NULL
5010,Jalandhar,0,"2026-01-13 21:57:17","2026-01-13 21:57:17",NULL
5011,Jalandhar,0,"2026-01-13 21:57:17","2026-01-13 21:57:17",NULL
5012,Jalandhar,0,"2026-01-13 21:57:17","2026-01-13 21:57:17",NULL
5013,Jalandhar,0,"2026-01-13 21:57:17","2026-01-13 21:57:17",NULL
5014,Jalandhar,0,"2026-01-13 21:57:17","2026-01-13 21:57:17",NULL
5015,Jalandhar,0,"2026-01-13 21:57:17","2026-01-13 21:57:17",NULL
5016,Jalandhar,0,"2026-01-13 21:57:17","2026-01-13 21:57:17",NULL
5017,Jalandhar,0,"2026-01-13 21:57:17","2026-01-13 21:57:17",NULL
5018,Jalandhar,0,"2026-01-13 21:57:17","2026-01-13 21:57:17",NULL
5019,Jalandhar,0,"2026-01-13 21:57:17","2026-01-13 21:57:17",NULL
5020,Jalandhar,0,"2026-01-13 21:57:17","2026-01-13 21:57:17",NULL
5021,Jalandhar,0,"2026-01-13 21:57:17","2026-01-13 21:57:17",NULL
5022,Jalandhar,0,"2026-01-13 21:57:17","2026-01-13 21:57:17",NULL
5023,Jalandhar,0,"2026-01-13 21:57:17","2026-01-13 21:57:17",NULL
5024,Jalandhar,0,"2026-01-13 21:57:17","2026-01-13 21:57:17",NULL
5025,Jalandhar,0,"2026-01-13 21:57:17","2026-01-13 21:57:17",NULL
5026,Jalandhar,0,"2026-01-13 21:57:17","2026-01-13 21:57:17",NULL
5027,Jalandhar,0,"2026-01-13 21:57:17","2026-01-13 21:57:17",NULL
5028,Jalandhar,0,"2026-01-13 21:57:17","2026-01-13 21:57:17",NULL
5029,Jalandhar,0,"2026-01-13 21:57:17","2026-01-13 21:57:17",NULL
5030,Jalandhar,0,"2026-01-13 21:57:17","2026-01-13 21:57:17",NULL
5031,Jalandhar,0,"2026-01-13 21:57:17","2026-01-13 21:57:17",NULL
5032,Jalandhar,0,"2026-01-13 21:57:17","2026-01-13 21:57:17",NULL
5033,Jalandhar,0,"2026-01-13 21:57:17","2026-01-13 21:57:17",NULL
5034,Jalandhar,0,"2026-01-13 21:57:17","2026-01-13 21:57:17",NULL
5035,Jalandhar,0,"2026-01-13 21:57:17","2026-01-13 21:57:17",NULL
5036,Jalandhar,0,"2026-01-13 21:57:17","2026-01-13 21:57:17",NULL
5037,Jalandhar,0,"2026-01-13 21:57:17","2026-01-13 21:57:17",NULL
5038,Jalandhar,0,"2026-01-13 21:57:17","2026-01-13 21:57:17",NULL
5039,Jalandhar,0,"2026-01-13 21:57:17","2026-01-13 21:57:17",NULL
5040,Jalandhar,0,"2026-01-13 21:57:17","2026-01-13 21:57:17",NULL
5041,Jalandhar,0,"2026-01-13 21:57:17","2026-01-13 21:57:17",NULL
5042,Jalandhar,0,"2026-01-13 21:57:17","2026-01-13 21:57:17",NULL
5043,Jalandhar,0,"2026-01-13 21:57:17","2026-01-13 21:57:17",NULL
5044,Jalandhar,0,"2026-01-13 21:57:17","2026-01-13 21:57:17",NULL
5045,Jalandhar,0,"2026-01-13 21:57:17","2026-01-13 21:57:17",NULL
5046,Jalandhar,0,"2026-01-13 21:57:17","2026-01-13 21:57:17",NULL
5047,Jalandhar,0,"2026-01-13 21:57:17","2026-01-13 21:57:17",NULL
5048,Hoshiarpur,0,"2026-01-13 21:57:17","2026-01-13 21:57:17",NULL
5049,Hoshiarpur,0,"2026-01-13 21:57:17","2026-01-13 21:57:17",NULL
5050,Hoshiarpur,0,"2026-01-13 21:57:17","2026-01-13 21:57:17",NULL
5051,Hoshiarpur,0,"2026-01-13 21:57:17","2026-01-13 21:57:17",NULL
5052,Hoshiarpur,0,"2026-01-13 21:57:17","2026-01-13 21:57:17",NULL
5053,Hoshiarpur,0,"2026-01-13 21:57:17","2026-01-13 21:57:17",NULL
5054,Hoshiarpur,0,"2026-01-13 21:57:17","2026-01-13 21:57:17",NULL
5055,Hoshiarpur,0,"2026-01-13 21:57:17","2026-01-13 21:57:17",NULL
5056,Hoshiarpur,0,"2026-01-13 21:57:17","2026-01-13 21:57:17",NULL
5057,Hoshiarpur,0,"2026-01-13 21:57:17","2026-01-13 21:57:17",NULL
5058,Hoshiarpur,0,"2026-01-13 21:57:17","2026-01-13 21:57:17",NULL
5059,Hoshiarpur,0,"2026-01-13 21:57:17","2026-01-13 21:57:17",NULL
5060,Hoshiarpur,0,"2026-01-13 21:57:17","2026-01-13 21:57:17",NULL
5061,Hoshiarpur,0,"2026-01-13 21:57:17","2026-01-13 21:57:17",NULL
5062,Hoshiarpur,0,"2026-01-13 21:57:17","2026-01-13 21:57:17",NULL
5063,Hoshiarpur,0,"2026-01-13 21:57:17","2026-01-13 21:57:17",NULL
5064,Hoshiarpur,0,"2026-01-13 21:57:17","2026-01-13 21:57:17",NULL
5065,Jalandhar,0,"2026-01-13 21:57:17","2026-01-13 21:57:17",NULL
5066,Jalandhar,0,"2026-01-13 21:57:17","2026-01-13 21:57:17",NULL
5067,Jalandhar,0,"2026-01-13 21:57:17","2026-01-13 21:57:17",NULL
5068,Jalandhar,0,"2026-01-13 21:57:17","2026-01-13 21:57:17",NULL
5069,Jalandhar,0,"2026-01-13 21:57:17","2026-01-13 21:57:17",NULL
5070,Jalandhar,0,"2026-01-13 21:57:17","2026-01-13 21:57:17",NULL
5071,Jalandhar,0,"2026-01-13 21:57:17","2026-01-13 21:57:17",NULL
5072,Jalandhar,0,"2026-01-13 21:57:17","2026-01-13 21:57:17",NULL
5073,Jalandhar,0,"2026-01-13 21:57:17","2026-01-13 21:57:17",NULL
5074,Jalandhar,0,"2026-01-13 21:57:17","2026-01-13 21:57:17",NULL
5075,Jalandhar,0,"2026-01-13 21:57:17","2026-01-13 21:57:17",NULL
5076,Jalandhar,0,"2026-01-13 21:57:17","2026-01-13 21:57:17",NULL
5077,Jalandhar,0,"2026-01-13 21:57:17","2026-01-13 21:57:17",NULL
5078,Jalandhar,0,"2026-01-13 21:57:17","2026-01-13 21:57:17",NULL
5079,Jalandhar,0,"2026-01-13 21:57:17","2026-01-13 21:57:17",NULL
5080,Hoshiarpur,0,"2026-01-13 21:57:17","2026-01-13 21:57:17",NULL
5081,Hoshiarpur,0,"2026-01-13 21:57:17","2026-01-13 21:57:17",NULL
5082,Hoshiarpur,0,"2026-01-13 21:57:17","2026-01-13 21:57:17",NULL
5083,Hoshiarpur,0,"2026-01-13 21:57:17","2026-01-13 21:57:17",NULL
5084,Hoshiarpur,0,"2026-01-13 21:57:17","2026-01-13 21:57:17",NULL
5085,Hoshiarpur,0,"2026-01-13 21:57:17","2026-01-13 21:57:17",NULL
5086,Hoshiarpur,0,"2026-01-13 21:57:17","2026-01-13 21:57:17",NULL
5087,Hoshiarpur,0,"2026-01-13 21:57:17","2026-01-13 21:57:17",NULL
5088,Hoshiarpur,0,"2026-01-13 21:57:17","2026-01-13 21:57:17",NULL
5089,Hoshiarpur,0,"2026-01-13 21:57:17","2026-01-13 21:57:17",NULL
5090,Hoshiarpur,0,"2026-01-13 21:57:17","2026-01-13 21:57:17",NULL
5091,Hoshiarpur,0,"2026-01-13 21:57:17","2026-01-13 21:57:17",NULL
5092,Hoshiarpur,0,"2026-01-13 21:57:17","2026-01-13 21:57:17",NULL
5093,Hoshiarpur,0,"2026-01-13 21:57:17","2026-01-13 21:57:17",NULL
5094,Jalandhar,0,"2026-01-13 21:57:17","2026-01-13 21:57:17",NULL
5095,Jalandhar,0,"2026-01-13 21:57:17","2026-01-13 21:57:17",NULL
5096,Jalandhar,0,"2026-01-13 21:57:17","2026-01-13 21:57:17",NULL
5097,Jalandhar,0,"2026-01-13 21:57:17","2026-01-13 21:57:17",NULL
5098,Jalandhar,0,"2026-01-13 21:57:17","2026-01-13 21:57:17",NULL
5099,Jalandhar,0,"2026-01-13 21:57:17","2026-01-13 21:57:17",NULL
5100,Jalandhar,0,"2026-01-13 21:57:17","2026-01-13 21:57:17",NULL
5101,Jalandhar,0,"2026-01-13 21:57:17","2026-01-13 21:57:17",NULL
5102,Jalandhar,0,"2026-01-13 21:57:17","2026-01-13 21:57:17",NULL
5103,Jalandhar,0,"2026-01-13 21:57:17","2026-01-13 21:57:17",NULL
5104,Jalandhar,0,"2026-01-13 21:57:17","2026-01-13 21:57:17",NULL
5105,Jalandhar,0,"2026-01-13 21:57:17","2026-01-13 21:57:17",NULL
5106,Jalandhar,0,"2026-01-13 21:57:17","2026-01-13 21:57:17",NULL
5107,Jalandhar,0,"2026-01-13 21:57:17","2026-01-13 21:57:17",NULL
5108,Jalandhar,0,"2026-01-13 21:57:17","2026-01-13 21:57:17",NULL
5109,Jalandhar,0,"2026-01-13 21:57:17","2026-01-13 21:57:17",NULL
5110,Jalandhar,0,"2026-01-13 21:57:17","2026-01-13 21:57:17",NULL
5111,Jalandhar,0,"2026-01-13 21:57:17","2026-01-13 21:57:17",NULL
5112,Jalandhar,0,"2026-01-13 21:57:17","2026-01-13 21:57:17",NULL
5113,Hoshiarpur,0,"2026-01-13 21:57:17","2026-01-13 21:57:17",NULL
5114,Hoshiarpur,0,"2026-01-13 21:57:17","2026-01-13 21:57:17",NULL
5115,Hoshiarpur,0,"2026-01-13 21:57:17","2026-01-13 21:57:17",NULL
5116,Hoshiarpur,0,"2026-01-13 21:57:17","2026-01-13 21:57:17",NULL
5117,Hoshiarpur,0,"2026-01-13 21:57:17","2026-01-13 21:57:17",NULL
5118,Hoshiarpur,0,"2026-01-13 21:57:17","2026-01-13 21:57:17",NULL
5119,Hoshiarpur,0,"2026-01-13 21:57:17","2026-01-13 21:57:17",NULL
5120,Hoshiarpur,0,"2026-01-13 21:57:17","2026-01-13 21:57:17",NULL
5121,Hoshiarpur,0,"2026-01-13 21:57:17","2026-01-13 21:57:17",NULL
5122,Hoshiarpur,0,"2026-01-13 21:57:17","2026-01-13 21:57:17",NULL
5123,Hoshiarpur,0,"2026-01-13 21:57:17","2026-01-13 21:57:17",NULL
5124,Hoshiarpur,0,"2026-01-13 21:57:17","2026-01-13 21:57:17",NULL
5125,Kapurthala,0,"2026-01-13 21:57:17","2026-01-13 21:57:17",NULL
5126,Hoshiarpur,0,"2026-01-13 21:57:17","2026-01-13 21:57:17",NULL
5127,Hoshiarpur,0,"2026-01-13 21:57:17","2026-01-13 21:57:17",NULL
5128,Hoshiarpur,0,"2026-01-13 21:57:17","2026-01-13 21:57:17",NULL
5129,Hoshiarpur,0,"2026-01-13 21:57:17","2026-01-13 21:57:17",NULL
5130,Hoshiarpur,0,"2026-01-13 21:57:17","2026-01-13 21:57:17",NULL
5131,Hoshiarpur,0,"2026-01-13 21:57:17","2026-01-13 21:57:17",NULL
5132,Hoshiarpur,0,"2026-01-13 21:57:17","2026-01-13 21:57:17",NULL
5133,Hoshiarpur,0,"2026-01-13 21:57:17","2026-01-13 21:57:17",NULL
5134,Hoshiarpur,0,"2026-01-13 21:57:17","2026-01-13 21:57:17",NULL
5135,Hoshiarpur,0,"2026-01-13 21:57:17","2026-01-13 21:57:17",NULL
5136,Hoshiarpur,0,"2026-01-13 21:57:17","2026-01-13 21:57:17",NULL
5137,Hoshiarpur,0,"2026-01-13 21:57:17","2026-01-13 21:57:17",NULL
5138,Hoshiarpur,0,"2026-01-13 21:57:17","2026-01-13 21:57:17",NULL
5139,Hoshiarpur,0,"2026-01-13 21:57:17","2026-01-13 21:57:17",NULL
5140,Hoshiarpur,0,"2026-01-13 21:57:17","2026-01-13 21:57:17",NULL
5141,Hoshiarpur,0,"2026-01-13 21:57:17","2026-01-13 21:57:17",NULL
5142,Hoshiarpur,0,"2026-01-13 21:57:17","2026-01-13 21:57:17",NULL
5143,Hoshiarpur,0,"2026-01-13 21:57:17","2026-01-13 21:57:17",NULL
5144,Hoshiarpur,0,"2026-01-13 21:57:17","2026-01-13 21:57:17",NULL
5145,Hoshiarpur,0,"2026-01-13 21:57:17","2026-01-13 21:57:17",NULL
5146,Hoshiarpur,0,"2026-01-13 21:57:17","2026-01-13 21:57:17",NULL
5147,Hoshiarpur,0,"2026-01-13 21:57:17","2026-01-13 21:57:17",NULL
5148,Hoshiarpur,0,"2026-01-13 21:57:17","2026-01-13 21:57:17",NULL
5149,Hoshiarpur,0,"2026-01-13 21:57:17","2026-01-13 21:57:17",NULL
5150,Hoshiarpur,0,"2026-01-13 21:57:17","2026-01-13 21:57:17",NULL
5151,Hoshiarpur,0,"2026-01-13 21:57:17","2026-01-13 21:57:17",NULL
5152,Hoshiarpur,0,"2026-01-13 21:57:17","2026-01-13 21:57:17",NULL
5153,Hoshiarpur,0,"2026-01-13 21:57:17","2026-01-13 21:57:17",NULL
5154,Hoshiarpur,0,"2026-01-13 21:57:17","2026-01-13 21:57:17",NULL
5155,Hoshiarpur,0,"2026-01-13 21:57:17","2026-01-13 21:57:17",NULL
5156,Hoshiarpur,0,"2026-01-13 21:57:17","2026-01-13 21:57:17",NULL
5157,Hoshiarpur,0,"2026-01-13 21:57:17","2026-01-13 21:57:17",NULL
5158,Hoshiarpur,0,"2026-01-13 21:57:17","2026-01-13 21:57:17",NULL
5159,Hoshiarpur,0,"2026-01-13 21:57:17","2026-01-13 21:57:17",NULL
5160,Hoshiarpur,0,"2026-01-13 21:57:17","2026-01-13 21:57:17",NULL
5161,Hoshiarpur,0,"2026-01-13 21:57:17","2026-01-13 21:57:17",NULL
5162,Hoshiarpur,0,"2026-01-13 21:57:17","2026-01-13 21:57:17",NULL
5163,Hoshiarpur,0,"2026-01-13 21:57:17","2026-01-13 21:57:17",NULL
5164,Hoshiarpur,0,"2026-01-13 21:57:17","2026-01-13 21:57:17",NULL
5165,Hoshiarpur,0,"2026-01-13 21:57:17","2026-01-13 21:57:17",NULL
5166,Hoshiarpur,0,"2026-01-13 21:57:17","2026-01-13 21:57:17",NULL
5167,Hoshiarpur,0,"2026-01-13 21:57:17","2026-01-13 21:57:17",NULL
5168,Hoshiarpur,0,"2026-01-13 21:57:17","2026-01-13 21:57:17",NULL
5169,Hoshiarpur,0,"2026-01-13 21:57:17","2026-01-13 21:57:17",NULL
5170,Hoshiarpur,0,"2026-01-13 21:57:17","2026-01-13 21:57:17",NULL
5171,Hoshiarpur,0,"2026-01-13 21:57:17","2026-01-13 21:57:17",NULL
5172,Hoshiarpur,0,"2026-01-13 21:57:17","2026-01-13 21:57:17",NULL
5173,Hoshiarpur,0,"2026-01-13 21:57:17","2026-01-13 21:57:17",NULL
5174,Hoshiarpur,0,"2026-01-13 21:57:17","2026-01-13 21:57:17",NULL
5175,Hoshiarpur,0,"2026-01-13 21:57:17","2026-01-13 21:57:17",NULL
5176,Hoshiarpur,0,"2026-01-13 21:57:17","2026-01-13 21:57:17",NULL
5177,Hoshiarpur,0,"2026-01-13 21:57:17","2026-01-13 21:57:17",NULL
5178,Hoshiarpur,0,"2026-01-13 21:57:17","2026-01-13 21:57:17",NULL
5179,Hoshiarpur,0,"2026-01-13 21:57:17","2026-01-13 21:57:17",NULL
5180,Hoshiarpur,0,"2026-01-13 21:57:17","2026-01-13 21:57:17",NULL
5181,Hoshiarpur,0,"2026-01-13 21:57:17","2026-01-13 21:57:17",NULL
5182,Hoshiarpur,0,"2026-01-13 21:57:17","2026-01-13 21:57:17",NULL
5183,Hoshiarpur,0,"2026-01-13 21:57:17","2026-01-13 21:57:17",NULL
5184,Hoshiarpur,0,"2026-01-13 21:57:17","2026-01-13 21:57:17",NULL
5185,Hoshiarpur,0,"2026-01-13 21:57:17","2026-01-13 21:57:17",NULL
5186,Hoshiarpur,0,"2026-01-13 21:57:17","2026-01-13 21:57:17",NULL
5187,Hoshiarpur,0,"2026-01-13 21:57:17","2026-01-13 21:57:17",NULL
5188,Hoshiarpur,0,"2026-01-13 21:57:17","2026-01-13 21:57:17",NULL
5189,Hoshiarpur,0,"2026-01-13 21:57:17","2026-01-13 21:57:17",NULL
5190,Hoshiarpur,0,"2026-01-13 21:57:17","2026-01-13 21:57:17",NULL
5191,Hoshiarpur,0,"2026-01-13 21:57:17","2026-01-13 21:57:17",NULL
5192,Hoshiarpur,0,"2026-01-13 21:57:17","2026-01-13 21:57:17",NULL
5193,Hoshiarpur,0,"2026-01-13 21:57:17","2026-01-13 21:57:17",NULL
5194,Hoshiarpur,0,"2026-01-13 21:57:17","2026-01-13 21:57:17",NULL
5195,Hoshiarpur,0,"2026-01-13 21:57:17","2026-01-13 21:57:17",NULL
5196,Hoshiarpur,0,"2026-01-13 21:57:17","2026-01-13 21:57:17",NULL
5197,Hoshiarpur,0,"2026-01-13 21:57:17","2026-01-13 21:57:17",NULL
5198,Hoshiarpur,0,"2026-01-13 21:57:17","2026-01-13 21:57:17",NULL
5199,Hoshiarpur,0,"2026-01-13 21:57:17","2026-01-13 21:57:17",NULL
5200,Hoshiarpur,0,"2026-01-13 21:57:17","2026-01-13 21:57:17",NULL
5201,Hoshiarpur,0,"2026-01-13 21:57:17","2026-01-13 21:57:17",NULL
5202,Hoshiarpur,0,"2026-01-13 21:57:17","2026-01-13 21:57:17",NULL
5203,Hoshiarpur,0,"2026-01-13 21:57:17","2026-01-13 21:57:17",NULL
5204,Hoshiarpur,0,"2026-01-13 21:57:17","2026-01-13 21:57:17",NULL
5205,Hoshiarpur,0,"2026-01-13 21:57:17","2026-01-13 21:57:17",NULL
5206,Hoshiarpur,0,"2026-01-13 21:57:17","2026-01-13 21:57:17",NULL
5207,Hoshiarpur,0,"2026-01-13 21:57:17","2026-01-13 21:57:17",NULL
5208,Hoshiarpur,0,"2026-01-13 21:57:17","2026-01-13 21:57:17",NULL
5209,Hoshiarpur,0,"2026-01-13 21:57:17","2026-01-13 21:57:17",NULL
5210,Hoshiarpur,0,"2026-01-13 21:57:17","2026-01-13 21:57:17",NULL
5211,Hoshiarpur,0,"2026-01-13 21:57:17","2026-01-13 21:57:17",NULL
5212,Hoshiarpur,0,"2026-01-13 21:57:17","2026-01-13 21:57:17",NULL
5213,Hoshiarpur,0,"2026-01-13 21:57:17","2026-01-13 21:57:17",NULL
5214,Hoshiarpur,0,"2026-01-13 21:57:17","2026-01-13 21:57:17",NULL
5215,Hoshiarpur,0,"2026-01-13 21:57:17","2026-01-13 21:57:17",NULL
5216,Hoshiarpur,0,"2026-01-13 21:57:17","2026-01-13 21:57:17",NULL
5217,Hoshiarpur,0,"2026-01-13 21:57:17","2026-01-13 21:57:17",NULL
5218,Hoshiarpur,0,"2026-01-13 21:57:17","2026-01-13 21:57:17",NULL
5219,Hoshiarpur,0,"2026-01-13 21:57:17","2026-01-13 21:57:17",NULL
5220,Hoshiarpur,0,"2026-01-13 21:57:17","2026-01-13 21:57:17",NULL
5221,Hoshiarpur,0,"2026-01-13 21:57:17","2026-01-13 21:57:17",NULL
5222,Hoshiarpur,0,"2026-01-13 21:57:17","2026-01-13 21:57:17",NULL
5223,Nawanshahr,0,"2026-01-13 21:57:17","2026-01-13 21:57:17",NULL
5224,Jalandhar,0,"2026-01-13 21:57:17","2026-01-13 21:57:17",NULL
5225,Jalandhar,0,"2026-01-13 21:57:17","2026-01-13 21:57:17",NULL
5226,Jalandhar,0,"2026-01-13 21:57:17","2026-01-13 21:57:17",NULL
5227,Jalandhar,0,"2026-01-13 21:57:17","2026-01-13 21:57:17",NULL
5228,Jalandhar,0,"2026-01-13 21:57:17","2026-01-13 21:57:17",NULL
5229,Jalandhar,0,"2026-01-13 21:57:17","2026-01-13 21:57:17",NULL
5230,Jalandhar,0,"2026-01-13 21:57:17","2026-01-13 21:57:17",NULL
5231,Jalandhar,0,"2026-01-13 21:57:17","2026-01-13 21:57:17",NULL
5232,Jalandhar,0,"2026-01-13 21:57:17","2026-01-13 21:57:17",NULL
5233,Jalandhar,0,"2026-01-13 21:57:17","2026-01-13 21:57:17",NULL
5234,Jalandhar,0,"2026-01-13 21:57:17","2026-01-13 21:57:17",NULL
5235,Jalandhar,0,"2026-01-13 21:57:17","2026-01-13 21:57:17",NULL
5236,Jalandhar,0,"2026-01-13 21:57:17","2026-01-13 21:57:17",NULL
5237,Hoshiarpur,0,"2026-01-13 21:57:17","2026-01-13 21:57:17",NULL
5238,Hoshiarpur,0,"2026-01-13 21:57:17","2026-01-13 21:57:17",NULL
5239,Hoshiarpur,0,"2026-01-13 21:57:17","2026-01-13 21:57:17",NULL
5240,Hoshiarpur,0,"2026-01-13 21:57:17","2026-01-13 21:57:17",NULL
5241,Hoshiarpur,0,"2026-01-13 21:57:17","2026-01-13 21:57:17",NULL
5242,Hoshiarpur,0,"2026-01-13 21:57:17","2026-01-13 21:57:17",NULL
5243,Hoshiarpur,0,"2026-01-13 21:57:17","2026-01-13 21:57:17",NULL
5244,Hoshiarpur,0,"2026-01-13 21:57:17","2026-01-13 21:57:17",NULL
5245,Hoshiarpur,0,"2026-01-13 21:57:17","2026-01-13 21:57:17",NULL
5246,Hoshiarpur,0,"2026-01-13 21:57:17","2026-01-13 21:57:17",NULL
5247,Hoshiarpur,0,"2026-01-13 21:57:17","2026-01-13 21:57:17",NULL
5248,Hoshiarpur,0,"2026-01-13 21:57:17","2026-01-13 21:57:17",NULL
5249,Jalandhar,0,"2026-01-13 21:57:17","2026-01-13 21:57:17",NULL
5250,Jalandhar,0,"2026-01-13 21:57:17","2026-01-13 21:57:17",NULL
5251,Jalandhar,0,"2026-01-13 21:57:17","2026-01-13 21:57:17",NULL
5252,Hoshiarpur,0,"2026-01-13 21:57:17","2026-01-13 21:57:17",NULL
5253,Hoshiarpur,0,"2026-01-13 21:57:17","2026-01-13 21:57:17",NULL
5254,Hoshiarpur,0,"2026-01-13 21:57:17","2026-01-13 21:57:17",NULL
5255,Hoshiarpur,0,"2026-01-13 21:57:17","2026-01-13 21:57:17",NULL
5256,Hoshiarpur,0,"2026-01-13 21:57:17","2026-01-13 21:57:17",NULL
5257,Hoshiarpur,0,"2026-01-13 21:57:17","2026-01-13 21:57:17",NULL
5258,Hoshiarpur,0,"2026-01-13 21:57:17","2026-01-13 21:57:17",NULL
5259,Jalandhar,0,"2026-01-13 21:57:17","2026-01-13 21:57:17",NULL
5260,Jalandhar,0,"2026-01-13 21:57:17","2026-01-13 21:57:17",NULL
5261,Jalandhar,0,"2026-01-13 21:57:17","2026-01-13 21:57:17",NULL
5262,Jalandhar,0,"2026-01-13 21:57:17","2026-01-13 21:57:17",NULL
5263,Hoshiarpur,0,"2026-01-13 21:57:17","2026-01-13 21:57:17",NULL
5264,Hoshiarpur,0,"2026-01-13 21:57:17","2026-01-13 21:57:17",NULL
5265,Jalandhar,0,"2026-01-13 21:57:17","2026-01-13 21:57:17",NULL
5266,Jalandhar,0,"2026-01-13 21:57:17","2026-01-13 21:57:17",NULL
5267,Jalandhar,0,"2026-01-13 21:57:17","2026-01-13 21:57:17",NULL
5268,Jalandhar,0,"2026-01-13 21:57:17","2026-01-13 21:57:17",NULL
5269,Jalandhar,0,"2026-01-13 21:57:17","2026-01-13 21:57:17",NULL
5270,Kapurthala,0,"2026-01-13 21:57:17","2026-01-13 21:57:17",NULL
5271,Jalandhar,0,"2026-01-13 21:57:17","2026-01-13 21:57:17",NULL
5272,Jalandhar,0,"2026-01-13 21:57:17","2026-01-13 21:57:17",NULL
5273,Jalandhar,0,"2026-01-13 21:57:17","2026-01-13 21:57:17",NULL
5274,Jalandhar,0,"2026-01-13 21:57:17","2026-01-13 21:57:17",NULL
5275,Jalandhar,0,"2026-01-13 21:57:17","2026-01-13 21:57:17",NULL
5276,Jalandhar,0,"2026-01-13 21:57:17","2026-01-13 21:57:17",NULL
5277,Jalandhar,0,"2026-01-13 21:57:17","2026-01-13 21:57:17",NULL
5278,Jalandhar,0,"2026-01-13 21:57:17","2026-01-13 21:57:17",NULL
5279,Jalandhar,0,"2026-01-13 21:57:17","2026-01-13 21:57:17",NULL
5280,Jalandhar,0,"2026-01-13 21:57:17","2026-01-13 21:57:17",NULL
5281,Jalandhar,0,"2026-01-13 21:57:17","2026-01-13 21:57:17",NULL
5282,Jalandhar,0,"2026-01-13 21:57:17","2026-01-13 21:57:17",NULL
5283,Jalandhar,0,"2026-01-13 21:57:17","2026-01-13 21:57:17",NULL
5284,Jalandhar,0,"2026-01-13 21:57:17","2026-01-13 21:57:17",NULL
5285,Jalandhar,0,"2026-01-13 21:57:17","2026-01-13 21:57:17",NULL
5286,Jalandhar,0,"2026-01-13 21:57:17","2026-01-13 21:57:17",NULL
5287,Jalandhar,0,"2026-01-13 21:57:17","2026-01-13 21:57:17",NULL
5288,Jalandhar,0,"2026-01-13 21:57:17","2026-01-13 21:57:17",NULL
5289,Jalandhar,0,"2026-01-13 21:57:17","2026-01-13 21:57:17",NULL
5290,Jalandhar,0,"2026-01-13 21:57:17","2026-01-13 21:57:17",NULL
5291,Kapurthala,0,"2026-01-13 21:57:17","2026-01-13 21:57:17",NULL
5292,Kapurthala,0,"2026-01-13 21:57:17","2026-01-13 21:57:17",NULL
5293,Nawanshahr,0,"2026-01-13 21:57:17","2026-01-13 21:57:17",NULL
5294,Hoshiarpur,0,"2026-01-13 21:57:17","2026-01-13 21:57:17",NULL
5295,Hoshiarpur,0,"2026-01-13 21:57:17","2026-01-13 21:57:17",NULL
5296,Hoshiarpur,0,"2026-01-13 21:57:17","2026-01-13 21:57:17",NULL
5297,Hoshiarpur,0,"2026-01-13 21:57:17","2026-01-13 21:57:17",NULL
5298,Hoshiarpur,0,"2026-01-13 21:57:17","2026-01-13 21:57:17",NULL
5299,Hoshiarpur,0,"2026-01-13 21:57:17","2026-01-13 21:57:17",NULL
5300,Jalandhar,0,"2026-01-13 21:57:17","2026-01-13 21:57:17",NULL
5301,Jalandhar,0,"2026-01-13 21:57:17","2026-01-13 21:57:17",NULL
5302,Kapurthala,0,"2026-01-13 21:57:17","2026-01-13 21:57:17",NULL
5303,Kapurthala,0,"2026-01-13 21:57:17","2026-01-13 21:57:17",NULL
5304,Kapurthala,0,"2026-01-13 21:57:17","2026-01-13 21:57:17",NULL
5305,Kapurthala,0,"2026-01-13 21:57:17","2026-01-13 21:57:17",NULL
5306,Kapurthala,0,"2026-01-13 21:57:17","2026-01-13 21:57:17",NULL
5307,Kapurthala,0,"2026-01-13 21:57:17","2026-01-13 21:57:17",NULL
5308,Kapurthala,0,"2026-01-13 21:57:17","2026-01-13 21:57:17",NULL
5309,Kapurthala,0,"2026-01-13 21:57:17","2026-01-13 21:57:17",NULL
5310,Kapurthala,0,"2026-01-13 21:57:17","2026-01-13 21:57:17",NULL
5311,Kapurthala,0,"2026-01-13 21:57:17","2026-01-13 21:57:17",NULL
5312,Kapurthala,0,"2026-01-13 21:57:17","2026-01-13 21:57:17",NULL
5313,Kapurthala,0,"2026-01-13 21:57:17","2026-01-13 21:57:17",NULL
5314,Kapurthala,0,"2026-01-13 21:57:17","2026-01-13 21:57:17",NULL
5315,Kapurthala,0,"2026-01-13 21:57:17","2026-01-13 21:57:17",NULL
5316,Kapurthala,0,"2026-01-13 21:57:17","2026-01-13 21:57:17",NULL
5317,Jalandhar,0,"2026-01-13 21:57:17","2026-01-13 21:57:17",NULL
5318,Jalandhar,0,"2026-01-13 21:57:17","2026-01-13 21:57:17",NULL
5319,Kapurthala,0,"2026-01-13 21:57:17","2026-01-13 21:57:17",NULL
5320,Nawanshahr,0,"2026-01-13 21:57:17","2026-01-13 21:57:17",NULL
5321,Nawanshahr,0,"2026-01-13 21:57:17","2026-01-13 21:57:17",NULL
5322,Nawanshahr,0,"2026-01-13 21:57:17","2026-01-13 21:57:17",NULL
5323,Nawanshahr,0,"2026-01-13 21:57:17","2026-01-13 21:57:17",NULL
5324,Nawanshahr,0,"2026-01-13 21:57:17","2026-01-13 21:57:17",NULL
5325,Nawanshahr,0,"2026-01-13 21:57:17","2026-01-13 21:57:17",NULL
5326,Nawanshahr,0,"2026-01-13 21:57:17","2026-01-13 21:57:17",NULL
5327,Nawanshahr,0,"2026-01-13 21:57:17","2026-01-13 21:57:17",NULL
5328,Nawanshahr,0,"2026-01-13 21:57:17","2026-01-13 21:57:17",NULL
5329,Nawanshahr,0,"2026-01-13 21:57:17","2026-01-13 21:57:17",NULL
5330,Nawanshahr,0,"2026-01-13 21:57:17","2026-01-13 21:57:17",NULL
5331,Nawanshahr,0,"2026-01-13 21:57:17","2026-01-13 21:57:17",NULL
5332,Nawanshahr,0,"2026-01-13 21:57:17","2026-01-13 21:57:17",NULL
5333,Nawanshahr,0,"2026-01-13 21:57:17","2026-01-13 21:57:17",NULL
5334,Kapurthala,0,"2026-01-13 21:57:17","2026-01-13 21:57:17",NULL
5335,Kapurthala,0,"2026-01-13 21:57:17","2026-01-13 21:57:17",NULL
5336,Kapurthala,0,"2026-01-13 21:57:17","2026-01-13 21:57:17",NULL
5337,Kapurthala,0,"2026-01-13 21:57:17","2026-01-13 21:57:17",NULL
5338,Nawanshahr,0,"2026-01-13 21:57:17","2026-01-13 21:57:17",NULL
5339,Jalandhar,0,"2026-01-13 21:57:17","2026-01-13 21:57:17",NULL
5340,Jalandhar,0,"2026-01-13 21:57:17","2026-01-13 21:57:17",NULL
5341,Jalandhar,0,"2026-01-13 21:57:17","2026-01-13 21:57:17",NULL
5342,Nawanshahr,0,"2026-01-13 21:57:17","2026-01-13 21:57:17",NULL
5343,Jalandhar,0,"2026-01-13 21:57:17","2026-01-13 21:57:17",NULL
5344,Jalandhar,0,"2026-01-13 21:57:17","2026-01-13 21:57:17",NULL
5345,Jalandhar,0,"2026-01-13 21:57:17","2026-01-13 21:57:17",NULL
5346,Jalandhar,0,"2026-01-13 21:57:17","2026-01-13 21:57:17",NULL
5347,Jalandhar,0,"2026-01-13 21:57:17","2026-01-13 21:57:17",NULL
5348,Jalandhar,0,"2026-01-13 21:57:17","2026-01-13 21:57:17",NULL
5349,Jalandhar,0,"2026-01-13 21:57:17","2026-01-13 21:57:17",NULL
5350,Jalandhar,0,"2026-01-13 21:57:17","2026-01-13 21:57:17",NULL
5351,Jalandhar,0,"2026-01-13 21:57:17","2026-01-13 21:57:17",NULL
5352,Jalandhar,0,"2026-01-13 21:57:17","2026-01-13 21:57:17",NULL
5353,Jalandhar,0,"2026-01-13 21:57:17","2026-01-13 21:57:17",NULL
5354,Jalandhar,0,"2026-01-13 21:57:17","2026-01-13 21:57:17",NULL
5355,Jalandhar,0,"2026-01-13 21:57:17","2026-01-13 21:57:17",NULL
5356,Nawanshahr,0,"2026-01-13 21:57:17","2026-01-13 21:57:17",NULL
5357,Nawanshahr,0,"2026-01-13 21:57:17","2026-01-13 21:57:17",NULL
5358,Nawanshahr,0,"2026-01-13 21:57:17","2026-01-13 21:57:17",NULL
5359,Nawanshahr,0,"2026-01-13 21:57:17","2026-01-13 21:57:17",NULL
5360,Nawanshahr,0,"2026-01-13 21:57:17","2026-01-13 21:57:17",NULL
5361,Nawanshahr,0,"2026-01-13 21:57:17","2026-01-13 21:57:17",NULL
5362,Nawanshahr,0,"2026-01-13 21:57:17","2026-01-13 21:57:17",NULL
5363,Nawanshahr,0,"2026-01-13 21:57:17","2026-01-13 21:57:17",NULL
5364,Nawanshahr,0,"2026-01-13 21:57:17","2026-01-13 21:57:17",NULL
5365,Nawanshahr,0,"2026-01-13 21:57:17","2026-01-13 21:57:17",NULL
5366,Nawanshahr,0,"2026-01-13 21:57:17","2026-01-13 21:57:17",NULL
5367,Nawanshahr,0,"2026-01-13 21:57:17","2026-01-13 21:57:17",NULL
5368,Nawanshahr,0,"2026-01-13 21:57:17","2026-01-13 21:57:17",NULL
5369,Nawanshahr,0,"2026-01-13 21:57:17","2026-01-13 21:57:17",NULL
5370,Nawanshahr,0,"2026-01-13 21:57:17","2026-01-13 21:57:17",NULL
5371,Jalandhar,0,"2026-01-13 21:57:17","2026-01-13 21:57:17",NULL
5372,Nawanshahr,0,"2026-01-13 21:57:17","2026-01-13 21:57:17",NULL
5373,Jalandhar,0,"2026-01-13 21:57:17","2026-01-13 21:57:17",NULL
5374,Nawanshahr,0,"2026-01-13 21:57:17","2026-01-13 21:57:17",NULL
5375,Nawanshahr,0,"2026-01-13 21:57:17","2026-01-13 21:57:17",NULL
5376,Nawanshahr,0,"2026-01-13 21:57:17","2026-01-13 21:57:17",NULL
5377,Nawanshahr,0,"2026-01-13 21:57:17","2026-01-13 21:57:17",NULL
5378,Nawanshahr,0,"2026-01-13 21:57:17","2026-01-13 21:57:17",NULL
5379,Nawanshahr,0,"2026-01-13 21:57:17","2026-01-13 21:57:17",NULL
5380,Nawanshahr,0,"2026-01-13 21:57:17","2026-01-13 21:57:17",NULL
5381,Nawanshahr,0,"2026-01-13 21:57:17","2026-01-13 21:57:17",NULL
5382,Nawanshahr,0,"2026-01-13 21:57:17","2026-01-13 21:57:17",NULL
5383,Nawanshahr,0,"2026-01-13 21:57:17","2026-01-13 21:57:17",NULL
5384,Nawanshahr,0,"2026-01-13 21:57:17","2026-01-13 21:57:17",NULL
5385,Nawanshahr,0,"2026-01-13 21:57:17","2026-01-13 21:57:17",NULL
5386,Nawanshahr,0,"2026-01-13 21:57:17","2026-01-13 21:57:17",NULL
5387,Nawanshahr,0,"2026-01-13 21:57:17","2026-01-13 21:57:17",NULL
5388,Nawanshahr,0,"2026-01-13 21:57:17","2026-01-13 21:57:17",NULL
5389,Nawanshahr,0,"2026-01-13 21:57:17","2026-01-13 21:57:17",NULL
5390,Nawanshahr,0,"2026-01-13 21:57:17","2026-01-13 21:57:17",NULL
5391,Nawanshahr,0,"2026-01-13 21:57:17","2026-01-13 21:57:17",NULL
5392,Nawanshahr,0,"2026-01-13 21:57:17","2026-01-13 21:57:17",NULL
5393,Nawanshahr,0,"2026-01-13 21:57:17","2026-01-13 21:57:17",NULL
5394,Nawanshahr,0,"2026-01-13 21:57:17","2026-01-13 21:57:17",NULL
5395,Nawanshahr,0,"2026-01-13 21:57:17","2026-01-13 21:57:17",NULL
5396,Nawanshahr,0,"2026-01-13 21:57:17","2026-01-13 21:57:17",NULL
5397,Nawanshahr,0,"2026-01-13 21:57:17","2026-01-13 21:57:17",NULL
5398,Nawanshahr,0,"2026-01-13 21:57:17","2026-01-13 21:57:17",NULL
5399,Nawanshahr,0,"2026-01-13 21:57:17","2026-01-13 21:57:17",NULL
5400,Nawanshahr,0,"2026-01-13 21:57:17","2026-01-13 21:57:17",NULL
5401,Nawanshahr,0,"2026-01-13 21:57:17","2026-01-13 21:57:17",NULL
5402,Nawanshahr,0,"2026-01-13 21:57:17","2026-01-13 21:57:17",NULL
5403,Nawanshahr,0,"2026-01-13 21:57:17","2026-01-13 21:57:17",NULL
5404,Nawanshahr,0,"2026-01-13 21:57:17","2026-01-13 21:57:17",NULL
5405,Nawanshahr,0,"2026-01-13 21:57:17","2026-01-13 21:57:17",NULL
5406,Nawanshahr,0,"2026-01-13 21:57:17","2026-01-13 21:57:17",NULL
5407,Nawanshahr,0,"2026-01-13 21:57:18","2026-01-13 21:57:18",NULL
5408,Nawanshahr,0,"2026-01-13 21:57:18","2026-01-13 21:57:18",NULL
5409,Nawanshahr,0,"2026-01-13 21:57:18","2026-01-13 21:57:18",NULL
5410,Nawanshahr,0,"2026-01-13 21:57:18","2026-01-13 21:57:18",NULL
5411,Nawanshahr,0,"2026-01-13 21:57:18","2026-01-13 21:57:18",NULL
5412,Nawanshahr,0,"2026-01-13 21:57:18","2026-01-13 21:57:18",NULL
5413,Jalandhar,0,"2026-01-13 21:57:18","2026-01-13 21:57:18",NULL
5414,Jalandhar,0,"2026-01-13 21:57:18","2026-01-13 21:57:18",NULL
5415,Nawanshahr,0,"2026-01-13 21:57:18","2026-01-13 21:57:18",NULL
5416,Jalandhar,0,"2026-01-13 21:57:18","2026-01-13 21:57:18",NULL
5417,Nawanshahr,0,"2026-01-13 21:57:18","2026-01-13 21:57:18",NULL
5418,Nawanshahr,0,"2026-01-13 21:57:18","2026-01-13 21:57:18",NULL
5419,Nawanshahr,0,"2026-01-13 21:57:18","2026-01-13 21:57:18",NULL
5420,Nawanshahr,0,"2026-01-13 21:57:18","2026-01-13 21:57:18",NULL
5421,Nawanshahr,0,"2026-01-13 21:57:18","2026-01-13 21:57:18",NULL
5422,Nawanshahr,0,"2026-01-13 21:57:18","2026-01-13 21:57:18",NULL
5423,Nawanshahr,0,"2026-01-13 21:57:18","2026-01-13 21:57:18",NULL
5424,Nawanshahr,0,"2026-01-13 21:57:18","2026-01-13 21:57:18",NULL
5425,Nawanshahr,0,"2026-01-13 21:57:18","2026-01-13 21:57:18",NULL
5426,Nawanshahr,0,"2026-01-13 21:57:18","2026-01-13 21:57:18",NULL
5427,Nawanshahr,0,"2026-01-13 21:57:18","2026-01-13 21:57:18",NULL
5428,Nawanshahr,0,"2026-01-13 21:57:18","2026-01-13 21:57:18",NULL
5429,Nawanshahr,0,"2026-01-13 21:57:18","2026-01-13 21:57:18",NULL
5430,Nawanshahr,0,"2026-01-13 21:57:18","2026-01-13 21:57:18",NULL
5431,Nawanshahr,0,"2026-01-13 21:57:18","2026-01-13 21:57:18",NULL
5432,Nawanshahr,0,"2026-01-13 21:57:18","2026-01-13 21:57:18",NULL
5433,Nawanshahr,0,"2026-01-13 21:57:18","2026-01-13 21:57:18",NULL
5434,Nawanshahr,0,"2026-01-13 21:57:18","2026-01-13 21:57:18",NULL
5435,Nawanshahr,0,"2026-01-13 21:57:18","2026-01-13 21:57:18",NULL
5436,Nawanshahr,0,"2026-01-13 21:57:18","2026-01-13 21:57:18",NULL
5437,Nawanshahr,0,"2026-01-13 21:57:18","2026-01-13 21:57:18",NULL
5438,Nawanshahr,0,"2026-01-13 21:57:18","2026-01-13 21:57:18",NULL
5439,Nawanshahr,0,"2026-01-13 21:57:18","2026-01-13 21:57:18",NULL
5440,Nawanshahr,0,"2026-01-13 21:57:18","2026-01-13 21:57:18",NULL
5441,Nawanshahr,0,"2026-01-13 21:57:18","2026-01-13 21:57:18",NULL
5442,Nawanshahr,0,"2026-01-13 21:57:18","2026-01-13 21:57:18",NULL
5443,Nawanshahr,0,"2026-01-13 21:57:18","2026-01-13 21:57:18",NULL
5444,Nawanshahr,0,"2026-01-13 21:57:18","2026-01-13 21:57:18",NULL
5445,Nawanshahr,0,"2026-01-13 21:57:18","2026-01-13 21:57:18",NULL
5446,Nawanshahr,0,"2026-01-13 21:57:18","2026-01-13 21:57:18",NULL
5447,Nawanshahr,0,"2026-01-13 21:57:18","2026-01-13 21:57:18",NULL
5448,Nawanshahr,0,"2026-01-13 21:57:18","2026-01-13 21:57:18",NULL
5449,Nawanshahr,0,"2026-01-13 21:57:18","2026-01-13 21:57:18",NULL
5450,Nawanshahr,0,"2026-01-13 21:57:18","2026-01-13 21:57:18",NULL
5451,Nawanshahr,0,"2026-01-13 21:57:18","2026-01-13 21:57:18",NULL
5452,Nawanshahr,0,"2026-01-13 21:57:18","2026-01-13 21:57:18",NULL
5453,Nawanshahr,0,"2026-01-13 21:57:18","2026-01-13 21:57:18",NULL
5454,Nawanshahr,0,"2026-01-13 21:57:18","2026-01-13 21:57:18",NULL
5455,Nawanshahr,0,"2026-01-13 21:57:18","2026-01-13 21:57:18",NULL
5456,Nawanshahr,0,"2026-01-13 21:57:18","2026-01-13 21:57:18",NULL
5457,Nawanshahr,0,"2026-01-13 21:57:18","2026-01-13 21:57:18",NULL
5458,Nawanshahr,0,"2026-01-13 21:57:18","2026-01-13 21:57:18",NULL
5459,Nawanshahr,0,"2026-01-13 21:57:18","2026-01-13 21:57:18",NULL
5460,Nawanshahr,0,"2026-01-13 21:57:18","2026-01-13 21:57:18",NULL
5461,Nawanshahr,0,"2026-01-13 21:57:18","2026-01-13 21:57:18",NULL
5462,Kapurthala,0,"2026-01-13 21:57:18","2026-01-13 21:57:18",NULL
5463,Nawanshahr,0,"2026-01-13 21:57:18","2026-01-13 21:57:18",NULL
5464,Nawanshahr,0,"2026-01-13 21:57:18","2026-01-13 21:57:18",NULL
5465,Nawanshahr,0,"2026-01-13 21:57:18","2026-01-13 21:57:18",NULL
5466,Hoshiarpur,0,"2026-01-13 21:57:18","2026-01-13 21:57:18",NULL
5467,Hoshiarpur,0,"2026-01-13 21:57:18","2026-01-13 21:57:18",NULL
5468,Hoshiarpur,0,"2026-01-13 21:57:18","2026-01-13 21:57:18",NULL
5469,Hoshiarpur,0,"2026-01-13 21:57:18","2026-01-13 21:57:18",NULL
5470,Hoshiarpur,0,"2026-01-13 21:57:18","2026-01-13 21:57:18",NULL
5471,Hoshiarpur,0,"2026-01-13 21:57:18","2026-01-13 21:57:18",NULL
5472,Hoshiarpur,0,"2026-01-13 21:57:18","2026-01-13 21:57:18",NULL
5473,Hoshiarpur,0,"2026-01-13 21:57:18","2026-01-13 21:57:18",NULL
5474,Hoshiarpur,0,"2026-01-13 21:57:18","2026-01-13 21:57:18",NULL
5475,Hoshiarpur,0,"2026-01-13 21:57:18","2026-01-13 21:57:18",NULL
5476,Hoshiarpur,0,"2026-01-13 21:57:18","2026-01-13 21:57:18",NULL
5477,Nawanshahr,0,"2026-01-13 21:57:18","2026-01-13 21:57:18",NULL
5478,Nawanshahr,0,"2026-01-13 21:57:18","2026-01-13 21:57:18",NULL
5479,Nawanshahr,0,"2026-01-13 21:57:18","2026-01-13 21:57:18",NULL
5480,Nawanshahr,0,"2026-01-13 21:57:18","2026-01-13 21:57:18",NULL
5481,Nawanshahr,0,"2026-01-13 21:57:18","2026-01-13 21:57:18",NULL
5482,Nawanshahr,0,"2026-01-13 21:57:18","2026-01-13 21:57:18",NULL
5483,Nawanshahr,0,"2026-01-13 21:57:18","2026-01-13 21:57:18",NULL
5484,Hoshiarpur,0,"2026-01-13 21:57:18","2026-01-13 21:57:18",NULL
5485,Nawanshahr,0,"2026-01-13 21:57:18","2026-01-13 21:57:18",NULL
5486,Nawanshahr,0,"2026-01-13 21:57:18","2026-01-13 21:57:18",NULL
5487,Nawanshahr,0,"2026-01-13 21:57:18","2026-01-13 21:57:18",NULL
5488,Nawanshahr,0,"2026-01-13 21:57:18","2026-01-13 21:57:18",NULL
5489,Nawanshahr,0,"2026-01-13 21:57:18","2026-01-13 21:57:18",NULL
5490,Nawanshahr,0,"2026-01-13 21:57:18","2026-01-13 21:57:18",NULL
5491,Nawanshahr,0,"2026-01-13 21:57:18","2026-01-13 21:57:18",NULL
5492,Nawanshahr,0,"2026-01-13 21:57:18","2026-01-13 21:57:18",NULL
5493,Nawanshahr,0,"2026-01-13 21:57:18","2026-01-13 21:57:18",NULL
5494,Nawanshahr,0,"2026-01-13 21:57:18","2026-01-13 21:57:18",NULL
5495,Nawanshahr,0,"2026-01-13 21:57:18","2026-01-13 21:57:18",NULL
5496,Hoshiarpur,0,"2026-01-13 21:57:18","2026-01-13 21:57:18",NULL
5497,Hoshiarpur,0,"2026-01-13 21:57:18","2026-01-13 21:57:18",NULL
5498,Hoshiarpur,0,"2026-01-13 21:57:18","2026-01-13 21:57:18",NULL
5499,Hoshiarpur,0,"2026-01-13 21:57:18","2026-01-13 21:57:18",NULL
5500,Hoshiarpur,0,"2026-01-13 21:57:18","2026-01-13 21:57:18",NULL
5501,Hoshiarpur,0,"2026-01-13 21:57:18","2026-01-13 21:57:18",NULL
5502,Hoshiarpur,0,"2026-01-13 21:57:18","2026-01-13 21:57:18",NULL
5503,Hoshiarpur,0,"2026-01-13 21:57:18","2026-01-13 21:57:18",NULL
5504,Hoshiarpur,0,"2026-01-13 21:57:18","2026-01-13 21:57:18",NULL
5505,Hoshiarpur,0,"2026-01-13 21:57:18","2026-01-13 21:57:18",NULL
5506,Nawanshahr,0,"2026-01-13 21:57:18","2026-01-13 21:57:18",NULL
5507,Nawanshahr,0,"2026-01-13 21:57:18","2026-01-13 21:57:18",NULL
5508,Nawanshahr,0,"2026-01-13 21:57:18","2026-01-13 21:57:18",NULL
5509,Nawanshahr,0,"2026-01-13 21:57:18","2026-01-13 21:57:18",NULL
5510,Nawanshahr,0,"2026-01-13 21:57:18","2026-01-13 21:57:18",NULL
5511,Nawanshahr,0,"2026-01-13 21:57:18","2026-01-13 21:57:18",NULL
5512,Nawanshahr,0,"2026-01-13 21:57:18","2026-01-13 21:57:18",NULL
5513,Nawanshahr,0,"2026-01-13 21:57:18","2026-01-13 21:57:18",NULL
5514,Nawanshahr,0,"2026-01-13 21:57:18","2026-01-13 21:57:18",NULL
5515,Hoshiarpur,0,"2026-01-13 21:57:18","2026-01-13 21:57:18",NULL
5516,Nawanshahr,0,"2026-01-13 21:57:18","2026-01-13 21:57:18",NULL
5517,Nawanshahr,0,"2026-01-13 21:57:18","2026-01-13 21:57:18",NULL
5518,Nawanshahr,0,"2026-01-13 21:57:18","2026-01-13 21:57:18",NULL
5519,Nawanshahr,0,"2026-01-13 21:57:18","2026-01-13 21:57:18",NULL
5520,Nawanshahr,0,"2026-01-13 21:57:18","2026-01-13 21:57:18",NULL
5521,Nawanshahr,0,"2026-01-13 21:57:18","2026-01-13 21:57:18",NULL
5522,Nawanshahr,0,"2026-01-13 21:57:18","2026-01-13 21:57:18",NULL
5523,Nawanshahr,0,"2026-01-13 21:57:18","2026-01-13 21:57:18",NULL
5524,Nawanshahr,0,"2026-01-13 21:57:18","2026-01-13 21:57:18",NULL
5525,Nawanshahr,0,"2026-01-13 21:57:18","2026-01-13 21:57:18",NULL
5526,Nawanshahr,0,"2026-01-13 21:57:18","2026-01-13 21:57:18",NULL
5527,Nawanshahr,0,"2026-01-13 21:57:18","2026-01-13 21:57:18",NULL
5528,Nawanshahr,0,"2026-01-13 21:57:18","2026-01-13 21:57:18",NULL
5529,Nawanshahr,0,"2026-01-13 21:57:18","2026-01-13 21:57:18",NULL
5530,Hoshiarpur,0,"2026-01-13 21:57:18","2026-01-13 21:57:18",NULL
5531,Hoshiarpur,0,"2026-01-13 21:57:18","2026-01-13 21:57:18",NULL
5532,Hoshiarpur,0,"2026-01-13 21:57:18","2026-01-13 21:57:18",NULL
5533,Hoshiarpur,0,"2026-01-13 21:57:18","2026-01-13 21:57:18",NULL
5534,Hoshiarpur,0,"2026-01-13 21:57:18","2026-01-13 21:57:18",NULL
5535,Nawanshahr,0,"2026-01-13 21:57:18","2026-01-13 21:57:18",NULL
5536,Nawanshahr,0,"2026-01-13 21:57:18","2026-01-13 21:57:18",NULL
5537,Hoshiarpur,0,"2026-01-13 21:57:18","2026-01-13 21:57:18",NULL
5538,Hoshiarpur,0,"2026-01-13 21:57:18","2026-01-13 21:57:18",NULL
5539,Hoshiarpur,0,"2026-01-13 21:57:18","2026-01-13 21:57:18",NULL
5540,Hoshiarpur,0,"2026-01-13 21:57:18","2026-01-13 21:57:18",NULL
5541,Hoshiarpur,0,"2026-01-13 21:57:18","2026-01-13 21:57:18",NULL
5542,Hoshiarpur,0,"2026-01-13 21:57:18","2026-01-13 21:57:18",NULL
5543,Hoshiarpur,0,"2026-01-13 21:57:18","2026-01-13 21:57:18",NULL
5544,Hoshiarpur,0,"2026-01-13 21:57:18","2026-01-13 21:57:18",NULL
5545,Hoshiarpur,0,"2026-01-13 21:57:18","2026-01-13 21:57:18",NULL
5546,Hoshiarpur,0,"2026-01-13 21:57:18","2026-01-13 21:57:18",NULL
5547,Hoshiarpur,0,"2026-01-13 21:57:18","2026-01-13 21:57:18",NULL
5548,Nawanshahr,0,"2026-01-13 21:57:18","2026-01-13 21:57:18",NULL
5549,Nawanshahr,0,"2026-01-13 21:57:18","2026-01-13 21:57:18",NULL
5550,Nawanshahr,0,"2026-01-13 21:57:18","2026-01-13 21:57:18",NULL
5551,Hoshiarpur,0,"2026-01-13 21:57:18","2026-01-13 21:57:18",NULL
5552,Nawanshahr,0,"2026-01-13 21:57:18","2026-01-13 21:57:18",NULL
5553,Hoshiarpur,0,"2026-01-13 21:57:18","2026-01-13 21:57:18",NULL
5554,Nawanshahr,0,"2026-01-13 21:57:18","2026-01-13 21:57:18",NULL
5555,Nawanshahr,0,"2026-01-13 21:57:18","2026-01-13 21:57:18",NULL
5556,Nawanshahr,0,"2026-01-13 21:57:18","2026-01-13 21:57:18",NULL
5557,Nawanshahr,0,"2026-01-13 21:57:18","2026-01-13 21:57:18",NULL
5558,Kapurthala,0,"2026-01-13 21:57:18","2026-01-13 21:57:18",NULL
5559,Kapurthala,0,"2026-01-13 21:57:18","2026-01-13 21:57:18",NULL
5560,Kapurthala,0,"2026-01-13 21:57:18","2026-01-13 21:57:18",NULL
5561,Kapurthala,0,"2026-01-13 21:57:18","2026-01-13 21:57:18",NULL
5562,Kapurthala,0,"2026-01-13 21:57:18","2026-01-13 21:57:18",NULL
5563,Kapurthala,0,"2026-01-13 21:57:18","2026-01-13 21:57:18",NULL
5564,Kapurthala,0,"2026-01-13 21:57:18","2026-01-13 21:57:18",NULL
5565,Kapurthala,0,"2026-01-13 21:57:18","2026-01-13 21:57:18",NULL
5566,Kapurthala,0,"2026-01-13 21:57:18","2026-01-13 21:57:18",NULL
5567,Kapurthala,0,"2026-01-13 21:57:18","2026-01-13 21:57:18",NULL
5568,Kapurthala,0,"2026-01-13 21:57:18","2026-01-13 21:57:18",NULL
5569,Kapurthala,0,"2026-01-13 21:57:18","2026-01-13 21:57:18",NULL
5570,Kapurthala,0,"2026-01-13 21:57:18","2026-01-13 21:57:18",NULL
5571,Kapurthala,0,"2026-01-13 21:57:18","2026-01-13 21:57:18",NULL
5572,Kapurthala,0,"2026-01-13 21:57:18","2026-01-13 21:57:18",NULL
5573,Kapurthala,0,"2026-01-13 21:57:18","2026-01-13 21:57:18",NULL
5574,Kapurthala,0,"2026-01-13 21:57:18","2026-01-13 21:57:18",NULL
5575,Kapurthala,0,"2026-01-13 21:57:18","2026-01-13 21:57:18",NULL
5576,Kapurthala,0,"2026-01-13 21:57:18","2026-01-13 21:57:18",NULL
5577,Kapurthala,0,"2026-01-13 21:57:18","2026-01-13 21:57:18",NULL
5578,Kapurthala,0,"2026-01-13 21:57:18","2026-01-13 21:57:18",NULL
5579,Hoshiarpur,0,"2026-01-13 21:57:18","2026-01-13 21:57:18",NULL
5580,Hoshiarpur,0,"2026-01-13 21:57:18","2026-01-13 21:57:18",NULL
5581,Hoshiarpur,0,"2026-01-13 21:57:18","2026-01-13 21:57:18",NULL
5582,Hoshiarpur,0,"2026-01-13 21:57:18","2026-01-13 21:57:18",NULL
5583,Hoshiarpur,0,"2026-01-13 21:57:18","2026-01-13 21:57:18",NULL
5584,Hoshiarpur,0,"2026-01-13 21:57:18","2026-01-13 21:57:18",NULL
5585,Hoshiarpur,0,"2026-01-13 21:57:18","2026-01-13 21:57:18",NULL
5586,Hoshiarpur,0,"2026-01-13 21:57:18","2026-01-13 21:57:18",NULL
5587,Hoshiarpur,0,"2026-01-13 21:57:18","2026-01-13 21:57:18",NULL
5588,Hoshiarpur,0,"2026-01-13 21:57:18","2026-01-13 21:57:18",NULL
5589,Hoshiarpur,0,"2026-01-13 21:57:18","2026-01-13 21:57:18",NULL
5590,Hoshiarpur,0,"2026-01-13 21:57:18","2026-01-13 21:57:18",NULL
5591,Hoshiarpur,0,"2026-01-13 21:57:18","2026-01-13 21:57:18",NULL
5592,Hoshiarpur,0,"2026-01-13 21:57:18","2026-01-13 21:57:18",NULL
5593,Hoshiarpur,0,"2026-01-13 21:57:18","2026-01-13 21:57:18",NULL
5594,Hoshiarpur,0,"2026-01-13 21:57:18","2026-01-13 21:57:18",NULL
5595,Hoshiarpur,0,"2026-01-13 21:57:18","2026-01-13 21:57:18",NULL
5596,Kapurthala,0,"2026-01-13 21:57:18","2026-01-13 21:57:18",NULL
5597,Kapurthala,0,"2026-01-13 21:57:18","2026-01-13 21:57:18",NULL
5598,Kapurthala,0,"2026-01-13 21:57:18","2026-01-13 21:57:18",NULL
5599,Kapurthala,0,"2026-01-13 21:57:18","2026-01-13 21:57:18",NULL
5600,Kapurthala,0,"2026-01-13 21:57:18","2026-01-13 21:57:18",NULL
5601,Kapurthala,0,"2026-01-13 21:57:18","2026-01-13 21:57:18",NULL
5602,Kapurthala,0,"2026-01-13 21:57:18","2026-01-13 21:57:18",NULL
5603,Kapurthala,0,"2026-01-13 21:57:18","2026-01-13 21:57:18",NULL
5604,Kapurthala,0,"2026-01-13 21:57:18","2026-01-13 21:57:18",NULL
5605,Kapurthala,0,"2026-01-13 21:57:18","2026-01-13 21:57:18",NULL
5606,Kapurthala,0,"2026-01-13 21:57:18","2026-01-13 21:57:18",NULL
5607,Jalandhar,0,"2026-01-13 21:57:18","2026-01-13 21:57:18",NULL
5608,Kapurthala,0,"2026-01-13 21:57:18","2026-01-13 21:57:18",NULL
5609,Jalandhar,0,"2026-01-13 21:57:18","2026-01-13 21:57:18",NULL
5610,Jalandhar,0,"2026-01-13 21:57:18","2026-01-13 21:57:18",NULL
5611,Jalandhar,0,"2026-01-13 21:57:18","2026-01-13 21:57:18",NULL
5612,Jalandhar,0,"2026-01-13 21:57:18","2026-01-13 21:57:18",NULL
5613,Jalandhar,0,"2026-01-13 21:57:18","2026-01-13 21:57:18",NULL
5614,Jalandhar,0,"2026-01-13 21:57:18","2026-01-13 21:57:18",NULL
5615,Jalandhar,0,"2026-01-13 21:57:18","2026-01-13 21:57:18",NULL
5616,Jalandhar,0,"2026-01-13 21:57:18","2026-01-13 21:57:18",NULL
5617,Jalandhar,0,"2026-01-13 21:57:18","2026-01-13 21:57:18",NULL
5618,Jalandhar,0,"2026-01-13 21:57:18","2026-01-13 21:57:18",NULL
5619,Jalandhar,0,"2026-01-13 21:57:18","2026-01-13 21:57:18",NULL
5620,Kapurthala,0,"2026-01-13 21:57:18","2026-01-13 21:57:18",NULL
5621,Jalandhar,0,"2026-01-13 21:57:18","2026-01-13 21:57:18",NULL
5622,Kapurthala,0,"2026-01-13 21:57:18","2026-01-13 21:57:18",NULL
5623,Kapurthala,0,"2026-01-13 21:57:18","2026-01-13 21:57:18",NULL
5624,Kapurthala,0,"2026-01-13 21:57:18","2026-01-13 21:57:18",NULL
5625,Kapurthala,0,"2026-01-13 21:57:18","2026-01-13 21:57:18",NULL
5626,Kapurthala,0,"2026-01-13 21:57:18","2026-01-13 21:57:18",NULL
5627,Kapurthala,0,"2026-01-13 21:57:18","2026-01-13 21:57:18",NULL
5628,Gurdaspur,0,"2026-01-13 21:57:18","2026-01-13 21:57:18",NULL
5629,Kapurthala,0,"2026-01-13 21:57:18","2026-01-13 21:57:18",NULL
5630,Kapurthala,0,"2026-01-13 21:57:18","2026-01-13 21:57:18",NULL
5631,Kapurthala,0,"2026-01-13 21:57:18","2026-01-13 21:57:18",NULL
5632,Kapurthala,0,"2026-01-13 21:57:18","2026-01-13 21:57:18",NULL
5633,Kapurthala,0,"2026-01-13 21:57:18","2026-01-13 21:57:18",NULL
5634,Kapurthala,0,"2026-01-13 21:57:18","2026-01-13 21:57:18",NULL
5635,Kapurthala,0,"2026-01-13 21:57:18","2026-01-13 21:57:18",NULL
5636,Kapurthala,0,"2026-01-13 21:57:18","2026-01-13 21:57:18",NULL
5637,Kapurthala,0,"2026-01-13 21:57:18","2026-01-13 21:57:18",NULL
5638,Kapurthala,0,"2026-01-13 21:57:18","2026-01-13 21:57:18",NULL
5639,Kapurthala,0,"2026-01-13 21:57:18","2026-01-13 21:57:18",NULL
5640,Kapurthala,0,"2026-01-13 21:57:18","2026-01-13 21:57:18",NULL
5641,Kapurthala,0,"2026-01-13 21:57:18","2026-01-13 21:57:18",NULL
5642,Kapurthala,0,"2026-01-13 21:57:18","2026-01-13 21:57:18",NULL
5643,Kapurthala,0,"2026-01-13 21:57:18","2026-01-13 21:57:18",NULL
5644,Kapurthala,0,"2026-01-13 21:57:18","2026-01-13 21:57:18",NULL
5645,Kapurthala,0,"2026-01-13 21:57:18","2026-01-13 21:57:18",NULL
5646,Jalandhar,0,"2026-01-13 21:57:18","2026-01-13 21:57:18",NULL
5647,Jalandhar,0,"2026-01-13 21:57:18","2026-01-13 21:57:18",NULL
5648,Jalandhar,0,"2026-01-13 21:57:18","2026-01-13 21:57:18",NULL
5649,Kapurthala,0,"2026-01-13 21:57:18","2026-01-13 21:57:18",NULL
5650,Jalandhar,0,"2026-01-13 21:57:18","2026-01-13 21:57:18",NULL
5651,Jalandhar,0,"2026-01-13 21:57:18","2026-01-13 21:57:18",NULL
5652,Kapurthala,0,"2026-01-13 21:57:18","2026-01-13 21:57:18",NULL
5653,Jalandhar,0,"2026-01-13 21:57:18","2026-01-13 21:57:18",NULL
5654,Kapurthala,0,"2026-01-13 21:57:18","2026-01-13 21:57:18",NULL
5655,Kapurthala,0,"2026-01-13 21:57:18","2026-01-13 21:57:18",NULL
5656,Kapurthala,0,"2026-01-13 21:57:18","2026-01-13 21:57:18",NULL
5657,Kapurthala,0,"2026-01-13 21:57:18","2026-01-13 21:57:18",NULL
5658,Kapurthala,0,"2026-01-13 21:57:18","2026-01-13 21:57:18",NULL
5659,Kapurthala,0,"2026-01-13 21:57:18","2026-01-13 21:57:18",NULL
5660,Kapurthala,0,"2026-01-13 21:57:18","2026-01-13 21:57:18",NULL
5661,Kapurthala,0,"2026-01-13 21:57:18","2026-01-13 21:57:18",NULL
5662,Kapurthala,0,"2026-01-13 21:57:18","2026-01-13 21:57:18",NULL
5663,Kapurthala,0,"2026-01-13 21:57:18","2026-01-13 21:57:18",NULL
5664,Kapurthala,0,"2026-01-13 21:57:18","2026-01-13 21:57:18",NULL
5665,Kapurthala,0,"2026-01-13 21:57:18","2026-01-13 21:57:18",NULL
5666,Jalandhar,0,"2026-01-13 21:57:18","2026-01-13 21:57:18",NULL
5667,Jalandhar,0,"2026-01-13 21:57:18","2026-01-13 21:57:18",NULL
5668,Jalandhar,0,"2026-01-13 21:57:18","2026-01-13 21:57:18",NULL
5669,Jalandhar,0,"2026-01-13 21:57:18","2026-01-13 21:57:18",NULL
5670,Jalandhar,0,"2026-01-13 21:57:18","2026-01-13 21:57:18",NULL
5671,Jalandhar,0,"2026-01-13 21:57:18","2026-01-13 21:57:18",NULL
5672,Kapurthala,0,"2026-01-13 21:57:18","2026-01-13 21:57:18",NULL
5673,Kapurthala,0,"2026-01-13 21:57:18","2026-01-13 21:57:18",NULL
5674,Kapurthala,0,"2026-01-13 21:57:18","2026-01-13 21:57:18",NULL
5675,Kapurthala,0,"2026-01-13 21:57:18","2026-01-13 21:57:18",NULL
5676,Kapurthala,0,"2026-01-13 21:57:18","2026-01-13 21:57:18",NULL
5677,Kapurthala,0,"2026-01-13 21:57:18","2026-01-13 21:57:18",NULL
5678,Kapurthala,0,"2026-01-13 21:57:18","2026-01-13 21:57:18",NULL
5679,Kapurthala,0,"2026-01-13 21:57:18","2026-01-13 21:57:18",NULL
5680,Kapurthala,0,"2026-01-13 21:57:18","2026-01-13 21:57:18",NULL
5681,Kapurthala,0,"2026-01-13 21:57:18","2026-01-13 21:57:18",NULL
5682,Jalandhar,0,"2026-01-13 21:57:18","2026-01-13 21:57:18",NULL
5683,Jalandhar,0,"2026-01-13 21:57:18","2026-01-13 21:57:18",NULL
5684,Jalandhar,0,"2026-01-13 21:57:18","2026-01-13 21:57:18",NULL
5685,Jalandhar,0,"2026-01-13 21:57:18","2026-01-13 21:57:18",NULL
5686,Jalandhar,0,"2026-01-13 21:57:18","2026-01-13 21:57:18",NULL
5687,Jalandhar,0,"2026-01-13 21:57:18","2026-01-13 21:57:18",NULL
5688,Jalandhar,0,"2026-01-13 21:57:18","2026-01-13 21:57:18",NULL
5689,Jalandhar,0,"2026-01-13 21:57:18","2026-01-13 21:57:18",NULL
5690,Jalandhar,0,"2026-01-13 21:57:18","2026-01-13 21:57:18",NULL
5691,Jalandhar,0,"2026-01-13 21:57:18","2026-01-13 21:57:18",NULL
5692,Jalandhar,0,"2026-01-13 21:57:18","2026-01-13 21:57:18",NULL
5693,Jalandhar,0,"2026-01-13 21:57:18","2026-01-13 21:57:18",NULL
5694,Jalandhar,0,"2026-01-13 21:57:18","2026-01-13 21:57:18",NULL
5695,Jalandhar,0,"2026-01-13 21:57:18","2026-01-13 21:57:18",NULL
5696,Kapurthala,0,"2026-01-13 21:57:18","2026-01-13 21:57:18",NULL
5697,Jalandhar,0,"2026-01-13 21:57:18","2026-01-13 21:57:18",NULL
5698,Jalandhar,0,"2026-01-13 21:57:18","2026-01-13 21:57:18",NULL
5699,Jalandhar,0,"2026-01-13 21:57:18","2026-01-13 21:57:18",NULL
5700,Jalandhar,0,"2026-01-13 21:57:18","2026-01-13 21:57:18",NULL
5701,Jalandhar,0,"2026-01-13 21:57:18","2026-01-13 21:57:18",NULL
5702,Jalandhar,0,"2026-01-13 21:57:18","2026-01-13 21:57:18",NULL
5703,Jalandhar,0,"2026-01-13 21:57:18","2026-01-13 21:57:18",NULL
5704,Jalandhar,0,"2026-01-13 21:57:18","2026-01-13 21:57:18",NULL
5705,Jalandhar,0,"2026-01-13 21:57:18","2026-01-13 21:57:18",NULL
5706,Jalandhar,0,"2026-01-13 21:57:18","2026-01-13 21:57:18",NULL
5707,Jalandhar,0,"2026-01-13 21:57:18","2026-01-13 21:57:18",NULL
5708,Jalandhar,0,"2026-01-13 21:57:18","2026-01-13 21:57:18",NULL
5709,Jalandhar,0,"2026-01-13 21:57:18","2026-01-13 21:57:18",NULL
5710,Jalandhar,0,"2026-01-13 21:57:18","2026-01-13 21:57:18",NULL
5711,Jalandhar,0,"2026-01-13 21:57:18","2026-01-13 21:57:18",NULL
5712,Jalandhar,0,"2026-01-13 21:57:18","2026-01-13 21:57:18",NULL
5713,Jalandhar,0,"2026-01-13 21:57:18","2026-01-13 21:57:18",NULL
5714,Jalandhar,0,"2026-01-13 21:57:18","2026-01-13 21:57:18",NULL
5715,Jalandhar,0,"2026-01-13 21:57:18","2026-01-13 21:57:18",NULL
5716,Jalandhar,0,"2026-01-13 21:57:18","2026-01-13 21:57:18",NULL
5717,Jalandhar,0,"2026-01-13 21:57:18","2026-01-13 21:57:18",NULL
5718,Jalandhar,0,"2026-01-13 21:57:18","2026-01-13 21:57:18",NULL
5719,Jalandhar,0,"2026-01-13 21:57:18","2026-01-13 21:57:18",NULL
5720,Jalandhar,0,"2026-01-13 21:57:18","2026-01-13 21:57:18",NULL
5721,Kapurthala,0,"2026-01-13 21:57:18","2026-01-13 21:57:18",NULL
5722,Kapurthala,0,"2026-01-13 21:57:18","2026-01-13 21:57:18",NULL
5723,Kapurthala,0,"2026-01-13 21:57:18","2026-01-13 21:57:18",NULL
5724,Kapurthala,0,"2026-01-13 21:57:18","2026-01-13 21:57:18",NULL
5725,Kapurthala,0,"2026-01-13 21:57:18","2026-01-13 21:57:18",NULL
5726,Kapurthala,0,"2026-01-13 21:57:18","2026-01-13 21:57:18",NULL
5727,Kapurthala,0,"2026-01-13 21:57:18","2026-01-13 21:57:18",NULL
5728,Kapurthala,0,"2026-01-13 21:57:18","2026-01-13 21:57:18",NULL
5729,Kapurthala,0,"2026-01-13 21:57:18","2026-01-13 21:57:18",NULL
5730,Kapurthala,0,"2026-01-13 21:57:18","2026-01-13 21:57:18",NULL
5731,Kapurthala,0,"2026-01-13 21:57:18","2026-01-13 21:57:18",NULL
5732,Kapurthala,0,"2026-01-13 21:57:18","2026-01-13 21:57:18",NULL
5733,Kapurthala,0,"2026-01-13 21:57:18","2026-01-13 21:57:18",NULL
5734,Kapurthala,0,"2026-01-13 21:57:18","2026-01-13 21:57:18",NULL
5735,Kapurthala,0,"2026-01-13 21:57:18","2026-01-13 21:57:18",NULL
5736,Kapurthala,0,"2026-01-13 21:57:18","2026-01-13 21:57:18",NULL
5737,Jalandhar,0,"2026-01-13 21:57:18","2026-01-13 21:57:18",NULL
5738,Jalandhar,0,"2026-01-13 21:57:18","2026-01-13 21:57:18",NULL
5739,Jalandhar,0,"2026-01-13 21:57:18","2026-01-13 21:57:18",NULL
5740,Jalandhar,0,"2026-01-13 21:57:18","2026-01-13 21:57:18",NULL
5741,Jalandhar,0,"2026-01-13 21:57:18","2026-01-13 21:57:18",NULL
5742,Kapurthala,0,"2026-01-13 21:57:18","2026-01-13 21:57:18",NULL
5743,Kapurthala,0,"2026-01-13 21:57:18","2026-01-13 21:57:18",NULL
5744,Kapurthala,0,"2026-01-13 21:57:18","2026-01-13 21:57:18",NULL
5745,Gurdaspur,0,"2026-01-13 21:57:18","2026-01-13 21:57:18",NULL
5746,Gurdaspur,0,"2026-01-13 21:57:18","2026-01-13 21:57:18",NULL
5747,Gurdaspur,0,"2026-01-13 21:57:18","2026-01-13 21:57:18",NULL
5748,Gurdaspur,0,"2026-01-13 21:57:18","2026-01-13 21:57:18",NULL
5749,Gurdaspur,0,"2026-01-13 21:57:18","2026-01-13 21:57:18",NULL
5750,Gurdaspur,0,"2026-01-13 21:57:18","2026-01-13 21:57:18",NULL
5751,Gurdaspur,0,"2026-01-13 21:57:18","2026-01-13 21:57:18",NULL
5752,Gurdaspur,0,"2026-01-13 21:57:18","2026-01-13 21:57:18",NULL
5753,Gurdaspur,0,"2026-01-13 21:57:18","2026-01-13 21:57:18",NULL
5754,Gurdaspur,0,"2026-01-13 21:57:18","2026-01-13 21:57:18",NULL
5755,Gurdaspur,0,"2026-01-13 21:57:18","2026-01-13 21:57:18",NULL
5756,Gurdaspur,0,"2026-01-13 21:57:18","2026-01-13 21:57:18",NULL
5757,Gurdaspur,0,"2026-01-13 21:57:18","2026-01-13 21:57:18",NULL
5758,Gurdaspur,0,"2026-01-13 21:57:18","2026-01-13 21:57:18",NULL
5759,Gurdaspur,0,"2026-01-13 21:57:18","2026-01-13 21:57:18",NULL
5760,Gurdaspur,0,"2026-01-13 21:57:18","2026-01-13 21:57:18",NULL
5761,Gurdaspur,0,"2026-01-13 21:57:18","2026-01-13 21:57:18",NULL
5762,Gurdaspur,0,"2026-01-13 21:57:18","2026-01-13 21:57:18",NULL
5763,Gurdaspur,0,"2026-01-13 21:57:18","2026-01-13 21:57:18",NULL
5764,Gurdaspur,0,"2026-01-13 21:57:18","2026-01-13 21:57:18",NULL
5765,Gurdaspur,0,"2026-01-13 21:57:18","2026-01-13 21:57:18",NULL
5766,Gurdaspur,0,"2026-01-13 21:57:18","2026-01-13 21:57:18",NULL
5767,Pathankot,0,"2026-01-13 21:57:18","2026-01-13 21:57:18",NULL
5768,Gurdaspur,0,"2026-01-13 21:57:18","2026-01-13 21:57:18",NULL
5769,Gurdaspur,0,"2026-01-13 21:57:18","2026-01-13 21:57:18",NULL
5770,Gurdaspur,0,"2026-01-13 21:57:18","2026-01-13 21:57:18",NULL
5771,Gurdaspur,0,"2026-01-13 21:57:18","2026-01-13 21:57:18",NULL
5772,Pathankot,0,"2026-01-13 21:57:18","2026-01-13 21:57:18",NULL
5773,Gurdaspur,0,"2026-01-13 21:57:18","2026-01-13 21:57:18",NULL
5774,Gurdaspur,0,"2026-01-13 21:57:18","2026-01-13 21:57:18",NULL
5775,Gurdaspur,0,"2026-01-13 21:57:18","2026-01-13 21:57:18",NULL
5776,Pathankot,0,"2026-01-13 21:57:18","2026-01-13 21:57:18",NULL
5777,Gurdaspur,0,"2026-01-13 21:57:18","2026-01-13 21:57:18",NULL
5778,Gurdaspur,0,"2026-01-13 21:57:18","2026-01-13 21:57:18",NULL
5779,Gurdaspur,0,"2026-01-13 21:57:18","2026-01-13 21:57:18",NULL
5780,Gurdaspur,0,"2026-01-13 21:57:18","2026-01-13 21:57:18",NULL
5781,Gurdaspur,0,"2026-01-13 21:57:18","2026-01-13 21:57:18",NULL
5782,Pathankot,0,"2026-01-13 21:57:18","2026-01-13 21:57:18",NULL
5783,Gurdaspur,0,"2026-01-13 21:57:18","2026-01-13 21:57:18",NULL
5784,Gurdaspur,0,"2026-01-13 21:57:18","2026-01-13 21:57:18",NULL
5785,Gurdaspur,0,"2026-01-13 21:57:18","2026-01-13 21:57:18",NULL
5786,Gurdaspur,0,"2026-01-13 21:57:18","2026-01-13 21:57:18",NULL
5787,Gurdaspur,0,"2026-01-13 21:57:18","2026-01-13 21:57:18",NULL
5788,Gurdaspur,0,"2026-01-13 21:57:18","2026-01-13 21:57:18",NULL
5789,Gurdaspur,0,"2026-01-13 21:57:18","2026-01-13 21:57:18",NULL
5790,Gurdaspur,0,"2026-01-13 21:57:18","2026-01-13 21:57:18",NULL
5791,Gurdaspur,0,"2026-01-13 21:57:18","2026-01-13 21:57:18",NULL
5792,Pathankot,0,"2026-01-13 21:57:18","2026-01-13 21:57:18",NULL
5793,Gurdaspur,0,"2026-01-13 21:57:18","2026-01-13 21:57:18",NULL
5794,Pathankot,0,"2026-01-13 21:57:18","2026-01-13 21:57:18",NULL
5795,Gurdaspur,0,"2026-01-13 21:57:18","2026-01-13 21:57:18",NULL
5796,Patiala,0,"2026-01-13 21:57:18","2026-01-13 21:57:18",NULL
5797,Gurdaspur,0,"2026-01-13 21:57:18","2026-01-13 21:57:18",NULL
5798,Hoshiarpur,0,"2026-01-13 21:57:18","2026-01-13 21:57:18",NULL
5799,Hoshiarpur,0,"2026-01-13 21:57:18","2026-01-13 21:57:18",NULL
5800,Hoshiarpur,0,"2026-01-13 21:57:18","2026-01-13 21:57:18",NULL
5801,Hoshiarpur,0,"2026-01-13 21:57:18","2026-01-13 21:57:18",NULL
5802,Hoshiarpur,0,"2026-01-13 21:57:18","2026-01-13 21:57:18",NULL
5803,Hoshiarpur,0,"2026-01-13 21:57:18","2026-01-13 21:57:18",NULL
5804,Hoshiarpur,0,"2026-01-13 21:57:18","2026-01-13 21:57:18",NULL
5805,Hoshiarpur,0,"2026-01-13 21:57:18","2026-01-13 21:57:18",NULL
5806,Hoshiarpur,0,"2026-01-13 21:57:18","2026-01-13 21:57:18",NULL
5807,Hoshiarpur,0,"2026-01-13 21:57:18","2026-01-13 21:57:18",NULL
5808,Hoshiarpur,0,"2026-01-13 21:57:18","2026-01-13 21:57:18",NULL
5809,Hoshiarpur,0,"2026-01-13 21:57:18","2026-01-13 21:57:18",NULL
5810,Hoshiarpur,0,"2026-01-13 21:57:18","2026-01-13 21:57:18",NULL
5811,Hoshiarpur,0,"2026-01-13 21:57:18","2026-01-13 21:57:18",NULL
5812,Hoshiarpur,0,"2026-01-13 21:57:18","2026-01-13 21:57:18",NULL
5813,Hoshiarpur,0,"2026-01-13 21:57:18","2026-01-13 21:57:18",NULL
5814,Hoshiarpur,0,"2026-01-13 21:57:18","2026-01-13 21:57:18",NULL
5815,Hoshiarpur,0,"2026-01-13 21:57:18","2026-01-13 21:57:18",NULL
5816,Hoshiarpur,0,"2026-01-13 21:57:18","2026-01-13 21:57:18",NULL
5817,Hoshiarpur,0,"2026-01-13 21:57:18","2026-01-13 21:57:18",NULL
5818,Hoshiarpur,0,"2026-01-13 21:57:18","2026-01-13 21:57:18",NULL
5819,Hoshiarpur,0,"2026-01-13 21:57:18","2026-01-13 21:57:18",NULL
5820,Hoshiarpur,0,"2026-01-13 21:57:18","2026-01-13 21:57:18",NULL
5821,Hoshiarpur,0,"2026-01-13 21:57:18","2026-01-13 21:57:18",NULL
5822,Hoshiarpur,0,"2026-01-13 21:57:18","2026-01-13 21:57:18",NULL
5823,Hoshiarpur,0,"2026-01-13 21:57:18","2026-01-13 21:57:18",NULL
5824,Hoshiarpur,0,"2026-01-13 21:57:18","2026-01-13 21:57:18",NULL
5825,Hoshiarpur,0,"2026-01-13 21:57:18","2026-01-13 21:57:18",NULL
5826,Hoshiarpur,0,"2026-01-13 21:57:18","2026-01-13 21:57:18",NULL
5827,Hoshiarpur,0,"2026-01-13 21:57:18","2026-01-13 21:57:18",NULL
5828,Hoshiarpur,0,"2026-01-13 21:57:18","2026-01-13 21:57:18",NULL
5829,Hoshiarpur,0,"2026-01-13 21:57:18","2026-01-13 21:57:18",NULL
5830,Hoshiarpur,0,"2026-01-13 21:57:18","2026-01-13 21:57:18",NULL
5831,Hoshiarpur,0,"2026-01-13 21:57:18","2026-01-13 21:57:18",NULL
5832,Hoshiarpur,0,"2026-01-13 21:57:18","2026-01-13 21:57:18",NULL
5833,Hoshiarpur,0,"2026-01-13 21:57:18","2026-01-13 21:57:18",NULL
5834,Hoshiarpur,0,"2026-01-13 21:57:18","2026-01-13 21:57:18",NULL
5835,Hoshiarpur,0,"2026-01-13 21:57:18","2026-01-13 21:57:18",NULL
5836,Hoshiarpur,0,"2026-01-13 21:57:18","2026-01-13 21:57:18",NULL
5837,Hoshiarpur,0,"2026-01-13 21:57:18","2026-01-13 21:57:18",NULL
5838,Hoshiarpur,0,"2026-01-13 21:57:18","2026-01-13 21:57:18",NULL
5839,Hoshiarpur,0,"2026-01-13 21:57:18","2026-01-13 21:57:18",NULL
5840,Hoshiarpur,0,"2026-01-13 21:57:18","2026-01-13 21:57:18",NULL
5841,Hoshiarpur,0,"2026-01-13 21:57:18","2026-01-13 21:57:18",NULL
5842,Hoshiarpur,0,"2026-01-13 21:57:18","2026-01-13 21:57:18",NULL
5843,Pathankot,0,"2026-01-13 21:57:18","2026-01-13 21:57:18",NULL
5844,Gurdaspur,0,"2026-01-13 21:57:18","2026-01-13 21:57:18",NULL
5845,Gurdaspur,0,"2026-01-13 21:57:18","2026-01-13 21:57:18",NULL
5846,Pathankot,0,"2026-01-13 21:57:18","2026-01-13 21:57:18",NULL
5847,Gurdaspur,0,"2026-01-13 21:57:18","2026-01-13 21:57:18",NULL
5848,Gurdaspur,0,"2026-01-13 21:57:18","2026-01-13 21:57:18",NULL
5849,Hoshiarpur,0,"2026-01-13 21:57:18","2026-01-13 21:57:18",NULL
5850,Hoshiarpur,0,"2026-01-13 21:57:18","2026-01-13 21:57:18",NULL
5851,Hoshiarpur,0,"2026-01-13 21:57:18","2026-01-13 21:57:18",NULL
5852,Hoshiarpur,0,"2026-01-13 21:57:18","2026-01-13 21:57:18",NULL
5853,Hoshiarpur,0,"2026-01-13 21:57:18","2026-01-13 21:57:18",NULL
5854,Hoshiarpur,0,"2026-01-13 21:57:18","2026-01-13 21:57:18",NULL
5855,Hoshiarpur,0,"2026-01-13 21:57:18","2026-01-13 21:57:18",NULL
5856,Hoshiarpur,0,"2026-01-13 21:57:18","2026-01-13 21:57:18",NULL
5857,Hoshiarpur,0,"2026-01-13 21:57:18","2026-01-13 21:57:18",NULL
5858,Hoshiarpur,0,"2026-01-13 21:57:18","2026-01-13 21:57:18",NULL
5859,Hoshiarpur,0,"2026-01-13 21:57:18","2026-01-13 21:57:18",NULL
5860,Hoshiarpur,0,"2026-01-13 21:57:18","2026-01-13 21:57:18",NULL
5861,Hoshiarpur,0,"2026-01-13 21:57:18","2026-01-13 21:57:18",NULL
5862,Hoshiarpur,0,"2026-01-13 21:57:18","2026-01-13 21:57:18",NULL
5863,Hoshiarpur,0,"2026-01-13 21:57:18","2026-01-13 21:57:18",NULL
5864,Hoshiarpur,0,"2026-01-13 21:57:18","2026-01-13 21:57:18",NULL
5865,Hoshiarpur,0,"2026-01-13 21:57:18","2026-01-13 21:57:18",NULL
5866,Hoshiarpur,0,"2026-01-13 21:57:19","2026-01-13 21:57:19",NULL
5867,Hoshiarpur,0,"2026-01-13 21:57:19","2026-01-13 21:57:19",NULL
5868,Hoshiarpur,0,"2026-01-13 21:57:19","2026-01-13 21:57:19",NULL
5869,Hoshiarpur,0,"2026-01-13 21:57:19","2026-01-13 21:57:19",NULL
5870,Hoshiarpur,0,"2026-01-13 21:57:19","2026-01-13 21:57:19",NULL
5871,Hoshiarpur,0,"2026-01-13 21:57:19","2026-01-13 21:57:19",NULL
5872,Hoshiarpur,0,"2026-01-13 21:57:19","2026-01-13 21:57:19",NULL
5873,Hoshiarpur,0,"2026-01-13 21:57:19","2026-01-13 21:57:19",NULL
5874,Hoshiarpur,0,"2026-01-13 21:57:19","2026-01-13 21:57:19",NULL
5875,Hoshiarpur,0,"2026-01-13 21:57:19","2026-01-13 21:57:19",NULL
5876,Hoshiarpur,0,"2026-01-13 21:57:19","2026-01-13 21:57:19",NULL
5877,Hoshiarpur,0,"2026-01-13 21:57:19","2026-01-13 21:57:19",NULL
5878,Hoshiarpur,0,"2026-01-13 21:57:19","2026-01-13 21:57:19",NULL
5879,Hoshiarpur,0,"2026-01-13 21:57:19","2026-01-13 21:57:19",NULL
5880,Nawanshahr,0,"2026-01-13 21:57:19","2026-01-13 21:57:19",NULL
5881,Hoshiarpur,0,"2026-01-13 21:57:19","2026-01-13 21:57:19",NULL
5882,Hoshiarpur,0,"2026-01-13 21:57:19","2026-01-13 21:57:19",NULL
5883,Hoshiarpur,0,"2026-01-13 21:57:19","2026-01-13 21:57:19",NULL
5884,Hoshiarpur,0,"2026-01-13 21:57:19","2026-01-13 21:57:19",NULL
5885,Hoshiarpur,0,"2026-01-13 21:57:19","2026-01-13 21:57:19",NULL
5886,Hoshiarpur,0,"2026-01-13 21:57:19","2026-01-13 21:57:19",NULL
5887,Patiala,0,"2026-01-13 21:57:19","2026-01-13 21:57:19",NULL
5888,Patiala,0,"2026-01-13 21:57:19","2026-01-13 21:57:19",NULL
5889,Patiala,0,"2026-01-13 21:57:19","2026-01-13 21:57:19",NULL
5890,Hoshiarpur,0,"2026-01-13 21:57:19","2026-01-13 21:57:19",NULL
5891,Hoshiarpur,0,"2026-01-13 21:57:19","2026-01-13 21:57:19",NULL
5892,Hoshiarpur,0,"2026-01-13 21:57:19","2026-01-13 21:57:19",NULL
5893,Hoshiarpur,0,"2026-01-13 21:57:19","2026-01-13 21:57:19",NULL
5894,Hoshiarpur,0,"2026-01-13 21:57:19","2026-01-13 21:57:19",NULL
5895,Hoshiarpur,0,"2026-01-13 21:57:19","2026-01-13 21:57:19",NULL
5896,Hoshiarpur,0,"2026-01-13 21:57:19","2026-01-13 21:57:19",NULL
5897,Hoshiarpur,0,"2026-01-13 21:57:19","2026-01-13 21:57:19",NULL
5898,Hoshiarpur,0,"2026-01-13 21:57:19","2026-01-13 21:57:19",NULL
5899,Hoshiarpur,0,"2026-01-13 21:57:19","2026-01-13 21:57:19",NULL
5900,Hoshiarpur,0,"2026-01-13 21:57:19","2026-01-13 21:57:19",NULL
5901,Hoshiarpur,0,"2026-01-13 21:57:19","2026-01-13 21:57:19",NULL
5902,Hoshiarpur,0,"2026-01-13 21:57:19","2026-01-13 21:57:19",NULL
5903,Hoshiarpur,0,"2026-01-13 21:57:19","2026-01-13 21:57:19",NULL
5904,Hoshiarpur,0,"2026-01-13 21:57:19","2026-01-13 21:57:19",NULL
5905,Hoshiarpur,0,"2026-01-13 21:57:19","2026-01-13 21:57:19",NULL
5906,Hoshiarpur,0,"2026-01-13 21:57:19","2026-01-13 21:57:19",NULL
5907,Hoshiarpur,0,"2026-01-13 21:57:19","2026-01-13 21:57:19",NULL
5908,Hoshiarpur,0,"2026-01-13 21:57:19","2026-01-13 21:57:19",NULL
5909,Hoshiarpur,0,"2026-01-13 21:57:19","2026-01-13 21:57:19",NULL
5910,Hoshiarpur,0,"2026-01-13 21:57:19","2026-01-13 21:57:19",NULL
5911,Hoshiarpur,0,"2026-01-13 21:57:19","2026-01-13 21:57:19",NULL
5912,Hoshiarpur,0,"2026-01-13 21:57:19","2026-01-13 21:57:19",NULL
5913,Hoshiarpur,0,"2026-01-13 21:57:19","2026-01-13 21:57:19",NULL
5914,Hoshiarpur,0,"2026-01-13 21:57:19","2026-01-13 21:57:19",NULL
5915,Hoshiarpur,0,"2026-01-13 21:57:19","2026-01-13 21:57:19",NULL
5916,Hoshiarpur,0,"2026-01-13 21:57:19","2026-01-13 21:57:19",NULL
5917,Hoshiarpur,0,"2026-01-13 21:57:19","2026-01-13 21:57:19",NULL
5918,Hoshiarpur,0,"2026-01-13 21:57:19","2026-01-13 21:57:19",NULL
5919,Hoshiarpur,0,"2026-01-13 21:57:19","2026-01-13 21:57:19",NULL
5920,Hoshiarpur,0,"2026-01-13 21:57:19","2026-01-13 21:57:19",NULL
5921,Hoshiarpur,0,"2026-01-13 21:57:19","2026-01-13 21:57:19",NULL
5922,Hoshiarpur,0,"2026-01-13 21:57:19","2026-01-13 21:57:19",NULL
5923,Hoshiarpur,0,"2026-01-13 21:57:19","2026-01-13 21:57:19",NULL
5924,Hoshiarpur,0,"2026-01-13 21:57:19","2026-01-13 21:57:19",NULL
5925,Hoshiarpur,0,"2026-01-13 21:57:19","2026-01-13 21:57:19",NULL
5926,Hoshiarpur,0,"2026-01-13 21:57:19","2026-01-13 21:57:19",NULL
5927,Hoshiarpur,0,"2026-01-13 21:57:19","2026-01-13 21:57:19",NULL
5928,Hoshiarpur,0,"2026-01-13 21:57:19","2026-01-13 21:57:19",NULL
5929,Hoshiarpur,0,"2026-01-13 21:57:19","2026-01-13 21:57:19",NULL
5930,Hoshiarpur,0,"2026-01-13 21:57:19","2026-01-13 21:57:19",NULL
5931,Hoshiarpur,0,"2026-01-13 21:57:19","2026-01-13 21:57:19",NULL
5932,Hoshiarpur,0,"2026-01-13 21:57:19","2026-01-13 21:57:19",NULL
5933,Hoshiarpur,0,"2026-01-13 21:57:19","2026-01-13 21:57:19",NULL
5934,Hoshiarpur,0,"2026-01-13 21:57:19","2026-01-13 21:57:19",NULL
5935,Hoshiarpur,0,"2026-01-13 21:57:19","2026-01-13 21:57:19",NULL
5936,Hoshiarpur,0,"2026-01-13 21:57:19","2026-01-13 21:57:19",NULL
5937,Patiala,0,"2026-01-13 21:57:19","2026-01-13 21:57:19",NULL
5938,Patiala,0,"2026-01-13 21:57:19","2026-01-13 21:57:19",NULL
5939,Patiala,0,"2026-01-13 21:57:19","2026-01-13 21:57:19",NULL
5940,Patiala,0,"2026-01-13 21:57:19","2026-01-13 21:57:19",NULL
5941,Patiala,0,"2026-01-13 21:57:19","2026-01-13 21:57:19",NULL
5942,Patiala,0,"2026-01-13 21:57:19","2026-01-13 21:57:19",NULL
5943,Patiala,0,"2026-01-13 21:57:19","2026-01-13 21:57:19",NULL
5944,Patiala,0,"2026-01-13 21:57:19","2026-01-13 21:57:19",NULL
5945,Patiala,0,"2026-01-13 21:57:19","2026-01-13 21:57:19",NULL
5946,Patiala,0,"2026-01-13 21:57:19","2026-01-13 21:57:19",NULL
5947,Patiala,0,"2026-01-13 21:57:19","2026-01-13 21:57:19",NULL
5948,Patiala,0,"2026-01-13 21:57:19","2026-01-13 21:57:19",NULL
5949,Patiala,0,"2026-01-13 21:57:19","2026-01-13 21:57:19",NULL
5950,Patiala,0,"2026-01-13 21:57:19","2026-01-13 21:57:19",NULL
5951,Patiala,0,"2026-01-13 21:57:19","2026-01-13 21:57:19",NULL
5952,Patiala,0,"2026-01-13 21:57:19","2026-01-13 21:57:19",NULL
5953,Patiala,0,"2026-01-13 21:57:19","2026-01-13 21:57:19",NULL
5954,Patiala,0,"2026-01-13 21:57:19","2026-01-13 21:57:19",NULL
5955,Patiala,0,"2026-01-13 21:57:19","2026-01-13 21:57:19",NULL
5956,Patiala,0,"2026-01-13 21:57:19","2026-01-13 21:57:19",NULL
5957,Patiala,0,"2026-01-13 21:57:19","2026-01-13 21:57:19",NULL
5958,Patiala,0,"2026-01-13 21:57:19","2026-01-13 21:57:19",NULL
5959,Patiala,0,"2026-01-13 21:57:19","2026-01-13 21:57:19",NULL
5960,Patiala,0,"2026-01-13 21:57:19","2026-01-13 21:57:19",NULL
5961,Patiala,0,"2026-01-13 21:57:19","2026-01-13 21:57:19",NULL
5962,Patiala,0,"2026-01-13 21:57:19","2026-01-13 21:57:19",NULL
5963,"Fatehgarh Sahib",0,"2026-01-13 21:57:19","2026-01-13 21:57:19",NULL
5964,Patiala,0,"2026-01-13 21:57:19","2026-01-13 21:57:19",NULL
5965,Patiala,0,"2026-01-13 21:57:19","2026-01-13 21:57:19",NULL
5966,Patiala,0,"2026-01-13 21:57:19","2026-01-13 21:57:19",NULL
5967,Patiala,0,"2026-01-13 21:57:19","2026-01-13 21:57:19",NULL
5968,Patiala,0,"2026-01-13 21:57:19","2026-01-13 21:57:19",NULL
5969,Patiala,0,"2026-01-13 21:57:19","2026-01-13 21:57:19",NULL
5970,Patiala,0,"2026-01-13 21:57:19","2026-01-13 21:57:19",NULL
5971,Patiala,0,"2026-01-13 21:57:19","2026-01-13 21:57:19",NULL
5972,Patiala,0,"2026-01-13 21:57:19","2026-01-13 21:57:19",NULL
5973,Patiala,0,"2026-01-13 21:57:19","2026-01-13 21:57:19",NULL
5974,Patiala,0,"2026-01-13 21:57:19","2026-01-13 21:57:19",NULL
5975,Patiala,0,"2026-01-13 21:57:19","2026-01-13 21:57:19",NULL
5976,Patiala,0,"2026-01-13 21:57:19","2026-01-13 21:57:19",NULL
5977,Patiala,0,"2026-01-13 21:57:19","2026-01-13 21:57:19",NULL
5978,Patiala,0,"2026-01-13 21:57:19","2026-01-13 21:57:19",NULL
5979,Patiala,0,"2026-01-13 21:57:19","2026-01-13 21:57:19",NULL
5980,Patiala,0,"2026-01-13 21:57:19","2026-01-13 21:57:19",NULL
5981,Patiala,0,"2026-01-13 21:57:19","2026-01-13 21:57:19",NULL
5982,Patiala,0,"2026-01-13 21:57:19","2026-01-13 21:57:19",NULL
5983,Patiala,0,"2026-01-13 21:57:19","2026-01-13 21:57:19",NULL
5984,Patiala,0,"2026-01-13 21:57:19","2026-01-13 21:57:19",NULL
5985,Patiala,0,"2026-01-13 21:57:19","2026-01-13 21:57:19",NULL
5986,Patiala,0,"2026-01-13 21:57:19","2026-01-13 21:57:19",NULL
5987,Patiala,0,"2026-01-13 21:57:19","2026-01-13 21:57:19",NULL
5988,Patiala,0,"2026-01-13 21:57:19","2026-01-13 21:57:19",NULL
5989,Patiala,0,"2026-01-13 21:57:19","2026-01-13 21:57:19",NULL
5990,Patiala,0,"2026-01-13 21:57:19","2026-01-13 21:57:19",NULL
5991,Patiala,0,"2026-01-13 21:57:19","2026-01-13 21:57:19",NULL
5992,Patiala,0,"2026-01-13 21:57:19","2026-01-13 21:57:19",NULL
5993,Patiala,0,"2026-01-13 21:57:19","2026-01-13 21:57:19",NULL
5994,Patiala,0,"2026-01-13 21:57:19","2026-01-13 21:57:19",NULL
5995,Patiala,0,"2026-01-13 21:57:19","2026-01-13 21:57:19",NULL
5996,Patiala,0,"2026-01-13 21:57:19","2026-01-13 21:57:19",NULL
5997,Patiala,0,"2026-01-13 21:57:19","2026-01-13 21:57:19",NULL
5998,Patiala,0,"2026-01-13 21:57:19","2026-01-13 21:57:19",NULL
5999,Patiala,0,"2026-01-13 21:57:19","2026-01-13 21:57:19",NULL
6000,Patiala,0,"2026-01-13 21:57:19","2026-01-13 21:57:19",NULL
6001,Patiala,0,"2026-01-13 21:57:19","2026-01-13 21:57:19",NULL
6002,Patiala,0,"2026-01-13 21:57:19","2026-01-13 21:57:19",NULL
6003,Patiala,0,"2026-01-13 21:57:19","2026-01-13 21:57:19",NULL
6004,Patiala,0,"2026-01-13 21:57:19","2026-01-13 21:57:19",NULL
6005,Patiala,0,"2026-01-13 21:57:19","2026-01-13 21:57:19",NULL
6006,Patiala,0,"2026-01-13 21:57:19","2026-01-13 21:57:19",NULL
6007,Patiala,0,"2026-01-13 21:57:19","2026-01-13 21:57:19",NULL
6008,Patiala,0,"2026-01-13 21:57:19","2026-01-13 21:57:19",NULL
6009,Patiala,0,"2026-01-13 21:57:19","2026-01-13 21:57:19",NULL
6010,Patiala,0,"2026-01-13 21:57:19","2026-01-13 21:57:19",NULL
6011,Patiala,0,"2026-01-13 21:57:19","2026-01-13 21:57:19",NULL
6012,Patiala,0,"2026-01-13 21:57:19","2026-01-13 21:57:19",NULL
6013,Patiala,0,"2026-01-13 21:57:19","2026-01-13 21:57:19",NULL
6014,Patiala,0,"2026-01-13 21:57:19","2026-01-13 21:57:19",NULL
6015,Patiala,0,"2026-01-13 21:57:19","2026-01-13 21:57:19",NULL
6016,Patiala,0,"2026-01-13 21:57:19","2026-01-13 21:57:19",NULL
6017,Patiala,0,"2026-01-13 21:57:19","2026-01-13 21:57:19",NULL
6018,Patiala,0,"2026-01-13 21:57:19","2026-01-13 21:57:19",NULL
6019,Patiala,0,"2026-01-13 21:57:19","2026-01-13 21:57:19",NULL
6020,Patiala,0,"2026-01-13 21:57:19","2026-01-13 21:57:19",NULL
6021,Patiala,0,"2026-01-13 21:57:19","2026-01-13 21:57:19",NULL
6022,Patiala,0,"2026-01-13 21:57:19","2026-01-13 21:57:19",NULL
6023,Patiala,0,"2026-01-13 21:57:19","2026-01-13 21:57:19",NULL
6024,Patiala,0,"2026-01-13 21:57:19","2026-01-13 21:57:19",NULL
6025,Patiala,0,"2026-01-13 21:57:19","2026-01-13 21:57:19",NULL
6026,Patiala,0,"2026-01-13 21:57:19","2026-01-13 21:57:19",NULL
6027,Patiala,0,"2026-01-13 21:57:19","2026-01-13 21:57:19",NULL
6028,Patiala,0,"2026-01-13 21:57:19","2026-01-13 21:57:19",NULL
6029,Patiala,0,"2026-01-13 21:57:19","2026-01-13 21:57:19",NULL
6030,Patiala,0,"2026-01-13 21:57:19","2026-01-13 21:57:19",NULL
6031,Patiala,0,"2026-01-13 21:57:19","2026-01-13 21:57:19",NULL
6032,Patiala,0,"2026-01-13 21:57:19","2026-01-13 21:57:19",NULL
6033,Patiala,0,"2026-01-13 21:57:19","2026-01-13 21:57:19",NULL
6034,Patiala,0,"2026-01-13 21:57:19","2026-01-13 21:57:19",NULL
6035,Patiala,0,"2026-01-13 21:57:19","2026-01-13 21:57:19",NULL
6036,Patiala,0,"2026-01-13 21:57:19","2026-01-13 21:57:19",NULL
6037,Patiala,0,"2026-01-13 21:57:19","2026-01-13 21:57:19",NULL
6038,Patiala,0,"2026-01-13 21:57:19","2026-01-13 21:57:19",NULL
6039,Patiala,0,"2026-01-13 21:57:19","2026-01-13 21:57:19",NULL
6040,Patiala,0,"2026-01-13 21:57:19","2026-01-13 21:57:19",NULL
6041,Patiala,0,"2026-01-13 21:57:19","2026-01-13 21:57:19",NULL
6042,Patiala,0,"2026-01-13 21:57:19","2026-01-13 21:57:19",NULL
6043,Patiala,0,"2026-01-13 21:57:19","2026-01-13 21:57:19",NULL
6044,Patiala,0,"2026-01-13 21:57:19","2026-01-13 21:57:19",NULL
6045,Patiala,0,"2026-01-13 21:57:19","2026-01-13 21:57:19",NULL
6046,Patiala,0,"2026-01-13 21:57:19","2026-01-13 21:57:19",NULL
6047,Patiala,0,"2026-01-13 21:57:19","2026-01-13 21:57:19",NULL
6048,Patiala,0,"2026-01-13 21:57:19","2026-01-13 21:57:19",NULL
6049,Patiala,0,"2026-01-13 21:57:19","2026-01-13 21:57:19",NULL
6050,Patiala,0,"2026-01-13 21:57:19","2026-01-13 21:57:19",NULL
6051,Patiala,0,"2026-01-13 21:57:19","2026-01-13 21:57:19",NULL
6052,Patiala,0,"2026-01-13 21:57:19","2026-01-13 21:57:19",NULL
6053,Patiala,0,"2026-01-13 21:57:19","2026-01-13 21:57:19",NULL
6054,Patiala,0,"2026-01-13 21:57:19","2026-01-13 21:57:19",NULL
6055,Patiala,0,"2026-01-13 21:57:19","2026-01-13 21:57:19",NULL
6056,Patiala,0,"2026-01-13 21:57:19","2026-01-13 21:57:19",NULL
6057,Patiala,0,"2026-01-13 21:57:19","2026-01-13 21:57:19",NULL
6058,Patiala,0,"2026-01-13 21:57:19","2026-01-13 21:57:19",NULL
6059,Patiala,0,"2026-01-13 21:57:19","2026-01-13 21:57:19",NULL
6060,Patiala,0,"2026-01-13 21:57:19","2026-01-13 21:57:19",NULL
6061,Patiala,0,"2026-01-13 21:57:19","2026-01-13 21:57:19",NULL
6062,Patiala,0,"2026-01-13 21:57:19","2026-01-13 21:57:19",NULL
6063,Patiala,0,"2026-01-13 21:57:19","2026-01-13 21:57:19",NULL
6064,Patiala,0,"2026-01-13 21:57:19","2026-01-13 21:57:19",NULL
6065,Patiala,0,"2026-01-13 21:57:19","2026-01-13 21:57:19",NULL
6066,Patiala,0,"2026-01-13 21:57:19","2026-01-13 21:57:19",NULL
6067,Patiala,0,"2026-01-13 21:57:19","2026-01-13 21:57:19",NULL
6068,Patiala,0,"2026-01-13 21:57:19","2026-01-13 21:57:19",NULL
6069,Patiala,0,"2026-01-13 21:57:19","2026-01-13 21:57:19",NULL
6070,Patiala,0,"2026-01-13 21:57:19","2026-01-13 21:57:19",NULL
6071,Patiala,0,"2026-01-13 21:57:19","2026-01-13 21:57:19",NULL
6072,Patiala,0,"2026-01-13 21:57:19","2026-01-13 21:57:19",NULL
6073,Patiala,0,"2026-01-13 21:57:19","2026-01-13 21:57:19",NULL
6074,"Fatehgarh Sahib",0,"2026-01-13 21:57:19","2026-01-13 21:57:19",NULL
6075,Patiala,0,"2026-01-13 21:57:19","2026-01-13 21:57:19",NULL
6076,Patiala,0,"2026-01-13 21:57:19","2026-01-13 21:57:19",NULL
6077,Patiala,0,"2026-01-13 21:57:19","2026-01-13 21:57:19",NULL
6078,Patiala,0,"2026-01-13 21:57:19","2026-01-13 21:57:19",NULL
6079,Sangrur,0,"2026-01-13 21:57:19","2026-01-13 21:57:19",NULL
6080,Sangrur,0,"2026-01-13 21:57:19","2026-01-13 21:57:19",NULL
6081,Sangrur,0,"2026-01-13 21:57:19","2026-01-13 21:57:19",NULL
6082,Sangrur,0,"2026-01-13 21:57:19","2026-01-13 21:57:19",NULL
6083,Sangrur,0,"2026-01-13 21:57:19","2026-01-13 21:57:19",NULL
6084,Sangrur,0,"2026-01-13 21:57:19","2026-01-13 21:57:19",NULL
6085,Sangrur,0,"2026-01-13 21:57:19","2026-01-13 21:57:19",NULL
6086,Sangrur,0,"2026-01-13 21:57:19","2026-01-13 21:57:19",NULL
6087,Sangrur,0,"2026-01-13 21:57:19","2026-01-13 21:57:19",NULL
6088,Sangrur,0,"2026-01-13 21:57:19","2026-01-13 21:57:19",NULL
6089,Sangrur,0,"2026-01-13 21:57:19","2026-01-13 21:57:19",NULL
6090,Sangrur,0,"2026-01-13 21:57:19","2026-01-13 21:57:19",NULL
6091,Sangrur,0,"2026-01-13 21:57:19","2026-01-13 21:57:19",NULL
6092,Sangrur,0,"2026-01-13 21:57:19","2026-01-13 21:57:19",NULL
6093,Sangrur,0,"2026-01-13 21:57:19","2026-01-13 21:57:19",NULL
6094,Sangrur,0,"2026-01-13 21:57:19","2026-01-13 21:57:19",NULL
6095,Sangrur,0,"2026-01-13 21:57:19","2026-01-13 21:57:19",NULL
6096,Sangrur,0,"2026-01-13 21:57:19","2026-01-13 21:57:19",NULL
6097,Sangrur,0,"2026-01-13 21:57:19","2026-01-13 21:57:19",NULL
6098,Sangrur,0,"2026-01-13 21:57:19","2026-01-13 21:57:19",NULL
6099,Sangrur,0,"2026-01-13 21:57:19","2026-01-13 21:57:19",NULL
6100,Sangrur,0,"2026-01-13 21:57:19","2026-01-13 21:57:19",NULL
6101,Sangrur,0,"2026-01-13 21:57:19","2026-01-13 21:57:19",NULL
6102,Sangrur,0,"2026-01-13 21:57:19","2026-01-13 21:57:19",NULL
6103,Sangrur,0,"2026-01-13 21:57:19","2026-01-13 21:57:19",NULL
6104,Sangrur,0,"2026-01-13 21:57:19","2026-01-13 21:57:19",NULL
6105,Sangrur,0,"2026-01-13 21:57:19","2026-01-13 21:57:19",NULL
6106,Sangrur,0,"2026-01-13 21:57:19","2026-01-13 21:57:19",NULL
6107,Sangrur,0,"2026-01-13 21:57:19","2026-01-13 21:57:19",NULL
6108,Sangrur,0,"2026-01-13 21:57:19","2026-01-13 21:57:19",NULL
6109,Sangrur,0,"2026-01-13 21:57:19","2026-01-13 21:57:19",NULL
6110,Sangrur,0,"2026-01-13 21:57:19","2026-01-13 21:57:19",NULL
6111,Sangrur,0,"2026-01-13 21:57:19","2026-01-13 21:57:19",NULL
6112,Sangrur,0,"2026-01-13 21:57:19","2026-01-13 21:57:19",NULL
6113,Sangrur,0,"2026-01-13 21:57:19","2026-01-13 21:57:19",NULL
6114,Sangrur,0,"2026-01-13 21:57:19","2026-01-13 21:57:19",NULL
6115,Sangrur,0,"2026-01-13 21:57:19","2026-01-13 21:57:19",NULL
6116,Sangrur,0,"2026-01-13 21:57:19","2026-01-13 21:57:19",NULL
6117,Sangrur,0,"2026-01-13 21:57:19","2026-01-13 21:57:19",NULL
6118,Sangrur,0,"2026-01-13 21:57:19","2026-01-13 21:57:19",NULL
6119,Sangrur,0,"2026-01-13 21:57:19","2026-01-13 21:57:19",NULL
6120,Sangrur,0,"2026-01-13 21:57:19","2026-01-13 21:57:19",NULL
6121,Sangrur,0,"2026-01-13 21:57:19","2026-01-13 21:57:19",NULL
6122,Sangrur,0,"2026-01-13 21:57:19","2026-01-13 21:57:19",NULL
6123,Sangrur,0,"2026-01-13 21:57:19","2026-01-13 21:57:19",NULL
6124,Sangrur,0,"2026-01-13 21:57:19","2026-01-13 21:57:19",NULL
6125,Sangrur,0,"2026-01-13 21:57:19","2026-01-13 21:57:19",NULL
6126,Sangrur,0,"2026-01-13 21:57:19","2026-01-13 21:57:19",NULL
6127,Sangrur,0,"2026-01-13 21:57:19","2026-01-13 21:57:19",NULL
6128,Sangrur,0,"2026-01-13 21:57:19","2026-01-13 21:57:19",NULL
6129,Patiala,0,"2026-01-13 21:57:19","2026-01-13 21:57:19",NULL
6130,Patiala,0,"2026-01-13 21:57:19","2026-01-13 21:57:19",NULL
6131,Patiala,0,"2026-01-13 21:57:19","2026-01-13 21:57:19",NULL
6132,Patiala,0,"2026-01-13 21:57:19","2026-01-13 21:57:19",NULL
6133,"Fatehgarh Sahib",0,"2026-01-13 21:57:19","2026-01-13 21:57:19",NULL
6134,"Fatehgarh Sahib",0,"2026-01-13 21:57:19","2026-01-13 21:57:19",NULL
6135,"Fatehgarh Sahib",0,"2026-01-13 21:57:19","2026-01-13 21:57:19",NULL
6136,Barnala,0,"2026-01-13 21:57:19","2026-01-13 21:57:19",NULL
6137,"Fatehgarh Sahib",0,"2026-01-13 21:57:19","2026-01-13 21:57:19",NULL
6138,Sangrur,0,"2026-01-13 21:57:19","2026-01-13 21:57:19",NULL
6139,Sangrur,0,"2026-01-13 21:57:19","2026-01-13 21:57:19",NULL
6140,Sangrur,0,"2026-01-13 21:57:19","2026-01-13 21:57:19",NULL
6141,Sangrur,0,"2026-01-13 21:57:19","2026-01-13 21:57:19",NULL
6142,Sangrur,0,"2026-01-13 21:57:19","2026-01-13 21:57:19",NULL
6143,Sangrur,0,"2026-01-13 21:57:19","2026-01-13 21:57:19",NULL
6144,Sangrur,0,"2026-01-13 21:57:19","2026-01-13 21:57:19",NULL
6145,Sangrur,0,"2026-01-13 21:57:19","2026-01-13 21:57:19",NULL
6146,Sangrur,0,"2026-01-13 21:57:19","2026-01-13 21:57:19",NULL
6147,Sangrur,0,"2026-01-13 21:57:19","2026-01-13 21:57:19",NULL
6148,Sangrur,0,"2026-01-13 21:57:19","2026-01-13 21:57:19",NULL
6149,Sangrur,0,"2026-01-13 21:57:19","2026-01-13 21:57:19",NULL
6150,Sangrur,0,"2026-01-13 21:57:19","2026-01-13 21:57:19",NULL
6151,Sangrur,0,"2026-01-13 21:57:19","2026-01-13 21:57:19",NULL
6152,Sangrur,0,"2026-01-13 21:57:19","2026-01-13 21:57:19",NULL
6153,Sangrur,0,"2026-01-13 21:57:19","2026-01-13 21:57:19",NULL
6154,Sangrur,0,"2026-01-13 21:57:19","2026-01-13 21:57:19",NULL
6155,Sangrur,0,"2026-01-13 21:57:19","2026-01-13 21:57:19",NULL
6156,Sangrur,0,"2026-01-13 21:57:19","2026-01-13 21:57:19",NULL
6157,Sangrur,0,"2026-01-13 21:57:19","2026-01-13 21:57:19",NULL
6158,Sangrur,0,"2026-01-13 21:57:19","2026-01-13 21:57:19",NULL
6159,Sangrur,0,"2026-01-13 21:57:19","2026-01-13 21:57:19",NULL
6160,Sangrur,0,"2026-01-13 21:57:19","2026-01-13 21:57:19",NULL
6161,Sangrur,0,"2026-01-13 21:57:19","2026-01-13 21:57:19",NULL
6162,Sangrur,0,"2026-01-13 21:57:19","2026-01-13 21:57:19",NULL
6163,Sangrur,0,"2026-01-13 21:57:19","2026-01-13 21:57:19",NULL
6164,Sangrur,0,"2026-01-13 21:57:19","2026-01-13 21:57:19",NULL
6165,Sangrur,0,"2026-01-13 21:57:19","2026-01-13 21:57:19",NULL
6166,Sangrur,0,"2026-01-13 21:57:19","2026-01-13 21:57:19",NULL
6167,Sangrur,0,"2026-01-13 21:57:19","2026-01-13 21:57:19",NULL
6168,Sangrur,0,"2026-01-13 21:57:19","2026-01-13 21:57:19",NULL
6169,Sangrur,0,"2026-01-13 21:57:19","2026-01-13 21:57:19",NULL
6170,Sangrur,0,"2026-01-13 21:57:19","2026-01-13 21:57:19",NULL
6171,Sangrur,0,"2026-01-13 21:57:19","2026-01-13 21:57:19",NULL
6172,Sangrur,0,"2026-01-13 21:57:19","2026-01-13 21:57:19",NULL
6173,Sangrur,0,"2026-01-13 21:57:19","2026-01-13 21:57:19",NULL
6174,Sangrur,0,"2026-01-13 21:57:19","2026-01-13 21:57:19",NULL
6175,Sangrur,0,"2026-01-13 21:57:19","2026-01-13 21:57:19",NULL
6176,Sangrur,0,"2026-01-13 21:57:19","2026-01-13 21:57:19",NULL
6177,Sangrur,0,"2026-01-13 21:57:19","2026-01-13 21:57:19",NULL
6178,Sangrur,0,"2026-01-13 21:57:19","2026-01-13 21:57:19",NULL
6179,Sangrur,0,"2026-01-13 21:57:19","2026-01-13 21:57:19",NULL
6180,Sangrur,0,"2026-01-13 21:57:19","2026-01-13 21:57:19",NULL
6181,Sangrur,0,"2026-01-13 21:57:19","2026-01-13 21:57:19",NULL
6182,Sangrur,0,"2026-01-13 21:57:19","2026-01-13 21:57:19",NULL
6183,Sangrur,0,"2026-01-13 21:57:19","2026-01-13 21:57:19",NULL
6184,Sangrur,0,"2026-01-13 21:57:19","2026-01-13 21:57:19",NULL
6185,Sangrur,0,"2026-01-13 21:57:19","2026-01-13 21:57:19",NULL
6186,Sangrur,0,"2026-01-13 21:57:19","2026-01-13 21:57:19",NULL
6187,Sangrur,0,"2026-01-13 21:57:19","2026-01-13 21:57:19",NULL
6188,Sangrur,0,"2026-01-13 21:57:19","2026-01-13 21:57:19",NULL
6189,Sangrur,0,"2026-01-13 21:57:19","2026-01-13 21:57:19",NULL
6190,Sangrur,0,"2026-01-13 21:57:19","2026-01-13 21:57:19",NULL
6191,Sangrur,0,"2026-01-13 21:57:19","2026-01-13 21:57:19",NULL
6192,Sangrur,0,"2026-01-13 21:57:19","2026-01-13 21:57:19",NULL
6193,Sangrur,0,"2026-01-13 21:57:19","2026-01-13 21:57:19",NULL
6194,Sangrur,0,"2026-01-13 21:57:19","2026-01-13 21:57:19",NULL
6195,Sangrur,0,"2026-01-13 21:57:19","2026-01-13 21:57:19",NULL
6196,Barnala,0,"2026-01-13 21:57:19","2026-01-13 21:57:19",NULL
6197,Sangrur,0,"2026-01-13 21:57:19","2026-01-13 21:57:19",NULL
6198,Sangrur,0,"2026-01-13 21:57:19","2026-01-13 21:57:19",NULL
6199,Sangrur,0,"2026-01-13 21:57:19","2026-01-13 21:57:19",NULL
6200,Sangrur,0,"2026-01-13 21:57:19","2026-01-13 21:57:19",NULL
6201,Sangrur,0,"2026-01-13 21:57:19","2026-01-13 21:57:19",NULL
6202,Sangrur,0,"2026-01-13 21:57:19","2026-01-13 21:57:19",NULL
6203,Sangrur,0,"2026-01-13 21:57:19","2026-01-13 21:57:19",NULL
6204,Sangrur,0,"2026-01-13 21:57:19","2026-01-13 21:57:19",NULL
6205,Sangrur,0,"2026-01-13 21:57:19","2026-01-13 21:57:19",NULL
6206,Sangrur,0,"2026-01-13 21:57:19","2026-01-13 21:57:19",NULL
6207,Sangrur,0,"2026-01-13 21:57:19","2026-01-13 21:57:19",NULL
6208,Sangrur,0,"2026-01-13 21:57:19","2026-01-13 21:57:19",NULL
6209,Barnala,0,"2026-01-13 21:57:19","2026-01-13 21:57:19",NULL
6210,Sangrur,0,"2026-01-13 21:57:19","2026-01-13 21:57:19",NULL
6211,Sangrur,0,"2026-01-13 21:57:19","2026-01-13 21:57:19",NULL
6212,Sangrur,0,"2026-01-13 21:57:19","2026-01-13 21:57:19",NULL
6213,Sangrur,0,"2026-01-13 21:57:19","2026-01-13 21:57:19",NULL
6214,Barnala,0,"2026-01-13 21:57:19","2026-01-13 21:57:19",NULL
6215,Sangrur,0,"2026-01-13 21:57:19","2026-01-13 21:57:19",NULL
6216,Sangrur,0,"2026-01-13 21:57:19","2026-01-13 21:57:19",NULL
6217,Barnala,0,"2026-01-13 21:57:19","2026-01-13 21:57:19",NULL
6218,Barnala,0,"2026-01-13 21:57:19","2026-01-13 21:57:19",NULL
6219,Sangrur,0,"2026-01-13 21:57:19","2026-01-13 21:57:19",NULL
6220,Sangrur,0,"2026-01-13 21:57:19","2026-01-13 21:57:19",NULL
6221,Sangrur,0,"2026-01-13 21:57:19","2026-01-13 21:57:19",NULL
6222,Sangrur,0,"2026-01-13 21:57:19","2026-01-13 21:57:19",NULL
6223,Barnala,0,"2026-01-13 21:57:19","2026-01-13 21:57:19",NULL
6224,Barnala,0,"2026-01-13 21:57:19","2026-01-13 21:57:19",NULL
6225,Barnala,0,"2026-01-13 21:57:19","2026-01-13 21:57:19",NULL
6226,Barnala,0,"2026-01-13 21:57:19","2026-01-13 21:57:19",NULL
6227,Barnala,0,"2026-01-13 21:57:19","2026-01-13 21:57:19",NULL
6228,Barnala,0,"2026-01-13 21:57:19","2026-01-13 21:57:19",NULL
6229,Barnala,0,"2026-01-13 21:57:19","2026-01-13 21:57:19",NULL
6230,Barnala,0,"2026-01-13 21:57:19","2026-01-13 21:57:19",NULL
6231,Barnala,0,"2026-01-13 21:57:19","2026-01-13 21:57:19",NULL
6232,Barnala,0,"2026-01-13 21:57:19","2026-01-13 21:57:19",NULL
6233,Barnala,0,"2026-01-13 21:57:19","2026-01-13 21:57:19",NULL
6234,Barnala,0,"2026-01-13 21:57:19","2026-01-13 21:57:19",NULL
6235,Barnala,0,"2026-01-13 21:57:19","2026-01-13 21:57:19",NULL
6236,Barnala,0,"2026-01-13 21:57:19","2026-01-13 21:57:19",NULL
6237,Sangrur,0,"2026-01-13 21:57:19","2026-01-13 21:57:19",NULL
6238,Sangrur,0,"2026-01-13 21:57:19","2026-01-13 21:57:19",NULL
6239,Sangrur,0,"2026-01-13 21:57:19","2026-01-13 21:57:19",NULL
6240,Sangrur,0,"2026-01-13 21:57:19","2026-01-13 21:57:19",NULL
6241,Sangrur,0,"2026-01-13 21:57:19","2026-01-13 21:57:19",NULL
6242,Sangrur,0,"2026-01-13 21:57:19","2026-01-13 21:57:19",NULL
6243,Sangrur,0,"2026-01-13 21:57:19","2026-01-13 21:57:19",NULL
6244,Sangrur,0,"2026-01-13 21:57:19","2026-01-13 21:57:19",NULL
6245,Sangrur,0,"2026-01-13 21:57:19","2026-01-13 21:57:19",NULL
6246,Sangrur,0,"2026-01-13 21:57:19","2026-01-13 21:57:19",NULL
6247,Sangrur,0,"2026-01-13 21:57:19","2026-01-13 21:57:19",NULL
6248,Sangrur,0,"2026-01-13 21:57:19","2026-01-13 21:57:19",NULL
6249,Sangrur,0,"2026-01-13 21:57:19","2026-01-13 21:57:19",NULL
6250,Sangrur,0,"2026-01-13 21:57:19","2026-01-13 21:57:19",NULL
6251,Sangrur,0,"2026-01-13 21:57:19","2026-01-13 21:57:19",NULL
6252,Sangrur,0,"2026-01-13 21:57:19","2026-01-13 21:57:19",NULL
6253,Sangrur,0,"2026-01-13 21:57:19","2026-01-13 21:57:19",NULL
6254,Sangrur,0,"2026-01-13 21:57:19","2026-01-13 21:57:19",NULL
6255,Sangrur,0,"2026-01-13 21:57:19","2026-01-13 21:57:19",NULL
6256,Sangrur,0,"2026-01-13 21:57:19","2026-01-13 21:57:19",NULL
6257,Sangrur,0,"2026-01-13 21:57:19","2026-01-13 21:57:19",NULL
6258,Sangrur,0,"2026-01-13 21:57:19","2026-01-13 21:57:19",NULL
6259,Sangrur,0,"2026-01-13 21:57:19","2026-01-13 21:57:19",NULL
6260,Sangrur,0,"2026-01-13 21:57:19","2026-01-13 21:57:19",NULL
6261,Sangrur,0,"2026-01-13 21:57:19","2026-01-13 21:57:19",NULL
6262,Sangrur,0,"2026-01-13 21:57:19","2026-01-13 21:57:19",NULL
6263,Sangrur,0,"2026-01-13 21:57:19","2026-01-13 21:57:19",NULL
6264,Sangrur,0,"2026-01-13 21:57:19","2026-01-13 21:57:19",NULL
6265,Sangrur,0,"2026-01-13 21:57:19","2026-01-13 21:57:19",NULL
6266,Sangrur,0,"2026-01-13 21:57:19","2026-01-13 21:57:19",NULL
6267,Sangrur,0,"2026-01-13 21:57:19","2026-01-13 21:57:19",NULL
6268,Sangrur,0,"2026-01-13 21:57:19","2026-01-13 21:57:19",NULL
6269,Sangrur,0,"2026-01-13 21:57:19","2026-01-13 21:57:19",NULL
6270,Sangrur,0,"2026-01-13 21:57:19","2026-01-13 21:57:19",NULL
6271,Sangrur,0,"2026-01-13 21:57:19","2026-01-13 21:57:19",NULL
6272,Sangrur,0,"2026-01-13 21:57:19","2026-01-13 21:57:19",NULL
6273,Sangrur,0,"2026-01-13 21:57:19","2026-01-13 21:57:19",NULL
6274,Sangrur,0,"2026-01-13 21:57:19","2026-01-13 21:57:19",NULL
6275,Sangrur,0,"2026-01-13 21:57:19","2026-01-13 21:57:19",NULL
6276,Sangrur,0,"2026-01-13 21:57:19","2026-01-13 21:57:19",NULL
6277,Sangrur,0,"2026-01-13 21:57:19","2026-01-13 21:57:19",NULL
6278,Sangrur,0,"2026-01-13 21:57:19","2026-01-13 21:57:19",NULL
6279,Sangrur,0,"2026-01-13 21:57:19","2026-01-13 21:57:19",NULL
6280,Sangrur,0,"2026-01-13 21:57:19","2026-01-13 21:57:19",NULL
6281,Sangrur,0,"2026-01-13 21:57:19","2026-01-13 21:57:19",NULL
6282,Sangrur,0,"2026-01-13 21:57:19","2026-01-13 21:57:19",NULL
6283,Sangrur,0,"2026-01-13 21:57:19","2026-01-13 21:57:19",NULL
6284,Sangrur,0,"2026-01-13 21:57:19","2026-01-13 21:57:19",NULL
6285,Sangrur,0,"2026-01-13 21:57:19","2026-01-13 21:57:19",NULL
6286,Sangrur,0,"2026-01-13 21:57:19","2026-01-13 21:57:19",NULL
6287,Sangrur,0,"2026-01-13 21:57:19","2026-01-13 21:57:19",NULL
6288,Sangrur,0,"2026-01-13 21:57:19","2026-01-13 21:57:19",NULL
6289,Sangrur,0,"2026-01-13 21:57:19","2026-01-13 21:57:19",NULL
6290,Sangrur,0,"2026-01-13 21:57:19","2026-01-13 21:57:19",NULL
6291,Sangrur,0,"2026-01-13 21:57:19","2026-01-13 21:57:19",NULL
6292,Barnala,0,"2026-01-13 21:57:19","2026-01-13 21:57:19",NULL
6293,Barnala,0,"2026-01-13 21:57:19","2026-01-13 21:57:19",NULL
6294,Barnala,0,"2026-01-13 21:57:19","2026-01-13 21:57:19",NULL
6295,Barnala,0,"2026-01-13 21:57:19","2026-01-13 21:57:19",NULL
6296,Sangrur,0,"2026-01-13 21:57:19","2026-01-13 21:57:19",NULL
6297,Barnala,0,"2026-01-13 21:57:19","2026-01-13 21:57:19",NULL
6298,Barnala,0,"2026-01-13 21:57:19","2026-01-13 21:57:19",NULL
6299,Barnala,0,"2026-01-13 21:57:19","2026-01-13 21:57:19",NULL
6300,Barnala,0,"2026-01-13 21:57:19","2026-01-13 21:57:19",NULL
6301,Barnala,0,"2026-01-13 21:57:19","2026-01-13 21:57:19",NULL
6302,Barnala,0,"2026-01-13 21:57:19","2026-01-13 21:57:19",NULL
6303,Barnala,0,"2026-01-13 21:57:19","2026-01-13 21:57:19",NULL
6304,Barnala,0,"2026-01-13 21:57:19","2026-01-13 21:57:19",NULL
6305,Barnala,0,"2026-01-13 21:57:19","2026-01-13 21:57:19",NULL
6306,Barnala,0,"2026-01-13 21:57:19","2026-01-13 21:57:19",NULL
6307,Barnala,0,"2026-01-13 21:57:19","2026-01-13 21:57:19",NULL
6308,Barnala,0,"2026-01-13 21:57:19","2026-01-13 21:57:19",NULL
6309,Faridkot,0,"2026-01-13 21:57:19","2026-01-13 21:57:19",NULL
6310,Barnala,0,"2026-01-13 21:57:19","2026-01-13 21:57:19",NULL
6311,Barnala,0,"2026-01-13 21:57:20","2026-01-13 21:57:20",NULL
6312,Barnala,0,"2026-01-13 21:57:20","2026-01-13 21:57:20",NULL
6313,Barnala,0,"2026-01-13 21:57:20","2026-01-13 21:57:20",NULL
6314,Barnala,0,"2026-01-13 21:57:20","2026-01-13 21:57:20",NULL
6315,Barnala,0,"2026-01-13 21:57:20","2026-01-13 21:57:20",NULL
6316,Barnala,0,"2026-01-13 21:57:20","2026-01-13 21:57:20",NULL
6317,Barnala,0,"2026-01-13 21:57:20","2026-01-13 21:57:20",NULL
6318,Barnala,0,"2026-01-13 21:57:20","2026-01-13 21:57:20",NULL
6319,Barnala,0,"2026-01-13 21:57:20","2026-01-13 21:57:20",NULL
6320,Barnala,0,"2026-01-13 21:57:20","2026-01-13 21:57:20",NULL
6321,Barnala,0,"2026-01-13 21:57:20","2026-01-13 21:57:20",NULL
6322,Sangrur,0,"2026-01-13 21:57:20","2026-01-13 21:57:20",NULL
6323,Barnala,0,"2026-01-13 21:57:20","2026-01-13 21:57:20",NULL
6324,Sangrur,0,"2026-01-13 21:57:20","2026-01-13 21:57:20",NULL
6325,Sangrur,0,"2026-01-13 21:57:20","2026-01-13 21:57:20",NULL
6326,Sangrur,0,"2026-01-13 21:57:20","2026-01-13 21:57:20",NULL
6327,Barnala,0,"2026-01-13 21:57:20","2026-01-13 21:57:20",NULL
6328,Sangrur,0,"2026-01-13 21:57:20","2026-01-13 21:57:20",NULL
6329,Sangrur,0,"2026-01-13 21:57:20","2026-01-13 21:57:20",NULL
6330,Sangrur,0,"2026-01-13 21:57:20","2026-01-13 21:57:20",NULL
6331,Sangrur,0,"2026-01-13 21:57:20","2026-01-13 21:57:20",NULL
6332,Sangrur,0,"2026-01-13 21:57:20","2026-01-13 21:57:20",NULL
6333,Barnala,0,"2026-01-13 21:57:20","2026-01-13 21:57:20",NULL
6334,Barnala,0,"2026-01-13 21:57:20","2026-01-13 21:57:20",NULL
6335,Barnala,0,"2026-01-13 21:57:20","2026-01-13 21:57:20",NULL
6336,Barnala,0,"2026-01-13 21:57:20","2026-01-13 21:57:20",NULL
6337,Ludhiana,0,"2026-01-13 21:57:20","2026-01-13 21:57:20",NULL
6338,Ludhiana,0,"2026-01-13 21:57:20","2026-01-13 21:57:20",NULL
6339,Barnala,0,"2026-01-13 21:57:20","2026-01-13 21:57:20",NULL
6340,Barnala,0,"2026-01-13 21:57:20","2026-01-13 21:57:20",NULL
6341,Barnala,0,"2026-01-13 21:57:20","2026-01-13 21:57:20",NULL
6342,Sangrur,0,"2026-01-13 21:57:20","2026-01-13 21:57:20",NULL
6343,Barnala,0,"2026-01-13 21:57:20","2026-01-13 21:57:20",NULL
6344,Barnala,0,"2026-01-13 21:57:20","2026-01-13 21:57:20",NULL
6345,Barnala,0,"2026-01-13 21:57:20","2026-01-13 21:57:20",NULL
6346,Sangrur,0,"2026-01-13 21:57:20","2026-01-13 21:57:20",NULL
6347,Barnala,0,"2026-01-13 21:57:20","2026-01-13 21:57:20",NULL
6348,Barnala,0,"2026-01-13 21:57:20","2026-01-13 21:57:20",NULL
6349,Barnala,0,"2026-01-13 21:57:20","2026-01-13 21:57:20",NULL
6350,Barnala,0,"2026-01-13 21:57:20","2026-01-13 21:57:20",NULL
6351,Barnala,0,"2026-01-13 21:57:20","2026-01-13 21:57:20",NULL
6352,Barnala,0,"2026-01-13 21:57:20","2026-01-13 21:57:20",NULL
6353,Barnala,0,"2026-01-13 21:57:20","2026-01-13 21:57:20",NULL
6354,Barnala,0,"2026-01-13 21:57:20","2026-01-13 21:57:20",NULL
6355,Bathinda,0,"2026-01-13 21:57:20","2026-01-13 21:57:20",NULL
6356,Bathinda,0,"2026-01-13 21:57:20","2026-01-13 21:57:20",NULL
6357,Bathinda,0,"2026-01-13 21:57:20","2026-01-13 21:57:20",NULL
6358,Bathinda,0,"2026-01-13 21:57:20","2026-01-13 21:57:20",NULL
6359,Bathinda,0,"2026-01-13 21:57:20","2026-01-13 21:57:20",NULL
6360,Bathinda,0,"2026-01-13 21:57:20","2026-01-13 21:57:20",NULL
6361,Bathinda,0,"2026-01-13 21:57:20","2026-01-13 21:57:20",NULL
6362,Bathinda,0,"2026-01-13 21:57:20","2026-01-13 21:57:20",NULL
6363,Bathinda,0,"2026-01-13 21:57:20","2026-01-13 21:57:20",NULL
6364,Bathinda,0,"2026-01-13 21:57:20","2026-01-13 21:57:20",NULL
6365,Bathinda,0,"2026-01-13 21:57:20","2026-01-13 21:57:20",NULL
6366,Bathinda,0,"2026-01-13 21:57:20","2026-01-13 21:57:20",NULL
6367,Bathinda,0,"2026-01-13 21:57:20","2026-01-13 21:57:20",NULL
6368,Bathinda,0,"2026-01-13 21:57:20","2026-01-13 21:57:20",NULL
6369,Bathinda,0,"2026-01-13 21:57:20","2026-01-13 21:57:20",NULL
6370,Bathinda,0,"2026-01-13 21:57:20","2026-01-13 21:57:20",NULL
6371,Bathinda,0,"2026-01-13 21:57:20","2026-01-13 21:57:20",NULL
6372,Bathinda,0,"2026-01-13 21:57:20","2026-01-13 21:57:20",NULL
6373,Bathinda,0,"2026-01-13 21:57:20","2026-01-13 21:57:20",NULL
6374,Bathinda,0,"2026-01-13 21:57:20","2026-01-13 21:57:20",NULL
6375,Bathinda,0,"2026-01-13 21:57:20","2026-01-13 21:57:20",NULL
6376,Bathinda,0,"2026-01-13 21:57:20","2026-01-13 21:57:20",NULL
6377,Bathinda,0,"2026-01-13 21:57:20","2026-01-13 21:57:20",NULL
6378,Bathinda,0,"2026-01-13 21:57:20","2026-01-13 21:57:20",NULL
6379,Bathinda,0,"2026-01-13 21:57:20","2026-01-13 21:57:20",NULL
6380,Bathinda,0,"2026-01-13 21:57:20","2026-01-13 21:57:20",NULL
6381,Bathinda,0,"2026-01-13 21:57:20","2026-01-13 21:57:20",NULL
6382,Bathinda,0,"2026-01-13 21:57:20","2026-01-13 21:57:20",NULL
6383,Bathinda,0,"2026-01-13 21:57:20","2026-01-13 21:57:20",NULL
6384,Bathinda,0,"2026-01-13 21:57:20","2026-01-13 21:57:20",NULL
6385,Bathinda,0,"2026-01-13 21:57:20","2026-01-13 21:57:20",NULL
6386,Bathinda,0,"2026-01-13 21:57:20","2026-01-13 21:57:20",NULL
6387,Bathinda,0,"2026-01-13 21:57:20","2026-01-13 21:57:20",NULL
6388,Bathinda,0,"2026-01-13 21:57:20","2026-01-13 21:57:20",NULL
6389,Bathinda,0,"2026-01-13 21:57:20","2026-01-13 21:57:20",NULL
6390,Bathinda,0,"2026-01-13 21:57:20","2026-01-13 21:57:20",NULL
6391,Bathinda,0,"2026-01-13 21:57:20","2026-01-13 21:57:20",NULL
6392,Bathinda,0,"2026-01-13 21:57:20","2026-01-13 21:57:20",NULL
6393,Bathinda,0,"2026-01-13 21:57:20","2026-01-13 21:57:20",NULL
6394,Bathinda,0,"2026-01-13 21:57:20","2026-01-13 21:57:20",NULL
6395,Bathinda,0,"2026-01-13 21:57:20","2026-01-13 21:57:20",NULL
6396,Bathinda,0,"2026-01-13 21:57:20","2026-01-13 21:57:20",NULL
6397,Bathinda,0,"2026-01-13 21:57:20","2026-01-13 21:57:20",NULL
6398,Bathinda,0,"2026-01-13 21:57:20","2026-01-13 21:57:20",NULL
6399,Bathinda,0,"2026-01-13 21:57:20","2026-01-13 21:57:20",NULL
6400,Bathinda,0,"2026-01-13 21:57:20","2026-01-13 21:57:20",NULL
6401,Bathinda,0,"2026-01-13 21:57:20","2026-01-13 21:57:20",NULL
6402,Bathinda,0,"2026-01-13 21:57:20","2026-01-13 21:57:20",NULL
6403,Bathinda,0,"2026-01-13 21:57:20","2026-01-13 21:57:20",NULL
6404,Bathinda,0,"2026-01-13 21:57:20","2026-01-13 21:57:20",NULL
6405,Bathinda,0,"2026-01-13 21:57:20","2026-01-13 21:57:20",NULL
6406,Bathinda,0,"2026-01-13 21:57:20","2026-01-13 21:57:20",NULL
6407,Bathinda,0,"2026-01-13 21:57:20","2026-01-13 21:57:20",NULL
6408,Bathinda,0,"2026-01-13 21:57:20","2026-01-13 21:57:20",NULL
6409,Bathinda,0,"2026-01-13 21:57:20","2026-01-13 21:57:20",NULL
6410,Bathinda,0,"2026-01-13 21:57:20","2026-01-13 21:57:20",NULL
6411,Bathinda,0,"2026-01-13 21:57:20","2026-01-13 21:57:20",NULL
6412,Bathinda,0,"2026-01-13 21:57:20","2026-01-13 21:57:20",NULL
6413,Bathinda,0,"2026-01-13 21:57:20","2026-01-13 21:57:20",NULL
6414,Bathinda,0,"2026-01-13 21:57:20","2026-01-13 21:57:20",NULL
6415,Bathinda,0,"2026-01-13 21:57:20","2026-01-13 21:57:20",NULL
6416,Bathinda,0,"2026-01-13 21:57:20","2026-01-13 21:57:20",NULL
6417,Bathinda,0,"2026-01-13 21:57:20","2026-01-13 21:57:20",NULL
6418,Bathinda,0,"2026-01-13 21:57:20","2026-01-13 21:57:20",NULL
6419,Bathinda,0,"2026-01-13 21:57:20","2026-01-13 21:57:20",NULL
6420,Bathinda,0,"2026-01-13 21:57:20","2026-01-13 21:57:20",NULL
6421,Bathinda,0,"2026-01-13 21:57:20","2026-01-13 21:57:20",NULL
6422,Bathinda,0,"2026-01-13 21:57:20","2026-01-13 21:57:20",NULL
6423,Bathinda,0,"2026-01-13 21:57:20","2026-01-13 21:57:20",NULL
6424,Bathinda,0,"2026-01-13 21:57:20","2026-01-13 21:57:20",NULL
6425,Bathinda,0,"2026-01-13 21:57:20","2026-01-13 21:57:20",NULL
6426,Bathinda,0,"2026-01-13 21:57:20","2026-01-13 21:57:20",NULL
6427,Bathinda,0,"2026-01-13 21:57:20","2026-01-13 21:57:20",NULL
6428,Bathinda,0,"2026-01-13 21:57:20","2026-01-13 21:57:20",NULL
6429,Bathinda,0,"2026-01-13 21:57:20","2026-01-13 21:57:20",NULL
6430,Bathinda,0,"2026-01-13 21:57:20","2026-01-13 21:57:20",NULL
6431,Bathinda,0,"2026-01-13 21:57:20","2026-01-13 21:57:20",NULL
6432,Bathinda,0,"2026-01-13 21:57:20","2026-01-13 21:57:20",NULL
6433,Bathinda,0,"2026-01-13 21:57:20","2026-01-13 21:57:20",NULL
6434,Bathinda,0,"2026-01-13 21:57:20","2026-01-13 21:57:20",NULL
6435,Bathinda,0,"2026-01-13 21:57:20","2026-01-13 21:57:20",NULL
6436,Bathinda,0,"2026-01-13 21:57:20","2026-01-13 21:57:20",NULL
6437,Bathinda,0,"2026-01-13 21:57:20","2026-01-13 21:57:20",NULL
6438,Bathinda,0,"2026-01-13 21:57:20","2026-01-13 21:57:20",NULL
6439,Bathinda,0,"2026-01-13 21:57:20","2026-01-13 21:57:20",NULL
6440,Bathinda,0,"2026-01-13 21:57:20","2026-01-13 21:57:20",NULL
6441,Bathinda,0,"2026-01-13 21:57:20","2026-01-13 21:57:20",NULL
6442,Faridkot,0,"2026-01-13 21:57:20","2026-01-13 21:57:20",NULL
6443,Muktsar,0,"2026-01-13 21:57:20","2026-01-13 21:57:20",NULL
6444,Faridkot,0,"2026-01-13 21:57:20","2026-01-13 21:57:20",NULL
6445,Faridkot,0,"2026-01-13 21:57:20","2026-01-13 21:57:20",NULL
6446,Faridkot,0,"2026-01-13 21:57:20","2026-01-13 21:57:20",NULL
6447,Faridkot,0,"2026-01-13 21:57:20","2026-01-13 21:57:20",NULL
6448,Faridkot,0,"2026-01-13 21:57:20","2026-01-13 21:57:20",NULL
6449,Faridkot,0,"2026-01-13 21:57:20","2026-01-13 21:57:20",NULL
6450,Faridkot,0,"2026-01-13 21:57:20","2026-01-13 21:57:20",NULL
6451,Faridkot,0,"2026-01-13 21:57:20","2026-01-13 21:57:20",NULL
6452,Faridkot,0,"2026-01-13 21:57:20","2026-01-13 21:57:20",NULL
6453,Faridkot,0,"2026-01-13 21:57:20","2026-01-13 21:57:20",NULL
6454,Faridkot,0,"2026-01-13 21:57:20","2026-01-13 21:57:20",NULL
6455,Faridkot,0,"2026-01-13 21:57:20","2026-01-13 21:57:20",NULL
6456,Faridkot,0,"2026-01-13 21:57:20","2026-01-13 21:57:20",NULL
6457,Faridkot,0,"2026-01-13 21:57:20","2026-01-13 21:57:20",NULL
6458,Faridkot,0,"2026-01-13 21:57:20","2026-01-13 21:57:20",NULL
6459,Faridkot,0,"2026-01-13 21:57:20","2026-01-13 21:57:20",NULL
6460,Faridkot,0,"2026-01-13 21:57:20","2026-01-13 21:57:20",NULL
6461,Faridkot,0,"2026-01-13 21:57:20","2026-01-13 21:57:20",NULL
6462,Bathinda,0,"2026-01-13 21:57:20","2026-01-13 21:57:20",NULL
6463,Bathinda,0,"2026-01-13 21:57:20","2026-01-13 21:57:20",NULL
6464,Bathinda,0,"2026-01-13 21:57:20","2026-01-13 21:57:20",NULL
6465,Bathinda,0,"2026-01-13 21:57:20","2026-01-13 21:57:20",NULL
6466,Bathinda,0,"2026-01-13 21:57:20","2026-01-13 21:57:20",NULL
6467,Faridkot,0,"2026-01-13 21:57:20","2026-01-13 21:57:20",NULL
6468,Faridkot,0,"2026-01-13 21:57:20","2026-01-13 21:57:20",NULL
6469,Faridkot,0,"2026-01-13 21:57:20","2026-01-13 21:57:20",NULL
6470,Faridkot,0,"2026-01-13 21:57:20","2026-01-13 21:57:20",NULL
6471,Faridkot,0,"2026-01-13 21:57:20","2026-01-13 21:57:20",NULL
6472,Faridkot,0,"2026-01-13 21:57:20","2026-01-13 21:57:20",NULL
6473,Faridkot,0,"2026-01-13 21:57:20","2026-01-13 21:57:20",NULL
6474,Faridkot,0,"2026-01-13 21:57:20","2026-01-13 21:57:20",NULL
6475,Faridkot,0,"2026-01-13 21:57:20","2026-01-13 21:57:20",NULL
6476,Moga,0,"2026-01-13 21:57:20","2026-01-13 21:57:20",NULL
6477,Faridkot,0,"2026-01-13 21:57:20","2026-01-13 21:57:20",NULL
6478,Faridkot,0,"2026-01-13 21:57:20","2026-01-13 21:57:20",NULL
6479,Faridkot,0,"2026-01-13 21:57:20","2026-01-13 21:57:20",NULL
6480,Mansa,0,"2026-01-13 21:57:20","2026-01-13 21:57:20",NULL
6481,Faridkot,0,"2026-01-13 21:57:20","2026-01-13 21:57:20",NULL
6482,Faridkot,0,"2026-01-13 21:57:20","2026-01-13 21:57:20",NULL
6483,Faridkot,0,"2026-01-13 21:57:20","2026-01-13 21:57:20",NULL
6484,Faridkot,0,"2026-01-13 21:57:20","2026-01-13 21:57:20",NULL
6485,Faridkot,0,"2026-01-13 21:57:20","2026-01-13 21:57:20",NULL
6486,Faridkot,0,"2026-01-13 21:57:20","2026-01-13 21:57:20",NULL
6487,Faridkot,0,"2026-01-13 21:57:20","2026-01-13 21:57:20",NULL
6488,Muktsar,0,"2026-01-13 21:57:20","2026-01-13 21:57:20",NULL
6489,Muktsar,0,"2026-01-13 21:57:20","2026-01-13 21:57:20",NULL
6490,Muktsar,0,"2026-01-13 21:57:20","2026-01-13 21:57:20",NULL
6491,Muktsar,0,"2026-01-13 21:57:20","2026-01-13 21:57:20",NULL
6492,Muktsar,0,"2026-01-13 21:57:20","2026-01-13 21:57:20",NULL
6493,Bathinda,0,"2026-01-13 21:57:20","2026-01-13 21:57:20",NULL
6494,Bathinda,0,"2026-01-13 21:57:20","2026-01-13 21:57:20",NULL
6495,Bathinda,0,"2026-01-13 21:57:20","2026-01-13 21:57:20",NULL
6496,Bathinda,0,"2026-01-13 21:57:20","2026-01-13 21:57:20",NULL
6497,Bathinda,0,"2026-01-13 21:57:20","2026-01-13 21:57:20",NULL
6498,Bathinda,0,"2026-01-13 21:57:20","2026-01-13 21:57:20",NULL
6499,Bathinda,0,"2026-01-13 21:57:20","2026-01-13 21:57:20",NULL
6500,Bathinda,0,"2026-01-13 21:57:20","2026-01-13 21:57:20",NULL
6501,Bathinda,0,"2026-01-13 21:57:20","2026-01-13 21:57:20",NULL
6502,Bathinda,0,"2026-01-13 21:57:20","2026-01-13 21:57:20",NULL
6503,Bathinda,0,"2026-01-13 21:57:20","2026-01-13 21:57:20",NULL
6504,Bathinda,0,"2026-01-13 21:57:20","2026-01-13 21:57:20",NULL
6505,Bathinda,0,"2026-01-13 21:57:20","2026-01-13 21:57:20",NULL
6506,Bathinda,0,"2026-01-13 21:57:20","2026-01-13 21:57:20",NULL
6507,Bathinda,0,"2026-01-13 21:57:20","2026-01-13 21:57:20",NULL
6508,Faridkot,0,"2026-01-13 21:57:20","2026-01-13 21:57:20",NULL
6509,Faridkot,0,"2026-01-13 21:57:20","2026-01-13 21:57:20",NULL
6510,Faridkot,0,"2026-01-13 21:57:20","2026-01-13 21:57:20",NULL
6511,Faridkot,0,"2026-01-13 21:57:20","2026-01-13 21:57:20",NULL
6512,Faridkot,0,"2026-01-13 21:57:20","2026-01-13 21:57:20",NULL
6513,Faridkot,0,"2026-01-13 21:57:20","2026-01-13 21:57:20",NULL
6514,Faridkot,0,"2026-01-13 21:57:20","2026-01-13 21:57:20",NULL
6515,Faridkot,0,"2026-01-13 21:57:20","2026-01-13 21:57:20",NULL
6516,Faridkot,0,"2026-01-13 21:57:20","2026-01-13 21:57:20",NULL
6517,Faridkot,0,"2026-01-13 21:57:20","2026-01-13 21:57:20",NULL
6518,Bathinda,0,"2026-01-13 21:57:20","2026-01-13 21:57:20",NULL
6519,Bathinda,0,"2026-01-13 21:57:20","2026-01-13 21:57:20",NULL
6520,Bathinda,0,"2026-01-13 21:57:20","2026-01-13 21:57:20",NULL
6521,Bathinda,0,"2026-01-13 21:57:20","2026-01-13 21:57:20",NULL
6522,Bathinda,0,"2026-01-13 21:57:20","2026-01-13 21:57:20",NULL
6523,Bathinda,0,"2026-01-13 21:57:20","2026-01-13 21:57:20",NULL
6524,Bathinda,0,"2026-01-13 21:57:20","2026-01-13 21:57:20",NULL
6525,Bathinda,0,"2026-01-13 21:57:20","2026-01-13 21:57:20",NULL
6526,Bathinda,0,"2026-01-13 21:57:20","2026-01-13 21:57:20",NULL
6527,Bathinda,0,"2026-01-13 21:57:20","2026-01-13 21:57:20",NULL
6528,Bathinda,0,"2026-01-13 21:57:20","2026-01-13 21:57:20",NULL
6529,Bathinda,0,"2026-01-13 21:57:20","2026-01-13 21:57:20",NULL
6530,Bathinda,0,"2026-01-13 21:57:20","2026-01-13 21:57:20",NULL
6531,Bathinda,0,"2026-01-13 21:57:20","2026-01-13 21:57:20",NULL
6532,Bathinda,0,"2026-01-13 21:57:20","2026-01-13 21:57:20",NULL
6533,Bathinda,0,"2026-01-13 21:57:20","2026-01-13 21:57:20",NULL
6534,Bathinda,0,"2026-01-13 21:57:20","2026-01-13 21:57:20",NULL
6535,Bathinda,0,"2026-01-13 21:57:20","2026-01-13 21:57:20",NULL
6536,Bathinda,0,"2026-01-13 21:57:20","2026-01-13 21:57:20",NULL
6537,Bathinda,0,"2026-01-13 21:57:20","2026-01-13 21:57:20",NULL
6538,Muktsar,0,"2026-01-13 21:57:20","2026-01-13 21:57:20",NULL
6539,Muktsar,0,"2026-01-13 21:57:20","2026-01-13 21:57:20",NULL
6540,Muktsar,0,"2026-01-13 21:57:20","2026-01-13 21:57:20",NULL
6541,Muktsar,0,"2026-01-13 21:57:20","2026-01-13 21:57:20",NULL
6542,Muktsar,0,"2026-01-13 21:57:20","2026-01-13 21:57:20",NULL
6543,Muktsar,0,"2026-01-13 21:57:20","2026-01-13 21:57:20",NULL
6544,Muktsar,0,"2026-01-13 21:57:20","2026-01-13 21:57:20",NULL
6545,Muktsar,0,"2026-01-13 21:57:20","2026-01-13 21:57:20",NULL
6546,Muktsar,0,"2026-01-13 21:57:20","2026-01-13 21:57:20",NULL
6547,Muktsar,0,"2026-01-13 21:57:20","2026-01-13 21:57:20",NULL
6548,Muktsar,0,"2026-01-13 21:57:20","2026-01-13 21:57:20",NULL
6549,Muktsar,0,"2026-01-13 21:57:20","2026-01-13 21:57:20",NULL
6550,Muktsar,0,"2026-01-13 21:57:20","2026-01-13 21:57:20",NULL
6551,Muktsar,0,"2026-01-13 21:57:20","2026-01-13 21:57:20",NULL
6552,Muktsar,0,"2026-01-13 21:57:20","2026-01-13 21:57:20",NULL
6553,Muktsar,0,"2026-01-13 21:57:20","2026-01-13 21:57:20",NULL
6554,Muktsar,0,"2026-01-13 21:57:20","2026-01-13 21:57:20",NULL
6555,Faridkot,0,"2026-01-13 21:57:20","2026-01-13 21:57:20",NULL
6556,Faridkot,0,"2026-01-13 21:57:20","2026-01-13 21:57:20",NULL
6557,Faridkot,0,"2026-01-13 21:57:20","2026-01-13 21:57:20",NULL
6558,Faridkot,0,"2026-01-13 21:57:20","2026-01-13 21:57:20",NULL
6559,Faridkot,0,"2026-01-13 21:57:20","2026-01-13 21:57:20",NULL
6560,Faridkot,0,"2026-01-13 21:57:20","2026-01-13 21:57:20",NULL
6561,Faridkot,0,"2026-01-13 21:57:20","2026-01-13 21:57:20",NULL
6562,Faridkot,0,"2026-01-13 21:57:20","2026-01-13 21:57:20",NULL
6563,Faridkot,0,"2026-01-13 21:57:20","2026-01-13 21:57:20",NULL
6564,Faridkot,0,"2026-01-13 21:57:20","2026-01-13 21:57:20",NULL
6565,Faridkot,0,"2026-01-13 21:57:20","2026-01-13 21:57:20",NULL
6566,Faridkot,0,"2026-01-13 21:57:20","2026-01-13 21:57:20",NULL
6567,Faridkot,0,"2026-01-13 21:57:20","2026-01-13 21:57:20",NULL
6568,Faridkot,0,"2026-01-13 21:57:20","2026-01-13 21:57:20",NULL
6569,Faridkot,0,"2026-01-13 21:57:20","2026-01-13 21:57:20",NULL
6570,Faridkot,0,"2026-01-13 21:57:20","2026-01-13 21:57:20",NULL
6571,Faridkot,0,"2026-01-13 21:57:20","2026-01-13 21:57:20",NULL
6572,Faridkot,0,"2026-01-13 21:57:20","2026-01-13 21:57:20",NULL
6573,Faridkot,0,"2026-01-13 21:57:20","2026-01-13 21:57:20",NULL
6574,Faridkot,0,"2026-01-13 21:57:20","2026-01-13 21:57:20",NULL
6575,Faridkot,0,"2026-01-13 21:57:20","2026-01-13 21:57:20",NULL
6576,Bathinda,0,"2026-01-13 21:57:20","2026-01-13 21:57:20",NULL
6577,Bathinda,0,"2026-01-13 21:57:20","2026-01-13 21:57:20",NULL
6578,Bathinda,0,"2026-01-13 21:57:20","2026-01-13 21:57:20",NULL
6579,Bathinda,0,"2026-01-13 21:57:20","2026-01-13 21:57:20",NULL
6580,Bathinda,0,"2026-01-13 21:57:20","2026-01-13 21:57:20",NULL
6581,Bathinda,0,"2026-01-13 21:57:20","2026-01-13 21:57:20",NULL
6582,Bathinda,0,"2026-01-13 21:57:20","2026-01-13 21:57:20",NULL
6583,Bathinda,0,"2026-01-13 21:57:20","2026-01-13 21:57:20",NULL
6584,Bathinda,0,"2026-01-13 21:57:20","2026-01-13 21:57:20",NULL
6585,Bathinda,0,"2026-01-13 21:57:20","2026-01-13 21:57:20",NULL
6586,Bathinda,0,"2026-01-13 21:57:20","2026-01-13 21:57:20",NULL
6587,Bathinda,0,"2026-01-13 21:57:20","2026-01-13 21:57:20",NULL
6588,Bathinda,0,"2026-01-13 21:57:20","2026-01-13 21:57:20",NULL
6589,Bathinda,0,"2026-01-13 21:57:20","2026-01-13 21:57:20",NULL
6590,Bathinda,0,"2026-01-13 21:57:20","2026-01-13 21:57:20",NULL
6591,Bathinda,0,"2026-01-13 21:57:20","2026-01-13 21:57:20",NULL
6592,Bathinda,0,"2026-01-13 21:57:20","2026-01-13 21:57:20",NULL
6593,Bathinda,0,"2026-01-13 21:57:20","2026-01-13 21:57:20",NULL
6594,Bathinda,0,"2026-01-13 21:57:20","2026-01-13 21:57:20",NULL
6595,Mansa,0,"2026-01-13 21:57:20","2026-01-13 21:57:20",NULL
6596,Bathinda,0,"2026-01-13 21:57:20","2026-01-13 21:57:20",NULL
6597,Bathinda,0,"2026-01-13 21:57:20","2026-01-13 21:57:20",NULL
6598,Mansa,0,"2026-01-13 21:57:20","2026-01-13 21:57:20",NULL
6599,Bathinda,0,"2026-01-13 21:57:20","2026-01-13 21:57:20",NULL
6600,Bathinda,0,"2026-01-13 21:57:20","2026-01-13 21:57:20",NULL
6601,Bathinda,0,"2026-01-13 21:57:20","2026-01-13 21:57:20",NULL
6602,Bathinda,0,"2026-01-13 21:57:20","2026-01-13 21:57:20",NULL
6603,Mansa,0,"2026-01-13 21:57:20","2026-01-13 21:57:20",NULL
6604,Mansa,0,"2026-01-13 21:57:20","2026-01-13 21:57:20",NULL
6605,Mansa,0,"2026-01-13 21:57:20","2026-01-13 21:57:20",NULL
6606,Mansa,0,"2026-01-13 21:57:20","2026-01-13 21:57:20",NULL
6607,Mansa,0,"2026-01-13 21:57:20","2026-01-13 21:57:20",NULL
6608,Mansa,0,"2026-01-13 21:57:20","2026-01-13 21:57:20",NULL
6609,Mansa,0,"2026-01-13 21:57:20","2026-01-13 21:57:20",NULL
6610,Mansa,0,"2026-01-13 21:57:20","2026-01-13 21:57:20",NULL
6611,Mansa,0,"2026-01-13 21:57:20","2026-01-13 21:57:20",NULL
6612,Mansa,0,"2026-01-13 21:57:20","2026-01-13 21:57:20",NULL
6613,Mansa,0,"2026-01-13 21:57:20","2026-01-13 21:57:20",NULL
6614,Mansa,0,"2026-01-13 21:57:20","2026-01-13 21:57:20",NULL
6615,Mansa,0,"2026-01-13 21:57:20","2026-01-13 21:57:20",NULL
6616,Mansa,0,"2026-01-13 21:57:20","2026-01-13 21:57:20",NULL
6617,Mansa,0,"2026-01-13 21:57:20","2026-01-13 21:57:20",NULL
6618,Mansa,0,"2026-01-13 21:57:20","2026-01-13 21:57:20",NULL
6619,Mansa,0,"2026-01-13 21:57:20","2026-01-13 21:57:20",NULL
6620,Mansa,0,"2026-01-13 21:57:20","2026-01-13 21:57:20",NULL
6621,Mansa,0,"2026-01-13 21:57:20","2026-01-13 21:57:20",NULL
6622,Mansa,0,"2026-01-13 21:57:20","2026-01-13 21:57:20",NULL
6623,Mansa,0,"2026-01-13 21:57:20","2026-01-13 21:57:20",NULL
6624,Mansa,0,"2026-01-13 21:57:20","2026-01-13 21:57:20",NULL
6625,Mansa,0,"2026-01-13 21:57:20","2026-01-13 21:57:20",NULL
6626,Mansa,0,"2026-01-13 21:57:20","2026-01-13 21:57:20",NULL
6627,Mansa,0,"2026-01-13 21:57:20","2026-01-13 21:57:20",NULL
6628,Mansa,0,"2026-01-13 21:57:20","2026-01-13 21:57:20",NULL
6629,Mansa,0,"2026-01-13 21:57:20","2026-01-13 21:57:20",NULL
6630,Mansa,0,"2026-01-13 21:57:20","2026-01-13 21:57:20",NULL
6631,Mansa,0,"2026-01-13 21:57:20","2026-01-13 21:57:20",NULL
6632,Mansa,0,"2026-01-13 21:57:20","2026-01-13 21:57:20",NULL
6633,Mansa,0,"2026-01-13 21:57:20","2026-01-13 21:57:20",NULL
6634,Mansa,0,"2026-01-13 21:57:20","2026-01-13 21:57:20",NULL
6635,Mansa,0,"2026-01-13 21:57:20","2026-01-13 21:57:20",NULL
6636,Mansa,0,"2026-01-13 21:57:20","2026-01-13 21:57:20",NULL
6637,Mansa,0,"2026-01-13 21:57:20","2026-01-13 21:57:20",NULL
6638,Mansa,0,"2026-01-13 21:57:20","2026-01-13 21:57:20",NULL
6639,Mansa,0,"2026-01-13 21:57:20","2026-01-13 21:57:20",NULL
6640,Mansa,0,"2026-01-13 21:57:20","2026-01-13 21:57:20",NULL
6641,Mansa,0,"2026-01-13 21:57:20","2026-01-13 21:57:20",NULL
6642,Mansa,0,"2026-01-13 21:57:20","2026-01-13 21:57:20",NULL
6643,Mansa,0,"2026-01-13 21:57:20","2026-01-13 21:57:20",NULL
6644,Mansa,0,"2026-01-13 21:57:20","2026-01-13 21:57:20",NULL
6645,Mansa,0,"2026-01-13 21:57:20","2026-01-13 21:57:20",NULL
6646,Mansa,0,"2026-01-13 21:57:20","2026-01-13 21:57:20",NULL
6647,Mansa,0,"2026-01-13 21:57:20","2026-01-13 21:57:20",NULL
6648,Mansa,0,"2026-01-13 21:57:20","2026-01-13 21:57:20",NULL
6649,Mansa,0,"2026-01-13 21:57:20","2026-01-13 21:57:20",NULL
6650,Mansa,0,"2026-01-13 21:57:20","2026-01-13 21:57:20",NULL
6651,Mansa,0,"2026-01-13 21:57:20","2026-01-13 21:57:20",NULL
6652,Mansa,0,"2026-01-13 21:57:20","2026-01-13 21:57:20",NULL
6653,Muktsar,0,"2026-01-13 21:57:20","2026-01-13 21:57:20",NULL
6654,Mansa,0,"2026-01-13 21:57:20","2026-01-13 21:57:20",NULL
6655,Mansa,0,"2026-01-13 21:57:20","2026-01-13 21:57:20",NULL
6656,Mansa,0,"2026-01-13 21:57:20","2026-01-13 21:57:20",NULL
6657,Mansa,0,"2026-01-13 21:57:20","2026-01-13 21:57:20",NULL
6658,Mansa,0,"2026-01-13 21:57:20","2026-01-13 21:57:20",NULL
6659,Mansa,0,"2026-01-13 21:57:20","2026-01-13 21:57:20",NULL
6660,Mansa,0,"2026-01-13 21:57:20","2026-01-13 21:57:20",NULL
6661,Mansa,0,"2026-01-13 21:57:20","2026-01-13 21:57:20",NULL
6662,Mansa,0,"2026-01-13 21:57:20","2026-01-13 21:57:20",NULL
6663,Mansa,0,"2026-01-13 21:57:20","2026-01-13 21:57:20",NULL
6664,Mansa,0,"2026-01-13 21:57:20","2026-01-13 21:57:20",NULL
6665,Mansa,0,"2026-01-13 21:57:20","2026-01-13 21:57:20",NULL
6666,Mansa,0,"2026-01-13 21:57:20","2026-01-13 21:57:20",NULL
6667,Mansa,0,"2026-01-13 21:57:20","2026-01-13 21:57:20",NULL
6668,Mansa,0,"2026-01-13 21:57:20","2026-01-13 21:57:20",NULL
6669,Mansa,0,"2026-01-13 21:57:20","2026-01-13 21:57:20",NULL
6670,Mansa,0,"2026-01-13 21:57:20","2026-01-13 21:57:20",NULL
6671,Mansa,0,"2026-01-13 21:57:20","2026-01-13 21:57:20",NULL
6672,Mansa,0,"2026-01-13 21:57:20","2026-01-13 21:57:20",NULL
6673,Mansa,0,"2026-01-13 21:57:20","2026-01-13 21:57:20",NULL
6674,Mansa,0,"2026-01-13 21:57:20","2026-01-13 21:57:20",NULL
6675,Mansa,0,"2026-01-13 21:57:20","2026-01-13 21:57:20",NULL
6676,Mansa,0,"2026-01-13 21:57:20","2026-01-13 21:57:20",NULL
6677,Mansa,0,"2026-01-13 21:57:20","2026-01-13 21:57:20",NULL
6678,Mansa,0,"2026-01-13 21:57:20","2026-01-13 21:57:20",NULL
6679,Mansa,0,"2026-01-13 21:57:20","2026-01-13 21:57:20",NULL
6680,Mansa,0,"2026-01-13 21:57:20","2026-01-13 21:57:20",NULL
6681,Mansa,0,"2026-01-13 21:57:20","2026-01-13 21:57:20",NULL
6682,Mansa,0,"2026-01-13 21:57:20","2026-01-13 21:57:20",NULL
6683,Mansa,0,"2026-01-13 21:57:20","2026-01-13 21:57:20",NULL
6684,Mansa,0,"2026-01-13 21:57:20","2026-01-13 21:57:20",NULL
6685,Mansa,0,"2026-01-13 21:57:20","2026-01-13 21:57:20",NULL
6686,Mansa,0,"2026-01-13 21:57:20","2026-01-13 21:57:20",NULL
6687,Bathinda,0,"2026-01-13 21:57:20","2026-01-13 21:57:20",NULL
6688,Bathinda,0,"2026-01-13 21:57:20","2026-01-13 21:57:20",NULL
6689,Bathinda,0,"2026-01-13 21:57:20","2026-01-13 21:57:20",NULL
6690,Bathinda,0,"2026-01-13 21:57:20","2026-01-13 21:57:20",NULL
6691,Mansa,0,"2026-01-13 21:57:20","2026-01-13 21:57:20",NULL
6692,Bathinda,0,"2026-01-13 21:57:20","2026-01-13 21:57:20",NULL
6693,Bathinda,0,"2026-01-13 21:57:20","2026-01-13 21:57:20",NULL
6694,Bathinda,0,"2026-01-13 21:57:20","2026-01-13 21:57:20",NULL
6695,Bathinda,0,"2026-01-13 21:57:20","2026-01-13 21:57:20",NULL
6696,Mansa,0,"2026-01-13 21:57:20","2026-01-13 21:57:20",NULL
6697,Bathinda,0,"2026-01-13 21:57:20","2026-01-13 21:57:20",NULL
6698,Bathinda,0,"2026-01-13 21:57:20","2026-01-13 21:57:20",NULL
6699,Bathinda,0,"2026-01-13 21:57:20","2026-01-13 21:57:20",NULL
6700,Mansa,0,"2026-01-13 21:57:20","2026-01-13 21:57:20",NULL
6701,Bathinda,0,"2026-01-13 21:57:20","2026-01-13 21:57:20",NULL
6702,Mansa,0,"2026-01-13 21:57:20","2026-01-13 21:57:20",NULL
6703,Mansa,0,"2026-01-13 21:57:20","2026-01-13 21:57:20",NULL
6704,Mansa,0,"2026-01-13 21:57:20","2026-01-13 21:57:20",NULL
6705,Firozpur,0,"2026-01-13 21:57:20","2026-01-13 21:57:20",NULL
6706,Firozpur,0,"2026-01-13 21:57:20","2026-01-13 21:57:20",NULL
6707,Firozpur,0,"2026-01-13 21:57:20","2026-01-13 21:57:20",NULL
6708,Firozpur,0,"2026-01-13 21:57:20","2026-01-13 21:57:20",NULL
6709,Firozpur,0,"2026-01-13 21:57:20","2026-01-13 21:57:20",NULL
6710,Firozpur,0,"2026-01-13 21:57:20","2026-01-13 21:57:20",NULL
6711,Firozpur,0,"2026-01-13 21:57:20","2026-01-13 21:57:20",NULL
6712,Mansa,0,"2026-01-13 21:57:20","2026-01-13 21:57:20",NULL
6713,Firozpur,0,"2026-01-13 21:57:20","2026-01-13 21:57:20",NULL
6714,Firozpur,0,"2026-01-13 21:57:20","2026-01-13 21:57:20",NULL
6715,Firozpur,0,"2026-01-13 21:57:20","2026-01-13 21:57:20",NULL
6716,Firozpur,0,"2026-01-13 21:57:20","2026-01-13 21:57:20",NULL
6717,Firozpur,0,"2026-01-13 21:57:20","2026-01-13 21:57:20",NULL
6718,Firozpur,0,"2026-01-13 21:57:20","2026-01-13 21:57:20",NULL
6719,Firozpur,0,"2026-01-13 21:57:20","2026-01-13 21:57:20",NULL
6720,Firozpur,0,"2026-01-13 21:57:20","2026-01-13 21:57:20",NULL
6721,Firozpur,0,"2026-01-13 21:57:20","2026-01-13 21:57:20",NULL
6722,Firozpur,0,"2026-01-13 21:57:20","2026-01-13 21:57:20",NULL
6723,Firozpur,0,"2026-01-13 21:57:20","2026-01-13 21:57:20",NULL
6724,Firozpur,0,"2026-01-13 21:57:20","2026-01-13 21:57:20",NULL
6725,Firozpur,0,"2026-01-13 21:57:20","2026-01-13 21:57:20",NULL
6726,Firozpur,0,"2026-01-13 21:57:20","2026-01-13 21:57:20",NULL
6727,Firozpur,0,"2026-01-13 21:57:20","2026-01-13 21:57:20",NULL
6728,Firozpur,0,"2026-01-13 21:57:20","2026-01-13 21:57:20",NULL
6729,Firozpur,0,"2026-01-13 21:57:20","2026-01-13 21:57:20",NULL
6730,Firozpur,0,"2026-01-13 21:57:20","2026-01-13 21:57:20",NULL
6731,Firozpur,0,"2026-01-13 21:57:20","2026-01-13 21:57:20",NULL
6732,Muktsar,0,"2026-01-13 21:57:20","2026-01-13 21:57:20",NULL
6733,Firozpur,0,"2026-01-13 21:57:20","2026-01-13 21:57:20",NULL
6734,Firozpur,0,"2026-01-13 21:57:20","2026-01-13 21:57:20",NULL
6735,Firozpur,0,"2026-01-13 21:57:20","2026-01-13 21:57:20",NULL
6736,Firozpur,0,"2026-01-13 21:57:20","2026-01-13 21:57:20",NULL
6737,Firozpur,0,"2026-01-13 21:57:20","2026-01-13 21:57:20",NULL
6738,Firozpur,0,"2026-01-13 21:57:20","2026-01-13 21:57:20",NULL
6739,Firozpur,0,"2026-01-13 21:57:20","2026-01-13 21:57:20",NULL
6740,Firozpur,0,"2026-01-13 21:57:20","2026-01-13 21:57:20",NULL
6741,Firozpur,0,"2026-01-13 21:57:20","2026-01-13 21:57:20",NULL
6742,Firozpur,0,"2026-01-13 21:57:20","2026-01-13 21:57:20",NULL
6743,Firozpur,0,"2026-01-13 21:57:20","2026-01-13 21:57:20",NULL
6744,Firozpur,0,"2026-01-13 21:57:20","2026-01-13 21:57:20",NULL
6745,Firozpur,0,"2026-01-13 21:57:20","2026-01-13 21:57:20",NULL
6746,Firozpur,0,"2026-01-13 21:57:20","2026-01-13 21:57:20",NULL
6747,Firozpur,0,"2026-01-13 21:57:20","2026-01-13 21:57:20",NULL
6748,Firozpur,0,"2026-01-13 21:57:20","2026-01-13 21:57:20",NULL
6749,Firozpur,0,"2026-01-13 21:57:20","2026-01-13 21:57:20",NULL
6750,Firozpur,0,"2026-01-13 21:57:20","2026-01-13 21:57:20",NULL
6751,Firozpur,0,"2026-01-13 21:57:20","2026-01-13 21:57:20",NULL
6752,Firozpur,0,"2026-01-13 21:57:20","2026-01-13 21:57:20",NULL
6753,Firozpur,0,"2026-01-13 21:57:20","2026-01-13 21:57:20",NULL
6754,Firozpur,0,"2026-01-13 21:57:20","2026-01-13 21:57:20",NULL
6755,Firozpur,0,"2026-01-13 21:57:20","2026-01-13 21:57:20",NULL
6756,Firozpur,0,"2026-01-13 21:57:20","2026-01-13 21:57:20",NULL
6757,Firozpur,0,"2026-01-13 21:57:20","2026-01-13 21:57:20",NULL
6758,Firozpur,0,"2026-01-13 21:57:20","2026-01-13 21:57:20",NULL
6759,Firozpur,0,"2026-01-13 21:57:21","2026-01-13 21:57:21",NULL
6760,Firozpur,0,"2026-01-13 21:57:21","2026-01-13 21:57:21",NULL
6761,Firozpur,0,"2026-01-13 21:57:21","2026-01-13 21:57:21",NULL
6762,Firozpur,0,"2026-01-13 21:57:21","2026-01-13 21:57:21",NULL
6763,Firozpur,0,"2026-01-13 21:57:21","2026-01-13 21:57:21",NULL
6764,Firozpur,0,"2026-01-13 21:57:21","2026-01-13 21:57:21",NULL
6765,Firozpur,0,"2026-01-13 21:57:21","2026-01-13 21:57:21",NULL
6766,Firozpur,0,"2026-01-13 21:57:21","2026-01-13 21:57:21",NULL
6767,Firozpur,0,"2026-01-13 21:57:21","2026-01-13 21:57:21",NULL
6768,Firozpur,0,"2026-01-13 21:57:21","2026-01-13 21:57:21",NULL
6769,Firozpur,0,"2026-01-13 21:57:21","2026-01-13 21:57:21",NULL
6770,Firozpur,0,"2026-01-13 21:57:21","2026-01-13 21:57:21",NULL
6771,Firozpur,0,"2026-01-13 21:57:21","2026-01-13 21:57:21",NULL
6772,Firozpur,0,"2026-01-13 21:57:21","2026-01-13 21:57:21",NULL
6773,Firozpur,0,"2026-01-13 21:57:21","2026-01-13 21:57:21",NULL
6774,Firozpur,0,"2026-01-13 21:57:21","2026-01-13 21:57:21",NULL
6775,Firozpur,0,"2026-01-13 21:57:21","2026-01-13 21:57:21",NULL
6776,Firozpur,0,"2026-01-13 21:57:21","2026-01-13 21:57:21",NULL
6777,Firozpur,0,"2026-01-13 21:57:21","2026-01-13 21:57:21",NULL
6778,Firozpur,0,"2026-01-13 21:57:21","2026-01-13 21:57:21",NULL
6779,Firozpur,0,"2026-01-13 21:57:21","2026-01-13 21:57:21",NULL
6780,Firozpur,0,"2026-01-13 21:57:21","2026-01-13 21:57:21",NULL
6781,Muktsar,0,"2026-01-13 21:57:21","2026-01-13 21:57:21",NULL
6782,Muktsar,0,"2026-01-13 21:57:21","2026-01-13 21:57:21",NULL
6783,Muktsar,0,"2026-01-13 21:57:21","2026-01-13 21:57:21",NULL
6784,Muktsar,0,"2026-01-13 21:57:21","2026-01-13 21:57:21",NULL
6785,Muktsar,0,"2026-01-13 21:57:21","2026-01-13 21:57:21",NULL
6786,Muktsar,0,"2026-01-13 21:57:21","2026-01-13 21:57:21",NULL
6787,Firozpur,0,"2026-01-13 21:57:21","2026-01-13 21:57:21",NULL
6788,Firozpur,0,"2026-01-13 21:57:21","2026-01-13 21:57:21",NULL
6789,Firozpur,0,"2026-01-13 21:57:21","2026-01-13 21:57:21",NULL
6790,Firozpur,0,"2026-01-13 21:57:21","2026-01-13 21:57:21",NULL
6791,Firozpur,0,"2026-01-13 21:57:21","2026-01-13 21:57:21",NULL
6792,Firozpur,0,"2026-01-13 21:57:21","2026-01-13 21:57:21",NULL
6793,Firozpur,0,"2026-01-13 21:57:21","2026-01-13 21:57:21",NULL
6794,Muktsar,0,"2026-01-13 21:57:21","2026-01-13 21:57:21",NULL
6795,Muktsar,0,"2026-01-13 21:57:21","2026-01-13 21:57:21",NULL
6796,Muktsar,0,"2026-01-13 21:57:21","2026-01-13 21:57:21",NULL
6797,Muktsar,0,"2026-01-13 21:57:21","2026-01-13 21:57:21",NULL
6798,Firozpur,0,"2026-01-13 21:57:21","2026-01-13 21:57:21",NULL
6799,Muktsar,0,"2026-01-13 21:57:21","2026-01-13 21:57:21",NULL
6800,Muktsar,0,"2026-01-13 21:57:21","2026-01-13 21:57:21",NULL
6801,Faridkot,0,"2026-01-13 21:57:21","2026-01-13 21:57:21",NULL
6802,Muktsar,0,"2026-01-13 21:57:21","2026-01-13 21:57:21",NULL
6803,Muktsar,0,"2026-01-13 21:57:21","2026-01-13 21:57:21",NULL
6804,Muktsar,0,"2026-01-13 21:57:21","2026-01-13 21:57:21",NULL
6805,Muktsar,0,"2026-01-13 21:57:21","2026-01-13 21:57:21",NULL
6806,Muktsar,0,"2026-01-13 21:57:21","2026-01-13 21:57:21",NULL
6807,Muktsar,0,"2026-01-13 21:57:21","2026-01-13 21:57:21",NULL
6808,Muktsar,0,"2026-01-13 21:57:21","2026-01-13 21:57:21",NULL
6809,Muktsar,0,"2026-01-13 21:57:21","2026-01-13 21:57:21",NULL
6810,Muktsar,0,"2026-01-13 21:57:21","2026-01-13 21:57:21",NULL
6811,Muktsar,0,"2026-01-13 21:57:21","2026-01-13 21:57:21",NULL
6812,Muktsar,0,"2026-01-13 21:57:21","2026-01-13 21:57:21",NULL
6813,Muktsar,0,"2026-01-13 21:57:21","2026-01-13 21:57:21",NULL
6814,Muktsar,0,"2026-01-13 21:57:21","2026-01-13 21:57:21",NULL
6815,Muktsar,0,"2026-01-13 21:57:21","2026-01-13 21:57:21",NULL
6816,Muktsar,0,"2026-01-13 21:57:21","2026-01-13 21:57:21",NULL
6817,Muktsar,0,"2026-01-13 21:57:21","2026-01-13 21:57:21",NULL
6818,Muktsar,0,"2026-01-13 21:57:21","2026-01-13 21:57:21",NULL
6819,Muktsar,0,"2026-01-13 21:57:21","2026-01-13 21:57:21",NULL
6820,Muktsar,0,"2026-01-13 21:57:21","2026-01-13 21:57:21",NULL
6821,Muktsar,0,"2026-01-13 21:57:21","2026-01-13 21:57:21",NULL
6822,Muktsar,0,"2026-01-13 21:57:21","2026-01-13 21:57:21",NULL
6823,Firozpur,0,"2026-01-13 21:57:21","2026-01-13 21:57:21",NULL
6824,Muktsar,0,"2026-01-13 21:57:21","2026-01-13 21:57:21",NULL
6825,Muktsar,0,"2026-01-13 21:57:21","2026-01-13 21:57:21",NULL
6826,Muktsar,0,"2026-01-13 21:57:21","2026-01-13 21:57:21",NULL
6827,Firozpur,0,"2026-01-13 21:57:21","2026-01-13 21:57:21",NULL
6828,Firozpur,0,"2026-01-13 21:57:21","2026-01-13 21:57:21",NULL
6829,Moga,0,"2026-01-13 21:57:21","2026-01-13 21:57:21",NULL
6830,Firozpur,0,"2026-01-13 21:57:21","2026-01-13 21:57:21",NULL
6831,Firozpur,0,"2026-01-13 21:57:21","2026-01-13 21:57:21",NULL
6832,Moga,0,"2026-01-13 21:57:21","2026-01-13 21:57:21",NULL
6833,Moga,0,"2026-01-13 21:57:21","2026-01-13 21:57:21",NULL
6834,Firozpur,0,"2026-01-13 21:57:21","2026-01-13 21:57:21",NULL
6835,Firozpur,0,"2026-01-13 21:57:21","2026-01-13 21:57:21",NULL
6836,Moga,0,"2026-01-13 21:57:21","2026-01-13 21:57:21",NULL
6837,Firozpur,0,"2026-01-13 21:57:21","2026-01-13 21:57:21",NULL
6838,Firozpur,0,"2026-01-13 21:57:21","2026-01-13 21:57:21",NULL
6839,Muktsar,0,"2026-01-13 21:57:21","2026-01-13 21:57:21",NULL
6840,Muktsar,0,"2026-01-13 21:57:21","2026-01-13 21:57:21",NULL
6841,Muktsar,0,"2026-01-13 21:57:21","2026-01-13 21:57:21",NULL
6842,Muktsar,0,"2026-01-13 21:57:21","2026-01-13 21:57:21",NULL
6843,Muktsar,0,"2026-01-13 21:57:21","2026-01-13 21:57:21",NULL
6844,Muktsar,0,"2026-01-13 21:57:21","2026-01-13 21:57:21",NULL
6845,Muktsar,0,"2026-01-13 21:57:21","2026-01-13 21:57:21",NULL
6846,Muktsar,0,"2026-01-13 21:57:21","2026-01-13 21:57:21",NULL
6847,Muktsar,0,"2026-01-13 21:57:21","2026-01-13 21:57:21",NULL
6848,Muktsar,0,"2026-01-13 21:57:21","2026-01-13 21:57:21",NULL
6849,Muktsar,0,"2026-01-13 21:57:21","2026-01-13 21:57:21",NULL
6850,Muktsar,0,"2026-01-13 21:57:21","2026-01-13 21:57:21",NULL
6851,Muktsar,0,"2026-01-13 21:57:21","2026-01-13 21:57:21",NULL
6852,Muktsar,0,"2026-01-13 21:57:21","2026-01-13 21:57:21",NULL
6853,Muktsar,0,"2026-01-13 21:57:21","2026-01-13 21:57:21",NULL
6854,Muktsar,0,"2026-01-13 21:57:21","2026-01-13 21:57:21",NULL
6855,Muktsar,0,"2026-01-13 21:57:21","2026-01-13 21:57:21",NULL
6856,Muktsar,0,"2026-01-13 21:57:21","2026-01-13 21:57:21",NULL
6857,Muktsar,0,"2026-01-13 21:57:21","2026-01-13 21:57:21",NULL
6858,Muktsar,0,"2026-01-13 21:57:21","2026-01-13 21:57:21",NULL
6859,Muktsar,0,"2026-01-13 21:57:21","2026-01-13 21:57:21",NULL
6860,Muktsar,0,"2026-01-13 21:57:21","2026-01-13 21:57:21",NULL
6861,Muktsar,0,"2026-01-13 21:57:21","2026-01-13 21:57:21",NULL
6862,Muktsar,0,"2026-01-13 21:57:21","2026-01-13 21:57:21",NULL
6863,Muktsar,0,"2026-01-13 21:57:21","2026-01-13 21:57:21",NULL
6864,Muktsar,0,"2026-01-13 21:57:21","2026-01-13 21:57:21",NULL
6865,Muktsar,0,"2026-01-13 21:57:21","2026-01-13 21:57:21",NULL
6866,Muktsar,0,"2026-01-13 21:57:21","2026-01-13 21:57:21",NULL
6867,Muktsar,0,"2026-01-13 21:57:21","2026-01-13 21:57:21",NULL
6868,Muktsar,0,"2026-01-13 21:57:21","2026-01-13 21:57:21",NULL
6869,Muktsar,0,"2026-01-13 21:57:21","2026-01-13 21:57:21",NULL
6870,Muktsar,0,"2026-01-13 21:57:21","2026-01-13 21:57:21",NULL
6871,Muktsar,0,"2026-01-13 21:57:21","2026-01-13 21:57:21",NULL
6872,Muktsar,0,"2026-01-13 21:57:21","2026-01-13 21:57:21",NULL
6873,Muktsar,0,"2026-01-13 21:57:21","2026-01-13 21:57:21",NULL
6874,Muktsar,0,"2026-01-13 21:57:21","2026-01-13 21:57:21",NULL
6875,Muktsar,0,"2026-01-13 21:57:21","2026-01-13 21:57:21",NULL
6876,Muktsar,0,"2026-01-13 21:57:21","2026-01-13 21:57:21",NULL
6877,Muktsar,0,"2026-01-13 21:57:21","2026-01-13 21:57:21",NULL
6878,Muktsar,0,"2026-01-13 21:57:21","2026-01-13 21:57:21",NULL
6879,Muktsar,0,"2026-01-13 21:57:21","2026-01-13 21:57:21",NULL
6880,Muktsar,0,"2026-01-13 21:57:21","2026-01-13 21:57:21",NULL
6881,Muktsar,0,"2026-01-13 21:57:21","2026-01-13 21:57:21",NULL
6882,Muktsar,0,"2026-01-13 21:57:21","2026-01-13 21:57:21",NULL
6883,Muktsar,0,"2026-01-13 21:57:21","2026-01-13 21:57:21",NULL
6884,Muktsar,0,"2026-01-13 21:57:21","2026-01-13 21:57:21",NULL
6885,Muktsar,0,"2026-01-13 21:57:21","2026-01-13 21:57:21",NULL
6886,Muktsar,0,"2026-01-13 21:57:21","2026-01-13 21:57:21",NULL
6887,Muktsar,0,"2026-01-13 21:57:21","2026-01-13 21:57:21",NULL
6888,Muktsar,0,"2026-01-13 21:57:21","2026-01-13 21:57:21",NULL
6889,Muktsar,0,"2026-01-13 21:57:21","2026-01-13 21:57:21",NULL
6890,Muktsar,0,"2026-01-13 21:57:21","2026-01-13 21:57:21",NULL
6891,Muktsar,0,"2026-01-13 21:57:21","2026-01-13 21:57:21",NULL
6892,Muktsar,0,"2026-01-13 21:57:21","2026-01-13 21:57:21",NULL
6893,Muktsar,0,"2026-01-13 21:57:21","2026-01-13 21:57:21",NULL
6894,Muktsar,0,"2026-01-13 21:57:21","2026-01-13 21:57:21",NULL
6895,Muktsar,0,"2026-01-13 21:57:21","2026-01-13 21:57:21",NULL
6896,Muktsar,0,"2026-01-13 21:57:21","2026-01-13 21:57:21",NULL
6897,Muktsar,0,"2026-01-13 21:57:21","2026-01-13 21:57:21",NULL
6898,Muktsar,0,"2026-01-13 21:57:21","2026-01-13 21:57:21",NULL
6899,Muktsar,0,"2026-01-13 21:57:21","2026-01-13 21:57:21",NULL
6900,Muktsar,0,"2026-01-13 21:57:21","2026-01-13 21:57:21",NULL
6901,Muktsar,0,"2026-01-13 21:57:21","2026-01-13 21:57:21",NULL
6902,Muktsar,0,"2026-01-13 21:57:21","2026-01-13 21:57:21",NULL
6903,Muktsar,0,"2026-01-13 21:57:21","2026-01-13 21:57:21",NULL
6904,Muktsar,0,"2026-01-13 21:57:21","2026-01-13 21:57:21",NULL
6905,Muktsar,0,"2026-01-13 21:57:21","2026-01-13 21:57:21",NULL
6906,Muktsar,0,"2026-01-13 21:57:21","2026-01-13 21:57:21",NULL
6907,Muktsar,0,"2026-01-13 21:57:21","2026-01-13 21:57:21",NULL
6908,Muktsar,0,"2026-01-13 21:57:21","2026-01-13 21:57:21",NULL
6909,Muktsar,0,"2026-01-13 21:57:21","2026-01-13 21:57:21",NULL
6910,Muktsar,0,"2026-01-13 21:57:21","2026-01-13 21:57:21",NULL
6911,Muktsar,0,"2026-01-13 21:57:21","2026-01-13 21:57:21",NULL
6912,Muktsar,0,"2026-01-13 21:57:21","2026-01-13 21:57:21",NULL
6913,Muktsar,0,"2026-01-13 21:57:21","2026-01-13 21:57:21",NULL
6914,Firozpur,0,"2026-01-13 21:57:21","2026-01-13 21:57:21",NULL
6915,Firozpur,0,"2026-01-13 21:57:21","2026-01-13 21:57:21",NULL
6916,Firozpur,0,"2026-01-13 21:57:21","2026-01-13 21:57:21",NULL
6917,Firozpur,0,"2026-01-13 21:57:21","2026-01-13 21:57:21",NULL
6918,Firozpur,0,"2026-01-13 21:57:21","2026-01-13 21:57:21",NULL
6919,Firozpur,0,"2026-01-13 21:57:21","2026-01-13 21:57:21",NULL
6920,Firozpur,0,"2026-01-13 21:57:21","2026-01-13 21:57:21",NULL
6921,Firozpur,0,"2026-01-13 21:57:21","2026-01-13 21:57:21",NULL
6922,Firozpur,0,"2026-01-13 21:57:21","2026-01-13 21:57:21",NULL
6923,Firozpur,0,"2026-01-13 21:57:21","2026-01-13 21:57:21",NULL
6924,Firozpur,0,"2026-01-13 21:57:21","2026-01-13 21:57:21",NULL
6925,Firozpur,0,"2026-01-13 21:57:21","2026-01-13 21:57:21",NULL
6926,Firozpur,0,"2026-01-13 21:57:21","2026-01-13 21:57:21",NULL
6927,Firozpur,0,"2026-01-13 21:57:21","2026-01-13 21:57:21",NULL
6928,Firozpur,0,"2026-01-13 21:57:21","2026-01-13 21:57:21",NULL
6929,Firozpur,0,"2026-01-13 21:57:21","2026-01-13 21:57:21",NULL
6930,Firozpur,0,"2026-01-13 21:57:21","2026-01-13 21:57:21",NULL
6931,Firozpur,0,"2026-01-13 21:57:21","2026-01-13 21:57:21",NULL
6932,Firozpur,0,"2026-01-13 21:57:21","2026-01-13 21:57:21",NULL
6933,Firozpur,0,"2026-01-13 21:57:21","2026-01-13 21:57:21",NULL
6934,Firozpur,0,"2026-01-13 21:57:21","2026-01-13 21:57:21",NULL
6935,Firozpur,0,"2026-01-13 21:57:21","2026-01-13 21:57:21",NULL
6936,Firozpur,0,"2026-01-13 21:57:21","2026-01-13 21:57:21",NULL
6937,Firozpur,0,"2026-01-13 21:57:21","2026-01-13 21:57:21",NULL
6938,Firozpur,0,"2026-01-13 21:57:21","2026-01-13 21:57:21",NULL
6939,Firozpur,0,"2026-01-13 21:57:21","2026-01-13 21:57:21",NULL
6940,Firozpur,0,"2026-01-13 21:57:21","2026-01-13 21:57:21",NULL
6941,Firozpur,0,"2026-01-13 21:57:21","2026-01-13 21:57:21",NULL
6942,Firozpur,0,"2026-01-13 21:57:21","2026-01-13 21:57:21",NULL
6943,Firozpur,0,"2026-01-13 21:57:21","2026-01-13 21:57:21",NULL
6944,Firozpur,0,"2026-01-13 21:57:21","2026-01-13 21:57:21",NULL
6945,Firozpur,0,"2026-01-13 21:57:21","2026-01-13 21:57:21",NULL
6946,Firozpur,0,"2026-01-13 21:57:21","2026-01-13 21:57:21",NULL
6947,Firozpur,0,"2026-01-13 21:57:21","2026-01-13 21:57:21",NULL
6948,Firozpur,0,"2026-01-13 21:57:21","2026-01-13 21:57:21",NULL
6949,Firozpur,0,"2026-01-13 21:57:21","2026-01-13 21:57:21",NULL
6950,Firozpur,0,"2026-01-13 21:57:21","2026-01-13 21:57:21",NULL
6951,Firozpur,0,"2026-01-13 21:57:21","2026-01-13 21:57:21",NULL
6952,Firozpur,0,"2026-01-13 21:57:21","2026-01-13 21:57:21",NULL
6953,Firozpur,0,"2026-01-13 21:57:21","2026-01-13 21:57:21",NULL
6954,Firozpur,0,"2026-01-13 21:57:21","2026-01-13 21:57:21",NULL
6955,Firozpur,0,"2026-01-13 21:57:21","2026-01-13 21:57:21",NULL
6956,Fazilka,0,"2026-01-13 21:57:21","2026-01-13 21:57:21",NULL
6957,Firozpur,0,"2026-01-13 21:57:21","2026-01-13 21:57:21",NULL
6958,Firozpur,0,"2026-01-13 21:57:21","2026-01-13 21:57:21",NULL
6959,Firozpur,0,"2026-01-13 21:57:21","2026-01-13 21:57:21",NULL
6960,Firozpur,0,"2026-01-13 21:57:21","2026-01-13 21:57:21",NULL
6961,Firozpur,0,"2026-01-13 21:57:21","2026-01-13 21:57:21",NULL
6962,Firozpur,0,"2026-01-13 21:57:21","2026-01-13 21:57:21",NULL
6963,Firozpur,0,"2026-01-13 21:57:21","2026-01-13 21:57:21",NULL
6964,Firozpur,0,"2026-01-13 21:57:21","2026-01-13 21:57:21",NULL
6965,Firozpur,0,"2026-01-13 21:57:21","2026-01-13 21:57:21",NULL
6966,Firozpur,0,"2026-01-13 21:57:21","2026-01-13 21:57:21",NULL
6967,Firozpur,0,"2026-01-13 21:57:21","2026-01-13 21:57:21",NULL
6968,Firozpur,0,"2026-01-13 21:57:21","2026-01-13 21:57:21",NULL
6969,Firozpur,0,"2026-01-13 21:57:21","2026-01-13 21:57:21",NULL
6970,Firozpur,0,"2026-01-13 21:57:21","2026-01-13 21:57:21",NULL
6971,Firozpur,0,"2026-01-13 21:57:21","2026-01-13 21:57:21",NULL
6972,Firozpur,0,"2026-01-13 21:57:21","2026-01-13 21:57:21",NULL
6973,Firozpur,0,"2026-01-13 21:57:21","2026-01-13 21:57:21",NULL
6974,Firozpur,0,"2026-01-13 21:57:21","2026-01-13 21:57:21",NULL
6975,Firozpur,0,"2026-01-13 21:57:21","2026-01-13 21:57:21",NULL
6976,Firozpur,0,"2026-01-13 21:57:21","2026-01-13 21:57:21",NULL
6977,Firozpur,0,"2026-01-13 21:57:21","2026-01-13 21:57:21",NULL
6978,Firozpur,0,"2026-01-13 21:57:21","2026-01-13 21:57:21",NULL
6979,Firozpur,0,"2026-01-13 21:57:21","2026-01-13 21:57:21",NULL
6980,Firozpur,0,"2026-01-13 21:57:21","2026-01-13 21:57:21",NULL
6981,Firozpur,0,"2026-01-13 21:57:21","2026-01-13 21:57:21",NULL
6982,Firozpur,0,"2026-01-13 21:57:21","2026-01-13 21:57:21",NULL
6983,Firozpur,0,"2026-01-13 21:57:21","2026-01-13 21:57:21",NULL
6984,Firozpur,0,"2026-01-13 21:57:21","2026-01-13 21:57:21",NULL
6985,Firozpur,0,"2026-01-13 21:57:21","2026-01-13 21:57:21",NULL
6986,Firozpur,0,"2026-01-13 21:57:21","2026-01-13 21:57:21",NULL
6987,Firozpur,0,"2026-01-13 21:57:21","2026-01-13 21:57:21",NULL
6988,Firozpur,0,"2026-01-13 21:57:21","2026-01-13 21:57:21",NULL
6989,Firozpur,0,"2026-01-13 21:57:21","2026-01-13 21:57:21",NULL
6990,Firozpur,0,"2026-01-13 21:57:21","2026-01-13 21:57:21",NULL
6991,Firozpur,0,"2026-01-13 21:57:21","2026-01-13 21:57:21",NULL
6992,Firozpur,0,"2026-01-13 21:57:21","2026-01-13 21:57:21",NULL
6993,Firozpur,0,"2026-01-13 21:57:21","2026-01-13 21:57:21",NULL
6994,Shimla,0,"2026-01-13 21:57:21","2026-01-13 21:57:21",NULL
6995,Firozpur,0,"2026-01-13 21:57:21","2026-01-13 21:57:21",NULL
6996,Firozpur,0,"2026-01-13 21:57:21","2026-01-13 21:57:21",NULL
6997,Firozpur,0,"2026-01-13 21:57:21","2026-01-13 21:57:21",NULL
6998,Firozpur,0,"2026-01-13 21:57:21","2026-01-13 21:57:21",NULL
6999,Firozpur,0,"2026-01-13 21:57:21","2026-01-13 21:57:21",NULL
7000,Firozpur,0,"2026-01-13 21:57:21","2026-01-13 21:57:21",NULL
7001,Firozpur,0,"2026-01-13 21:57:21","2026-01-13 21:57:21",NULL
7002,Firozpur,0,"2026-01-13 21:57:21","2026-01-13 21:57:21",NULL
7003,Firozpur,0,"2026-01-13 21:57:21","2026-01-13 21:57:21",NULL
7004,Firozpur,0,"2026-01-13 21:57:21","2026-01-13 21:57:21",NULL
7005,Firozpur,0,"2026-01-13 21:57:21","2026-01-13 21:57:21",NULL
7006,Firozpur,0,"2026-01-13 21:57:21","2026-01-13 21:57:21",NULL
7007,Firozpur,0,"2026-01-13 21:57:21","2026-01-13 21:57:21",NULL
7008,Firozpur,0,"2026-01-13 21:57:21","2026-01-13 21:57:21",NULL
7009,Firozpur,0,"2026-01-13 21:57:21","2026-01-13 21:57:21",NULL
7010,Firozpur,0,"2026-01-13 21:57:21","2026-01-13 21:57:21",NULL
7011,Firozpur,0,"2026-01-13 21:57:21","2026-01-13 21:57:21",NULL
7012,Chandigarh,0,"2026-01-13 21:57:21","2026-01-13 21:57:21",NULL
7013,Chandigarh,0,"2026-01-13 21:57:21","2026-01-13 21:57:21",NULL
7014,Chandigarh,0,"2026-01-13 21:57:21","2026-01-13 21:57:21",NULL
7015,Chandigarh,0,"2026-01-13 21:57:21","2026-01-13 21:57:21",NULL
7016,Chandigarh,0,"2026-01-13 21:57:21","2026-01-13 21:57:21",NULL
7017,Chandigarh,0,"2026-01-13 21:57:21","2026-01-13 21:57:21",NULL
7018,Chandigarh,0,"2026-01-13 21:57:21","2026-01-13 21:57:21",NULL
7019,Mohali,0,"2026-01-13 21:57:21","2026-01-13 21:57:21",NULL
7020,Chandigarh,0,"2026-01-13 21:57:21","2026-01-13 21:57:21",NULL
7021,Chandigarh,0,"2026-01-13 21:57:21","2026-01-13 21:57:21",NULL
7022,Chandigarh,0,"2026-01-13 21:57:21","2026-01-13 21:57:21",NULL
7023,Chandigarh,0,"2026-01-13 21:57:21","2026-01-13 21:57:21",NULL
7024,Chandigarh,0,"2026-01-13 21:57:21","2026-01-13 21:57:21",NULL
7025,Chandigarh,0,"2026-01-13 21:57:21","2026-01-13 21:57:21",NULL
7026,Chandigarh,0,"2026-01-13 21:57:21","2026-01-13 21:57:21",NULL
7027,Chandigarh,0,"2026-01-13 21:57:21","2026-01-13 21:57:21",NULL
7028,Rupnagar,0,"2026-01-13 21:57:21","2026-01-13 21:57:21",NULL
7029,Rupnagar,0,"2026-01-13 21:57:21","2026-01-13 21:57:21",NULL
7030,Firozpur,0,"2026-01-13 21:57:21","2026-01-13 21:57:21",NULL
7031,Firozpur,0,"2026-01-13 21:57:21","2026-01-13 21:57:21",NULL
7032,Firozpur,0,"2026-01-13 21:57:21","2026-01-13 21:57:21",NULL
7033,Firozpur,0,"2026-01-13 21:57:21","2026-01-13 21:57:21",NULL
7034,Firozpur,0,"2026-01-13 21:57:21","2026-01-13 21:57:21",NULL
7035,Firozpur,0,"2026-01-13 21:57:21","2026-01-13 21:57:21",NULL
7036,Firozpur,0,"2026-01-13 21:57:21","2026-01-13 21:57:21",NULL
7037,Firozpur,0,"2026-01-13 21:57:21","2026-01-13 21:57:21",NULL
7038,Firozpur,0,"2026-01-13 21:57:21","2026-01-13 21:57:21",NULL
7039,Firozpur,0,"2026-01-13 21:57:21","2026-01-13 21:57:21",NULL
7040,Firozpur,0,"2026-01-13 21:57:21","2026-01-13 21:57:21",NULL
7041,Firozpur,0,"2026-01-13 21:57:21","2026-01-13 21:57:21",NULL
7042,Firozpur,0,"2026-01-13 21:57:21","2026-01-13 21:57:21",NULL
7043,Firozpur,0,"2026-01-13 21:57:21","2026-01-13 21:57:21",NULL
7044,Firozpur,0,"2026-01-13 21:57:21","2026-01-13 21:57:21",NULL
7045,Firozpur,0,"2026-01-13 21:57:21","2026-01-13 21:57:21",NULL
7046,Firozpur,0,"2026-01-13 21:57:21","2026-01-13 21:57:21",NULL
7047,Firozpur,0,"2026-01-13 21:57:21","2026-01-13 21:57:21",NULL
7048,Firozpur,0,"2026-01-13 21:57:21","2026-01-13 21:57:21",NULL
7049,Firozpur,0,"2026-01-13 21:57:21","2026-01-13 21:57:21",NULL
7050,Firozpur,0,"2026-01-13 21:57:21","2026-01-13 21:57:21",NULL
7051,Firozpur,0,"2026-01-13 21:57:21","2026-01-13 21:57:21",NULL
7052,Shimla,0,"2026-01-13 21:57:21","2026-01-13 21:57:21",NULL
7053,Shimla,0,"2026-01-13 21:57:21","2026-01-13 21:57:21",NULL
7054,Shimla,0,"2026-01-13 21:57:21","2026-01-13 21:57:21",NULL
7055,Chandigarh,0,"2026-01-13 21:57:21","2026-01-13 21:57:21",NULL
7056,Chandigarh,0,"2026-01-13 21:57:21","2026-01-13 21:57:21",NULL
7057,Chandigarh,0,"2026-01-13 21:57:21","2026-01-13 21:57:21",NULL
7058,Chandigarh,0,"2026-01-13 21:57:21","2026-01-13 21:57:21",NULL
7059,Chandigarh,0,"2026-01-13 21:57:21","2026-01-13 21:57:21",NULL
7060,Chandigarh,0,"2026-01-13 21:57:21","2026-01-13 21:57:21",NULL
7061,Chandigarh,0,"2026-01-13 21:57:21","2026-01-13 21:57:21",NULL
7062,Chandigarh,0,"2026-01-13 21:57:21","2026-01-13 21:57:21",NULL
7063,Chandigarh,0,"2026-01-13 21:57:21","2026-01-13 21:57:21",NULL
7064,Chandigarh,0,"2026-01-13 21:57:21","2026-01-13 21:57:21",NULL
7065,Chandigarh,0,"2026-01-13 21:57:21","2026-01-13 21:57:21",NULL
7066,Chandigarh,0,"2026-01-13 21:57:21","2026-01-13 21:57:21",NULL
7067,Chandigarh,0,"2026-01-13 21:57:21","2026-01-13 21:57:21",NULL
7068,Chandigarh,0,"2026-01-13 21:57:21","2026-01-13 21:57:21",NULL
7069,Chandigarh,0,"2026-01-13 21:57:21","2026-01-13 21:57:21",NULL
7070,Chandigarh,0,"2026-01-13 21:57:21","2026-01-13 21:57:21",NULL
7071,Chandigarh,0,"2026-01-13 21:57:21","2026-01-13 21:57:21",NULL
7072,Chandigarh,0,"2026-01-13 21:57:21","2026-01-13 21:57:21",NULL
7073,Chandigarh,0,"2026-01-13 21:57:21","2026-01-13 21:57:21",NULL
7074,Chandigarh,0,"2026-01-13 21:57:21","2026-01-13 21:57:21",NULL
7075,Chandigarh,0,"2026-01-13 21:57:21","2026-01-13 21:57:21",NULL
7076,Chandigarh,0,"2026-01-13 21:57:21","2026-01-13 21:57:21",NULL
7077,Chandigarh,0,"2026-01-13 21:57:21","2026-01-13 21:57:21",NULL
7078,Chandigarh,0,"2026-01-13 21:57:21","2026-01-13 21:57:21",NULL
7079,Chandigarh,0,"2026-01-13 21:57:21","2026-01-13 21:57:21",NULL
7080,Chandigarh,0,"2026-01-13 21:57:21","2026-01-13 21:57:21",NULL
7081,Chandigarh,0,"2026-01-13 21:57:21","2026-01-13 21:57:21",NULL
7082,Rupnagar,0,"2026-01-13 21:57:21","2026-01-13 21:57:21",NULL
7083,Rupnagar,0,"2026-01-13 21:57:21","2026-01-13 21:57:21",NULL
7084,Rupnagar,0,"2026-01-13 21:57:21","2026-01-13 21:57:21",NULL
7085,Rupnagar,0,"2026-01-13 21:57:21","2026-01-13 21:57:21",NULL
7086,Rupnagar,0,"2026-01-13 21:57:21","2026-01-13 21:57:21",NULL
7087,Rupnagar,0,"2026-01-13 21:57:21","2026-01-13 21:57:21",NULL
7088,Rupnagar,0,"2026-01-13 21:57:21","2026-01-13 21:57:21",NULL
7089,Rupnagar,0,"2026-01-13 21:57:21","2026-01-13 21:57:21",NULL
7090,Rupnagar,0,"2026-01-13 21:57:21","2026-01-13 21:57:21",NULL
7091,Rupnagar,0,"2026-01-13 21:57:21","2026-01-13 21:57:21",NULL
7092,Rupnagar,0,"2026-01-13 21:57:21","2026-01-13 21:57:21",NULL
7093,Chandigarh,0,"2026-01-13 21:57:21","2026-01-13 21:57:21",NULL
7094,Chandigarh,0,"2026-01-13 21:57:21","2026-01-13 21:57:21",NULL
7095,Chandigarh,0,"2026-01-13 21:57:21","2026-01-13 21:57:21",NULL
7096,Chandigarh,0,"2026-01-13 21:57:21","2026-01-13 21:57:21",NULL
7097,Chandigarh,0,"2026-01-13 21:57:21","2026-01-13 21:57:21",NULL
7098,Chandigarh,0,"2026-01-13 21:57:21","2026-01-13 21:57:21",NULL
7099,Mohali,0,"2026-01-13 21:57:21","2026-01-13 21:57:21",NULL
7100,Mohali,0,"2026-01-13 21:57:21","2026-01-13 21:57:21",NULL
7101,Shimla,0,"2026-01-13 21:57:21","2026-01-13 21:57:21",NULL
7102,Shimla,0,"2026-01-13 21:57:21","2026-01-13 21:57:21",NULL
7103,Shimla,0,"2026-01-13 21:57:21","2026-01-13 21:57:21",NULL
7104,Shimla,0,"2026-01-13 21:57:21","2026-01-13 21:57:21",NULL
7105,Shimla,0,"2026-01-13 21:57:21","2026-01-13 21:57:21",NULL
7106,Shimla,0,"2026-01-13 21:57:21","2026-01-13 21:57:21",NULL
7107,Shimla,0,"2026-01-13 21:57:21","2026-01-13 21:57:21",NULL
7108,Shimla,0,"2026-01-13 21:57:21","2026-01-13 21:57:21",NULL
7109,Shimla,0,"2026-01-13 21:57:21","2026-01-13 21:57:21",NULL
7110,Shimla,0,"2026-01-13 21:57:21","2026-01-13 21:57:21",NULL
7111,Shimla,0,"2026-01-13 21:57:21","2026-01-13 21:57:21",NULL
7112,Shimla,0,"2026-01-13 21:57:21","2026-01-13 21:57:21",NULL
7113,Shimla,0,"2026-01-13 21:57:21","2026-01-13 21:57:21",NULL
7114,Shimla,0,"2026-01-13 21:57:21","2026-01-13 21:57:21",NULL
7115,Shimla,0,"2026-01-13 21:57:21","2026-01-13 21:57:21",NULL
7116,Shimla,0,"2026-01-13 21:57:21","2026-01-13 21:57:21",NULL
7117,Shimla,0,"2026-01-13 21:57:21","2026-01-13 21:57:21",NULL
7118,Shimla,0,"2026-01-13 21:57:21","2026-01-13 21:57:21",NULL
7119,Shimla,0,"2026-01-13 21:57:21","2026-01-13 21:57:21",NULL
7120,Shimla,0,"2026-01-13 21:57:21","2026-01-13 21:57:21",NULL
7121,Shimla,0,"2026-01-13 21:57:21","2026-01-13 21:57:21",NULL
7122,Shimla,0,"2026-01-13 21:57:21","2026-01-13 21:57:21",NULL
7123,Shimla,0,"2026-01-13 21:57:21","2026-01-13 21:57:21",NULL
7124,Shimla,0,"2026-01-13 21:57:21","2026-01-13 21:57:21",NULL
7125,Shimla,0,"2026-01-13 21:57:21","2026-01-13 21:57:21",NULL
7126,Shimla,0,"2026-01-13 21:57:21","2026-01-13 21:57:21",NULL
7127,Shimla,0,"2026-01-13 21:57:21","2026-01-13 21:57:21",NULL
7128,Shimla,0,"2026-01-13 21:57:21","2026-01-13 21:57:21",NULL
7129,Shimla,0,"2026-01-13 21:57:21","2026-01-13 21:57:21",NULL
7130,Shimla,0,"2026-01-13 21:57:21","2026-01-13 21:57:21",NULL
7131,Shimla,0,"2026-01-13 21:57:21","2026-01-13 21:57:21",NULL
7132,Shimla,0,"2026-01-13 21:57:21","2026-01-13 21:57:21",NULL
7133,Shimla,0,"2026-01-13 21:57:21","2026-01-13 21:57:21",NULL
7134,Shimla,0,"2026-01-13 21:57:21","2026-01-13 21:57:21",NULL
7135,Shimla,0,"2026-01-13 21:57:21","2026-01-13 21:57:21",NULL
7136,Shimla,0,"2026-01-13 21:57:21","2026-01-13 21:57:21",NULL
7137,Shimla,0,"2026-01-13 21:57:21","2026-01-13 21:57:21",NULL
7138,Shimla,0,"2026-01-13 21:57:21","2026-01-13 21:57:21",NULL
7139,Shimla,0,"2026-01-13 21:57:21","2026-01-13 21:57:21",NULL
7140,Shimla,0,"2026-01-13 21:57:21","2026-01-13 21:57:21",NULL
7141,Shimla,0,"2026-01-13 21:57:21","2026-01-13 21:57:21",NULL
7142,Shimla,0,"2026-01-13 21:57:21","2026-01-13 21:57:21",NULL
7143,Shimla,0,"2026-01-13 21:57:21","2026-01-13 21:57:21",NULL
7144,Shimla,0,"2026-01-13 21:57:21","2026-01-13 21:57:21",NULL
7145,Shimla,0,"2026-01-13 21:57:21","2026-01-13 21:57:21",NULL
7146,Shimla,0,"2026-01-13 21:57:21","2026-01-13 21:57:21",NULL
7147,Shimla,0,"2026-01-13 21:57:21","2026-01-13 21:57:21",NULL
7148,Shimla,0,"2026-01-13 21:57:21","2026-01-13 21:57:21",NULL
7149,Shimla,0,"2026-01-13 21:57:21","2026-01-13 21:57:21",NULL
7150,Shimla,0,"2026-01-13 21:57:21","2026-01-13 21:57:21",NULL
7151,Shimla,0,"2026-01-13 21:57:21","2026-01-13 21:57:21",NULL
7152,Shimla,0,"2026-01-13 21:57:21","2026-01-13 21:57:21",NULL
7153,Shimla,0,"2026-01-13 21:57:21","2026-01-13 21:57:21",NULL
7154,Shimla,0,"2026-01-13 21:57:21","2026-01-13 21:57:21",NULL
7155,Shimla,0,"2026-01-13 21:57:21","2026-01-13 21:57:21",NULL
7156,Shimla,0,"2026-01-13 21:57:21","2026-01-13 21:57:21",NULL
7157,Shimla,0,"2026-01-13 21:57:21","2026-01-13 21:57:21",NULL
7158,Shimla,0,"2026-01-13 21:57:21","2026-01-13 21:57:21",NULL
7159,Shimla,0,"2026-01-13 21:57:21","2026-01-13 21:57:21",NULL
7160,Shimla,0,"2026-01-13 21:57:21","2026-01-13 21:57:21",NULL
7161,Shimla,0,"2026-01-13 21:57:21","2026-01-13 21:57:21",NULL
7162,Shimla,0,"2026-01-13 21:57:21","2026-01-13 21:57:21",NULL
7163,Shimla,0,"2026-01-13 21:57:21","2026-01-13 21:57:21",NULL
7164,Shimla,0,"2026-01-13 21:57:21","2026-01-13 21:57:21",NULL
7165,Shimla,0,"2026-01-13 21:57:21","2026-01-13 21:57:21",NULL
7166,Shimla,0,"2026-01-13 21:57:21","2026-01-13 21:57:21",NULL
7167,Shimla,0,"2026-01-13 21:57:21","2026-01-13 21:57:21",NULL
7168,Shimla,0,"2026-01-13 21:57:21","2026-01-13 21:57:21",NULL
7169,Shimla,0,"2026-01-13 21:57:21","2026-01-13 21:57:21",NULL
7170,Shimla,0,"2026-01-13 21:57:21","2026-01-13 21:57:21",NULL
7171,Shimla,0,"2026-01-13 21:57:21","2026-01-13 21:57:21",NULL
7172,Solan,0,"2026-01-13 21:57:21","2026-01-13 21:57:21",NULL
7173,Solan,0,"2026-01-13 21:57:21","2026-01-13 21:57:21",NULL
7174,Solan,0,"2026-01-13 21:57:21","2026-01-13 21:57:21",NULL
7175,Solan,0,"2026-01-13 21:57:21","2026-01-13 21:57:21",NULL
7176,Solan,0,"2026-01-13 21:57:21","2026-01-13 21:57:21",NULL
7177,Solan,0,"2026-01-13 21:57:21","2026-01-13 21:57:21",NULL
7178,Solan,0,"2026-01-13 21:57:21","2026-01-13 21:57:21",NULL
7179,Solan,0,"2026-01-13 21:57:21","2026-01-13 21:57:21",NULL
7180,Solan,0,"2026-01-13 21:57:21","2026-01-13 21:57:21",NULL
7181,Solan,0,"2026-01-13 21:57:21","2026-01-13 21:57:21",NULL
7182,Solan,0,"2026-01-13 21:57:21","2026-01-13 21:57:21",NULL
7183,Shimla,0,"2026-01-13 21:57:21","2026-01-13 21:57:21",NULL
7184,Shimla,0,"2026-01-13 21:57:21","2026-01-13 21:57:21",NULL
7185,Shimla,0,"2026-01-13 21:57:21","2026-01-13 21:57:21",NULL
7186,Shimla,0,"2026-01-13 21:57:21","2026-01-13 21:57:21",NULL
7187,Shimla,0,"2026-01-13 21:57:21","2026-01-13 21:57:21",NULL
7188,Shimla,0,"2026-01-13 21:57:21","2026-01-13 21:57:21",NULL
7189,Shimla,0,"2026-01-13 21:57:21","2026-01-13 21:57:21",NULL
7190,Shimla,0,"2026-01-13 21:57:21","2026-01-13 21:57:21",NULL
7191,Shimla,0,"2026-01-13 21:57:21","2026-01-13 21:57:21",NULL
7192,Shimla,0,"2026-01-13 21:57:21","2026-01-13 21:57:21",NULL
7193,Shimla,0,"2026-01-13 21:57:21","2026-01-13 21:57:21",NULL
7194,Shimla,0,"2026-01-13 21:57:21","2026-01-13 21:57:21",NULL
7195,Shimla,0,"2026-01-13 21:57:21","2026-01-13 21:57:21",NULL
7196,Shimla,0,"2026-01-13 21:57:21","2026-01-13 21:57:21",NULL
7197,Shimla,0,"2026-01-13 21:57:21","2026-01-13 21:57:21",NULL
7198,Shimla,0,"2026-01-13 21:57:21","2026-01-13 21:57:21",NULL
7199,Shimla,0,"2026-01-13 21:57:21","2026-01-13 21:57:21",NULL
7200,Shimla,0,"2026-01-13 21:57:21","2026-01-13 21:57:21",NULL
7201,Shimla,0,"2026-01-13 21:57:21","2026-01-13 21:57:21",NULL
7202,Shimla,0,"2026-01-13 21:57:21","2026-01-13 21:57:21",NULL
7203,Shimla,0,"2026-01-13 21:57:21","2026-01-13 21:57:21",NULL
7204,Shimla,0,"2026-01-13 21:57:21","2026-01-13 21:57:21",NULL
7205,Shimla,0,"2026-01-13 21:57:21","2026-01-13 21:57:21",NULL
7206,Shimla,0,"2026-01-13 21:57:21","2026-01-13 21:57:21",NULL
7207,Shimla,0,"2026-01-13 21:57:21","2026-01-13 21:57:21",NULL
7208,Shimla,0,"2026-01-13 21:57:21","2026-01-13 21:57:21",NULL
7209,Shimla,0,"2026-01-13 21:57:21","2026-01-13 21:57:21",NULL
7210,Shimla,0,"2026-01-13 21:57:21","2026-01-13 21:57:21",NULL
7211,Shimla,0,"2026-01-13 21:57:21","2026-01-13 21:57:21",NULL
7212,Shimla,0,"2026-01-13 21:57:21","2026-01-13 21:57:21",NULL
7213,Shimla,0,"2026-01-13 21:57:21","2026-01-13 21:57:21",NULL
7214,Shimla,0,"2026-01-13 21:57:22","2026-01-13 21:57:22",NULL
7215,Shimla,0,"2026-01-13 21:57:22","2026-01-13 21:57:22",NULL
7216,Shimla,0,"2026-01-13 21:57:22","2026-01-13 21:57:22",NULL
7217,Shimla,0,"2026-01-13 21:57:22","2026-01-13 21:57:22",NULL
7218,Shimla,0,"2026-01-13 21:57:22","2026-01-13 21:57:22",NULL
7219,Shimla,0,"2026-01-13 21:57:22","2026-01-13 21:57:22",NULL
7220,Shimla,0,"2026-01-13 21:57:22","2026-01-13 21:57:22",NULL
7221,Shimla,0,"2026-01-13 21:57:22","2026-01-13 21:57:22",NULL
7222,Shimla,0,"2026-01-13 21:57:22","2026-01-13 21:57:22",NULL
7223,Shimla,0,"2026-01-13 21:57:22","2026-01-13 21:57:22",NULL
7224,Shimla,0,"2026-01-13 21:57:22","2026-01-13 21:57:22",NULL
7225,Shimla,0,"2026-01-13 21:57:22","2026-01-13 21:57:22",NULL
7226,Shimla,0,"2026-01-13 21:57:22","2026-01-13 21:57:22",NULL
7227,Shimla,0,"2026-01-13 21:57:22","2026-01-13 21:57:22",NULL
7228,Shimla,0,"2026-01-13 21:57:22","2026-01-13 21:57:22",NULL
7229,Shimla,0,"2026-01-13 21:57:22","2026-01-13 21:57:22",NULL
7230,Shimla,0,"2026-01-13 21:57:22","2026-01-13 21:57:22",NULL
7231,Shimla,0,"2026-01-13 21:57:22","2026-01-13 21:57:22",NULL
7232,Shimla,0,"2026-01-13 21:57:22","2026-01-13 21:57:22",NULL
7233,Shimla,0,"2026-01-13 21:57:22","2026-01-13 21:57:22",NULL
7234,Shimla,0,"2026-01-13 21:57:22","2026-01-13 21:57:22",NULL
7235,Shimla,0,"2026-01-13 21:57:22","2026-01-13 21:57:22",NULL
7236,Shimla,0,"2026-01-13 21:57:22","2026-01-13 21:57:22",NULL
7237,Shimla,0,"2026-01-13 21:57:22","2026-01-13 21:57:22",NULL
7238,Shimla,0,"2026-01-13 21:57:22","2026-01-13 21:57:22",NULL
7239,Shimla,0,"2026-01-13 21:57:22","2026-01-13 21:57:22",NULL
7240,Shimla,0,"2026-01-13 21:57:22","2026-01-13 21:57:22",NULL
7241,Shimla,0,"2026-01-13 21:57:22","2026-01-13 21:57:22",NULL
7242,Shimla,0,"2026-01-13 21:57:22","2026-01-13 21:57:22",NULL
7243,Shimla,0,"2026-01-13 21:57:22","2026-01-13 21:57:22",NULL
7244,Shimla,0,"2026-01-13 21:57:22","2026-01-13 21:57:22",NULL
7245,Shimla,0,"2026-01-13 21:57:22","2026-01-13 21:57:22",NULL
7246,Shimla,0,"2026-01-13 21:57:22","2026-01-13 21:57:22",NULL
7247,Shimla,0,"2026-01-13 21:57:22","2026-01-13 21:57:22",NULL
7248,Shimla,0,"2026-01-13 21:57:22","2026-01-13 21:57:22",NULL
7249,Shimla,0,"2026-01-13 21:57:22","2026-01-13 21:57:22",NULL
7250,Shimla,0,"2026-01-13 21:57:22","2026-01-13 21:57:22",NULL
7251,Shimla,0,"2026-01-13 21:57:22","2026-01-13 21:57:22",NULL
7252,Shimla,0,"2026-01-13 21:57:22","2026-01-13 21:57:22",NULL
7253,Shimla,0,"2026-01-13 21:57:22","2026-01-13 21:57:22",NULL
7254,Shimla,0,"2026-01-13 21:57:22","2026-01-13 21:57:22",NULL
7255,Shimla,0,"2026-01-13 21:57:22","2026-01-13 21:57:22",NULL
7256,Shimla,0,"2026-01-13 21:57:22","2026-01-13 21:57:22",NULL
7257,Shimla,0,"2026-01-13 21:57:22","2026-01-13 21:57:22",NULL
7258,Shimla,0,"2026-01-13 21:57:22","2026-01-13 21:57:22",NULL
7259,Shimla,0,"2026-01-13 21:57:22","2026-01-13 21:57:22",NULL
7260,Shimla,0,"2026-01-13 21:57:22","2026-01-13 21:57:22",NULL
7261,Shimla,0,"2026-01-13 21:57:22","2026-01-13 21:57:22",NULL
7262,Shimla,0,"2026-01-13 21:57:22","2026-01-13 21:57:22",NULL
7263,Shimla,0,"2026-01-13 21:57:22","2026-01-13 21:57:22",NULL
7264,Shimla,0,"2026-01-13 21:57:22","2026-01-13 21:57:22",NULL
7265,Shimla,0,"2026-01-13 21:57:22","2026-01-13 21:57:22",NULL
7266,Shimla,0,"2026-01-13 21:57:22","2026-01-13 21:57:22",NULL
7267,Shimla,0,"2026-01-13 21:57:22","2026-01-13 21:57:22",NULL
7268,Shimla,0,"2026-01-13 21:57:22","2026-01-13 21:57:22",NULL
7269,Shimla,0,"2026-01-13 21:57:22","2026-01-13 21:57:22",NULL
7270,Shimla,0,"2026-01-13 21:57:22","2026-01-13 21:57:22",NULL
7271,Shimla,0,"2026-01-13 21:57:22","2026-01-13 21:57:22",NULL
7272,Shimla,0,"2026-01-13 21:57:22","2026-01-13 21:57:22",NULL
7273,Shimla,0,"2026-01-13 21:57:22","2026-01-13 21:57:22",NULL
7274,Shimla,0,"2026-01-13 21:57:22","2026-01-13 21:57:22",NULL
7275,Shimla,0,"2026-01-13 21:57:22","2026-01-13 21:57:22",NULL
7276,Shimla,0,"2026-01-13 21:57:22","2026-01-13 21:57:22",NULL
7277,Shimla,0,"2026-01-13 21:57:22","2026-01-13 21:57:22",NULL
7278,Shimla,0,"2026-01-13 21:57:22","2026-01-13 21:57:22",NULL
7279,Shimla,0,"2026-01-13 21:57:22","2026-01-13 21:57:22",NULL
7280,Shimla,0,"2026-01-13 21:57:22","2026-01-13 21:57:22",NULL
7281,Shimla,0,"2026-01-13 21:57:22","2026-01-13 21:57:22",NULL
7282,Shimla,0,"2026-01-13 21:57:22","2026-01-13 21:57:22",NULL
7283,Shimla,0,"2026-01-13 21:57:22","2026-01-13 21:57:22",NULL
7284,Shimla,0,"2026-01-13 21:57:22","2026-01-13 21:57:22",NULL
7285,Shimla,0,"2026-01-13 21:57:22","2026-01-13 21:57:22",NULL
7286,Shimla,0,"2026-01-13 21:57:22","2026-01-13 21:57:22",NULL
7287,Shimla,0,"2026-01-13 21:57:22","2026-01-13 21:57:22",NULL
7288,Shimla,0,"2026-01-13 21:57:22","2026-01-13 21:57:22",NULL
7289,Shimla,0,"2026-01-13 21:57:22","2026-01-13 21:57:22",NULL
7290,Shimla,0,"2026-01-13 21:57:22","2026-01-13 21:57:22",NULL
7291,Shimla,0,"2026-01-13 21:57:22","2026-01-13 21:57:22",NULL
7292,Shimla,0,"2026-01-13 21:57:22","2026-01-13 21:57:22",NULL
7293,Shimla,0,"2026-01-13 21:57:22","2026-01-13 21:57:22",NULL
7294,Shimla,0,"2026-01-13 21:57:22","2026-01-13 21:57:22",NULL
7295,Shimla,0,"2026-01-13 21:57:22","2026-01-13 21:57:22",NULL
7296,Shimla,0,"2026-01-13 21:57:22","2026-01-13 21:57:22",NULL
7297,Shimla,0,"2026-01-13 21:57:22","2026-01-13 21:57:22",NULL
7298,Shimla,0,"2026-01-13 21:57:22","2026-01-13 21:57:22",NULL
7299,Shimla,0,"2026-01-13 21:57:22","2026-01-13 21:57:22",NULL
7300,Shimla,0,"2026-01-13 21:57:22","2026-01-13 21:57:22",NULL
7301,Shimla,0,"2026-01-13 21:57:22","2026-01-13 21:57:22",NULL
7302,Shimla,0,"2026-01-13 21:57:22","2026-01-13 21:57:22",NULL
7303,Shimla,0,"2026-01-13 21:57:22","2026-01-13 21:57:22",NULL
7304,Shimla,0,"2026-01-13 21:57:22","2026-01-13 21:57:22",NULL
7305,Shimla,0,"2026-01-13 21:57:22","2026-01-13 21:57:22",NULL
7306,Shimla,0,"2026-01-13 21:57:22","2026-01-13 21:57:22",NULL
7307,Shimla,0,"2026-01-13 21:57:22","2026-01-13 21:57:22",NULL
7308,Shimla,0,"2026-01-13 21:57:22","2026-01-13 21:57:22",NULL
7309,Shimla,0,"2026-01-13 21:57:22","2026-01-13 21:57:22",NULL
7310,Shimla,0,"2026-01-13 21:57:22","2026-01-13 21:57:22",NULL
7311,Shimla,0,"2026-01-13 21:57:22","2026-01-13 21:57:22",NULL
7312,Shimla,0,"2026-01-13 21:57:22","2026-01-13 21:57:22",NULL
7313,Shimla,0,"2026-01-13 21:57:22","2026-01-13 21:57:22",NULL
7314,Shimla,0,"2026-01-13 21:57:22","2026-01-13 21:57:22",NULL
7315,Shimla,0,"2026-01-13 21:57:22","2026-01-13 21:57:22",NULL
7316,Shimla,0,"2026-01-13 21:57:22","2026-01-13 21:57:22",NULL
7317,Shimla,0,"2026-01-13 21:57:22","2026-01-13 21:57:22",NULL
7318,Shimla,0,"2026-01-13 21:57:22","2026-01-13 21:57:22",NULL
7319,Shimla,0,"2026-01-13 21:57:22","2026-01-13 21:57:22",NULL
7320,Shimla,0,"2026-01-13 21:57:22","2026-01-13 21:57:22",NULL
7321,Shimla,0,"2026-01-13 21:57:22","2026-01-13 21:57:22",NULL
7322,Shimla,0,"2026-01-13 21:57:22","2026-01-13 21:57:22",NULL
7323,Shimla,0,"2026-01-13 21:57:22","2026-01-13 21:57:22",NULL
7324,Shimla,0,"2026-01-13 21:57:22","2026-01-13 21:57:22",NULL
7325,Shimla,0,"2026-01-13 21:57:22","2026-01-13 21:57:22",NULL
7326,Shimla,0,"2026-01-13 21:57:22","2026-01-13 21:57:22",NULL
7327,Shimla,0,"2026-01-13 21:57:22","2026-01-13 21:57:22",NULL
7328,Shimla,0,"2026-01-13 21:57:22","2026-01-13 21:57:22",NULL
7329,Shimla,0,"2026-01-13 21:57:22","2026-01-13 21:57:22",NULL
7330,Shimla,0,"2026-01-13 21:57:22","2026-01-13 21:57:22",NULL
7331,Shimla,0,"2026-01-13 21:57:22","2026-01-13 21:57:22",NULL
7332,Shimla,0,"2026-01-13 21:57:22","2026-01-13 21:57:22",NULL
7333,Shimla,0,"2026-01-13 21:57:22","2026-01-13 21:57:22",NULL
7334,Shimla,0,"2026-01-13 21:57:22","2026-01-13 21:57:22",NULL
7335,Shimla,0,"2026-01-13 21:57:22","2026-01-13 21:57:22",NULL
7336,Shimla,0,"2026-01-13 21:57:22","2026-01-13 21:57:22",NULL
7337,Shimla,0,"2026-01-13 21:57:22","2026-01-13 21:57:22",NULL
7338,Kinnaur,0,"2026-01-13 21:57:22","2026-01-13 21:57:22",NULL
7339,Shimla,0,"2026-01-13 21:57:22","2026-01-13 21:57:22",NULL
7340,Shimla,0,"2026-01-13 21:57:22","2026-01-13 21:57:22",NULL
7341,Shimla,0,"2026-01-13 21:57:22","2026-01-13 21:57:22",NULL
7342,Shimla,0,"2026-01-13 21:57:22","2026-01-13 21:57:22",NULL
7343,Shimla,0,"2026-01-13 21:57:22","2026-01-13 21:57:22",NULL
7344,Shimla,0,"2026-01-13 21:57:22","2026-01-13 21:57:22",NULL
7345,Sirmaur,0,"2026-01-13 21:57:22","2026-01-13 21:57:22",NULL
7346,Sirmaur,0,"2026-01-13 21:57:22","2026-01-13 21:57:22",NULL
7347,Shimla,0,"2026-01-13 21:57:22","2026-01-13 21:57:22",NULL
7348,Shimla,0,"2026-01-13 21:57:22","2026-01-13 21:57:22",NULL
7349,Sirmaur,0,"2026-01-13 21:57:22","2026-01-13 21:57:22",NULL
7350,Sirmaur,0,"2026-01-13 21:57:22","2026-01-13 21:57:22",NULL
7351,Shimla,0,"2026-01-13 21:57:22","2026-01-13 21:57:22",NULL
7352,Shimla,0,"2026-01-13 21:57:22","2026-01-13 21:57:22",NULL
7353,Shimla,0,"2026-01-13 21:57:22","2026-01-13 21:57:22",NULL
7354,Shimla,0,"2026-01-13 21:57:22","2026-01-13 21:57:22",NULL
7355,Shimla,0,"2026-01-13 21:57:22","2026-01-13 21:57:22",NULL
7356,Shimla,0,"2026-01-13 21:57:22","2026-01-13 21:57:22",NULL
7357,Shimla,0,"2026-01-13 21:57:22","2026-01-13 21:57:22",NULL
7358,Shimla,0,"2026-01-13 21:57:22","2026-01-13 21:57:22",NULL
7359,Shimla,0,"2026-01-13 21:57:22","2026-01-13 21:57:22",NULL
7360,Shimla,0,"2026-01-13 21:57:22","2026-01-13 21:57:22",NULL
7361,Shimla,0,"2026-01-13 21:57:22","2026-01-13 21:57:22",NULL
7362,Shimla,0,"2026-01-13 21:57:22","2026-01-13 21:57:22",NULL
7363,Shimla,0,"2026-01-13 21:57:22","2026-01-13 21:57:22",NULL
7364,Kullu,0,"2026-01-13 21:57:22","2026-01-13 21:57:22",NULL
7365,Shimla,0,"2026-01-13 21:57:22","2026-01-13 21:57:22",NULL
7366,Shimla,0,"2026-01-13 21:57:22","2026-01-13 21:57:22",NULL
7367,Shimla,0,"2026-01-13 21:57:22","2026-01-13 21:57:22",NULL
7368,Shimla,0,"2026-01-13 21:57:22","2026-01-13 21:57:22",NULL
7369,Shimla,0,"2026-01-13 21:57:22","2026-01-13 21:57:22",NULL
7370,Shimla,0,"2026-01-13 21:57:22","2026-01-13 21:57:22",NULL
7371,Shimla,0,"2026-01-13 21:57:22","2026-01-13 21:57:22",NULL
7372,Shimla,0,"2026-01-13 21:57:22","2026-01-13 21:57:22",NULL
7373,Shimla,0,"2026-01-13 21:57:22","2026-01-13 21:57:22",NULL
7374,Shimla,0,"2026-01-13 21:57:22","2026-01-13 21:57:22",NULL
7375,Shimla,0,"2026-01-13 21:57:22","2026-01-13 21:57:22",NULL
7376,Shimla,0,"2026-01-13 21:57:22","2026-01-13 21:57:22",NULL
7377,Shimla,0,"2026-01-13 21:57:22","2026-01-13 21:57:22",NULL
7378,Shimla,0,"2026-01-13 21:57:22","2026-01-13 21:57:22",NULL
7379,Shimla,0,"2026-01-13 21:57:22","2026-01-13 21:57:22",NULL
7380,Shimla,0,"2026-01-13 21:57:22","2026-01-13 21:57:22",NULL
7381,Shimla,0,"2026-01-13 21:57:22","2026-01-13 21:57:22",NULL
7382,Shimla,0,"2026-01-13 21:57:22","2026-01-13 21:57:22",NULL
7383,Shimla,0,"2026-01-13 21:57:22","2026-01-13 21:57:22",NULL
7384,Shimla,0,"2026-01-13 21:57:22","2026-01-13 21:57:22",NULL
7385,Shimla,0,"2026-01-13 21:57:22","2026-01-13 21:57:22",NULL
7386,Shimla,0,"2026-01-13 21:57:22","2026-01-13 21:57:22",NULL
7387,Shimla,0,"2026-01-13 21:57:22","2026-01-13 21:57:22",NULL
7388,Shimla,0,"2026-01-13 21:57:22","2026-01-13 21:57:22",NULL
7389,Shimla,0,"2026-01-13 21:57:22","2026-01-13 21:57:22",NULL
7390,Shimla,0,"2026-01-13 21:57:22","2026-01-13 21:57:22",NULL
7391,Shimla,0,"2026-01-13 21:57:22","2026-01-13 21:57:22",NULL
7392,Shimla,0,"2026-01-13 21:57:22","2026-01-13 21:57:22",NULL
7393,Shimla,0,"2026-01-13 21:57:22","2026-01-13 21:57:22",NULL
7394,Shimla,0,"2026-01-13 21:57:22","2026-01-13 21:57:22",NULL
7395,Shimla,0,"2026-01-13 21:57:22","2026-01-13 21:57:22",NULL
7396,Shimla,0,"2026-01-13 21:57:22","2026-01-13 21:57:22",NULL
7397,Shimla,0,"2026-01-13 21:57:22","2026-01-13 21:57:22",NULL
7398,Shimla,0,"2026-01-13 21:57:22","2026-01-13 21:57:22",NULL
7399,Shimla,0,"2026-01-13 21:57:22","2026-01-13 21:57:22",NULL
7400,Shimla,0,"2026-01-13 21:57:22","2026-01-13 21:57:22",NULL
7401,Shimla,0,"2026-01-13 21:57:22","2026-01-13 21:57:22",NULL
7402,Shimla,0,"2026-01-13 21:57:22","2026-01-13 21:57:22",NULL
7403,Shimla,0,"2026-01-13 21:57:22","2026-01-13 21:57:22",NULL
7404,Shimla,0,"2026-01-13 21:57:22","2026-01-13 21:57:22",NULL
7405,Shimla,0,"2026-01-13 21:57:22","2026-01-13 21:57:22",NULL
7406,Shimla,0,"2026-01-13 21:57:22","2026-01-13 21:57:22",NULL
7407,Shimla,0,"2026-01-13 21:57:22","2026-01-13 21:57:22",NULL
7408,Shimla,0,"2026-01-13 21:57:22","2026-01-13 21:57:22",NULL
7409,Shimla,0,"2026-01-13 21:57:22","2026-01-13 21:57:22",NULL
7410,Shimla,0,"2026-01-13 21:57:22","2026-01-13 21:57:22",NULL
7411,Shimla,0,"2026-01-13 21:57:22","2026-01-13 21:57:22",NULL
7412,Shimla,0,"2026-01-13 21:57:22","2026-01-13 21:57:22",NULL
7413,Shimla,0,"2026-01-13 21:57:22","2026-01-13 21:57:22",NULL
7414,Shimla,0,"2026-01-13 21:57:22","2026-01-13 21:57:22",NULL
7415,Shimla,0,"2026-01-13 21:57:22","2026-01-13 21:57:22",NULL
7416,Kullu,0,"2026-01-13 21:57:22","2026-01-13 21:57:22",NULL
7417,Shimla,0,"2026-01-13 21:57:22","2026-01-13 21:57:22",NULL
7418,Shimla,0,"2026-01-13 21:57:22","2026-01-13 21:57:22",NULL
7419,Kullu,0,"2026-01-13 21:57:22","2026-01-13 21:57:22",NULL
7420,Shimla,0,"2026-01-13 21:57:22","2026-01-13 21:57:22",NULL
7421,Shimla,0,"2026-01-13 21:57:22","2026-01-13 21:57:22",NULL
7422,Kullu,0,"2026-01-13 21:57:22","2026-01-13 21:57:22",NULL
7423,Kullu,0,"2026-01-13 21:57:22","2026-01-13 21:57:22",NULL
7424,Kullu,0,"2026-01-13 21:57:22","2026-01-13 21:57:22",NULL
7425,Kullu,0,"2026-01-13 21:57:22","2026-01-13 21:57:22",NULL
7426,Kullu,0,"2026-01-13 21:57:22","2026-01-13 21:57:22",NULL
7427,Kullu,0,"2026-01-13 21:57:22","2026-01-13 21:57:22",NULL
7428,Kullu,0,"2026-01-13 21:57:22","2026-01-13 21:57:22",NULL
7429,Shimla,0,"2026-01-13 21:57:22","2026-01-13 21:57:22",NULL
7430,Shimla,0,"2026-01-13 21:57:22","2026-01-13 21:57:22",NULL
7431,Shimla,0,"2026-01-13 21:57:22","2026-01-13 21:57:22",NULL
7432,Shimla,0,"2026-01-13 21:57:22","2026-01-13 21:57:22",NULL
7433,Shimla,0,"2026-01-13 21:57:22","2026-01-13 21:57:22",NULL
7434,Shimla,0,"2026-01-13 21:57:22","2026-01-13 21:57:22",NULL
7435,Shimla,0,"2026-01-13 21:57:22","2026-01-13 21:57:22",NULL
7436,Shimla,0,"2026-01-13 21:57:22","2026-01-13 21:57:22",NULL
7437,Shimla,0,"2026-01-13 21:57:22","2026-01-13 21:57:22",NULL
7438,Shimla,0,"2026-01-13 21:57:22","2026-01-13 21:57:22",NULL
7439,Shimla,0,"2026-01-13 21:57:22","2026-01-13 21:57:22",NULL
7440,Shimla,0,"2026-01-13 21:57:22","2026-01-13 21:57:22",NULL
7441,Shimla,0,"2026-01-13 21:57:22","2026-01-13 21:57:22",NULL
7442,Kullu,0,"2026-01-13 21:57:22","2026-01-13 21:57:22",NULL
7443,Kullu,0,"2026-01-13 21:57:22","2026-01-13 21:57:22",NULL
7444,Kullu,0,"2026-01-13 21:57:22","2026-01-13 21:57:22",NULL
7445,Kullu,0,"2026-01-13 21:57:22","2026-01-13 21:57:22",NULL
7446,Kullu,0,"2026-01-13 21:57:22","2026-01-13 21:57:22",NULL
7447,Kullu,0,"2026-01-13 21:57:22","2026-01-13 21:57:22",NULL
7448,Shimla,0,"2026-01-13 21:57:22","2026-01-13 21:57:22",NULL
7449,Shimla,0,"2026-01-13 21:57:22","2026-01-13 21:57:22",NULL
7450,Shimla,0,"2026-01-13 21:57:22","2026-01-13 21:57:22",NULL
7451,Shimla,0,"2026-01-13 21:57:22","2026-01-13 21:57:22",NULL
7452,Shimla,0,"2026-01-13 21:57:22","2026-01-13 21:57:22",NULL
7453,Shimla,0,"2026-01-13 21:57:22","2026-01-13 21:57:22",NULL
7454,Kullu,0,"2026-01-13 21:57:22","2026-01-13 21:57:22",NULL
7455,Kullu,0,"2026-01-13 21:57:22","2026-01-13 21:57:22",NULL
7456,Kullu,0,"2026-01-13 21:57:22","2026-01-13 21:57:22",NULL
7457,Kullu,0,"2026-01-13 21:57:22","2026-01-13 21:57:22",NULL
7458,Kullu,0,"2026-01-13 21:57:22","2026-01-13 21:57:22",NULL
7459,Kullu,0,"2026-01-13 21:57:22","2026-01-13 21:57:22",NULL
7460,Kullu,0,"2026-01-13 21:57:22","2026-01-13 21:57:22",NULL
7461,Kullu,0,"2026-01-13 21:57:22","2026-01-13 21:57:22",NULL
7462,Kullu,0,"2026-01-13 21:57:22","2026-01-13 21:57:22",NULL
7463,Kullu,0,"2026-01-13 21:57:22","2026-01-13 21:57:22",NULL
7464,Kullu,0,"2026-01-13 21:57:22","2026-01-13 21:57:22",NULL
7465,Kullu,0,"2026-01-13 21:57:22","2026-01-13 21:57:22",NULL
7466,Kullu,0,"2026-01-13 21:57:22","2026-01-13 21:57:22",NULL
7467,Kullu,0,"2026-01-13 21:57:22","2026-01-13 21:57:22",NULL
7468,Kullu,0,"2026-01-13 21:57:22","2026-01-13 21:57:22",NULL
7469,Kullu,0,"2026-01-13 21:57:22","2026-01-13 21:57:22",NULL
7470,Kullu,0,"2026-01-13 21:57:22","2026-01-13 21:57:22",NULL
7471,Kullu,0,"2026-01-13 21:57:22","2026-01-13 21:57:22",NULL
7472,Kullu,0,"2026-01-13 21:57:22","2026-01-13 21:57:22",NULL
7473,Shimla,0,"2026-01-13 21:57:22","2026-01-13 21:57:22",NULL
7474,Shimla,0,"2026-01-13 21:57:22","2026-01-13 21:57:22",NULL
7475,Shimla,0,"2026-01-13 21:57:22","2026-01-13 21:57:22",NULL
7476,Kinnaur,0,"2026-01-13 21:57:22","2026-01-13 21:57:22",NULL
7477,Shimla,0,"2026-01-13 21:57:22","2026-01-13 21:57:22",NULL
7478,Shimla,0,"2026-01-13 21:57:22","2026-01-13 21:57:22",NULL
7479,Shimla,0,"2026-01-13 21:57:22","2026-01-13 21:57:22",NULL
7480,Kullu,0,"2026-01-13 21:57:22","2026-01-13 21:57:22",NULL
7481,Kullu,0,"2026-01-13 21:57:22","2026-01-13 21:57:22",NULL
7482,Kullu,0,"2026-01-13 21:57:22","2026-01-13 21:57:22",NULL
7483,Kullu,0,"2026-01-13 21:57:22","2026-01-13 21:57:22",NULL
7484,Kullu,0,"2026-01-13 21:57:22","2026-01-13 21:57:22",NULL
7485,Kullu,0,"2026-01-13 21:57:22","2026-01-13 21:57:22",NULL
7486,Shimla,0,"2026-01-13 21:57:22","2026-01-13 21:57:22",NULL
7487,Kinnaur,0,"2026-01-13 21:57:22","2026-01-13 21:57:22",NULL
7488,Shimla,0,"2026-01-13 21:57:22","2026-01-13 21:57:22",NULL
7489,Shimla,0,"2026-01-13 21:57:22","2026-01-13 21:57:22",NULL
7490,Kinnaur,0,"2026-01-13 21:57:22","2026-01-13 21:57:22",NULL
7491,Shimla,0,"2026-01-13 21:57:22","2026-01-13 21:57:22",NULL
7492,Shimla,0,"2026-01-13 21:57:22","2026-01-13 21:57:22",NULL
7493,Shimla,0,"2026-01-13 21:57:22","2026-01-13 21:57:22",NULL
7494,Kinnaur,0,"2026-01-13 21:57:22","2026-01-13 21:57:22",NULL
7495,Shimla,0,"2026-01-13 21:57:22","2026-01-13 21:57:22",NULL
7496,Shimla,0,"2026-01-13 21:57:22","2026-01-13 21:57:22",NULL
7497,Shimla,0,"2026-01-13 21:57:22","2026-01-13 21:57:22",NULL
7498,Kinnaur,0,"2026-01-13 21:57:22","2026-01-13 21:57:22",NULL
7499,Shimla,0,"2026-01-13 21:57:22","2026-01-13 21:57:22",NULL
7500,Shimla,0,"2026-01-13 21:57:22","2026-01-13 21:57:22",NULL
7501,Shimla,0,"2026-01-13 21:57:22","2026-01-13 21:57:22",NULL
7502,Shimla,0,"2026-01-13 21:57:22","2026-01-13 21:57:22",NULL
7503,Shimla,0,"2026-01-13 21:57:22","2026-01-13 21:57:22",NULL
7504,Shimla,0,"2026-01-13 21:57:22","2026-01-13 21:57:22",NULL
7505,Kinnaur,0,"2026-01-13 21:57:22","2026-01-13 21:57:22",NULL
7506,Kinnaur,0,"2026-01-13 21:57:22","2026-01-13 21:57:22",NULL
7507,Kinnaur,0,"2026-01-13 21:57:22","2026-01-13 21:57:22",NULL
7508,Kinnaur,0,"2026-01-13 21:57:22","2026-01-13 21:57:22",NULL
7509,Kinnaur,0,"2026-01-13 21:57:22","2026-01-13 21:57:22",NULL
7510,Kinnaur,0,"2026-01-13 21:57:22","2026-01-13 21:57:22",NULL
7511,Kinnaur,0,"2026-01-13 21:57:22","2026-01-13 21:57:22",NULL
7512,Sirmaur,0,"2026-01-13 21:57:22","2026-01-13 21:57:22",NULL
7513,Kinnaur,0,"2026-01-13 21:57:22","2026-01-13 21:57:22",NULL
7514,Kinnaur,0,"2026-01-13 21:57:22","2026-01-13 21:57:22",NULL
7515,Kinnaur,0,"2026-01-13 21:57:22","2026-01-13 21:57:22",NULL
7516,Kinnaur,0,"2026-01-13 21:57:22","2026-01-13 21:57:22",NULL
7517,Kinnaur,0,"2026-01-13 21:57:22","2026-01-13 21:57:22",NULL
7518,Kinnaur,0,"2026-01-13 21:57:22","2026-01-13 21:57:22",NULL
7519,Kinnaur,0,"2026-01-13 21:57:22","2026-01-13 21:57:22",NULL
7520,Kinnaur,0,"2026-01-13 21:57:22","2026-01-13 21:57:22",NULL
7521,Kinnaur,0,"2026-01-13 21:57:22","2026-01-13 21:57:22",NULL
7522,Kinnaur,0,"2026-01-13 21:57:22","2026-01-13 21:57:22",NULL
7523,Kinnaur,0,"2026-01-13 21:57:22","2026-01-13 21:57:22",NULL
7524,Kinnaur,0,"2026-01-13 21:57:22","2026-01-13 21:57:22",NULL
7525,Kinnaur,0,"2026-01-13 21:57:22","2026-01-13 21:57:22",NULL
7526,Kinnaur,0,"2026-01-13 21:57:22","2026-01-13 21:57:22",NULL
7527,Kinnaur,0,"2026-01-13 21:57:22","2026-01-13 21:57:22",NULL
7528,Kinnaur,0,"2026-01-13 21:57:22","2026-01-13 21:57:22",NULL
7529,Kinnaur,0,"2026-01-13 21:57:22","2026-01-13 21:57:22",NULL
7530,Kinnaur,0,"2026-01-13 21:57:22","2026-01-13 21:57:22",NULL
7531,Kinnaur,0,"2026-01-13 21:57:22","2026-01-13 21:57:22",NULL
7532,Kinnaur,0,"2026-01-13 21:57:22","2026-01-13 21:57:22",NULL
7533,Kinnaur,0,"2026-01-13 21:57:22","2026-01-13 21:57:22",NULL
7534,Kinnaur,0,"2026-01-13 21:57:22","2026-01-13 21:57:22",NULL
7535,Kinnaur,0,"2026-01-13 21:57:22","2026-01-13 21:57:22",NULL
7536,Kinnaur,0,"2026-01-13 21:57:22","2026-01-13 21:57:22",NULL
7537,Kinnaur,0,"2026-01-13 21:57:22","2026-01-13 21:57:22",NULL
7538,Kinnaur,0,"2026-01-13 21:57:22","2026-01-13 21:57:22",NULL
7539,Kinnaur,0,"2026-01-13 21:57:22","2026-01-13 21:57:22",NULL
7540,Kinnaur,0,"2026-01-13 21:57:22","2026-01-13 21:57:22",NULL
7541,Kinnaur,0,"2026-01-13 21:57:22","2026-01-13 21:57:22",NULL
7542,Kinnaur,0,"2026-01-13 21:57:22","2026-01-13 21:57:22",NULL
7543,Kinnaur,0,"2026-01-13 21:57:22","2026-01-13 21:57:22",NULL
7544,Kinnaur,0,"2026-01-13 21:57:22","2026-01-13 21:57:22",NULL
7545,Kinnaur,0,"2026-01-13 21:57:22","2026-01-13 21:57:22",NULL
7546,Kinnaur,0,"2026-01-13 21:57:22","2026-01-13 21:57:22",NULL
7547,Kinnaur,0,"2026-01-13 21:57:22","2026-01-13 21:57:22",NULL
7548,Kinnaur,0,"2026-01-13 21:57:22","2026-01-13 21:57:22",NULL
7549,Kinnaur,0,"2026-01-13 21:57:22","2026-01-13 21:57:22",NULL
7550,Kinnaur,0,"2026-01-13 21:57:22","2026-01-13 21:57:22",NULL
7551,Kinnaur,0,"2026-01-13 21:57:22","2026-01-13 21:57:22",NULL
7552,Kinnaur,0,"2026-01-13 21:57:22","2026-01-13 21:57:22",NULL
7553,"Lahul & Spiti",0,"2026-01-13 21:57:22","2026-01-13 21:57:22",NULL
7554,"Lahul & Spiti",0,"2026-01-13 21:57:22","2026-01-13 21:57:22",NULL
7555,"Lahul & Spiti",0,"2026-01-13 21:57:22","2026-01-13 21:57:22",NULL
7556,"Lahul & Spiti",0,"2026-01-13 21:57:22","2026-01-13 21:57:22",NULL
7557,"Lahul & Spiti",0,"2026-01-13 21:57:22","2026-01-13 21:57:22",NULL
7558,"Lahul & Spiti",0,"2026-01-13 21:57:22","2026-01-13 21:57:22",NULL
7559,"Lahul & Spiti",0,"2026-01-13 21:57:22","2026-01-13 21:57:22",NULL
7560,"Lahul & Spiti",0,"2026-01-13 21:57:22","2026-01-13 21:57:22",NULL
7561,"Lahul & Spiti",0,"2026-01-13 21:57:22","2026-01-13 21:57:22",NULL
7562,"Lahul & Spiti",0,"2026-01-13 21:57:22","2026-01-13 21:57:22",NULL
7563,"Lahul & Spiti",0,"2026-01-13 21:57:22","2026-01-13 21:57:22",NULL
7564,"Lahul & Spiti",0,"2026-01-13 21:57:22","2026-01-13 21:57:22",NULL
7565,"Lahul & Spiti",0,"2026-01-13 21:57:22","2026-01-13 21:57:22",NULL
7566,"Lahul & Spiti",0,"2026-01-13 21:57:22","2026-01-13 21:57:22",NULL
7567,Kinnaur,0,"2026-01-13 21:57:22","2026-01-13 21:57:22",NULL
7568,Kinnaur,0,"2026-01-13 21:57:22","2026-01-13 21:57:22",NULL
7569,Kinnaur,0,"2026-01-13 21:57:22","2026-01-13 21:57:22",NULL
7570,Kinnaur,0,"2026-01-13 21:57:22","2026-01-13 21:57:22",NULL
7571,Kinnaur,0,"2026-01-13 21:57:22","2026-01-13 21:57:22",NULL
7572,Kinnaur,0,"2026-01-13 21:57:22","2026-01-13 21:57:22",NULL
7573,Kinnaur,0,"2026-01-13 21:57:22","2026-01-13 21:57:22",NULL
7574,Kinnaur,0,"2026-01-13 21:57:22","2026-01-13 21:57:22",NULL
7575,Kinnaur,0,"2026-01-13 21:57:22","2026-01-13 21:57:22",NULL
7576,"Lahul & Spiti",0,"2026-01-13 21:57:22","2026-01-13 21:57:22",NULL
7577,"Lahul & Spiti",0,"2026-01-13 21:57:22","2026-01-13 21:57:22",NULL
7578,"Lahul & Spiti",0,"2026-01-13 21:57:22","2026-01-13 21:57:22",NULL
7579,Kinnaur,0,"2026-01-13 21:57:22","2026-01-13 21:57:22",NULL
7580,Kinnaur,0,"2026-01-13 21:57:22","2026-01-13 21:57:22",NULL
7581,Shimla,0,"2026-01-13 21:57:22","2026-01-13 21:57:22",NULL
7582,Shimla,0,"2026-01-13 21:57:22","2026-01-13 21:57:22",NULL
7583,Kullu,0,"2026-01-13 21:57:22","2026-01-13 21:57:22",NULL
7584,Shimla,0,"2026-01-13 21:57:22","2026-01-13 21:57:22",NULL
7585,Shimla,0,"2026-01-13 21:57:22","2026-01-13 21:57:22",NULL
7586,Kullu,0,"2026-01-13 21:57:22","2026-01-13 21:57:22",NULL
7587,Shimla,0,"2026-01-13 21:57:22","2026-01-13 21:57:22",NULL
7588,Shimla,0,"2026-01-13 21:57:22","2026-01-13 21:57:22",NULL
7589,Sirmaur,0,"2026-01-13 21:57:22","2026-01-13 21:57:22",NULL
7590,Sirmaur,0,"2026-01-13 21:57:22","2026-01-13 21:57:22",NULL
7591,Sirmaur,0,"2026-01-13 21:57:22","2026-01-13 21:57:22",NULL
7592,Sirmaur,0,"2026-01-13 21:57:22","2026-01-13 21:57:22",NULL
7593,Sirmaur,0,"2026-01-13 21:57:22","2026-01-13 21:57:22",NULL
7594,Sirmaur,0,"2026-01-13 21:57:22","2026-01-13 21:57:22",NULL
7595,Sirmaur,0,"2026-01-13 21:57:22","2026-01-13 21:57:22",NULL
7596,Sirmaur,0,"2026-01-13 21:57:22","2026-01-13 21:57:22",NULL
7597,Sirmaur,0,"2026-01-13 21:57:22","2026-01-13 21:57:22",NULL
7598,Sirmaur,0,"2026-01-13 21:57:22","2026-01-13 21:57:22",NULL
7599,Sirmaur,0,"2026-01-13 21:57:22","2026-01-13 21:57:22",NULL
7600,Kinnaur,0,"2026-01-13 21:57:22","2026-01-13 21:57:22",NULL
7601,Kinnaur,0,"2026-01-13 21:57:22","2026-01-13 21:57:22",NULL
7602,Kinnaur,0,"2026-01-13 21:57:22","2026-01-13 21:57:22",NULL
7603,Kinnaur,0,"2026-01-13 21:57:22","2026-01-13 21:57:22",NULL
7604,Kinnaur,0,"2026-01-13 21:57:22","2026-01-13 21:57:22",NULL
7605,Kinnaur,0,"2026-01-13 21:57:22","2026-01-13 21:57:22",NULL
7606,Kinnaur,0,"2026-01-13 21:57:22","2026-01-13 21:57:22",NULL
7607,Kinnaur,0,"2026-01-13 21:57:22","2026-01-13 21:57:22",NULL
7608,Kinnaur,0,"2026-01-13 21:57:22","2026-01-13 21:57:22",NULL
7609,Kinnaur,0,"2026-01-13 21:57:22","2026-01-13 21:57:22",NULL
7610,Sirmaur,0,"2026-01-13 21:57:22","2026-01-13 21:57:22",NULL
7611,Sirmaur,0,"2026-01-13 21:57:22","2026-01-13 21:57:22",NULL
7612,Sirmaur,0,"2026-01-13 21:57:22","2026-01-13 21:57:22",NULL
7613,Sirmaur,0,"2026-01-13 21:57:22","2026-01-13 21:57:22",NULL
7614,Sirmaur,0,"2026-01-13 21:57:22","2026-01-13 21:57:22",NULL
7615,Sirmaur,0,"2026-01-13 21:57:22","2026-01-13 21:57:22",NULL
7616,Sirmaur,0,"2026-01-13 21:57:22","2026-01-13 21:57:22",NULL
7617,Sirmaur,0,"2026-01-13 21:57:22","2026-01-13 21:57:22",NULL
7618,Sirmaur,0,"2026-01-13 21:57:22","2026-01-13 21:57:22",NULL
7619,Sirmaur,0,"2026-01-13 21:57:22","2026-01-13 21:57:22",NULL
7620,Sirmaur,0,"2026-01-13 21:57:22","2026-01-13 21:57:22",NULL
7621,Sirmaur,0,"2026-01-13 21:57:22","2026-01-13 21:57:22",NULL
7622,Sirmaur,0,"2026-01-13 21:57:22","2026-01-13 21:57:22",NULL
7623,Sirmaur,0,"2026-01-13 21:57:22","2026-01-13 21:57:22",NULL
7624,Sirmaur,0,"2026-01-13 21:57:22","2026-01-13 21:57:22",NULL
7625,Sirmaur,0,"2026-01-13 21:57:22","2026-01-13 21:57:22",NULL
7626,Sirmaur,0,"2026-01-13 21:57:22","2026-01-13 21:57:22",NULL
7627,Sirmaur,0,"2026-01-13 21:57:22","2026-01-13 21:57:22",NULL
7628,Sirmaur,0,"2026-01-13 21:57:22","2026-01-13 21:57:22",NULL
7629,Sirmaur,0,"2026-01-13 21:57:22","2026-01-13 21:57:22",NULL
7630,Sirmaur,0,"2026-01-13 21:57:22","2026-01-13 21:57:22",NULL
7631,Sirmaur,0,"2026-01-13 21:57:22","2026-01-13 21:57:22",NULL
7632,Sirmaur,0,"2026-01-13 21:57:22","2026-01-13 21:57:22",NULL
7633,Sirmaur,0,"2026-01-13 21:57:22","2026-01-13 21:57:22",NULL
7634,Sirmaur,0,"2026-01-13 21:57:22","2026-01-13 21:57:22",NULL
7635,Sirmaur,0,"2026-01-13 21:57:22","2026-01-13 21:57:22",NULL
7636,Sirmaur,0,"2026-01-13 21:57:22","2026-01-13 21:57:22",NULL
7637,Sirmaur,0,"2026-01-13 21:57:22","2026-01-13 21:57:22",NULL
7638,Sirmaur,0,"2026-01-13 21:57:22","2026-01-13 21:57:22",NULL
7639,Sirmaur,0,"2026-01-13 21:57:22","2026-01-13 21:57:22",NULL
7640,Sirmaur,0,"2026-01-13 21:57:22","2026-01-13 21:57:22",NULL
7641,Sirmaur,0,"2026-01-13 21:57:22","2026-01-13 21:57:22",NULL
7642,Sirmaur,0,"2026-01-13 21:57:22","2026-01-13 21:57:22",NULL
7643,Sirmaur,0,"2026-01-13 21:57:22","2026-01-13 21:57:22",NULL
7644,Sirmaur,0,"2026-01-13 21:57:22","2026-01-13 21:57:22",NULL
7645,Sirmaur,0,"2026-01-13 21:57:22","2026-01-13 21:57:22",NULL
7646,Sirmaur,0,"2026-01-13 21:57:22","2026-01-13 21:57:22",NULL
7647,Sirmaur,0,"2026-01-13 21:57:22","2026-01-13 21:57:22",NULL
7648,Sirmaur,0,"2026-01-13 21:57:22","2026-01-13 21:57:22",NULL
7649,Sirmaur,0,"2026-01-13 21:57:23","2026-01-13 21:57:23",NULL
7650,Sirmaur,0,"2026-01-13 21:57:23","2026-01-13 21:57:23",NULL
7651,Sirmaur,0,"2026-01-13 21:57:23","2026-01-13 21:57:23",NULL
7652,Sirmaur,0,"2026-01-13 21:57:23","2026-01-13 21:57:23",NULL
7653,Sirmaur,0,"2026-01-13 21:57:23","2026-01-13 21:57:23",NULL
7654,Sirmaur,0,"2026-01-13 21:57:23","2026-01-13 21:57:23",NULL
7655,Sirmaur,0,"2026-01-13 21:57:23","2026-01-13 21:57:23",NULL
7656,Sirmaur,0,"2026-01-13 21:57:23","2026-01-13 21:57:23",NULL
7657,Sirmaur,0,"2026-01-13 21:57:23","2026-01-13 21:57:23",NULL
7658,Sirmaur,0,"2026-01-13 21:57:23","2026-01-13 21:57:23",NULL
7659,Sirmaur,0,"2026-01-13 21:57:23","2026-01-13 21:57:23",NULL
7660,Sirmaur,0,"2026-01-13 21:57:23","2026-01-13 21:57:23",NULL
7661,Sirmaur,0,"2026-01-13 21:57:23","2026-01-13 21:57:23",NULL
7662,Sirmaur,0,"2026-01-13 21:57:23","2026-01-13 21:57:23",NULL
7663,Sirmaur,0,"2026-01-13 21:57:23","2026-01-13 21:57:23",NULL
7664,Sirmaur,0,"2026-01-13 21:57:23","2026-01-13 21:57:23",NULL
7665,Sirmaur,0,"2026-01-13 21:57:23","2026-01-13 21:57:23",NULL
7666,Sirmaur,0,"2026-01-13 21:57:23","2026-01-13 21:57:23",NULL
7667,Sirmaur,0,"2026-01-13 21:57:23","2026-01-13 21:57:23",NULL
7668,Sirmaur,0,"2026-01-13 21:57:23","2026-01-13 21:57:23",NULL
7669,Sirmaur,0,"2026-01-13 21:57:23","2026-01-13 21:57:23",NULL
7670,Sirmaur,0,"2026-01-13 21:57:23","2026-01-13 21:57:23",NULL
7671,Sirmaur,0,"2026-01-13 21:57:23","2026-01-13 21:57:23",NULL
7672,Sirmaur,0,"2026-01-13 21:57:23","2026-01-13 21:57:23",NULL
7673,Sirmaur,0,"2026-01-13 21:57:23","2026-01-13 21:57:23",NULL
7674,Sirmaur,0,"2026-01-13 21:57:23","2026-01-13 21:57:23",NULL
7675,Sirmaur,0,"2026-01-13 21:57:23","2026-01-13 21:57:23",NULL
7676,Sirmaur,0,"2026-01-13 21:57:23","2026-01-13 21:57:23",NULL
7677,Sirmaur,0,"2026-01-13 21:57:23","2026-01-13 21:57:23",NULL
7678,Sirmaur,0,"2026-01-13 21:57:23","2026-01-13 21:57:23",NULL
7679,Sirmaur,0,"2026-01-13 21:57:23","2026-01-13 21:57:23",NULL
7680,Sirmaur,0,"2026-01-13 21:57:23","2026-01-13 21:57:23",NULL
7681,Sirmaur,0,"2026-01-13 21:57:23","2026-01-13 21:57:23",NULL
7682,Sirmaur,0,"2026-01-13 21:57:23","2026-01-13 21:57:23",NULL
7683,Sirmaur,0,"2026-01-13 21:57:23","2026-01-13 21:57:23",NULL
7684,Sirmaur,0,"2026-01-13 21:57:23","2026-01-13 21:57:23",NULL
7685,Sirmaur,0,"2026-01-13 21:57:23","2026-01-13 21:57:23",NULL
7686,Sirmaur,0,"2026-01-13 21:57:23","2026-01-13 21:57:23",NULL
7687,Sirmaur,0,"2026-01-13 21:57:23","2026-01-13 21:57:23",NULL
7688,Sirmaur,0,"2026-01-13 21:57:23","2026-01-13 21:57:23",NULL
7689,Sirmaur,0,"2026-01-13 21:57:23","2026-01-13 21:57:23",NULL
7690,Sirmaur,0,"2026-01-13 21:57:23","2026-01-13 21:57:23",NULL
7691,Sirmaur,0,"2026-01-13 21:57:23","2026-01-13 21:57:23",NULL
7692,Sirmaur,0,"2026-01-13 21:57:23","2026-01-13 21:57:23",NULL
7693,Sirmaur,0,"2026-01-13 21:57:23","2026-01-13 21:57:23",NULL
7694,Sirmaur,0,"2026-01-13 21:57:23","2026-01-13 21:57:23",NULL
7695,Sirmaur,0,"2026-01-13 21:57:23","2026-01-13 21:57:23",NULL
7696,Sirmaur,0,"2026-01-13 21:57:23","2026-01-13 21:57:23",NULL
7697,Sirmaur,0,"2026-01-13 21:57:23","2026-01-13 21:57:23",NULL
7698,Sirmaur,0,"2026-01-13 21:57:23","2026-01-13 21:57:23",NULL
7699,Sirmaur,0,"2026-01-13 21:57:23","2026-01-13 21:57:23",NULL
7700,Solan,0,"2026-01-13 21:57:23","2026-01-13 21:57:23",NULL
7701,Sirmaur,0,"2026-01-13 21:57:23","2026-01-13 21:57:23",NULL
7702,Sirmaur,0,"2026-01-13 21:57:23","2026-01-13 21:57:23",NULL
7703,Sirmaur,0,"2026-01-13 21:57:23","2026-01-13 21:57:23",NULL
7704,Sirmaur,0,"2026-01-13 21:57:23","2026-01-13 21:57:23",NULL
7705,Sirmaur,0,"2026-01-13 21:57:23","2026-01-13 21:57:23",NULL
7706,Sirmaur,0,"2026-01-13 21:57:23","2026-01-13 21:57:23",NULL
7707,Sirmaur,0,"2026-01-13 21:57:23","2026-01-13 21:57:23",NULL
7708,Sirmaur,0,"2026-01-13 21:57:23","2026-01-13 21:57:23",NULL
7709,Sirmaur,0,"2026-01-13 21:57:23","2026-01-13 21:57:23",NULL
7710,Sirmaur,0,"2026-01-13 21:57:23","2026-01-13 21:57:23",NULL
7711,Sirmaur,0,"2026-01-13 21:57:23","2026-01-13 21:57:23",NULL
7712,Sirmaur,0,"2026-01-13 21:57:23","2026-01-13 21:57:23",NULL
7713,Sirmaur,0,"2026-01-13 21:57:23","2026-01-13 21:57:23",NULL
7714,Sirmaur,0,"2026-01-13 21:57:23","2026-01-13 21:57:23",NULL
7715,Sirmaur,0,"2026-01-13 21:57:23","2026-01-13 21:57:23",NULL
7716,Sirmaur,0,"2026-01-13 21:57:23","2026-01-13 21:57:23",NULL
7717,Sirmaur,0,"2026-01-13 21:57:23","2026-01-13 21:57:23",NULL
7718,Sirmaur,0,"2026-01-13 21:57:23","2026-01-13 21:57:23",NULL
7719,Sirmaur,0,"2026-01-13 21:57:23","2026-01-13 21:57:23",NULL
7720,Sirmaur,0,"2026-01-13 21:57:23","2026-01-13 21:57:23",NULL
7721,Sirmaur,0,"2026-01-13 21:57:23","2026-01-13 21:57:23",NULL
7722,Sirmaur,0,"2026-01-13 21:57:23","2026-01-13 21:57:23",NULL
7723,Sirmaur,0,"2026-01-13 21:57:23","2026-01-13 21:57:23",NULL
7724,Sirmaur,0,"2026-01-13 21:57:23","2026-01-13 21:57:23",NULL
7725,Sirmaur,0,"2026-01-13 21:57:23","2026-01-13 21:57:23",NULL
7726,Sirmaur,0,"2026-01-13 21:57:23","2026-01-13 21:57:23",NULL
7727,Sirmaur,0,"2026-01-13 21:57:23","2026-01-13 21:57:23",NULL
7728,Sirmaur,0,"2026-01-13 21:57:23","2026-01-13 21:57:23",NULL
7729,Sirmaur,0,"2026-01-13 21:57:23","2026-01-13 21:57:23",NULL
7730,Sirmaur,0,"2026-01-13 21:57:23","2026-01-13 21:57:23",NULL
7731,Sirmaur,0,"2026-01-13 21:57:23","2026-01-13 21:57:23",NULL
7732,Sirmaur,0,"2026-01-13 21:57:23","2026-01-13 21:57:23",NULL
7733,Sirmaur,0,"2026-01-13 21:57:23","2026-01-13 21:57:23",NULL
7734,Sirmaur,0,"2026-01-13 21:57:23","2026-01-13 21:57:23",NULL
7735,Sirmaur,0,"2026-01-13 21:57:23","2026-01-13 21:57:23",NULL
7736,Sirmaur,0,"2026-01-13 21:57:23","2026-01-13 21:57:23",NULL
7737,Sirmaur,0,"2026-01-13 21:57:23","2026-01-13 21:57:23",NULL
7738,Sirmaur,0,"2026-01-13 21:57:23","2026-01-13 21:57:23",NULL
7739,Sirmaur,0,"2026-01-13 21:57:23","2026-01-13 21:57:23",NULL
7740,Sirmaur,0,"2026-01-13 21:57:23","2026-01-13 21:57:23",NULL
7741,Sirmaur,0,"2026-01-13 21:57:23","2026-01-13 21:57:23",NULL
7742,Sirmaur,0,"2026-01-13 21:57:23","2026-01-13 21:57:23",NULL
7743,Sirmaur,0,"2026-01-13 21:57:23","2026-01-13 21:57:23",NULL
7744,Sirmaur,0,"2026-01-13 21:57:23","2026-01-13 21:57:23",NULL
7745,Sirmaur,0,"2026-01-13 21:57:23","2026-01-13 21:57:23",NULL
7746,Sirmaur,0,"2026-01-13 21:57:23","2026-01-13 21:57:23",NULL
7747,Sirmaur,0,"2026-01-13 21:57:23","2026-01-13 21:57:23",NULL
7748,Sirmaur,0,"2026-01-13 21:57:23","2026-01-13 21:57:23",NULL
7749,Sirmaur,0,"2026-01-13 21:57:23","2026-01-13 21:57:23",NULL
7750,Sirmaur,0,"2026-01-13 21:57:23","2026-01-13 21:57:23",NULL
7751,Sirmaur,0,"2026-01-13 21:57:23","2026-01-13 21:57:23",NULL
7752,Sirmaur,0,"2026-01-13 21:57:23","2026-01-13 21:57:23",NULL
7753,Sirmaur,0,"2026-01-13 21:57:23","2026-01-13 21:57:23",NULL
7754,Sirmaur,0,"2026-01-13 21:57:23","2026-01-13 21:57:23",NULL
7755,Sirmaur,0,"2026-01-13 21:57:23","2026-01-13 21:57:23",NULL
7756,Sirmaur,0,"2026-01-13 21:57:23","2026-01-13 21:57:23",NULL
7757,Sirmaur,0,"2026-01-13 21:57:23","2026-01-13 21:57:23",NULL
7758,Solan,0,"2026-01-13 21:57:23","2026-01-13 21:57:23",NULL
7759,Solan,0,"2026-01-13 21:57:23","2026-01-13 21:57:23",NULL
7760,Solan,0,"2026-01-13 21:57:23","2026-01-13 21:57:23",NULL
7761,Solan,0,"2026-01-13 21:57:23","2026-01-13 21:57:23",NULL
7762,Solan,0,"2026-01-13 21:57:23","2026-01-13 21:57:23",NULL
7763,Solan,0,"2026-01-13 21:57:23","2026-01-13 21:57:23",NULL
7764,Solan,0,"2026-01-13 21:57:23","2026-01-13 21:57:23",NULL
7765,Solan,0,"2026-01-13 21:57:23","2026-01-13 21:57:23",NULL
7766,Solan,0,"2026-01-13 21:57:23","2026-01-13 21:57:23",NULL
7767,Solan,0,"2026-01-13 21:57:23","2026-01-13 21:57:23",NULL
7768,Solan,0,"2026-01-13 21:57:23","2026-01-13 21:57:23",NULL
7769,Solan,0,"2026-01-13 21:57:23","2026-01-13 21:57:23",NULL
7770,Solan,0,"2026-01-13 21:57:23","2026-01-13 21:57:23",NULL
7771,Solan,0,"2026-01-13 21:57:23","2026-01-13 21:57:23",NULL
7772,Solan,0,"2026-01-13 21:57:23","2026-01-13 21:57:23",NULL
7773,Solan,0,"2026-01-13 21:57:23","2026-01-13 21:57:23",NULL
7774,Solan,0,"2026-01-13 21:57:23","2026-01-13 21:57:23",NULL
7775,Solan,0,"2026-01-13 21:57:23","2026-01-13 21:57:23",NULL
7776,Solan,0,"2026-01-13 21:57:23","2026-01-13 21:57:23",NULL
7777,Solan,0,"2026-01-13 21:57:23","2026-01-13 21:57:23",NULL
7778,Solan,0,"2026-01-13 21:57:23","2026-01-13 21:57:23",NULL
7779,Solan,0,"2026-01-13 21:57:23","2026-01-13 21:57:23",NULL
7780,Solan,0,"2026-01-13 21:57:23","2026-01-13 21:57:23",NULL
7781,Solan,0,"2026-01-13 21:57:23","2026-01-13 21:57:23",NULL
7782,Solan,0,"2026-01-13 21:57:23","2026-01-13 21:57:23",NULL
7783,Solan,0,"2026-01-13 21:57:23","2026-01-13 21:57:23",NULL
7784,Solan,0,"2026-01-13 21:57:23","2026-01-13 21:57:23",NULL
7785,Solan,0,"2026-01-13 21:57:23","2026-01-13 21:57:23",NULL
7786,Solan,0,"2026-01-13 21:57:23","2026-01-13 21:57:23",NULL
7787,Solan,0,"2026-01-13 21:57:23","2026-01-13 21:57:23",NULL
7788,Solan,0,"2026-01-13 21:57:23","2026-01-13 21:57:23",NULL
7789,Solan,0,"2026-01-13 21:57:23","2026-01-13 21:57:23",NULL
7790,Solan,0,"2026-01-13 21:57:23","2026-01-13 21:57:23",NULL
7791,Solan,0,"2026-01-13 21:57:23","2026-01-13 21:57:23",NULL
7792,Solan,0,"2026-01-13 21:57:23","2026-01-13 21:57:23",NULL
7793,Solan,0,"2026-01-13 21:57:23","2026-01-13 21:57:23",NULL
7794,Solan,0,"2026-01-13 21:57:23","2026-01-13 21:57:23",NULL
7795,Solan,0,"2026-01-13 21:57:23","2026-01-13 21:57:23",NULL
7796,Solan,0,"2026-01-13 21:57:23","2026-01-13 21:57:23",NULL
7797,Solan,0,"2026-01-13 21:57:23","2026-01-13 21:57:23",NULL
7798,Solan,0,"2026-01-13 21:57:23","2026-01-13 21:57:23",NULL
7799,Solan,0,"2026-01-13 21:57:23","2026-01-13 21:57:23",NULL
7800,Solan,0,"2026-01-13 21:57:23","2026-01-13 21:57:23",NULL
7801,Solan,0,"2026-01-13 21:57:23","2026-01-13 21:57:23",NULL
7802,Solan,0,"2026-01-13 21:57:23","2026-01-13 21:57:23",NULL
7803,Solan,0,"2026-01-13 21:57:23","2026-01-13 21:57:23",NULL
7804,Solan,0,"2026-01-13 21:57:23","2026-01-13 21:57:23",NULL
7805,Solan,0,"2026-01-13 21:57:23","2026-01-13 21:57:23",NULL
7806,Solan,0,"2026-01-13 21:57:23","2026-01-13 21:57:23",NULL
7807,Solan,0,"2026-01-13 21:57:23","2026-01-13 21:57:23",NULL
7808,Solan,0,"2026-01-13 21:57:23","2026-01-13 21:57:23",NULL
7809,Solan,0,"2026-01-13 21:57:23","2026-01-13 21:57:23",NULL
7810,Solan,0,"2026-01-13 21:57:23","2026-01-13 21:57:23",NULL
7811,Solan,0,"2026-01-13 21:57:23","2026-01-13 21:57:23",NULL
7812,Solan,0,"2026-01-13 21:57:23","2026-01-13 21:57:23",NULL
7813,Solan,0,"2026-01-13 21:57:23","2026-01-13 21:57:23",NULL
7814,Solan,0,"2026-01-13 21:57:23","2026-01-13 21:57:23",NULL
7815,Solan,0,"2026-01-13 21:57:23","2026-01-13 21:57:23",NULL
7816,Solan,0,"2026-01-13 21:57:23","2026-01-13 21:57:23",NULL
7817,Solan,0,"2026-01-13 21:57:23","2026-01-13 21:57:23",NULL
7818,Solan,0,"2026-01-13 21:57:23","2026-01-13 21:57:23",NULL
7819,Solan,0,"2026-01-13 21:57:23","2026-01-13 21:57:23",NULL
7820,Solan,0,"2026-01-13 21:57:23","2026-01-13 21:57:23",NULL
7821,Solan,0,"2026-01-13 21:57:23","2026-01-13 21:57:23",NULL
7822,Solan,0,"2026-01-13 21:57:23","2026-01-13 21:57:23",NULL
7823,Solan,0,"2026-01-13 21:57:23","2026-01-13 21:57:23",NULL
7824,Solan,0,"2026-01-13 21:57:23","2026-01-13 21:57:23",NULL
7825,Solan,0,"2026-01-13 21:57:23","2026-01-13 21:57:23",NULL
7826,Solan,0,"2026-01-13 21:57:23","2026-01-13 21:57:23",NULL
7827,Solan,0,"2026-01-13 21:57:23","2026-01-13 21:57:23",NULL
7828,Solan,0,"2026-01-13 21:57:23","2026-01-13 21:57:23",NULL
7829,Solan,0,"2026-01-13 21:57:23","2026-01-13 21:57:23",NULL
7830,Solan,0,"2026-01-13 21:57:23","2026-01-13 21:57:23",NULL
7831,Solan,0,"2026-01-13 21:57:23","2026-01-13 21:57:23",NULL
7832,Shimla,0,"2026-01-13 21:57:23","2026-01-13 21:57:23",NULL
7833,Solan,0,"2026-01-13 21:57:23","2026-01-13 21:57:23",NULL
7834,Solan,0,"2026-01-13 21:57:23","2026-01-13 21:57:23",NULL
7835,Solan,0,"2026-01-13 21:57:23","2026-01-13 21:57:23",NULL
7836,Solan,0,"2026-01-13 21:57:23","2026-01-13 21:57:23",NULL
7837,Shimla,0,"2026-01-13 21:57:23","2026-01-13 21:57:23",NULL
7838,Shimla,0,"2026-01-13 21:57:23","2026-01-13 21:57:23",NULL
7839,Solan,0,"2026-01-13 21:57:23","2026-01-13 21:57:23",NULL
7840,Solan,0,"2026-01-13 21:57:23","2026-01-13 21:57:23",NULL
7841,Solan,0,"2026-01-13 21:57:23","2026-01-13 21:57:23",NULL
7842,Solan,0,"2026-01-13 21:57:23","2026-01-13 21:57:23",NULL
7843,Solan,0,"2026-01-13 21:57:23","2026-01-13 21:57:23",NULL
7844,Solan,0,"2026-01-13 21:57:23","2026-01-13 21:57:23",NULL
7845,Solan,0,"2026-01-13 21:57:23","2026-01-13 21:57:23",NULL
7846,Solan,0,"2026-01-13 21:57:23","2026-01-13 21:57:23",NULL
7847,Solan,0,"2026-01-13 21:57:23","2026-01-13 21:57:23",NULL
7848,Solan,0,"2026-01-13 21:57:23","2026-01-13 21:57:23",NULL
7849,Solan,0,"2026-01-13 21:57:23","2026-01-13 21:57:23",NULL
7850,Solan,0,"2026-01-13 21:57:23","2026-01-13 21:57:23",NULL
7851,Solan,0,"2026-01-13 21:57:23","2026-01-13 21:57:23",NULL
7852,Solan,0,"2026-01-13 21:57:23","2026-01-13 21:57:23",NULL
7853,Solan,0,"2026-01-13 21:57:23","2026-01-13 21:57:23",NULL
7854,Solan,0,"2026-01-13 21:57:23","2026-01-13 21:57:23",NULL
7855,Solan,0,"2026-01-13 21:57:23","2026-01-13 21:57:23",NULL
7856,Solan,0,"2026-01-13 21:57:23","2026-01-13 21:57:23",NULL
7857,Solan,0,"2026-01-13 21:57:23","2026-01-13 21:57:23",NULL
7858,Solan,0,"2026-01-13 21:57:23","2026-01-13 21:57:23",NULL
7859,Solan,0,"2026-01-13 21:57:23","2026-01-13 21:57:23",NULL
7860,Solan,0,"2026-01-13 21:57:23","2026-01-13 21:57:23",NULL
7861,"Bilaspur (HP)",0,"2026-01-13 21:57:23","2026-01-13 21:57:23",NULL
7862,Sirmaur,0,"2026-01-13 21:57:23","2026-01-13 21:57:23",NULL
7863,Solan,0,"2026-01-13 21:57:23","2026-01-13 21:57:23",NULL
7864,Sirmaur,0,"2026-01-13 21:57:23","2026-01-13 21:57:23",NULL
7865,Sirmaur,0,"2026-01-13 21:57:23","2026-01-13 21:57:23",NULL
7866,Sirmaur,0,"2026-01-13 21:57:23","2026-01-13 21:57:23",NULL
7867,Sirmaur,0,"2026-01-13 21:57:23","2026-01-13 21:57:23",NULL
7868,Sirmaur,0,"2026-01-13 21:57:23","2026-01-13 21:57:23",NULL
7869,Sirmaur,0,"2026-01-13 21:57:23","2026-01-13 21:57:23",NULL
7870,Solan,0,"2026-01-13 21:57:23","2026-01-13 21:57:23",NULL
7871,Solan,0,"2026-01-13 21:57:23","2026-01-13 21:57:23",NULL
7872,Solan,0,"2026-01-13 21:57:23","2026-01-13 21:57:23",NULL
7873,Solan,0,"2026-01-13 21:57:23","2026-01-13 21:57:23",NULL
7874,Solan,0,"2026-01-13 21:57:23","2026-01-13 21:57:23",NULL
7875,Solan,0,"2026-01-13 21:57:23","2026-01-13 21:57:23",NULL
7876,Solan,0,"2026-01-13 21:57:23","2026-01-13 21:57:23",NULL
7877,Solan,0,"2026-01-13 21:57:23","2026-01-13 21:57:23",NULL
7878,Sirmaur,0,"2026-01-13 21:57:23","2026-01-13 21:57:23",NULL
7879,Sirmaur,0,"2026-01-13 21:57:23","2026-01-13 21:57:23",NULL
7880,Solan,0,"2026-01-13 21:57:23","2026-01-13 21:57:23",NULL
7881,Sirmaur,0,"2026-01-13 21:57:23","2026-01-13 21:57:23",NULL
7882,Solan,0,"2026-01-13 21:57:23","2026-01-13 21:57:23",NULL
7883,Solan,0,"2026-01-13 21:57:23","2026-01-13 21:57:23",NULL
7884,Solan,0,"2026-01-13 21:57:23","2026-01-13 21:57:23",NULL
7885,Solan,0,"2026-01-13 21:57:23","2026-01-13 21:57:23",NULL
7886,Solan,0,"2026-01-13 21:57:23","2026-01-13 21:57:23",NULL
7887,Solan,0,"2026-01-13 21:57:23","2026-01-13 21:57:23",NULL
7888,Solan,0,"2026-01-13 21:57:23","2026-01-13 21:57:23",NULL
7889,Solan,0,"2026-01-13 21:57:23","2026-01-13 21:57:23",NULL
7890,Solan,0,"2026-01-13 21:57:23","2026-01-13 21:57:23",NULL
7891,Solan,0,"2026-01-13 21:57:23","2026-01-13 21:57:23",NULL
7892,Solan,0,"2026-01-13 21:57:23","2026-01-13 21:57:23",NULL
7893,Solan,0,"2026-01-13 21:57:23","2026-01-13 21:57:23",NULL
7894,Solan,0,"2026-01-13 21:57:23","2026-01-13 21:57:23",NULL
7895,Solan,0,"2026-01-13 21:57:23","2026-01-13 21:57:23",NULL
7896,Solan,0,"2026-01-13 21:57:23","2026-01-13 21:57:23",NULL
7897,Solan,0,"2026-01-13 21:57:23","2026-01-13 21:57:23",NULL
7898,Solan,0,"2026-01-13 21:57:23","2026-01-13 21:57:23",NULL
7899,Solan,0,"2026-01-13 21:57:23","2026-01-13 21:57:23",NULL
7900,"Bilaspur (HP)",0,"2026-01-13 21:57:23","2026-01-13 21:57:23",NULL
7901,"Bilaspur (HP)",0,"2026-01-13 21:57:23","2026-01-13 21:57:23",NULL
7902,"Bilaspur (HP)",0,"2026-01-13 21:57:23","2026-01-13 21:57:23",NULL
7903,"Bilaspur (HP)",0,"2026-01-13 21:57:23","2026-01-13 21:57:23",NULL
7904,"Bilaspur (HP)",0,"2026-01-13 21:57:23","2026-01-13 21:57:23",NULL
7905,"Bilaspur (HP)",0,"2026-01-13 21:57:23","2026-01-13 21:57:23",NULL
7906,"Bilaspur (HP)",0,"2026-01-13 21:57:23","2026-01-13 21:57:23",NULL
7907,"Bilaspur (HP)",0,"2026-01-13 21:57:23","2026-01-13 21:57:23",NULL
7908,"Bilaspur (HP)",0,"2026-01-13 21:57:23","2026-01-13 21:57:23",NULL
7909,"Bilaspur (HP)",0,"2026-01-13 21:57:23","2026-01-13 21:57:23",NULL
7910,"Bilaspur (HP)",0,"2026-01-13 21:57:23","2026-01-13 21:57:23",NULL
7911,"Bilaspur (HP)",0,"2026-01-13 21:57:23","2026-01-13 21:57:23",NULL
7912,"Bilaspur (HP)",0,"2026-01-13 21:57:23","2026-01-13 21:57:23",NULL
7913,"Bilaspur (HP)",0,"2026-01-13 21:57:23","2026-01-13 21:57:23",NULL
7914,"Bilaspur (HP)",0,"2026-01-13 21:57:23","2026-01-13 21:57:23",NULL
7915,"Bilaspur (HP)",0,"2026-01-13 21:57:23","2026-01-13 21:57:23",NULL
7916,"Bilaspur (HP)",0,"2026-01-13 21:57:23","2026-01-13 21:57:23",NULL
7917,"Bilaspur (HP)",0,"2026-01-13 21:57:23","2026-01-13 21:57:23",NULL
7918,"Bilaspur (HP)",0,"2026-01-13 21:57:23","2026-01-13 21:57:23",NULL
7919,"Bilaspur (HP)",0,"2026-01-13 21:57:23","2026-01-13 21:57:23",NULL
7920,"Bilaspur (HP)",0,"2026-01-13 21:57:23","2026-01-13 21:57:23",NULL
7921,"Bilaspur (HP)",0,"2026-01-13 21:57:23","2026-01-13 21:57:23",NULL
7922,"Bilaspur (HP)",0,"2026-01-13 21:57:23","2026-01-13 21:57:23",NULL
7923,"Bilaspur (HP)",0,"2026-01-13 21:57:23","2026-01-13 21:57:23",NULL
7924,"Bilaspur (HP)",0,"2026-01-13 21:57:23","2026-01-13 21:57:23",NULL
7925,"Bilaspur (HP)",0,"2026-01-13 21:57:23","2026-01-13 21:57:23",NULL
7926,"Bilaspur (HP)",0,"2026-01-13 21:57:23","2026-01-13 21:57:23",NULL
7927,"Bilaspur (HP)",0,"2026-01-13 21:57:23","2026-01-13 21:57:23",NULL
7928,"Bilaspur (HP)",0,"2026-01-13 21:57:23","2026-01-13 21:57:23",NULL
7929,"Bilaspur (HP)",0,"2026-01-13 21:57:23","2026-01-13 21:57:23",NULL
7930,"Bilaspur (HP)",0,"2026-01-13 21:57:23","2026-01-13 21:57:23",NULL
7931,"Bilaspur (HP)",0,"2026-01-13 21:57:23","2026-01-13 21:57:23",NULL
7932,"Bilaspur (HP)",0,"2026-01-13 21:57:23","2026-01-13 21:57:23",NULL
7933,"Bilaspur (HP)",0,"2026-01-13 21:57:23","2026-01-13 21:57:23",NULL
7934,"Bilaspur (HP)",0,"2026-01-13 21:57:23","2026-01-13 21:57:23",NULL
7935,"Bilaspur (HP)",0,"2026-01-13 21:57:23","2026-01-13 21:57:23",NULL
7936,"Bilaspur (HP)",0,"2026-01-13 21:57:23","2026-01-13 21:57:23",NULL
7937,"Bilaspur (HP)",0,"2026-01-13 21:57:23","2026-01-13 21:57:23",NULL
7938,"Bilaspur (HP)",0,"2026-01-13 21:57:23","2026-01-13 21:57:23",NULL
7939,"Bilaspur (HP)",0,"2026-01-13 21:57:23","2026-01-13 21:57:23",NULL
7940,"Bilaspur (HP)",0,"2026-01-13 21:57:23","2026-01-13 21:57:23",NULL
7941,"Bilaspur (HP)",0,"2026-01-13 21:57:23","2026-01-13 21:57:23",NULL
7942,"Bilaspur (HP)",0,"2026-01-13 21:57:23","2026-01-13 21:57:23",NULL
7943,"Bilaspur (HP)",0,"2026-01-13 21:57:23","2026-01-13 21:57:23",NULL
7944,"Bilaspur (HP)",0,"2026-01-13 21:57:23","2026-01-13 21:57:23",NULL
7945,"Bilaspur (HP)",0,"2026-01-13 21:57:23","2026-01-13 21:57:23",NULL
7946,"Bilaspur (HP)",0,"2026-01-13 21:57:23","2026-01-13 21:57:23",NULL
7947,"Bilaspur (HP)",0,"2026-01-13 21:57:23","2026-01-13 21:57:23",NULL
7948,"Bilaspur (HP)",0,"2026-01-13 21:57:23","2026-01-13 21:57:23",NULL
7949,"Bilaspur (HP)",0,"2026-01-13 21:57:23","2026-01-13 21:57:23",NULL
7950,"Bilaspur (HP)",0,"2026-01-13 21:57:23","2026-01-13 21:57:23",NULL
7951,"Bilaspur (HP)",0,"2026-01-13 21:57:23","2026-01-13 21:57:23",NULL
7952,"Bilaspur (HP)",0,"2026-01-13 21:57:23","2026-01-13 21:57:23",NULL
7953,"Bilaspur (HP)",0,"2026-01-13 21:57:23","2026-01-13 21:57:23",NULL
7954,"Bilaspur (HP)",0,"2026-01-13 21:57:23","2026-01-13 21:57:23",NULL
7955,"Bilaspur (HP)",0,"2026-01-13 21:57:23","2026-01-13 21:57:23",NULL
7956,"Bilaspur (HP)",0,"2026-01-13 21:57:23","2026-01-13 21:57:23",NULL
7957,"Bilaspur (HP)",0,"2026-01-13 21:57:23","2026-01-13 21:57:23",NULL
7958,"Bilaspur (HP)",0,"2026-01-13 21:57:23","2026-01-13 21:57:23",NULL
7959,"Bilaspur (HP)",0,"2026-01-13 21:57:23","2026-01-13 21:57:23",NULL
7960,"Bilaspur (HP)",0,"2026-01-13 21:57:23","2026-01-13 21:57:23",NULL
7961,"Bilaspur (HP)",0,"2026-01-13 21:57:23","2026-01-13 21:57:23",NULL
7962,"Bilaspur (HP)",0,"2026-01-13 21:57:23","2026-01-13 21:57:23",NULL
7963,"Bilaspur (HP)",0,"2026-01-13 21:57:23","2026-01-13 21:57:23",NULL
7964,"Bilaspur (HP)",0,"2026-01-13 21:57:23","2026-01-13 21:57:23",NULL
7965,"Bilaspur (HP)",0,"2026-01-13 21:57:23","2026-01-13 21:57:23",NULL
7966,"Bilaspur (HP)",0,"2026-01-13 21:57:23","2026-01-13 21:57:23",NULL
7967,"Bilaspur (HP)",0,"2026-01-13 21:57:23","2026-01-13 21:57:23",NULL
7968,"Bilaspur (HP)",0,"2026-01-13 21:57:23","2026-01-13 21:57:23",NULL
7969,"Bilaspur (HP)",0,"2026-01-13 21:57:23","2026-01-13 21:57:23",NULL
7970,"Bilaspur (HP)",0,"2026-01-13 21:57:23","2026-01-13 21:57:23",NULL
7971,"Bilaspur (HP)",0,"2026-01-13 21:57:23","2026-01-13 21:57:23",NULL
7972,"Bilaspur (HP)",0,"2026-01-13 21:57:23","2026-01-13 21:57:23",NULL
7973,"Bilaspur (HP)",0,"2026-01-13 21:57:23","2026-01-13 21:57:23",NULL
7974,"Bilaspur (HP)",0,"2026-01-13 21:57:23","2026-01-13 21:57:23",NULL
7975,"Bilaspur (HP)",0,"2026-01-13 21:57:23","2026-01-13 21:57:23",NULL
7976,"Bilaspur (HP)",0,"2026-01-13 21:57:23","2026-01-13 21:57:23",NULL
7977,"Bilaspur (HP)",0,"2026-01-13 21:57:23","2026-01-13 21:57:23",NULL
7978,"Bilaspur (HP)",0,"2026-01-13 21:57:23","2026-01-13 21:57:23",NULL
7979,"Bilaspur (HP)",0,"2026-01-13 21:57:23","2026-01-13 21:57:23",NULL
7980,"Bilaspur (HP)",0,"2026-01-13 21:57:23","2026-01-13 21:57:23",NULL
7981,"Bilaspur (HP)",0,"2026-01-13 21:57:23","2026-01-13 21:57:23",NULL
7982,"Bilaspur (HP)",0,"2026-01-13 21:57:23","2026-01-13 21:57:23",NULL
7983,"Bilaspur (HP)",0,"2026-01-13 21:57:23","2026-01-13 21:57:23",NULL
7984,"Bilaspur (HP)",0,"2026-01-13 21:57:23","2026-01-13 21:57:23",NULL
7985,"Bilaspur (HP)",0,"2026-01-13 21:57:23","2026-01-13 21:57:23",NULL
7986,"Bilaspur (HP)",0,"2026-01-13 21:57:23","2026-01-13 21:57:23",NULL
7987,"Bilaspur (HP)",0,"2026-01-13 21:57:23","2026-01-13 21:57:23",NULL
7988,"Bilaspur (HP)",0,"2026-01-13 21:57:23","2026-01-13 21:57:23",NULL
7989,"Bilaspur (HP)",0,"2026-01-13 21:57:23","2026-01-13 21:57:23",NULL
7990,Solan,0,"2026-01-13 21:57:23","2026-01-13 21:57:23",NULL
7991,Solan,0,"2026-01-13 21:57:23","2026-01-13 21:57:23",NULL
7992,Solan,0,"2026-01-13 21:57:23","2026-01-13 21:57:23",NULL
7993,Solan,0,"2026-01-13 21:57:23","2026-01-13 21:57:23",NULL
7994,Solan,0,"2026-01-13 21:57:23","2026-01-13 21:57:23",NULL
7995,Solan,0,"2026-01-13 21:57:23","2026-01-13 21:57:23",NULL
7996,Solan,0,"2026-01-13 21:57:23","2026-01-13 21:57:23",NULL
7997,Solan,0,"2026-01-13 21:57:23","2026-01-13 21:57:23",NULL
7998,Solan,0,"2026-01-13 21:57:23","2026-01-13 21:57:23",NULL
7999,Solan,0,"2026-01-13 21:57:23","2026-01-13 21:57:23",NULL
8000,Solan,0,"2026-01-13 21:57:23","2026-01-13 21:57:23",NULL
8001,Solan,0,"2026-01-13 21:57:23","2026-01-13 21:57:23",NULL
8002,Solan,0,"2026-01-13 21:57:23","2026-01-13 21:57:23",NULL
8003,Solan,0,"2026-01-13 21:57:23","2026-01-13 21:57:23",NULL
8004,Solan,0,"2026-01-13 21:57:23","2026-01-13 21:57:23",NULL
8005,Solan,0,"2026-01-13 21:57:23","2026-01-13 21:57:23",NULL
8006,"Bilaspur (HP)",0,"2026-01-13 21:57:23","2026-01-13 21:57:23",NULL
8007,"Bilaspur (HP)",0,"2026-01-13 21:57:23","2026-01-13 21:57:23",NULL
8008,"Bilaspur (HP)",0,"2026-01-13 21:57:23","2026-01-13 21:57:23",NULL
8009,"Bilaspur (HP)",0,"2026-01-13 21:57:23","2026-01-13 21:57:23",NULL
8010,"Bilaspur (HP)",0,"2026-01-13 21:57:23","2026-01-13 21:57:23",NULL
8011,"Bilaspur (HP)",0,"2026-01-13 21:57:23","2026-01-13 21:57:23",NULL
8012,"Bilaspur (HP)",0,"2026-01-13 21:57:23","2026-01-13 21:57:23",NULL
8013,"Bilaspur (HP)",0,"2026-01-13 21:57:23","2026-01-13 21:57:23",NULL
8014,"Bilaspur (HP)",0,"2026-01-13 21:57:23","2026-01-13 21:57:23",NULL
8015,"Bilaspur (HP)",0,"2026-01-13 21:57:23","2026-01-13 21:57:23",NULL
8016,"Bilaspur (HP)",0,"2026-01-13 21:57:23","2026-01-13 21:57:23",NULL
8017,"Bilaspur (HP)",0,"2026-01-13 21:57:23","2026-01-13 21:57:23",NULL
8018,"Bilaspur (HP)",0,"2026-01-13 21:57:23","2026-01-13 21:57:23",NULL
8019,"Bilaspur (HP)",0,"2026-01-13 21:57:23","2026-01-13 21:57:23",NULL
8020,"Bilaspur (HP)",0,"2026-01-13 21:57:23","2026-01-13 21:57:23",NULL
8021,"Bilaspur (HP)",0,"2026-01-13 21:57:23","2026-01-13 21:57:23",NULL
8022,"Bilaspur (HP)",0,"2026-01-13 21:57:23","2026-01-13 21:57:23",NULL
8023,"Bilaspur (HP)",0,"2026-01-13 21:57:23","2026-01-13 21:57:23",NULL
8024,"Bilaspur (HP)",0,"2026-01-13 21:57:23","2026-01-13 21:57:23",NULL
8025,"Bilaspur (HP)",0,"2026-01-13 21:57:23","2026-01-13 21:57:23",NULL
8026,"Bilaspur (HP)",0,"2026-01-13 21:57:23","2026-01-13 21:57:23",NULL
8027,"Bilaspur (HP)",0,"2026-01-13 21:57:23","2026-01-13 21:57:23",NULL
8028,"Bilaspur (HP)",0,"2026-01-13 21:57:23","2026-01-13 21:57:23",NULL
8029,"Bilaspur (HP)",0,"2026-01-13 21:57:23","2026-01-13 21:57:23",NULL
8030,"Bilaspur (HP)",0,"2026-01-13 21:57:23","2026-01-13 21:57:23",NULL
8031,Mandi,0,"2026-01-13 21:57:23","2026-01-13 21:57:23",NULL
8032,"Bilaspur (HP)",0,"2026-01-13 21:57:23","2026-01-13 21:57:23",NULL
8033,"Bilaspur (HP)",0,"2026-01-13 21:57:23","2026-01-13 21:57:23",NULL
8034,"Bilaspur (HP)",0,"2026-01-13 21:57:23","2026-01-13 21:57:23",NULL
8035,"Bilaspur (HP)",0,"2026-01-13 21:57:23","2026-01-13 21:57:23",NULL
8036,"Bilaspur (HP)",0,"2026-01-13 21:57:23","2026-01-13 21:57:23",NULL
8037,"Bilaspur (HP)",0,"2026-01-13 21:57:23","2026-01-13 21:57:23",NULL
8038,"Bilaspur (HP)",0,"2026-01-13 21:57:23","2026-01-13 21:57:23",NULL
8039,"Bilaspur (HP)",0,"2026-01-13 21:57:23","2026-01-13 21:57:23",NULL
8040,"Bilaspur (HP)",0,"2026-01-13 21:57:23","2026-01-13 21:57:23",NULL
8041,"Bilaspur (HP)",0,"2026-01-13 21:57:23","2026-01-13 21:57:23",NULL
8042,"Bilaspur (HP)",0,"2026-01-13 21:57:23","2026-01-13 21:57:23",NULL
8043,"Bilaspur (HP)",0,"2026-01-13 21:57:23","2026-01-13 21:57:23",NULL
8044,"Bilaspur (HP)",0,"2026-01-13 21:57:23","2026-01-13 21:57:23",NULL
8045,"Bilaspur (HP)",0,"2026-01-13 21:57:23","2026-01-13 21:57:23",NULL
8046,"Bilaspur (HP)",0,"2026-01-13 21:57:23","2026-01-13 21:57:23",NULL
8047,"Bilaspur (HP)",0,"2026-01-13 21:57:23","2026-01-13 21:57:23",NULL
8048,"Bilaspur (HP)",0,"2026-01-13 21:57:23","2026-01-13 21:57:23",NULL
8049,"Bilaspur (HP)",0,"2026-01-13 21:57:23","2026-01-13 21:57:23",NULL
8050,"Bilaspur (HP)",0,"2026-01-13 21:57:23","2026-01-13 21:57:23",NULL
8051,Solan,0,"2026-01-13 21:57:23","2026-01-13 21:57:23",NULL
8052,Solan,0,"2026-01-13 21:57:23","2026-01-13 21:57:23",NULL
8053,Solan,0,"2026-01-13 21:57:23","2026-01-13 21:57:23",NULL
8054,Solan,0,"2026-01-13 21:57:23","2026-01-13 21:57:23",NULL
8055,Solan,0,"2026-01-13 21:57:23","2026-01-13 21:57:23",NULL
8056,Solan,0,"2026-01-13 21:57:23","2026-01-13 21:57:23",NULL
8057,Solan,0,"2026-01-13 21:57:23","2026-01-13 21:57:23",NULL
8058,Solan,0,"2026-01-13 21:57:23","2026-01-13 21:57:23",NULL
8059,Solan,0,"2026-01-13 21:57:23","2026-01-13 21:57:23",NULL
8060,Solan,0,"2026-01-13 21:57:23","2026-01-13 21:57:23",NULL
8061,Solan,0,"2026-01-13 21:57:23","2026-01-13 21:57:23",NULL
8062,Solan,0,"2026-01-13 21:57:23","2026-01-13 21:57:23",NULL
8063,Solan,0,"2026-01-13 21:57:23","2026-01-13 21:57:23",NULL
8064,Solan,0,"2026-01-13 21:57:23","2026-01-13 21:57:23",NULL
8065,Solan,0,"2026-01-13 21:57:23","2026-01-13 21:57:23",NULL
8066,Solan,0,"2026-01-13 21:57:23","2026-01-13 21:57:23",NULL
8067,Solan,0,"2026-01-13 21:57:23","2026-01-13 21:57:23",NULL
8068,Solan,0,"2026-01-13 21:57:23","2026-01-13 21:57:23",NULL
8069,Solan,0,"2026-01-13 21:57:23","2026-01-13 21:57:23",NULL
8070,Solan,0,"2026-01-13 21:57:23","2026-01-13 21:57:23",NULL
8071,Solan,0,"2026-01-13 21:57:23","2026-01-13 21:57:23",NULL
8072,Solan,0,"2026-01-13 21:57:23","2026-01-13 21:57:23",NULL
8073,Solan,0,"2026-01-13 21:57:23","2026-01-13 21:57:23",NULL
8074,Solan,0,"2026-01-13 21:57:23","2026-01-13 21:57:23",NULL
8075,Solan,0,"2026-01-13 21:57:23","2026-01-13 21:57:23",NULL
8076,Solan,0,"2026-01-13 21:57:23","2026-01-13 21:57:23",NULL
8077,Solan,0,"2026-01-13 21:57:23","2026-01-13 21:57:23",NULL
8078,Solan,0,"2026-01-13 21:57:23","2026-01-13 21:57:23",NULL
8079,"Bilaspur (HP)",0,"2026-01-13 21:57:23","2026-01-13 21:57:23",NULL
8080,"Bilaspur (HP)",0,"2026-01-13 21:57:23","2026-01-13 21:57:23",NULL
8081,"Bilaspur (HP)",0,"2026-01-13 21:57:23","2026-01-13 21:57:23",NULL
8082,"Bilaspur (HP)",0,"2026-01-13 21:57:23","2026-01-13 21:57:23",NULL
8083,"Bilaspur (HP)",0,"2026-01-13 21:57:23","2026-01-13 21:57:23",NULL
8084,"Bilaspur (HP)",0,"2026-01-13 21:57:23","2026-01-13 21:57:23",NULL
8085,"Bilaspur (HP)",0,"2026-01-13 21:57:23","2026-01-13 21:57:23",NULL
8086,Una,0,"2026-01-13 21:57:23","2026-01-13 21:57:23",NULL
8087,Una,0,"2026-01-13 21:57:23","2026-01-13 21:57:23",NULL
8088,Una,0,"2026-01-13 21:57:23","2026-01-13 21:57:23",NULL
8089,Una,0,"2026-01-13 21:57:23","2026-01-13 21:57:23",NULL
8090,Una,0,"2026-01-13 21:57:23","2026-01-13 21:57:23",NULL
8091,Una,0,"2026-01-13 21:57:23","2026-01-13 21:57:23",NULL
8092,Una,0,"2026-01-13 21:57:23","2026-01-13 21:57:23",NULL
8093,Una,0,"2026-01-13 21:57:23","2026-01-13 21:57:23",NULL
8094,Una,0,"2026-01-13 21:57:24","2026-01-13 21:57:24",NULL
8095,Una,0,"2026-01-13 21:57:24","2026-01-13 21:57:24",NULL
8096,Una,0,"2026-01-13 21:57:24","2026-01-13 21:57:24",NULL
8097,Una,0,"2026-01-13 21:57:24","2026-01-13 21:57:24",NULL
8098,Una,0,"2026-01-13 21:57:24","2026-01-13 21:57:24",NULL
8099,Una,0,"2026-01-13 21:57:24","2026-01-13 21:57:24",NULL
8100,Una,0,"2026-01-13 21:57:24","2026-01-13 21:57:24",NULL
8101,Una,0,"2026-01-13 21:57:24","2026-01-13 21:57:24",NULL
8102,Una,0,"2026-01-13 21:57:24","2026-01-13 21:57:24",NULL
8103,Una,0,"2026-01-13 21:57:24","2026-01-13 21:57:24",NULL
8104,Una,0,"2026-01-13 21:57:24","2026-01-13 21:57:24",NULL
8105,Una,0,"2026-01-13 21:57:24","2026-01-13 21:57:24",NULL
8106,Una,0,"2026-01-13 21:57:24","2026-01-13 21:57:24",NULL
8107,Una,0,"2026-01-13 21:57:24","2026-01-13 21:57:24",NULL
8108,Una,0,"2026-01-13 21:57:24","2026-01-13 21:57:24",NULL
8109,Una,0,"2026-01-13 21:57:24","2026-01-13 21:57:24",NULL
8110,Una,0,"2026-01-13 21:57:24","2026-01-13 21:57:24",NULL
8111,Una,0,"2026-01-13 21:57:24","2026-01-13 21:57:24",NULL
8112,Una,0,"2026-01-13 21:57:24","2026-01-13 21:57:24",NULL
8113,Una,0,"2026-01-13 21:57:24","2026-01-13 21:57:24",NULL
8114,Una,0,"2026-01-13 21:57:24","2026-01-13 21:57:24",NULL
8115,Una,0,"2026-01-13 21:57:24","2026-01-13 21:57:24",NULL
8116,Una,0,"2026-01-13 21:57:24","2026-01-13 21:57:24",NULL
8117,Una,0,"2026-01-13 21:57:24","2026-01-13 21:57:24",NULL
8118,Una,0,"2026-01-13 21:57:24","2026-01-13 21:57:24",NULL
8119,Una,0,"2026-01-13 21:57:24","2026-01-13 21:57:24",NULL
8120,Una,0,"2026-01-13 21:57:24","2026-01-13 21:57:24",NULL
8121,Una,0,"2026-01-13 21:57:24","2026-01-13 21:57:24",NULL
8122,Una,0,"2026-01-13 21:57:24","2026-01-13 21:57:24",NULL
8123,Una,0,"2026-01-13 21:57:24","2026-01-13 21:57:24",NULL
8124,Hamirpur(HP),0,"2026-01-13 21:57:24","2026-01-13 21:57:24",NULL
8125,Hamirpur(HP),0,"2026-01-13 21:57:24","2026-01-13 21:57:24",NULL
8126,Hamirpur(HP),0,"2026-01-13 21:57:24","2026-01-13 21:57:24",NULL
8127,Hamirpur(HP),0,"2026-01-13 21:57:24","2026-01-13 21:57:24",NULL
8128,Hamirpur(HP),0,"2026-01-13 21:57:24","2026-01-13 21:57:24",NULL
8129,Hamirpur(HP),0,"2026-01-13 21:57:24","2026-01-13 21:57:24",NULL
8130,Hamirpur(HP),0,"2026-01-13 21:57:24","2026-01-13 21:57:24",NULL
8131,Hamirpur(HP),0,"2026-01-13 21:57:24","2026-01-13 21:57:24",NULL
8132,Hamirpur(HP),0,"2026-01-13 21:57:24","2026-01-13 21:57:24",NULL
8133,Hamirpur(HP),0,"2026-01-13 21:57:24","2026-01-13 21:57:24",NULL
8134,Una,0,"2026-01-13 21:57:24","2026-01-13 21:57:24",NULL
8135,Una,0,"2026-01-13 21:57:24","2026-01-13 21:57:24",NULL
8136,Una,0,"2026-01-13 21:57:24","2026-01-13 21:57:24",NULL
8137,Una,0,"2026-01-13 21:57:24","2026-01-13 21:57:24",NULL
8138,Una,0,"2026-01-13 21:57:24","2026-01-13 21:57:24",NULL
8139,Una,0,"2026-01-13 21:57:24","2026-01-13 21:57:24",NULL
8140,Una,0,"2026-01-13 21:57:24","2026-01-13 21:57:24",NULL
8141,Una,0,"2026-01-13 21:57:24","2026-01-13 21:57:24",NULL
8142,Una,0,"2026-01-13 21:57:24","2026-01-13 21:57:24",NULL
8143,Una,0,"2026-01-13 21:57:24","2026-01-13 21:57:24",NULL
8144,Una,0,"2026-01-13 21:57:24","2026-01-13 21:57:24",NULL
8145,Una,0,"2026-01-13 21:57:24","2026-01-13 21:57:24",NULL
8146,Una,0,"2026-01-13 21:57:24","2026-01-13 21:57:24",NULL
8147,Una,0,"2026-01-13 21:57:24","2026-01-13 21:57:24",NULL
8148,Una,0,"2026-01-13 21:57:24","2026-01-13 21:57:24",NULL
8149,Una,0,"2026-01-13 21:57:24","2026-01-13 21:57:24",NULL
8150,Una,0,"2026-01-13 21:57:24","2026-01-13 21:57:24",NULL
8151,Una,0,"2026-01-13 21:57:24","2026-01-13 21:57:24",NULL
8152,Una,0,"2026-01-13 21:57:24","2026-01-13 21:57:24",NULL
8153,Una,0,"2026-01-13 21:57:24","2026-01-13 21:57:24",NULL
8154,Una,0,"2026-01-13 21:57:24","2026-01-13 21:57:24",NULL
8155,Una,0,"2026-01-13 21:57:24","2026-01-13 21:57:24",NULL
8156,Hamirpur(HP),0,"2026-01-13 21:57:24","2026-01-13 21:57:24",NULL
8157,Hamirpur(HP),0,"2026-01-13 21:57:24","2026-01-13 21:57:24",NULL
8158,"Bilaspur (HP)",0,"2026-01-13 21:57:24","2026-01-13 21:57:24",NULL
8159,"Bilaspur (HP)",0,"2026-01-13 21:57:24","2026-01-13 21:57:24",NULL
8160,"Bilaspur (HP)",0,"2026-01-13 21:57:24","2026-01-13 21:57:24",NULL
8161,"Bilaspur (HP)",0,"2026-01-13 21:57:24","2026-01-13 21:57:24",NULL
8162,Hamirpur(HP),0,"2026-01-13 21:57:24","2026-01-13 21:57:24",NULL
8163,Hamirpur(HP),0,"2026-01-13 21:57:24","2026-01-13 21:57:24",NULL
8164,Hamirpur(HP),0,"2026-01-13 21:57:24","2026-01-13 21:57:24",NULL
8165,Hamirpur(HP),0,"2026-01-13 21:57:24","2026-01-13 21:57:24",NULL
8166,Hamirpur(HP),0,"2026-01-13 21:57:24","2026-01-13 21:57:24",NULL
8167,Hamirpur(HP),0,"2026-01-13 21:57:24","2026-01-13 21:57:24",NULL
8168,Hamirpur(HP),0,"2026-01-13 21:57:24","2026-01-13 21:57:24",NULL
8169,Hamirpur(HP),0,"2026-01-13 21:57:24","2026-01-13 21:57:24",NULL
8170,Hamirpur(HP),0,"2026-01-13 21:57:24","2026-01-13 21:57:24",NULL
8171,Hamirpur(HP),0,"2026-01-13 21:57:24","2026-01-13 21:57:24",NULL
8172,Hamirpur(HP),0,"2026-01-13 21:57:24","2026-01-13 21:57:24",NULL
8173,Hamirpur(HP),0,"2026-01-13 21:57:24","2026-01-13 21:57:24",NULL
8174,Una,0,"2026-01-13 21:57:24","2026-01-13 21:57:24",NULL
8175,Una,0,"2026-01-13 21:57:24","2026-01-13 21:57:24",NULL
8176,Una,0,"2026-01-13 21:57:24","2026-01-13 21:57:24",NULL
8177,Una,0,"2026-01-13 21:57:24","2026-01-13 21:57:24",NULL
8178,Una,0,"2026-01-13 21:57:24","2026-01-13 21:57:24",NULL
8179,Una,0,"2026-01-13 21:57:24","2026-01-13 21:57:24",NULL
8180,Una,0,"2026-01-13 21:57:24","2026-01-13 21:57:24",NULL
8181,Una,0,"2026-01-13 21:57:24","2026-01-13 21:57:24",NULL
8182,Una,0,"2026-01-13 21:57:24","2026-01-13 21:57:24",NULL
8183,Una,0,"2026-01-13 21:57:24","2026-01-13 21:57:24",NULL
8184,Una,0,"2026-01-13 21:57:24","2026-01-13 21:57:24",NULL
8185,Una,0,"2026-01-13 21:57:24","2026-01-13 21:57:24",NULL
8186,Una,0,"2026-01-13 21:57:24","2026-01-13 21:57:24",NULL
8187,Una,0,"2026-01-13 21:57:24","2026-01-13 21:57:24",NULL
8188,Una,0,"2026-01-13 21:57:24","2026-01-13 21:57:24",NULL
8189,Una,0,"2026-01-13 21:57:24","2026-01-13 21:57:24",NULL
8190,Una,0,"2026-01-13 21:57:24","2026-01-13 21:57:24",NULL
8191,Mandi,0,"2026-01-13 21:57:24","2026-01-13 21:57:24",NULL
8192,Mandi,0,"2026-01-13 21:57:24","2026-01-13 21:57:24",NULL
8193,Mandi,0,"2026-01-13 21:57:24","2026-01-13 21:57:24",NULL
8194,Mandi,0,"2026-01-13 21:57:24","2026-01-13 21:57:24",NULL
8195,Mandi,0,"2026-01-13 21:57:24","2026-01-13 21:57:24",NULL
8196,Mandi,0,"2026-01-13 21:57:24","2026-01-13 21:57:24",NULL
8197,Mandi,0,"2026-01-13 21:57:24","2026-01-13 21:57:24",NULL
8198,Mandi,0,"2026-01-13 21:57:24","2026-01-13 21:57:24",NULL
8199,Mandi,0,"2026-01-13 21:57:24","2026-01-13 21:57:24",NULL
8200,Mandi,0,"2026-01-13 21:57:24","2026-01-13 21:57:24",NULL
8201,Mandi,0,"2026-01-13 21:57:24","2026-01-13 21:57:24",NULL
8202,Mandi,0,"2026-01-13 21:57:24","2026-01-13 21:57:24",NULL
8203,Mandi,0,"2026-01-13 21:57:24","2026-01-13 21:57:24",NULL
8204,Mandi,0,"2026-01-13 21:57:24","2026-01-13 21:57:24",NULL
8205,Mandi,0,"2026-01-13 21:57:24","2026-01-13 21:57:24",NULL
8206,Mandi,0,"2026-01-13 21:57:24","2026-01-13 21:57:24",NULL
8207,Mandi,0,"2026-01-13 21:57:24","2026-01-13 21:57:24",NULL
8208,Mandi,0,"2026-01-13 21:57:24","2026-01-13 21:57:24",NULL
8209,Mandi,0,"2026-01-13 21:57:24","2026-01-13 21:57:24",NULL
8210,Mandi,0,"2026-01-13 21:57:24","2026-01-13 21:57:24",NULL
8211,Mandi,0,"2026-01-13 21:57:24","2026-01-13 21:57:24",NULL
8212,Mandi,0,"2026-01-13 21:57:24","2026-01-13 21:57:24",NULL
8213,Mandi,0,"2026-01-13 21:57:24","2026-01-13 21:57:24",NULL
8214,Mandi,0,"2026-01-13 21:57:24","2026-01-13 21:57:24",NULL
8215,Mandi,0,"2026-01-13 21:57:24","2026-01-13 21:57:24",NULL
8216,Mandi,0,"2026-01-13 21:57:24","2026-01-13 21:57:24",NULL
8217,Mandi,0,"2026-01-13 21:57:24","2026-01-13 21:57:24",NULL
8218,Mandi,0,"2026-01-13 21:57:24","2026-01-13 21:57:24",NULL
8219,Mandi,0,"2026-01-13 21:57:24","2026-01-13 21:57:24",NULL
8220,Mandi,0,"2026-01-13 21:57:24","2026-01-13 21:57:24",NULL
8221,Mandi,0,"2026-01-13 21:57:24","2026-01-13 21:57:24",NULL
8222,Mandi,0,"2026-01-13 21:57:24","2026-01-13 21:57:24",NULL
8223,Mandi,0,"2026-01-13 21:57:24","2026-01-13 21:57:24",NULL
8224,Mandi,0,"2026-01-13 21:57:24","2026-01-13 21:57:24",NULL
8225,Mandi,0,"2026-01-13 21:57:24","2026-01-13 21:57:24",NULL
8226,Mandi,0,"2026-01-13 21:57:24","2026-01-13 21:57:24",NULL
8227,Mandi,0,"2026-01-13 21:57:24","2026-01-13 21:57:24",NULL
8228,Mandi,0,"2026-01-13 21:57:24","2026-01-13 21:57:24",NULL
8229,Mandi,0,"2026-01-13 21:57:24","2026-01-13 21:57:24",NULL
8230,Mandi,0,"2026-01-13 21:57:24","2026-01-13 21:57:24",NULL
8231,Mandi,0,"2026-01-13 21:57:24","2026-01-13 21:57:24",NULL
8232,Mandi,0,"2026-01-13 21:57:24","2026-01-13 21:57:24",NULL
8233,Mandi,0,"2026-01-13 21:57:24","2026-01-13 21:57:24",NULL
8234,Mandi,0,"2026-01-13 21:57:24","2026-01-13 21:57:24",NULL
8235,Mandi,0,"2026-01-13 21:57:24","2026-01-13 21:57:24",NULL
8236,Mandi,0,"2026-01-13 21:57:24","2026-01-13 21:57:24",NULL
8237,Mandi,0,"2026-01-13 21:57:24","2026-01-13 21:57:24",NULL
8238,Mandi,0,"2026-01-13 21:57:24","2026-01-13 21:57:24",NULL
8239,Mandi,0,"2026-01-13 21:57:24","2026-01-13 21:57:24",NULL
8240,Mandi,0,"2026-01-13 21:57:24","2026-01-13 21:57:24",NULL
8241,Mandi,0,"2026-01-13 21:57:24","2026-01-13 21:57:24",NULL
8242,Mandi,0,"2026-01-13 21:57:24","2026-01-13 21:57:24",NULL
8243,Mandi,0,"2026-01-13 21:57:24","2026-01-13 21:57:24",NULL
8244,Mandi,0,"2026-01-13 21:57:24","2026-01-13 21:57:24",NULL
8245,Mandi,0,"2026-01-13 21:57:24","2026-01-13 21:57:24",NULL
8246,Mandi,0,"2026-01-13 21:57:24","2026-01-13 21:57:24",NULL
8247,Mandi,0,"2026-01-13 21:57:24","2026-01-13 21:57:24",NULL
8248,Una,0,"2026-01-13 21:57:24","2026-01-13 21:57:24",NULL
8249,Una,0,"2026-01-13 21:57:24","2026-01-13 21:57:24",NULL
8250,Una,0,"2026-01-13 21:57:24","2026-01-13 21:57:24",NULL
8251,Una,0,"2026-01-13 21:57:24","2026-01-13 21:57:24",NULL
8252,Una,0,"2026-01-13 21:57:24","2026-01-13 21:57:24",NULL
8253,Una,0,"2026-01-13 21:57:24","2026-01-13 21:57:24",NULL
8254,Una,0,"2026-01-13 21:57:24","2026-01-13 21:57:24",NULL
8255,Una,0,"2026-01-13 21:57:24","2026-01-13 21:57:24",NULL
8256,Hamirpur(HP),0,"2026-01-13 21:57:24","2026-01-13 21:57:24",NULL
8257,Hamirpur(HP),0,"2026-01-13 21:57:24","2026-01-13 21:57:24",NULL
8258,Hamirpur(HP),0,"2026-01-13 21:57:24","2026-01-13 21:57:24",NULL
8259,Una,0,"2026-01-13 21:57:24","2026-01-13 21:57:24",NULL
8260,Una,0,"2026-01-13 21:57:24","2026-01-13 21:57:24",NULL
8261,Una,0,"2026-01-13 21:57:24","2026-01-13 21:57:24",NULL
8262,Hamirpur(HP),0,"2026-01-13 21:57:24","2026-01-13 21:57:24",NULL
8263,Hamirpur(HP),0,"2026-01-13 21:57:24","2026-01-13 21:57:24",NULL
8264,Mandi,0,"2026-01-13 21:57:24","2026-01-13 21:57:24",NULL
8265,Mandi,0,"2026-01-13 21:57:24","2026-01-13 21:57:24",NULL
8266,Mandi,0,"2026-01-13 21:57:24","2026-01-13 21:57:24",NULL
8267,Mandi,0,"2026-01-13 21:57:24","2026-01-13 21:57:24",NULL
8268,Mandi,0,"2026-01-13 21:57:24","2026-01-13 21:57:24",NULL
8269,Mandi,0,"2026-01-13 21:57:24","2026-01-13 21:57:24",NULL
8270,Mandi,0,"2026-01-13 21:57:24","2026-01-13 21:57:24",NULL
8271,Mandi,0,"2026-01-13 21:57:24","2026-01-13 21:57:24",NULL
8272,Mandi,0,"2026-01-13 21:57:24","2026-01-13 21:57:24",NULL
8273,Mandi,0,"2026-01-13 21:57:24","2026-01-13 21:57:24",NULL
8274,Mandi,0,"2026-01-13 21:57:24","2026-01-13 21:57:24",NULL
8275,Mandi,0,"2026-01-13 21:57:24","2026-01-13 21:57:24",NULL
8276,Mandi,0,"2026-01-13 21:57:24","2026-01-13 21:57:24",NULL
8277,Mandi,0,"2026-01-13 21:57:24","2026-01-13 21:57:24",NULL
8278,Mandi,0,"2026-01-13 21:57:24","2026-01-13 21:57:24",NULL
8279,Mandi,0,"2026-01-13 21:57:24","2026-01-13 21:57:24",NULL
8280,Mandi,0,"2026-01-13 21:57:24","2026-01-13 21:57:24",NULL
8281,Kangra,0,"2026-01-13 21:57:24","2026-01-13 21:57:24",NULL
8282,Mandi,0,"2026-01-13 21:57:24","2026-01-13 21:57:24",NULL
8283,Mandi,0,"2026-01-13 21:57:24","2026-01-13 21:57:24",NULL
8284,Mandi,0,"2026-01-13 21:57:24","2026-01-13 21:57:24",NULL
8285,Kangra,0,"2026-01-13 21:57:24","2026-01-13 21:57:24",NULL
8286,Kangra,0,"2026-01-13 21:57:24","2026-01-13 21:57:24",NULL
8287,Kangra,0,"2026-01-13 21:57:24","2026-01-13 21:57:24",NULL
8288,Mandi,0,"2026-01-13 21:57:24","2026-01-13 21:57:24",NULL
8289,Mandi,0,"2026-01-13 21:57:24","2026-01-13 21:57:24",NULL
8290,Mandi,0,"2026-01-13 21:57:24","2026-01-13 21:57:24",NULL
8291,Mandi,0,"2026-01-13 21:57:24","2026-01-13 21:57:24",NULL
8292,Mandi,0,"2026-01-13 21:57:24","2026-01-13 21:57:24",NULL
8293,Mandi,0,"2026-01-13 21:57:24","2026-01-13 21:57:24",NULL
8294,Mandi,0,"2026-01-13 21:57:24","2026-01-13 21:57:24",NULL
8295,Mandi,0,"2026-01-13 21:57:24","2026-01-13 21:57:24",NULL
8296,Mandi,0,"2026-01-13 21:57:24","2026-01-13 21:57:24",NULL
8297,Mandi,0,"2026-01-13 21:57:24","2026-01-13 21:57:24",NULL
8298,Mandi,0,"2026-01-13 21:57:24","2026-01-13 21:57:24",NULL
8299,Mandi,0,"2026-01-13 21:57:24","2026-01-13 21:57:24",NULL
8300,Mandi,0,"2026-01-13 21:57:24","2026-01-13 21:57:24",NULL
8301,Mandi,0,"2026-01-13 21:57:24","2026-01-13 21:57:24",NULL
8302,Mandi,0,"2026-01-13 21:57:24","2026-01-13 21:57:24",NULL
8303,Mandi,0,"2026-01-13 21:57:24","2026-01-13 21:57:24",NULL
8304,Mandi,0,"2026-01-13 21:57:24","2026-01-13 21:57:24",NULL
8305,Mandi,0,"2026-01-13 21:57:24","2026-01-13 21:57:24",NULL
8306,Mandi,0,"2026-01-13 21:57:24","2026-01-13 21:57:24",NULL
8307,Mandi,0,"2026-01-13 21:57:24","2026-01-13 21:57:24",NULL
8308,Mandi,0,"2026-01-13 21:57:24","2026-01-13 21:57:24",NULL
8309,Mandi,0,"2026-01-13 21:57:24","2026-01-13 21:57:24",NULL
8310,Mandi,0,"2026-01-13 21:57:24","2026-01-13 21:57:24",NULL
8311,Mandi,0,"2026-01-13 21:57:24","2026-01-13 21:57:24",NULL
8312,Mandi,0,"2026-01-13 21:57:24","2026-01-13 21:57:24",NULL
8313,Mandi,0,"2026-01-13 21:57:24","2026-01-13 21:57:24",NULL
8314,Mandi,0,"2026-01-13 21:57:24","2026-01-13 21:57:24",NULL
8315,Mandi,0,"2026-01-13 21:57:24","2026-01-13 21:57:24",NULL
8316,Mandi,0,"2026-01-13 21:57:24","2026-01-13 21:57:24",NULL
8317,Mandi,0,"2026-01-13 21:57:24","2026-01-13 21:57:24",NULL
8318,Mandi,0,"2026-01-13 21:57:24","2026-01-13 21:57:24",NULL
8319,Mandi,0,"2026-01-13 21:57:24","2026-01-13 21:57:24",NULL
8320,Mandi,0,"2026-01-13 21:57:24","2026-01-13 21:57:24",NULL
8321,Mandi,0,"2026-01-13 21:57:24","2026-01-13 21:57:24",NULL
8322,Mandi,0,"2026-01-13 21:57:24","2026-01-13 21:57:24",NULL
8323,Mandi,0,"2026-01-13 21:57:24","2026-01-13 21:57:24",NULL
8324,Mandi,0,"2026-01-13 21:57:24","2026-01-13 21:57:24",NULL
8325,Mandi,0,"2026-01-13 21:57:24","2026-01-13 21:57:24",NULL
8326,Mandi,0,"2026-01-13 21:57:24","2026-01-13 21:57:24",NULL
8327,Mandi,0,"2026-01-13 21:57:24","2026-01-13 21:57:24",NULL
8328,Mandi,0,"2026-01-13 21:57:24","2026-01-13 21:57:24",NULL
8329,Mandi,0,"2026-01-13 21:57:24","2026-01-13 21:57:24",NULL
8330,Mandi,0,"2026-01-13 21:57:24","2026-01-13 21:57:24",NULL
8331,Mandi,0,"2026-01-13 21:57:24","2026-01-13 21:57:24",NULL
8332,Mandi,0,"2026-01-13 21:57:24","2026-01-13 21:57:24",NULL
8333,Mandi,0,"2026-01-13 21:57:24","2026-01-13 21:57:24",NULL
8334,Mandi,0,"2026-01-13 21:57:24","2026-01-13 21:57:24",NULL
8335,Mandi,0,"2026-01-13 21:57:24","2026-01-13 21:57:24",NULL
8336,Mandi,0,"2026-01-13 21:57:24","2026-01-13 21:57:24",NULL
8337,Mandi,0,"2026-01-13 21:57:24","2026-01-13 21:57:24",NULL
8338,Mandi,0,"2026-01-13 21:57:24","2026-01-13 21:57:24",NULL
8339,Mandi,0,"2026-01-13 21:57:24","2026-01-13 21:57:24",NULL
8340,Mandi,0,"2026-01-13 21:57:24","2026-01-13 21:57:24",NULL
8341,Mandi,0,"2026-01-13 21:57:24","2026-01-13 21:57:24",NULL
8342,Mandi,0,"2026-01-13 21:57:24","2026-01-13 21:57:24",NULL
8343,Mandi,0,"2026-01-13 21:57:24","2026-01-13 21:57:24",NULL
8344,Mandi,0,"2026-01-13 21:57:24","2026-01-13 21:57:24",NULL
8345,Mandi,0,"2026-01-13 21:57:24","2026-01-13 21:57:24",NULL
8346,Mandi,0,"2026-01-13 21:57:24","2026-01-13 21:57:24",NULL
8347,Mandi,0,"2026-01-13 21:57:24","2026-01-13 21:57:24",NULL
8348,Mandi,0,"2026-01-13 21:57:24","2026-01-13 21:57:24",NULL
8349,Mandi,0,"2026-01-13 21:57:24","2026-01-13 21:57:24",NULL
8350,Mandi,0,"2026-01-13 21:57:24","2026-01-13 21:57:24",NULL
8351,Mandi,0,"2026-01-13 21:57:24","2026-01-13 21:57:24",NULL
8352,Mandi,0,"2026-01-13 21:57:24","2026-01-13 21:57:24",NULL
8353,Mandi,0,"2026-01-13 21:57:24","2026-01-13 21:57:24",NULL
8354,Mandi,0,"2026-01-13 21:57:24","2026-01-13 21:57:24",NULL
8355,Mandi,0,"2026-01-13 21:57:24","2026-01-13 21:57:24",NULL
8356,Mandi,0,"2026-01-13 21:57:24","2026-01-13 21:57:24",NULL
8357,Mandi,0,"2026-01-13 21:57:24","2026-01-13 21:57:24",NULL
8358,Mandi,0,"2026-01-13 21:57:24","2026-01-13 21:57:24",NULL
8359,Mandi,0,"2026-01-13 21:57:24","2026-01-13 21:57:24",NULL
8360,Mandi,0,"2026-01-13 21:57:24","2026-01-13 21:57:24",NULL
8361,Mandi,0,"2026-01-13 21:57:24","2026-01-13 21:57:24",NULL
8362,Mandi,0,"2026-01-13 21:57:24","2026-01-13 21:57:24",NULL
8363,Mandi,0,"2026-01-13 21:57:24","2026-01-13 21:57:24",NULL
8364,Mandi,0,"2026-01-13 21:57:24","2026-01-13 21:57:24",NULL
8365,Mandi,0,"2026-01-13 21:57:24","2026-01-13 21:57:24",NULL
8366,Mandi,0,"2026-01-13 21:57:24","2026-01-13 21:57:24",NULL
8367,Mandi,0,"2026-01-13 21:57:24","2026-01-13 21:57:24",NULL
8368,Mandi,0,"2026-01-13 21:57:24","2026-01-13 21:57:24",NULL
8369,Mandi,0,"2026-01-13 21:57:24","2026-01-13 21:57:24",NULL
8370,Mandi,0,"2026-01-13 21:57:24","2026-01-13 21:57:24",NULL
8371,Mandi,0,"2026-01-13 21:57:24","2026-01-13 21:57:24",NULL
8372,Mandi,0,"2026-01-13 21:57:24","2026-01-13 21:57:24",NULL
8373,Mandi,0,"2026-01-13 21:57:24","2026-01-13 21:57:24",NULL
8374,Mandi,0,"2026-01-13 21:57:24","2026-01-13 21:57:24",NULL
8375,Mandi,0,"2026-01-13 21:57:24","2026-01-13 21:57:24",NULL
8376,Mandi,0,"2026-01-13 21:57:24","2026-01-13 21:57:24",NULL
8377,Mandi,0,"2026-01-13 21:57:24","2026-01-13 21:57:24",NULL
8378,Mandi,0,"2026-01-13 21:57:24","2026-01-13 21:57:24",NULL
8379,Mandi,0,"2026-01-13 21:57:24","2026-01-13 21:57:24",NULL
8380,Mandi,0,"2026-01-13 21:57:24","2026-01-13 21:57:24",NULL
8381,Mandi,0,"2026-01-13 21:57:24","2026-01-13 21:57:24",NULL
8382,Mandi,0,"2026-01-13 21:57:24","2026-01-13 21:57:24",NULL
8383,Mandi,0,"2026-01-13 21:57:24","2026-01-13 21:57:24",NULL
8384,Mandi,0,"2026-01-13 21:57:24","2026-01-13 21:57:24",NULL
8385,Mandi,0,"2026-01-13 21:57:24","2026-01-13 21:57:24",NULL
8386,Mandi,0,"2026-01-13 21:57:24","2026-01-13 21:57:24",NULL
8387,Mandi,0,"2026-01-13 21:57:24","2026-01-13 21:57:24",NULL
8388,Mandi,0,"2026-01-13 21:57:24","2026-01-13 21:57:24",NULL
8389,Mandi,0,"2026-01-13 21:57:24","2026-01-13 21:57:24",NULL
8390,Mandi,0,"2026-01-13 21:57:24","2026-01-13 21:57:24",NULL
8391,Mandi,0,"2026-01-13 21:57:24","2026-01-13 21:57:24",NULL
8392,Mandi,0,"2026-01-13 21:57:24","2026-01-13 21:57:24",NULL
8393,Mandi,0,"2026-01-13 21:57:24","2026-01-13 21:57:24",NULL
8394,Mandi,0,"2026-01-13 21:57:24","2026-01-13 21:57:24",NULL
8395,Mandi,0,"2026-01-13 21:57:24","2026-01-13 21:57:24",NULL
8396,Mandi,0,"2026-01-13 21:57:24","2026-01-13 21:57:24",NULL
8397,Mandi,0,"2026-01-13 21:57:24","2026-01-13 21:57:24",NULL
8398,Mandi,0,"2026-01-13 21:57:24","2026-01-13 21:57:24",NULL
8399,Mandi,0,"2026-01-13 21:57:24","2026-01-13 21:57:24",NULL
8400,Mandi,0,"2026-01-13 21:57:24","2026-01-13 21:57:24",NULL
8401,Mandi,0,"2026-01-13 21:57:24","2026-01-13 21:57:24",NULL
8402,Mandi,0,"2026-01-13 21:57:24","2026-01-13 21:57:24",NULL
8403,Mandi,0,"2026-01-13 21:57:24","2026-01-13 21:57:24",NULL
8404,Mandi,0,"2026-01-13 21:57:24","2026-01-13 21:57:24",NULL
8405,Mandi,0,"2026-01-13 21:57:24","2026-01-13 21:57:24",NULL
8406,Mandi,0,"2026-01-13 21:57:24","2026-01-13 21:57:24",NULL
8407,Mandi,0,"2026-01-13 21:57:24","2026-01-13 21:57:24",NULL
8408,Mandi,0,"2026-01-13 21:57:24","2026-01-13 21:57:24",NULL
8409,Mandi,0,"2026-01-13 21:57:24","2026-01-13 21:57:24",NULL
8410,Mandi,0,"2026-01-13 21:57:24","2026-01-13 21:57:24",NULL
8411,Mandi,0,"2026-01-13 21:57:24","2026-01-13 21:57:24",NULL
8412,Mandi,0,"2026-01-13 21:57:24","2026-01-13 21:57:24",NULL
8413,Mandi,0,"2026-01-13 21:57:24","2026-01-13 21:57:24",NULL
8414,Mandi,0,"2026-01-13 21:57:24","2026-01-13 21:57:24",NULL
8415,Mandi,0,"2026-01-13 21:57:24","2026-01-13 21:57:24",NULL
8416,Mandi,0,"2026-01-13 21:57:24","2026-01-13 21:57:24",NULL
8417,Mandi,0,"2026-01-13 21:57:24","2026-01-13 21:57:24",NULL
8418,Mandi,0,"2026-01-13 21:57:24","2026-01-13 21:57:24",NULL
8419,Mandi,0,"2026-01-13 21:57:24","2026-01-13 21:57:24",NULL
8420,Mandi,0,"2026-01-13 21:57:24","2026-01-13 21:57:24",NULL
8421,Mandi,0,"2026-01-13 21:57:24","2026-01-13 21:57:24",NULL
8422,Mandi,0,"2026-01-13 21:57:24","2026-01-13 21:57:24",NULL
8423,Mandi,0,"2026-01-13 21:57:24","2026-01-13 21:57:24",NULL
8424,Mandi,0,"2026-01-13 21:57:24","2026-01-13 21:57:24",NULL
8425,Mandi,0,"2026-01-13 21:57:24","2026-01-13 21:57:24",NULL
8426,Mandi,0,"2026-01-13 21:57:24","2026-01-13 21:57:24",NULL
8427,Mandi,0,"2026-01-13 21:57:24","2026-01-13 21:57:24",NULL
8428,Mandi,0,"2026-01-13 21:57:24","2026-01-13 21:57:24",NULL
8429,Mandi,0,"2026-01-13 21:57:24","2026-01-13 21:57:24",NULL
8430,Mandi,0,"2026-01-13 21:57:24","2026-01-13 21:57:24",NULL
8431,Mandi,0,"2026-01-13 21:57:24","2026-01-13 21:57:24",NULL
8432,Mandi,0,"2026-01-13 21:57:24","2026-01-13 21:57:24",NULL
8433,Mandi,0,"2026-01-13 21:57:24","2026-01-13 21:57:24",NULL
8434,Mandi,0,"2026-01-13 21:57:24","2026-01-13 21:57:24",NULL
8435,Mandi,0,"2026-01-13 21:57:24","2026-01-13 21:57:24",NULL
8436,Mandi,0,"2026-01-13 21:57:24","2026-01-13 21:57:24",NULL
8437,Mandi,0,"2026-01-13 21:57:24","2026-01-13 21:57:24",NULL
8438,Mandi,0,"2026-01-13 21:57:24","2026-01-13 21:57:24",NULL
8439,Mandi,0,"2026-01-13 21:57:24","2026-01-13 21:57:24",NULL
8440,Mandi,0,"2026-01-13 21:57:24","2026-01-13 21:57:24",NULL
8441,Mandi,0,"2026-01-13 21:57:24","2026-01-13 21:57:24",NULL
8442,Mandi,0,"2026-01-13 21:57:24","2026-01-13 21:57:24",NULL
8443,Mandi,0,"2026-01-13 21:57:24","2026-01-13 21:57:24",NULL
8444,Mandi,0,"2026-01-13 21:57:24","2026-01-13 21:57:24",NULL
8445,Mandi,0,"2026-01-13 21:57:24","2026-01-13 21:57:24",NULL
8446,Mandi,0,"2026-01-13 21:57:24","2026-01-13 21:57:24",NULL
8447,Mandi,0,"2026-01-13 21:57:24","2026-01-13 21:57:24",NULL
8448,Mandi,0,"2026-01-13 21:57:24","2026-01-13 21:57:24",NULL
8449,Mandi,0,"2026-01-13 21:57:24","2026-01-13 21:57:24",NULL
8450,Mandi,0,"2026-01-13 21:57:24","2026-01-13 21:57:24",NULL
8451,Mandi,0,"2026-01-13 21:57:24","2026-01-13 21:57:24",NULL
8452,Mandi,0,"2026-01-13 21:57:24","2026-01-13 21:57:24",NULL
8453,Mandi,0,"2026-01-13 21:57:24","2026-01-13 21:57:24",NULL
8454,Mandi,0,"2026-01-13 21:57:24","2026-01-13 21:57:24",NULL
8455,Mandi,0,"2026-01-13 21:57:24","2026-01-13 21:57:24",NULL
8456,Mandi,0,"2026-01-13 21:57:24","2026-01-13 21:57:24",NULL
8457,Mandi,0,"2026-01-13 21:57:24","2026-01-13 21:57:24",NULL
8458,Mandi,0,"2026-01-13 21:57:24","2026-01-13 21:57:24",NULL
8459,Mandi,0,"2026-01-13 21:57:24","2026-01-13 21:57:24",NULL
8460,Mandi,0,"2026-01-13 21:57:24","2026-01-13 21:57:24",NULL
8461,Mandi,0,"2026-01-13 21:57:24","2026-01-13 21:57:24",NULL
8462,Mandi,0,"2026-01-13 21:57:24","2026-01-13 21:57:24",NULL
8463,Mandi,0,"2026-01-13 21:57:24","2026-01-13 21:57:24",NULL
8464,Mandi,0,"2026-01-13 21:57:24","2026-01-13 21:57:24",NULL
8465,Mandi,0,"2026-01-13 21:57:24","2026-01-13 21:57:24",NULL
8466,Mandi,0,"2026-01-13 21:57:24","2026-01-13 21:57:24",NULL
8467,Mandi,0,"2026-01-13 21:57:24","2026-01-13 21:57:24",NULL
8468,Mandi,0,"2026-01-13 21:57:24","2026-01-13 21:57:24",NULL
8469,Mandi,0,"2026-01-13 21:57:24","2026-01-13 21:57:24",NULL
8470,Mandi,0,"2026-01-13 21:57:24","2026-01-13 21:57:24",NULL
8471,Mandi,0,"2026-01-13 21:57:24","2026-01-13 21:57:24",NULL
8472,Mandi,0,"2026-01-13 21:57:24","2026-01-13 21:57:24",NULL
8473,Mandi,0,"2026-01-13 21:57:24","2026-01-13 21:57:24",NULL
8474,Mandi,0,"2026-01-13 21:57:24","2026-01-13 21:57:24",NULL
8475,Mandi,0,"2026-01-13 21:57:24","2026-01-13 21:57:24",NULL
8476,Mandi,0,"2026-01-13 21:57:24","2026-01-13 21:57:24",NULL
8477,Mandi,0,"2026-01-13 21:57:24","2026-01-13 21:57:24",NULL
8478,Mandi,0,"2026-01-13 21:57:24","2026-01-13 21:57:24",NULL
8479,Mandi,0,"2026-01-13 21:57:24","2026-01-13 21:57:24",NULL
8480,Mandi,0,"2026-01-13 21:57:24","2026-01-13 21:57:24",NULL
8481,Mandi,0,"2026-01-13 21:57:24","2026-01-13 21:57:24",NULL
8482,Mandi,0,"2026-01-13 21:57:24","2026-01-13 21:57:24",NULL
8483,Mandi,0,"2026-01-13 21:57:24","2026-01-13 21:57:24",NULL
8484,Mandi,0,"2026-01-13 21:57:24","2026-01-13 21:57:24",NULL
8485,Mandi,0,"2026-01-13 21:57:24","2026-01-13 21:57:24",NULL
8486,Mandi,0,"2026-01-13 21:57:24","2026-01-13 21:57:24",NULL
8487,Mandi,0,"2026-01-13 21:57:24","2026-01-13 21:57:24",NULL
8488,Mandi,0,"2026-01-13 21:57:24","2026-01-13 21:57:24",NULL
8489,Mandi,0,"2026-01-13 21:57:24","2026-01-13 21:57:24",NULL
8490,Mandi,0,"2026-01-13 21:57:24","2026-01-13 21:57:24",NULL
8491,Mandi,0,"2026-01-13 21:57:24","2026-01-13 21:57:24",NULL
8492,Mandi,0,"2026-01-13 21:57:24","2026-01-13 21:57:24",NULL
8493,Mandi,0,"2026-01-13 21:57:24","2026-01-13 21:57:24",NULL
8494,Mandi,0,"2026-01-13 21:57:24","2026-01-13 21:57:24",NULL
8495,Mandi,0,"2026-01-13 21:57:24","2026-01-13 21:57:24",NULL
8496,Mandi,0,"2026-01-13 21:57:24","2026-01-13 21:57:24",NULL
8497,Mandi,0,"2026-01-13 21:57:24","2026-01-13 21:57:24",NULL
8498,Mandi,0,"2026-01-13 21:57:24","2026-01-13 21:57:24",NULL
8499,Mandi,0,"2026-01-13 21:57:24","2026-01-13 21:57:24",NULL
8500,Mandi,0,"2026-01-13 21:57:24","2026-01-13 21:57:24",NULL
8501,Mandi,0,"2026-01-13 21:57:24","2026-01-13 21:57:24",NULL
8502,Mandi,0,"2026-01-13 21:57:24","2026-01-13 21:57:24",NULL
8503,Mandi,0,"2026-01-13 21:57:24","2026-01-13 21:57:24",NULL
8504,Mandi,0,"2026-01-13 21:57:24","2026-01-13 21:57:24",NULL
8505,Mandi,0,"2026-01-13 21:57:24","2026-01-13 21:57:24",NULL
8506,Mandi,0,"2026-01-13 21:57:24","2026-01-13 21:57:24",NULL
8507,Mandi,0,"2026-01-13 21:57:24","2026-01-13 21:57:24",NULL
8508,Mandi,0,"2026-01-13 21:57:24","2026-01-13 21:57:24",NULL
8509,Mandi,0,"2026-01-13 21:57:24","2026-01-13 21:57:24",NULL
8510,Mandi,0,"2026-01-13 21:57:24","2026-01-13 21:57:24",NULL
8511,Mandi,0,"2026-01-13 21:57:24","2026-01-13 21:57:24",NULL
8512,Mandi,0,"2026-01-13 21:57:24","2026-01-13 21:57:24",NULL
8513,Mandi,0,"2026-01-13 21:57:24","2026-01-13 21:57:24",NULL
8514,Mandi,0,"2026-01-13 21:57:24","2026-01-13 21:57:24",NULL
8515,Mandi,0,"2026-01-13 21:57:24","2026-01-13 21:57:24",NULL
8516,Mandi,0,"2026-01-13 21:57:24","2026-01-13 21:57:24",NULL
8517,Mandi,0,"2026-01-13 21:57:24","2026-01-13 21:57:24",NULL
8518,Mandi,0,"2026-01-13 21:57:24","2026-01-13 21:57:24",NULL
8519,Mandi,0,"2026-01-13 21:57:24","2026-01-13 21:57:24",NULL
8520,Mandi,0,"2026-01-13 21:57:24","2026-01-13 21:57:24",NULL
8521,Mandi,0,"2026-01-13 21:57:24","2026-01-13 21:57:24",NULL
8522,Mandi,0,"2026-01-13 21:57:24","2026-01-13 21:57:24",NULL
8523,Mandi,0,"2026-01-13 21:57:24","2026-01-13 21:57:24",NULL
8524,Mandi,0,"2026-01-13 21:57:24","2026-01-13 21:57:24",NULL
8525,Mandi,0,"2026-01-13 21:57:24","2026-01-13 21:57:24",NULL
8526,Mandi,0,"2026-01-13 21:57:24","2026-01-13 21:57:24",NULL
8527,Mandi,0,"2026-01-13 21:57:24","2026-01-13 21:57:24",NULL
8528,Mandi,0,"2026-01-13 21:57:24","2026-01-13 21:57:24",NULL
8529,Mandi,0,"2026-01-13 21:57:24","2026-01-13 21:57:24",NULL
8530,Mandi,0,"2026-01-13 21:57:24","2026-01-13 21:57:24",NULL
8531,Mandi,0,"2026-01-13 21:57:24","2026-01-13 21:57:24",NULL
8532,Kullu,0,"2026-01-13 21:57:24","2026-01-13 21:57:24",NULL
8533,Kullu,0,"2026-01-13 21:57:24","2026-01-13 21:57:24",NULL
8534,Kullu,0,"2026-01-13 21:57:24","2026-01-13 21:57:24",NULL
8535,Kullu,0,"2026-01-13 21:57:24","2026-01-13 21:57:24",NULL
8536,Kullu,0,"2026-01-13 21:57:24","2026-01-13 21:57:24",NULL
8537,Mandi,0,"2026-01-13 21:57:24","2026-01-13 21:57:24",NULL
8538,Mandi,0,"2026-01-13 21:57:24","2026-01-13 21:57:24",NULL
8539,Mandi,0,"2026-01-13 21:57:24","2026-01-13 21:57:24",NULL
8540,Mandi,0,"2026-01-13 21:57:24","2026-01-13 21:57:24",NULL
8541,Mandi,0,"2026-01-13 21:57:24","2026-01-13 21:57:24",NULL
8542,Mandi,0,"2026-01-13 21:57:24","2026-01-13 21:57:24",NULL
8543,Mandi,0,"2026-01-13 21:57:24","2026-01-13 21:57:24",NULL
8544,Mandi,0,"2026-01-13 21:57:24","2026-01-13 21:57:24",NULL
8545,Mandi,0,"2026-01-13 21:57:24","2026-01-13 21:57:24",NULL
8546,Mandi,0,"2026-01-13 21:57:25","2026-01-13 21:57:25",NULL
8547,Mandi,0,"2026-01-13 21:57:25","2026-01-13 21:57:25",NULL
8548,Mandi,0,"2026-01-13 21:57:25","2026-01-13 21:57:25",NULL
8549,Mandi,0,"2026-01-13 21:57:25","2026-01-13 21:57:25",NULL
8550,Kullu,0,"2026-01-13 21:57:25","2026-01-13 21:57:25",NULL
8551,Kullu,0,"2026-01-13 21:57:25","2026-01-13 21:57:25",NULL
8552,Mandi,0,"2026-01-13 21:57:25","2026-01-13 21:57:25",NULL
8553,Kangra,0,"2026-01-13 21:57:25","2026-01-13 21:57:25",NULL
8554,Mandi,0,"2026-01-13 21:57:25","2026-01-13 21:57:25",NULL
8555,Mandi,0,"2026-01-13 21:57:25","2026-01-13 21:57:25",NULL
8556,Mandi,0,"2026-01-13 21:57:25","2026-01-13 21:57:25",NULL
8557,Mandi,0,"2026-01-13 21:57:25","2026-01-13 21:57:25",NULL
8558,Mandi,0,"2026-01-13 21:57:25","2026-01-13 21:57:25",NULL
8559,Mandi,0,"2026-01-13 21:57:25","2026-01-13 21:57:25",NULL
8560,Kullu,0,"2026-01-13 21:57:25","2026-01-13 21:57:25",NULL
8561,Kullu,0,"2026-01-13 21:57:25","2026-01-13 21:57:25",NULL
8562,Kullu,0,"2026-01-13 21:57:25","2026-01-13 21:57:25",NULL
8563,Kullu,0,"2026-01-13 21:57:25","2026-01-13 21:57:25",NULL
8564,Kullu,0,"2026-01-13 21:57:25","2026-01-13 21:57:25",NULL
8565,Mandi,0,"2026-01-13 21:57:25","2026-01-13 21:57:25",NULL
8566,Kullu,0,"2026-01-13 21:57:25","2026-01-13 21:57:25",NULL
8567,Mandi,0,"2026-01-13 21:57:25","2026-01-13 21:57:25",NULL
8568,Kullu,0,"2026-01-13 21:57:25","2026-01-13 21:57:25",NULL
8569,Kullu,0,"2026-01-13 21:57:25","2026-01-13 21:57:25",NULL
8570,Kullu,0,"2026-01-13 21:57:25","2026-01-13 21:57:25",NULL
8571,Kullu,0,"2026-01-13 21:57:25","2026-01-13 21:57:25",NULL
8572,Kullu,0,"2026-01-13 21:57:25","2026-01-13 21:57:25",NULL
8573,Kullu,0,"2026-01-13 21:57:25","2026-01-13 21:57:25",NULL
8574,Kullu,0,"2026-01-13 21:57:25","2026-01-13 21:57:25",NULL
8575,Kullu,0,"2026-01-13 21:57:25","2026-01-13 21:57:25",NULL
8576,Kullu,0,"2026-01-13 21:57:25","2026-01-13 21:57:25",NULL
8577,Kullu,0,"2026-01-13 21:57:25","2026-01-13 21:57:25",NULL
8578,Kullu,0,"2026-01-13 21:57:25","2026-01-13 21:57:25",NULL
8579,Kullu,0,"2026-01-13 21:57:25","2026-01-13 21:57:25",NULL
8580,Kullu,0,"2026-01-13 21:57:25","2026-01-13 21:57:25",NULL
8581,Kullu,0,"2026-01-13 21:57:25","2026-01-13 21:57:25",NULL
8582,Kullu,0,"2026-01-13 21:57:25","2026-01-13 21:57:25",NULL
8583,Kullu,0,"2026-01-13 21:57:25","2026-01-13 21:57:25",NULL
8584,Mandi,0,"2026-01-13 21:57:25","2026-01-13 21:57:25",NULL
8585,Kullu,0,"2026-01-13 21:57:25","2026-01-13 21:57:25",NULL
8586,Mandi,0,"2026-01-13 21:57:25","2026-01-13 21:57:25",NULL
8587,Mandi,0,"2026-01-13 21:57:25","2026-01-13 21:57:25",NULL
8588,Mandi,0,"2026-01-13 21:57:25","2026-01-13 21:57:25",NULL
8589,Mandi,0,"2026-01-13 21:57:25","2026-01-13 21:57:25",NULL
8590,Mandi,0,"2026-01-13 21:57:25","2026-01-13 21:57:25",NULL
8591,Mandi,0,"2026-01-13 21:57:25","2026-01-13 21:57:25",NULL
8592,Mandi,0,"2026-01-13 21:57:25","2026-01-13 21:57:25",NULL
8593,Kullu,0,"2026-01-13 21:57:25","2026-01-13 21:57:25",NULL
8594,Kullu,0,"2026-01-13 21:57:25","2026-01-13 21:57:25",NULL
8595,Kullu,0,"2026-01-13 21:57:25","2026-01-13 21:57:25",NULL
8596,Kullu,0,"2026-01-13 21:57:25","2026-01-13 21:57:25",NULL
8597,Kullu,0,"2026-01-13 21:57:25","2026-01-13 21:57:25",NULL
8598,Kullu,0,"2026-01-13 21:57:25","2026-01-13 21:57:25",NULL
8599,Kullu,0,"2026-01-13 21:57:25","2026-01-13 21:57:25",NULL
8600,Kullu,0,"2026-01-13 21:57:25","2026-01-13 21:57:25",NULL
8601,Kullu,0,"2026-01-13 21:57:25","2026-01-13 21:57:25",NULL
8602,Kullu,0,"2026-01-13 21:57:25","2026-01-13 21:57:25",NULL
8603,Kullu,0,"2026-01-13 21:57:25","2026-01-13 21:57:25",NULL
8604,Kullu,0,"2026-01-13 21:57:25","2026-01-13 21:57:25",NULL
8605,Kullu,0,"2026-01-13 21:57:25","2026-01-13 21:57:25",NULL
8606,Kullu,0,"2026-01-13 21:57:25","2026-01-13 21:57:25",NULL
8607,Kullu,0,"2026-01-13 21:57:25","2026-01-13 21:57:25",NULL
8608,Kullu,0,"2026-01-13 21:57:25","2026-01-13 21:57:25",NULL
8609,Kullu,0,"2026-01-13 21:57:25","2026-01-13 21:57:25",NULL
8610,Kullu,0,"2026-01-13 21:57:25","2026-01-13 21:57:25",NULL
8611,Kullu,0,"2026-01-13 21:57:25","2026-01-13 21:57:25",NULL
8612,Kullu,0,"2026-01-13 21:57:25","2026-01-13 21:57:25",NULL
8613,Kullu,0,"2026-01-13 21:57:25","2026-01-13 21:57:25",NULL
8614,Kullu,0,"2026-01-13 21:57:25","2026-01-13 21:57:25",NULL
8615,Kullu,0,"2026-01-13 21:57:25","2026-01-13 21:57:25",NULL
8616,Kullu,0,"2026-01-13 21:57:25","2026-01-13 21:57:25",NULL
8617,Kullu,0,"2026-01-13 21:57:25","2026-01-13 21:57:25",NULL
8618,Mandi,0,"2026-01-13 21:57:25","2026-01-13 21:57:25",NULL
8619,Mandi,0,"2026-01-13 21:57:25","2026-01-13 21:57:25",NULL
8620,Mandi,0,"2026-01-13 21:57:25","2026-01-13 21:57:25",NULL
8621,Kullu,0,"2026-01-13 21:57:25","2026-01-13 21:57:25",NULL
8622,Mandi,0,"2026-01-13 21:57:25","2026-01-13 21:57:25",NULL
8623,Mandi,0,"2026-01-13 21:57:25","2026-01-13 21:57:25",NULL
8624,"Lahul & Spiti",0,"2026-01-13 21:57:25","2026-01-13 21:57:25",NULL
8625,"Lahul & Spiti",0,"2026-01-13 21:57:25","2026-01-13 21:57:25",NULL
8626,Kullu,0,"2026-01-13 21:57:25","2026-01-13 21:57:25",NULL
8627,Kullu,0,"2026-01-13 21:57:25","2026-01-13 21:57:25",NULL
8628,Kullu,0,"2026-01-13 21:57:25","2026-01-13 21:57:25",NULL
8629,Kullu,0,"2026-01-13 21:57:25","2026-01-13 21:57:25",NULL
8630,Kullu,0,"2026-01-13 21:57:25","2026-01-13 21:57:25",NULL
8631,Mandi,0,"2026-01-13 21:57:25","2026-01-13 21:57:25",NULL
8632,Kullu,0,"2026-01-13 21:57:25","2026-01-13 21:57:25",NULL
8633,Kullu,0,"2026-01-13 21:57:25","2026-01-13 21:57:25",NULL
8634,Kullu,0,"2026-01-13 21:57:25","2026-01-13 21:57:25",NULL
8635,Kullu,0,"2026-01-13 21:57:25","2026-01-13 21:57:25",NULL
8636,Kullu,0,"2026-01-13 21:57:25","2026-01-13 21:57:25",NULL
8637,Kullu,0,"2026-01-13 21:57:25","2026-01-13 21:57:25",NULL
8638,Kullu,0,"2026-01-13 21:57:25","2026-01-13 21:57:25",NULL
8639,Kullu,0,"2026-01-13 21:57:25","2026-01-13 21:57:25",NULL
8640,Kullu,0,"2026-01-13 21:57:25","2026-01-13 21:57:25",NULL
8641,Kullu,0,"2026-01-13 21:57:25","2026-01-13 21:57:25",NULL
8642,Kullu,0,"2026-01-13 21:57:25","2026-01-13 21:57:25",NULL
8643,"Lahul & Spiti",0,"2026-01-13 21:57:25","2026-01-13 21:57:25",NULL
8644,"Lahul & Spiti",0,"2026-01-13 21:57:25","2026-01-13 21:57:25",NULL
8645,"Lahul & Spiti",0,"2026-01-13 21:57:25","2026-01-13 21:57:25",NULL
8646,"Lahul & Spiti",0,"2026-01-13 21:57:25","2026-01-13 21:57:25",NULL
8647,"Lahul & Spiti",0,"2026-01-13 21:57:25","2026-01-13 21:57:25",NULL
8648,"Lahul & Spiti",0,"2026-01-13 21:57:25","2026-01-13 21:57:25",NULL
8649,Mandi,0,"2026-01-13 21:57:25","2026-01-13 21:57:25",NULL
8650,Mandi,0,"2026-01-13 21:57:25","2026-01-13 21:57:25",NULL
8651,Mandi,0,"2026-01-13 21:57:25","2026-01-13 21:57:25",NULL
8652,Kullu,0,"2026-01-13 21:57:25","2026-01-13 21:57:25",NULL
8653,Mandi,0,"2026-01-13 21:57:25","2026-01-13 21:57:25",NULL
8654,Kullu,0,"2026-01-13 21:57:25","2026-01-13 21:57:25",NULL
8655,Kullu,0,"2026-01-13 21:57:25","2026-01-13 21:57:25",NULL
8656,Kullu,0,"2026-01-13 21:57:25","2026-01-13 21:57:25",NULL
8657,Kullu,0,"2026-01-13 21:57:25","2026-01-13 21:57:25",NULL
8658,Kullu,0,"2026-01-13 21:57:25","2026-01-13 21:57:25",NULL
8659,Kullu,0,"2026-01-13 21:57:25","2026-01-13 21:57:25",NULL
8660,Kullu,0,"2026-01-13 21:57:25","2026-01-13 21:57:25",NULL
8661,Kullu,0,"2026-01-13 21:57:25","2026-01-13 21:57:25",NULL
8662,Kullu,0,"2026-01-13 21:57:25","2026-01-13 21:57:25",NULL
8663,Kullu,0,"2026-01-13 21:57:25","2026-01-13 21:57:25",NULL
8664,Kullu,0,"2026-01-13 21:57:25","2026-01-13 21:57:25",NULL
8665,Kullu,0,"2026-01-13 21:57:25","2026-01-13 21:57:25",NULL
8666,Kullu,0,"2026-01-13 21:57:25","2026-01-13 21:57:25",NULL
8667,Kullu,0,"2026-01-13 21:57:25","2026-01-13 21:57:25",NULL
8668,Kullu,0,"2026-01-13 21:57:25","2026-01-13 21:57:25",NULL
8669,Kullu,0,"2026-01-13 21:57:25","2026-01-13 21:57:25",NULL
8670,Kullu,0,"2026-01-13 21:57:25","2026-01-13 21:57:25",NULL
8671,Kullu,0,"2026-01-13 21:57:25","2026-01-13 21:57:25",NULL
8672,Kullu,0,"2026-01-13 21:57:25","2026-01-13 21:57:25",NULL
8673,Kullu,0,"2026-01-13 21:57:25","2026-01-13 21:57:25",NULL
8674,Kullu,0,"2026-01-13 21:57:25","2026-01-13 21:57:25",NULL
8675,Kullu,0,"2026-01-13 21:57:25","2026-01-13 21:57:25",NULL
8676,Kullu,0,"2026-01-13 21:57:25","2026-01-13 21:57:25",NULL
8677,Kullu,0,"2026-01-13 21:57:25","2026-01-13 21:57:25",NULL
8678,Kullu,0,"2026-01-13 21:57:25","2026-01-13 21:57:25",NULL
8679,Kullu,0,"2026-01-13 21:57:25","2026-01-13 21:57:25",NULL
8680,Kullu,0,"2026-01-13 21:57:25","2026-01-13 21:57:25",NULL
8681,Kullu,0,"2026-01-13 21:57:25","2026-01-13 21:57:25",NULL
8682,Kullu,0,"2026-01-13 21:57:25","2026-01-13 21:57:25",NULL
8683,"Lahul & Spiti",0,"2026-01-13 21:57:25","2026-01-13 21:57:25",NULL
8684,"Lahul & Spiti",0,"2026-01-13 21:57:25","2026-01-13 21:57:25",NULL
8685,"Lahul & Spiti",0,"2026-01-13 21:57:25","2026-01-13 21:57:25",NULL
8686,"Lahul & Spiti",0,"2026-01-13 21:57:25","2026-01-13 21:57:25",NULL
8687,"Lahul & Spiti",0,"2026-01-13 21:57:25","2026-01-13 21:57:25",NULL
8688,"Lahul & Spiti",0,"2026-01-13 21:57:25","2026-01-13 21:57:25",NULL
8689,"Lahul & Spiti",0,"2026-01-13 21:57:25","2026-01-13 21:57:25",NULL
8690,"Lahul & Spiti",0,"2026-01-13 21:57:25","2026-01-13 21:57:25",NULL
8691,"Lahul & Spiti",0,"2026-01-13 21:57:25","2026-01-13 21:57:25",NULL
8692,"Lahul & Spiti",0,"2026-01-13 21:57:25","2026-01-13 21:57:25",NULL
8693,"Lahul & Spiti",0,"2026-01-13 21:57:25","2026-01-13 21:57:25",NULL
8694,"Lahul & Spiti",0,"2026-01-13 21:57:25","2026-01-13 21:57:25",NULL
8695,"Lahul & Spiti",0,"2026-01-13 21:57:25","2026-01-13 21:57:25",NULL
8696,Kullu,0,"2026-01-13 21:57:25","2026-01-13 21:57:25",NULL
8697,Kullu,0,"2026-01-13 21:57:25","2026-01-13 21:57:25",NULL
8698,Mandi,0,"2026-01-13 21:57:25","2026-01-13 21:57:25",NULL
8699,Kullu,0,"2026-01-13 21:57:25","2026-01-13 21:57:25",NULL
8700,"Lahul & Spiti",0,"2026-01-13 21:57:25","2026-01-13 21:57:25",NULL
8701,"Lahul & Spiti",0,"2026-01-13 21:57:25","2026-01-13 21:57:25",NULL
8702,"Lahul & Spiti",0,"2026-01-13 21:57:25","2026-01-13 21:57:25",NULL
8703,"Lahul & Spiti",0,"2026-01-13 21:57:25","2026-01-13 21:57:25",NULL
8704,"Lahul & Spiti",0,"2026-01-13 21:57:25","2026-01-13 21:57:25",NULL
8705,"Lahul & Spiti",0,"2026-01-13 21:57:25","2026-01-13 21:57:25",NULL
8706,Kullu,0,"2026-01-13 21:57:25","2026-01-13 21:57:25",NULL
8707,Kullu,0,"2026-01-13 21:57:25","2026-01-13 21:57:25",NULL
8708,Kullu,0,"2026-01-13 21:57:25","2026-01-13 21:57:25",NULL
8709,Kangra,0,"2026-01-13 21:57:25","2026-01-13 21:57:25",NULL
8710,Kangra,0,"2026-01-13 21:57:25","2026-01-13 21:57:25",NULL
8711,Kangra,0,"2026-01-13 21:57:25","2026-01-13 21:57:25",NULL
8712,Kangra,0,"2026-01-13 21:57:25","2026-01-13 21:57:25",NULL
8713,Kangra,0,"2026-01-13 21:57:25","2026-01-13 21:57:25",NULL
8714,Kangra,0,"2026-01-13 21:57:25","2026-01-13 21:57:25",NULL
8715,Kangra,0,"2026-01-13 21:57:25","2026-01-13 21:57:25",NULL
8716,Kangra,0,"2026-01-13 21:57:25","2026-01-13 21:57:25",NULL
8717,Kangra,0,"2026-01-13 21:57:25","2026-01-13 21:57:25",NULL
8718,Kangra,0,"2026-01-13 21:57:25","2026-01-13 21:57:25",NULL
8719,Kangra,0,"2026-01-13 21:57:25","2026-01-13 21:57:25",NULL
8720,Kangra,0,"2026-01-13 21:57:25","2026-01-13 21:57:25",NULL
8721,Kangra,0,"2026-01-13 21:57:25","2026-01-13 21:57:25",NULL
8722,Kangra,0,"2026-01-13 21:57:25","2026-01-13 21:57:25",NULL
8723,Kangra,0,"2026-01-13 21:57:25","2026-01-13 21:57:25",NULL
8724,Kangra,0,"2026-01-13 21:57:25","2026-01-13 21:57:25",NULL
8725,Kangra,0,"2026-01-13 21:57:25","2026-01-13 21:57:25",NULL
8726,Kangra,0,"2026-01-13 21:57:25","2026-01-13 21:57:25",NULL
8727,Kangra,0,"2026-01-13 21:57:25","2026-01-13 21:57:25",NULL
8728,Hamirpur(HP),0,"2026-01-13 21:57:25","2026-01-13 21:57:25",NULL
8729,Kangra,0,"2026-01-13 21:57:25","2026-01-13 21:57:25",NULL
8730,Kangra,0,"2026-01-13 21:57:25","2026-01-13 21:57:25",NULL
8731,Kangra,0,"2026-01-13 21:57:25","2026-01-13 21:57:25",NULL
8732,Kangra,0,"2026-01-13 21:57:25","2026-01-13 21:57:25",NULL
8733,Kangra,0,"2026-01-13 21:57:25","2026-01-13 21:57:25",NULL
8734,Kangra,0,"2026-01-13 21:57:25","2026-01-13 21:57:25",NULL
8735,Kangra,0,"2026-01-13 21:57:25","2026-01-13 21:57:25",NULL
8736,Kangra,0,"2026-01-13 21:57:25","2026-01-13 21:57:25",NULL
8737,Kangra,0,"2026-01-13 21:57:25","2026-01-13 21:57:25",NULL
8738,Kangra,0,"2026-01-13 21:57:25","2026-01-13 21:57:25",NULL
8739,Kangra,0,"2026-01-13 21:57:25","2026-01-13 21:57:25",NULL
8740,Kangra,0,"2026-01-13 21:57:25","2026-01-13 21:57:25",NULL
8741,Kangra,0,"2026-01-13 21:57:25","2026-01-13 21:57:25",NULL
8742,Kangra,0,"2026-01-13 21:57:25","2026-01-13 21:57:25",NULL
8743,Kangra,0,"2026-01-13 21:57:25","2026-01-13 21:57:25",NULL
8744,Kangra,0,"2026-01-13 21:57:25","2026-01-13 21:57:25",NULL
8745,Kangra,0,"2026-01-13 21:57:25","2026-01-13 21:57:25",NULL
8746,Kangra,0,"2026-01-13 21:57:25","2026-01-13 21:57:25",NULL
8747,Kangra,0,"2026-01-13 21:57:25","2026-01-13 21:57:25",NULL
8748,Kangra,0,"2026-01-13 21:57:25","2026-01-13 21:57:25",NULL
8749,Kangra,0,"2026-01-13 21:57:25","2026-01-13 21:57:25",NULL
8750,Kangra,0,"2026-01-13 21:57:25","2026-01-13 21:57:25",NULL
8751,Kangra,0,"2026-01-13 21:57:25","2026-01-13 21:57:25",NULL
8752,Kangra,0,"2026-01-13 21:57:25","2026-01-13 21:57:25",NULL
8753,Kangra,0,"2026-01-13 21:57:25","2026-01-13 21:57:25",NULL
8754,Kangra,0,"2026-01-13 21:57:25","2026-01-13 21:57:25",NULL
8755,Kangra,0,"2026-01-13 21:57:25","2026-01-13 21:57:25",NULL
8756,Kangra,0,"2026-01-13 21:57:25","2026-01-13 21:57:25",NULL
8757,Kangra,0,"2026-01-13 21:57:25","2026-01-13 21:57:25",NULL
8758,Kangra,0,"2026-01-13 21:57:25","2026-01-13 21:57:25",NULL
8759,Kangra,0,"2026-01-13 21:57:25","2026-01-13 21:57:25",NULL
8760,Kangra,0,"2026-01-13 21:57:25","2026-01-13 21:57:25",NULL
8761,Kangra,0,"2026-01-13 21:57:25","2026-01-13 21:57:25",NULL
8762,Kangra,0,"2026-01-13 21:57:25","2026-01-13 21:57:25",NULL
8763,Kangra,0,"2026-01-13 21:57:25","2026-01-13 21:57:25",NULL
8764,Kangra,0,"2026-01-13 21:57:25","2026-01-13 21:57:25",NULL
8765,Kangra,0,"2026-01-13 21:57:25","2026-01-13 21:57:25",NULL
8766,Kangra,0,"2026-01-13 21:57:25","2026-01-13 21:57:25",NULL
8767,Kangra,0,"2026-01-13 21:57:25","2026-01-13 21:57:25",NULL
8768,Kangra,0,"2026-01-13 21:57:25","2026-01-13 21:57:25",NULL
8769,Kangra,0,"2026-01-13 21:57:25","2026-01-13 21:57:25",NULL
8770,Kangra,0,"2026-01-13 21:57:25","2026-01-13 21:57:25",NULL
8771,Kangra,0,"2026-01-13 21:57:25","2026-01-13 21:57:25",NULL
8772,Kangra,0,"2026-01-13 21:57:25","2026-01-13 21:57:25",NULL
8773,Kangra,0,"2026-01-13 21:57:25","2026-01-13 21:57:25",NULL
8774,Kangra,0,"2026-01-13 21:57:25","2026-01-13 21:57:25",NULL
8775,Kangra,0,"2026-01-13 21:57:25","2026-01-13 21:57:25",NULL
8776,Kangra,0,"2026-01-13 21:57:25","2026-01-13 21:57:25",NULL
8777,Kangra,0,"2026-01-13 21:57:25","2026-01-13 21:57:25",NULL
8778,Kangra,0,"2026-01-13 21:57:25","2026-01-13 21:57:25",NULL
8779,Kangra,0,"2026-01-13 21:57:25","2026-01-13 21:57:25",NULL
8780,Kangra,0,"2026-01-13 21:57:25","2026-01-13 21:57:25",NULL
8781,Kangra,0,"2026-01-13 21:57:25","2026-01-13 21:57:25",NULL
8782,Kangra,0,"2026-01-13 21:57:25","2026-01-13 21:57:25",NULL
8783,Kangra,0,"2026-01-13 21:57:25","2026-01-13 21:57:25",NULL
8784,Kangra,0,"2026-01-13 21:57:25","2026-01-13 21:57:25",NULL
8785,Kangra,0,"2026-01-13 21:57:25","2026-01-13 21:57:25",NULL
8786,Kangra,0,"2026-01-13 21:57:25","2026-01-13 21:57:25",NULL
8787,Kangra,0,"2026-01-13 21:57:25","2026-01-13 21:57:25",NULL
8788,Kangra,0,"2026-01-13 21:57:25","2026-01-13 21:57:25",NULL
8789,Kangra,0,"2026-01-13 21:57:25","2026-01-13 21:57:25",NULL
8790,Kangra,0,"2026-01-13 21:57:25","2026-01-13 21:57:25",NULL
8791,Kangra,0,"2026-01-13 21:57:25","2026-01-13 21:57:25",NULL
8792,Kangra,0,"2026-01-13 21:57:25","2026-01-13 21:57:25",NULL
8793,Kangra,0,"2026-01-13 21:57:25","2026-01-13 21:57:25",NULL
8794,Kangra,0,"2026-01-13 21:57:25","2026-01-13 21:57:25",NULL
8795,Kangra,0,"2026-01-13 21:57:25","2026-01-13 21:57:25",NULL
8796,Kangra,0,"2026-01-13 21:57:25","2026-01-13 21:57:25",NULL
8797,Kangra,0,"2026-01-13 21:57:25","2026-01-13 21:57:25",NULL
8798,Kangra,0,"2026-01-13 21:57:25","2026-01-13 21:57:25",NULL
8799,Kangra,0,"2026-01-13 21:57:25","2026-01-13 21:57:25",NULL
8800,Kangra,0,"2026-01-13 21:57:25","2026-01-13 21:57:25",NULL
8801,Kangra,0,"2026-01-13 21:57:25","2026-01-13 21:57:25",NULL
8802,Kangra,0,"2026-01-13 21:57:25","2026-01-13 21:57:25",NULL
8803,Kangra,0,"2026-01-13 21:57:25","2026-01-13 21:57:25",NULL
8804,Kangra,0,"2026-01-13 21:57:25","2026-01-13 21:57:25",NULL
8805,Kangra,0,"2026-01-13 21:57:25","2026-01-13 21:57:25",NULL
8806,Kangra,0,"2026-01-13 21:57:25","2026-01-13 21:57:25",NULL
8807,Kangra,0,"2026-01-13 21:57:25","2026-01-13 21:57:25",NULL
8808,Kangra,0,"2026-01-13 21:57:25","2026-01-13 21:57:25",NULL
8809,Kangra,0,"2026-01-13 21:57:25","2026-01-13 21:57:25",NULL
8810,Kangra,0,"2026-01-13 21:57:25","2026-01-13 21:57:25",NULL
8811,Kangra,0,"2026-01-13 21:57:25","2026-01-13 21:57:25",NULL
8812,Kangra,0,"2026-01-13 21:57:25","2026-01-13 21:57:25",NULL
8813,Kangra,0,"2026-01-13 21:57:25","2026-01-13 21:57:25",NULL
8814,Kangra,0,"2026-01-13 21:57:25","2026-01-13 21:57:25",NULL
8815,Kangra,0,"2026-01-13 21:57:25","2026-01-13 21:57:25",NULL
8816,Kangra,0,"2026-01-13 21:57:25","2026-01-13 21:57:25",NULL
8817,Kangra,0,"2026-01-13 21:57:25","2026-01-13 21:57:25",NULL
8818,Kangra,0,"2026-01-13 21:57:25","2026-01-13 21:57:25",NULL
8819,Kangra,0,"2026-01-13 21:57:25","2026-01-13 21:57:25",NULL
8820,Kangra,0,"2026-01-13 21:57:25","2026-01-13 21:57:25",NULL
8821,Kangra,0,"2026-01-13 21:57:25","2026-01-13 21:57:25",NULL
8822,Kangra,0,"2026-01-13 21:57:25","2026-01-13 21:57:25",NULL
8823,Kangra,0,"2026-01-13 21:57:25","2026-01-13 21:57:25",NULL
8824,Kangra,0,"2026-01-13 21:57:25","2026-01-13 21:57:25",NULL
8825,Kangra,0,"2026-01-13 21:57:25","2026-01-13 21:57:25",NULL
8826,Kangra,0,"2026-01-13 21:57:25","2026-01-13 21:57:25",NULL
8827,Kangra,0,"2026-01-13 21:57:25","2026-01-13 21:57:25",NULL
8828,Kangra,0,"2026-01-13 21:57:25","2026-01-13 21:57:25",NULL
8829,Kangra,0,"2026-01-13 21:57:25","2026-01-13 21:57:25",NULL
8830,Kangra,0,"2026-01-13 21:57:25","2026-01-13 21:57:25",NULL
8831,Kangra,0,"2026-01-13 21:57:25","2026-01-13 21:57:25",NULL
8832,Kangra,0,"2026-01-13 21:57:25","2026-01-13 21:57:25",NULL
8833,Kangra,0,"2026-01-13 21:57:25","2026-01-13 21:57:25",NULL
8834,Kangra,0,"2026-01-13 21:57:25","2026-01-13 21:57:25",NULL
8835,Kangra,0,"2026-01-13 21:57:25","2026-01-13 21:57:25",NULL
8836,Kangra,0,"2026-01-13 21:57:25","2026-01-13 21:57:25",NULL
8837,Kangra,0,"2026-01-13 21:57:25","2026-01-13 21:57:25",NULL
8838,Hamirpur(HP),0,"2026-01-13 21:57:25","2026-01-13 21:57:25",NULL
8839,Hamirpur(HP),0,"2026-01-13 21:57:25","2026-01-13 21:57:25",NULL
8840,Hamirpur(HP),0,"2026-01-13 21:57:25","2026-01-13 21:57:25",NULL
8841,Hamirpur(HP),0,"2026-01-13 21:57:25","2026-01-13 21:57:25",NULL
8842,Hamirpur(HP),0,"2026-01-13 21:57:25","2026-01-13 21:57:25",NULL
8843,Hamirpur(HP),0,"2026-01-13 21:57:25","2026-01-13 21:57:25",NULL
8844,Hamirpur(HP),0,"2026-01-13 21:57:25","2026-01-13 21:57:25",NULL
8845,Hamirpur(HP),0,"2026-01-13 21:57:25","2026-01-13 21:57:25",NULL
8846,Hamirpur(HP),0,"2026-01-13 21:57:25","2026-01-13 21:57:25",NULL
8847,Hamirpur(HP),0,"2026-01-13 21:57:25","2026-01-13 21:57:25",NULL
8848,Hamirpur(HP),0,"2026-01-13 21:57:25","2026-01-13 21:57:25",NULL
8849,Hamirpur(HP),0,"2026-01-13 21:57:25","2026-01-13 21:57:25",NULL
8850,Hamirpur(HP),0,"2026-01-13 21:57:25","2026-01-13 21:57:25",NULL
8851,Hamirpur(HP),0,"2026-01-13 21:57:25","2026-01-13 21:57:25",NULL
8852,Hamirpur(HP),0,"2026-01-13 21:57:25","2026-01-13 21:57:25",NULL
8853,Hamirpur(HP),0,"2026-01-13 21:57:25","2026-01-13 21:57:25",NULL
8854,Hamirpur(HP),0,"2026-01-13 21:57:25","2026-01-13 21:57:25",NULL
8855,Hamirpur(HP),0,"2026-01-13 21:57:25","2026-01-13 21:57:25",NULL
8856,Hamirpur(HP),0,"2026-01-13 21:57:25","2026-01-13 21:57:25",NULL
8857,Hamirpur(HP),0,"2026-01-13 21:57:25","2026-01-13 21:57:25",NULL
8858,Hamirpur(HP),0,"2026-01-13 21:57:25","2026-01-13 21:57:25",NULL
8859,Hamirpur(HP),0,"2026-01-13 21:57:25","2026-01-13 21:57:25",NULL
8860,Hamirpur(HP),0,"2026-01-13 21:57:25","2026-01-13 21:57:25",NULL
8861,Hamirpur(HP),0,"2026-01-13 21:57:25","2026-01-13 21:57:25",NULL
8862,Hamirpur(HP),0,"2026-01-13 21:57:25","2026-01-13 21:57:25",NULL
8863,Hamirpur(HP),0,"2026-01-13 21:57:25","2026-01-13 21:57:25",NULL
8864,Hamirpur(HP),0,"2026-01-13 21:57:25","2026-01-13 21:57:25",NULL
8865,Hamirpur(HP),0,"2026-01-13 21:57:25","2026-01-13 21:57:25",NULL
8866,Hamirpur(HP),0,"2026-01-13 21:57:25","2026-01-13 21:57:25",NULL
8867,Hamirpur(HP),0,"2026-01-13 21:57:25","2026-01-13 21:57:25",NULL
8868,Hamirpur(HP),0,"2026-01-13 21:57:25","2026-01-13 21:57:25",NULL
8869,Hamirpur(HP),0,"2026-01-13 21:57:25","2026-01-13 21:57:25",NULL
8870,Hamirpur(HP),0,"2026-01-13 21:57:25","2026-01-13 21:57:25",NULL
8871,Hamirpur(HP),0,"2026-01-13 21:57:25","2026-01-13 21:57:25",NULL
8872,Kangra,0,"2026-01-13 21:57:25","2026-01-13 21:57:25",NULL
8873,Kangra,0,"2026-01-13 21:57:25","2026-01-13 21:57:25",NULL
8874,Kangra,0,"2026-01-13 21:57:25","2026-01-13 21:57:25",NULL
8875,Kangra,0,"2026-01-13 21:57:25","2026-01-13 21:57:25",NULL
8876,Kangra,0,"2026-01-13 21:57:25","2026-01-13 21:57:25",NULL
8877,Kangra,0,"2026-01-13 21:57:25","2026-01-13 21:57:25",NULL
8878,Kangra,0,"2026-01-13 21:57:25","2026-01-13 21:57:25",NULL
8879,Kangra,0,"2026-01-13 21:57:25","2026-01-13 21:57:25",NULL
8880,Kangra,0,"2026-01-13 21:57:25","2026-01-13 21:57:25",NULL
8881,Kangra,0,"2026-01-13 21:57:25","2026-01-13 21:57:25",NULL
8882,Kangra,0,"2026-01-13 21:57:25","2026-01-13 21:57:25",NULL
8883,Kangra,0,"2026-01-13 21:57:25","2026-01-13 21:57:25",NULL
8884,Kangra,0,"2026-01-13 21:57:25","2026-01-13 21:57:25",NULL
8885,Hamirpur(HP),0,"2026-01-13 21:57:25","2026-01-13 21:57:25",NULL
8886,Hamirpur(HP),0,"2026-01-13 21:57:25","2026-01-13 21:57:25",NULL
8887,Hamirpur(HP),0,"2026-01-13 21:57:25","2026-01-13 21:57:25",NULL
8888,Hamirpur(HP),0,"2026-01-13 21:57:25","2026-01-13 21:57:25",NULL
8889,Kangra,0,"2026-01-13 21:57:25","2026-01-13 21:57:25",NULL
8890,Kangra,0,"2026-01-13 21:57:25","2026-01-13 21:57:25",NULL
8891,Kangra,0,"2026-01-13 21:57:25","2026-01-13 21:57:25",NULL
8892,Kangra,0,"2026-01-13 21:57:25","2026-01-13 21:57:25",NULL
8893,Hamirpur(HP),0,"2026-01-13 21:57:25","2026-01-13 21:57:25",NULL
8894,Hamirpur(HP),0,"2026-01-13 21:57:25","2026-01-13 21:57:25",NULL
8895,Hamirpur(HP),0,"2026-01-13 21:57:25","2026-01-13 21:57:25",NULL
8896,Hamirpur(HP),0,"2026-01-13 21:57:25","2026-01-13 21:57:25",NULL
8897,Hamirpur(HP),0,"2026-01-13 21:57:25","2026-01-13 21:57:25",NULL
8898,Hamirpur(HP),0,"2026-01-13 21:57:25","2026-01-13 21:57:25",NULL
8899,Hamirpur(HP),0,"2026-01-13 21:57:25","2026-01-13 21:57:25",NULL
8900,Hamirpur(HP),0,"2026-01-13 21:57:25","2026-01-13 21:57:25",NULL
8901,Kangra,0,"2026-01-13 21:57:25","2026-01-13 21:57:25",NULL
8902,Hamirpur(HP),0,"2026-01-13 21:57:25","2026-01-13 21:57:25",NULL
8903,Hamirpur(HP),0,"2026-01-13 21:57:25","2026-01-13 21:57:25",NULL
8904,Kangra,0,"2026-01-13 21:57:25","2026-01-13 21:57:25",NULL
8905,Kangra,0,"2026-01-13 21:57:25","2026-01-13 21:57:25",NULL
8906,Kangra,0,"2026-01-13 21:57:25","2026-01-13 21:57:25",NULL
8907,Kangra,0,"2026-01-13 21:57:25","2026-01-13 21:57:25",NULL
8908,Kangra,0,"2026-01-13 21:57:25","2026-01-13 21:57:25",NULL
8909,Kangra,0,"2026-01-13 21:57:25","2026-01-13 21:57:25",NULL
8910,Kangra,0,"2026-01-13 21:57:25","2026-01-13 21:57:25",NULL
8911,Kangra,0,"2026-01-13 21:57:25","2026-01-13 21:57:25",NULL
8912,Kangra,0,"2026-01-13 21:57:25","2026-01-13 21:57:25",NULL
8913,Kangra,0,"2026-01-13 21:57:25","2026-01-13 21:57:25",NULL
8914,Kangra,0,"2026-01-13 21:57:25","2026-01-13 21:57:25",NULL
8915,Kangra,0,"2026-01-13 21:57:25","2026-01-13 21:57:25",NULL
8916,Kangra,0,"2026-01-13 21:57:25","2026-01-13 21:57:25",NULL
8917,Kangra,0,"2026-01-13 21:57:25","2026-01-13 21:57:25",NULL
8918,Kangra,0,"2026-01-13 21:57:25","2026-01-13 21:57:25",NULL
8919,Kangra,0,"2026-01-13 21:57:25","2026-01-13 21:57:25",NULL
8920,Kangra,0,"2026-01-13 21:57:25","2026-01-13 21:57:25",NULL
8921,Kangra,0,"2026-01-13 21:57:25","2026-01-13 21:57:25",NULL
8922,Kangra,0,"2026-01-13 21:57:25","2026-01-13 21:57:25",NULL
8923,Kangra,0,"2026-01-13 21:57:25","2026-01-13 21:57:25",NULL
8924,Kangra,0,"2026-01-13 21:57:25","2026-01-13 21:57:25",NULL
8925,Kangra,0,"2026-01-13 21:57:25","2026-01-13 21:57:25",NULL
8926,Kangra,0,"2026-01-13 21:57:25","2026-01-13 21:57:25",NULL
8927,Kangra,0,"2026-01-13 21:57:25","2026-01-13 21:57:25",NULL
8928,Kangra,0,"2026-01-13 21:57:25","2026-01-13 21:57:25",NULL
8929,Kangra,0,"2026-01-13 21:57:25","2026-01-13 21:57:25",NULL
8930,Kangra,0,"2026-01-13 21:57:25","2026-01-13 21:57:25",NULL
8931,Kangra,0,"2026-01-13 21:57:25","2026-01-13 21:57:25",NULL
8932,Hamirpur(HP),0,"2026-01-13 21:57:25","2026-01-13 21:57:25",NULL
8933,Hamirpur(HP),0,"2026-01-13 21:57:25","2026-01-13 21:57:25",NULL
8934,Hamirpur(HP),0,"2026-01-13 21:57:25","2026-01-13 21:57:25",NULL
8935,Hamirpur(HP),0,"2026-01-13 21:57:25","2026-01-13 21:57:25",NULL
8936,Hamirpur(HP),0,"2026-01-13 21:57:25","2026-01-13 21:57:25",NULL
8937,Kangra,0,"2026-01-13 21:57:25","2026-01-13 21:57:25",NULL
8938,Kangra,0,"2026-01-13 21:57:25","2026-01-13 21:57:25",NULL
8939,Kangra,0,"2026-01-13 21:57:25","2026-01-13 21:57:25",NULL
8940,Kangra,0,"2026-01-13 21:57:25","2026-01-13 21:57:25",NULL
8941,Kangra,0,"2026-01-13 21:57:25","2026-01-13 21:57:25",NULL
8942,Kangra,0,"2026-01-13 21:57:25","2026-01-13 21:57:25",NULL
8943,Kangra,0,"2026-01-13 21:57:25","2026-01-13 21:57:25",NULL
8944,Kangra,0,"2026-01-13 21:57:25","2026-01-13 21:57:25",NULL
8945,Kangra,0,"2026-01-13 21:57:25","2026-01-13 21:57:25",NULL
8946,Kangra,0,"2026-01-13 21:57:25","2026-01-13 21:57:25",NULL
8947,Kangra,0,"2026-01-13 21:57:25","2026-01-13 21:57:25",NULL
8948,Kangra,0,"2026-01-13 21:57:25","2026-01-13 21:57:25",NULL
8949,Kangra,0,"2026-01-13 21:57:25","2026-01-13 21:57:25",NULL
8950,Kangra,0,"2026-01-13 21:57:25","2026-01-13 21:57:25",NULL
8951,Kangra,0,"2026-01-13 21:57:25","2026-01-13 21:57:25",NULL
8952,Kangra,0,"2026-01-13 21:57:25","2026-01-13 21:57:25",NULL
8953,Kangra,0,"2026-01-13 21:57:25","2026-01-13 21:57:25",NULL
8954,Kangra,0,"2026-01-13 21:57:25","2026-01-13 21:57:25",NULL
8955,Kangra,0,"2026-01-13 21:57:25","2026-01-13 21:57:25",NULL
8956,Kangra,0,"2026-01-13 21:57:25","2026-01-13 21:57:25",NULL
8957,Kangra,0,"2026-01-13 21:57:25","2026-01-13 21:57:25",NULL
8958,Kangra,0,"2026-01-13 21:57:25","2026-01-13 21:57:25",NULL
8959,Kangra,0,"2026-01-13 21:57:25","2026-01-13 21:57:25",NULL
8960,Kangra,0,"2026-01-13 21:57:25","2026-01-13 21:57:25",NULL
8961,Kangra,0,"2026-01-13 21:57:25","2026-01-13 21:57:25",NULL
8962,Kangra,0,"2026-01-13 21:57:25","2026-01-13 21:57:25",NULL
8963,Kangra,0,"2026-01-13 21:57:25","2026-01-13 21:57:25",NULL
8964,Kangra,0,"2026-01-13 21:57:25","2026-01-13 21:57:25",NULL
8965,Kangra,0,"2026-01-13 21:57:25","2026-01-13 21:57:25",NULL
8966,Kangra,0,"2026-01-13 21:57:25","2026-01-13 21:57:25",NULL
8967,Kangra,0,"2026-01-13 21:57:25","2026-01-13 21:57:25",NULL
8968,Kangra,0,"2026-01-13 21:57:25","2026-01-13 21:57:25",NULL
8969,Kangra,0,"2026-01-13 21:57:25","2026-01-13 21:57:25",NULL
8970,Kangra,0,"2026-01-13 21:57:25","2026-01-13 21:57:25",NULL
8971,Kangra,0,"2026-01-13 21:57:25","2026-01-13 21:57:25",NULL
8972,Kangra,0,"2026-01-13 21:57:25","2026-01-13 21:57:25",NULL
8973,Kangra,0,"2026-01-13 21:57:25","2026-01-13 21:57:25",NULL
8974,Kangra,0,"2026-01-13 21:57:25","2026-01-13 21:57:25",NULL
8975,Kangra,0,"2026-01-13 21:57:25","2026-01-13 21:57:25",NULL
8976,Kangra,0,"2026-01-13 21:57:25","2026-01-13 21:57:25",NULL
8977,Kangra,0,"2026-01-13 21:57:25","2026-01-13 21:57:25",NULL
8978,Kangra,0,"2026-01-13 21:57:25","2026-01-13 21:57:25",NULL
8979,Kangra,0,"2026-01-13 21:57:25","2026-01-13 21:57:25",NULL
8980,Kangra,0,"2026-01-13 21:57:25","2026-01-13 21:57:25",NULL
8981,Kangra,0,"2026-01-13 21:57:25","2026-01-13 21:57:25",NULL
8982,Kangra,0,"2026-01-13 21:57:25","2026-01-13 21:57:25",NULL
8983,Kangra,0,"2026-01-13 21:57:25","2026-01-13 21:57:25",NULL
8984,Kangra,0,"2026-01-13 21:57:25","2026-01-13 21:57:25",NULL
8985,Kangra,0,"2026-01-13 21:57:25","2026-01-13 21:57:25",NULL
8986,Kangra,0,"2026-01-13 21:57:25","2026-01-13 21:57:25",NULL
8987,Kangra,0,"2026-01-13 21:57:25","2026-01-13 21:57:25",NULL
8988,Kangra,0,"2026-01-13 21:57:25","2026-01-13 21:57:25",NULL
8989,Kangra,0,"2026-01-13 21:57:25","2026-01-13 21:57:25",NULL
8990,Kangra,0,"2026-01-13 21:57:25","2026-01-13 21:57:25",NULL
8991,Kangra,0,"2026-01-13 21:57:25","2026-01-13 21:57:25",NULL
8992,Kangra,0,"2026-01-13 21:57:26","2026-01-13 21:57:26",NULL
8993,Kangra,0,"2026-01-13 21:57:26","2026-01-13 21:57:26",NULL
8994,Kangra,0,"2026-01-13 21:57:26","2026-01-13 21:57:26",NULL
8995,Kangra,0,"2026-01-13 21:57:26","2026-01-13 21:57:26",NULL
8996,Kangra,0,"2026-01-13 21:57:26","2026-01-13 21:57:26",NULL
8997,Kangra,0,"2026-01-13 21:57:26","2026-01-13 21:57:26",NULL
8998,Kangra,0,"2026-01-13 21:57:26","2026-01-13 21:57:26",NULL
8999,Kangra,0,"2026-01-13 21:57:26","2026-01-13 21:57:26",NULL
9000,Kangra,0,"2026-01-13 21:57:26","2026-01-13 21:57:26",NULL
9001,Kangra,0,"2026-01-13 21:57:26","2026-01-13 21:57:26",NULL
9002,Kangra,0,"2026-01-13 21:57:26","2026-01-13 21:57:26",NULL
9003,Kangra,0,"2026-01-13 21:57:26","2026-01-13 21:57:26",NULL
9004,Kangra,0,"2026-01-13 21:57:26","2026-01-13 21:57:26",NULL
9005,Kangra,0,"2026-01-13 21:57:26","2026-01-13 21:57:26",NULL
9006,Kangra,0,"2026-01-13 21:57:26","2026-01-13 21:57:26",NULL
9007,Kangra,0,"2026-01-13 21:57:26","2026-01-13 21:57:26",NULL
9008,Kangra,0,"2026-01-13 21:57:26","2026-01-13 21:57:26",NULL
9009,Kangra,0,"2026-01-13 21:57:26","2026-01-13 21:57:26",NULL
9010,Kangra,0,"2026-01-13 21:57:26","2026-01-13 21:57:26",NULL
9011,Kangra,0,"2026-01-13 21:57:26","2026-01-13 21:57:26",NULL
9012,Kangra,0,"2026-01-13 21:57:26","2026-01-13 21:57:26",NULL
9013,Kangra,0,"2026-01-13 21:57:26","2026-01-13 21:57:26",NULL
9014,Kangra,0,"2026-01-13 21:57:26","2026-01-13 21:57:26",NULL
9015,Kangra,0,"2026-01-13 21:57:26","2026-01-13 21:57:26",NULL
9016,Kangra,0,"2026-01-13 21:57:26","2026-01-13 21:57:26",NULL
9017,Kangra,0,"2026-01-13 21:57:26","2026-01-13 21:57:26",NULL
9018,Kangra,0,"2026-01-13 21:57:26","2026-01-13 21:57:26",NULL
9019,Kangra,0,"2026-01-13 21:57:26","2026-01-13 21:57:26",NULL
9020,Kangra,0,"2026-01-13 21:57:26","2026-01-13 21:57:26",NULL
9021,Kangra,0,"2026-01-13 21:57:26","2026-01-13 21:57:26",NULL
9022,Kangra,0,"2026-01-13 21:57:26","2026-01-13 21:57:26",NULL
9023,Kangra,0,"2026-01-13 21:57:26","2026-01-13 21:57:26",NULL
9024,Kangra,0,"2026-01-13 21:57:26","2026-01-13 21:57:26",NULL
9025,Kangra,0,"2026-01-13 21:57:26","2026-01-13 21:57:26",NULL
9026,Kangra,0,"2026-01-13 21:57:26","2026-01-13 21:57:26",NULL
9027,Kangra,0,"2026-01-13 21:57:26","2026-01-13 21:57:26",NULL
9028,Kangra,0,"2026-01-13 21:57:26","2026-01-13 21:57:26",NULL
9029,Kangra,0,"2026-01-13 21:57:26","2026-01-13 21:57:26",NULL
9030,Kangra,0,"2026-01-13 21:57:26","2026-01-13 21:57:26",NULL
9031,Kangra,0,"2026-01-13 21:57:26","2026-01-13 21:57:26",NULL
9032,Kangra,0,"2026-01-13 21:57:26","2026-01-13 21:57:26",NULL
9033,Kangra,0,"2026-01-13 21:57:26","2026-01-13 21:57:26",NULL
9034,Kangra,0,"2026-01-13 21:57:26","2026-01-13 21:57:26",NULL
9035,Kangra,0,"2026-01-13 21:57:26","2026-01-13 21:57:26",NULL
9036,Kangra,0,"2026-01-13 21:57:26","2026-01-13 21:57:26",NULL
9037,Kangra,0,"2026-01-13 21:57:26","2026-01-13 21:57:26",NULL
9038,Kangra,0,"2026-01-13 21:57:26","2026-01-13 21:57:26",NULL
9039,Kangra,0,"2026-01-13 21:57:26","2026-01-13 21:57:26",NULL
9040,Kangra,0,"2026-01-13 21:57:26","2026-01-13 21:57:26",NULL
9041,Kangra,0,"2026-01-13 21:57:26","2026-01-13 21:57:26",NULL
9042,Kangra,0,"2026-01-13 21:57:26","2026-01-13 21:57:26",NULL
9043,Kangra,0,"2026-01-13 21:57:26","2026-01-13 21:57:26",NULL
9044,Kangra,0,"2026-01-13 21:57:26","2026-01-13 21:57:26",NULL
9045,Kangra,0,"2026-01-13 21:57:26","2026-01-13 21:57:26",NULL
9046,Kangra,0,"2026-01-13 21:57:26","2026-01-13 21:57:26",NULL
9047,Kangra,0,"2026-01-13 21:57:26","2026-01-13 21:57:26",NULL
9048,Kangra,0,"2026-01-13 21:57:26","2026-01-13 21:57:26",NULL
9049,Kangra,0,"2026-01-13 21:57:26","2026-01-13 21:57:26",NULL
9050,Kangra,0,"2026-01-13 21:57:26","2026-01-13 21:57:26",NULL
9051,Kangra,0,"2026-01-13 21:57:26","2026-01-13 21:57:26",NULL
9052,Kangra,0,"2026-01-13 21:57:26","2026-01-13 21:57:26",NULL
9053,Kangra,0,"2026-01-13 21:57:26","2026-01-13 21:57:26",NULL
9054,Kangra,0,"2026-01-13 21:57:26","2026-01-13 21:57:26",NULL
9055,Kangra,0,"2026-01-13 21:57:26","2026-01-13 21:57:26",NULL
9056,Kangra,0,"2026-01-13 21:57:26","2026-01-13 21:57:26",NULL
9057,Kangra,0,"2026-01-13 21:57:26","2026-01-13 21:57:26",NULL
9058,Kangra,0,"2026-01-13 21:57:26","2026-01-13 21:57:26",NULL
9059,Kangra,0,"2026-01-13 21:57:26","2026-01-13 21:57:26",NULL
9060,Kangra,0,"2026-01-13 21:57:26","2026-01-13 21:57:26",NULL
9061,Kangra,0,"2026-01-13 21:57:26","2026-01-13 21:57:26",NULL
9062,Kangra,0,"2026-01-13 21:57:26","2026-01-13 21:57:26",NULL
9063,Kangra,0,"2026-01-13 21:57:26","2026-01-13 21:57:26",NULL
9064,Kangra,0,"2026-01-13 21:57:26","2026-01-13 21:57:26",NULL
9065,Kangra,0,"2026-01-13 21:57:26","2026-01-13 21:57:26",NULL
9066,Kangra,0,"2026-01-13 21:57:26","2026-01-13 21:57:26",NULL
9067,Kangra,0,"2026-01-13 21:57:26","2026-01-13 21:57:26",NULL
9068,Kangra,0,"2026-01-13 21:57:26","2026-01-13 21:57:26",NULL
9069,Kangra,0,"2026-01-13 21:57:26","2026-01-13 21:57:26",NULL
9070,Kangra,0,"2026-01-13 21:57:26","2026-01-13 21:57:26",NULL
9071,Kangra,0,"2026-01-13 21:57:26","2026-01-13 21:57:26",NULL
9072,Kangra,0,"2026-01-13 21:57:26","2026-01-13 21:57:26",NULL
9073,Kangra,0,"2026-01-13 21:57:26","2026-01-13 21:57:26",NULL
9074,Kangra,0,"2026-01-13 21:57:26","2026-01-13 21:57:26",NULL
9075,Kangra,0,"2026-01-13 21:57:26","2026-01-13 21:57:26",NULL
9076,Kangra,0,"2026-01-13 21:57:26","2026-01-13 21:57:26",NULL
9077,Kangra,0,"2026-01-13 21:57:26","2026-01-13 21:57:26",NULL
9078,Kangra,0,"2026-01-13 21:57:26","2026-01-13 21:57:26",NULL
9079,Kangra,0,"2026-01-13 21:57:26","2026-01-13 21:57:26",NULL
9080,Kangra,0,"2026-01-13 21:57:26","2026-01-13 21:57:26",NULL
9081,Kangra,0,"2026-01-13 21:57:26","2026-01-13 21:57:26",NULL
9082,Kangra,0,"2026-01-13 21:57:26","2026-01-13 21:57:26",NULL
9083,Kangra,0,"2026-01-13 21:57:26","2026-01-13 21:57:26",NULL
9084,Kangra,0,"2026-01-13 21:57:26","2026-01-13 21:57:26",NULL
9085,Kangra,0,"2026-01-13 21:57:26","2026-01-13 21:57:26",NULL
9086,Kangra,0,"2026-01-13 21:57:26","2026-01-13 21:57:26",NULL
9087,Kangra,0,"2026-01-13 21:57:26","2026-01-13 21:57:26",NULL
9088,Kangra,0,"2026-01-13 21:57:26","2026-01-13 21:57:26",NULL
9089,Kangra,0,"2026-01-13 21:57:26","2026-01-13 21:57:26",NULL
9090,Kangra,0,"2026-01-13 21:57:26","2026-01-13 21:57:26",NULL
9091,Mandi,0,"2026-01-13 21:57:26","2026-01-13 21:57:26",NULL
9092,Mandi,0,"2026-01-13 21:57:26","2026-01-13 21:57:26",NULL
9093,Mandi,0,"2026-01-13 21:57:26","2026-01-13 21:57:26",NULL
9094,Mandi,0,"2026-01-13 21:57:26","2026-01-13 21:57:26",NULL
9095,Mandi,0,"2026-01-13 21:57:26","2026-01-13 21:57:26",NULL
9096,Mandi,0,"2026-01-13 21:57:26","2026-01-13 21:57:26",NULL
9097,Mandi,0,"2026-01-13 21:57:26","2026-01-13 21:57:26",NULL
9098,Mandi,0,"2026-01-13 21:57:26","2026-01-13 21:57:26",NULL
9099,Kangra,0,"2026-01-13 21:57:26","2026-01-13 21:57:26",NULL
9100,Kangra,0,"2026-01-13 21:57:26","2026-01-13 21:57:26",NULL
9101,Kangra,0,"2026-01-13 21:57:26","2026-01-13 21:57:26",NULL
9102,Kangra,0,"2026-01-13 21:57:26","2026-01-13 21:57:26",NULL
9103,Kangra,0,"2026-01-13 21:57:26","2026-01-13 21:57:26",NULL
9104,Kangra,0,"2026-01-13 21:57:26","2026-01-13 21:57:26",NULL
9105,Kangra,0,"2026-01-13 21:57:26","2026-01-13 21:57:26",NULL
9106,Kangra,0,"2026-01-13 21:57:26","2026-01-13 21:57:26",NULL
9107,Kangra,0,"2026-01-13 21:57:26","2026-01-13 21:57:26",NULL
9108,Kangra,0,"2026-01-13 21:57:26","2026-01-13 21:57:26",NULL
9109,Kangra,0,"2026-01-13 21:57:26","2026-01-13 21:57:26",NULL
9110,Kangra,0,"2026-01-13 21:57:26","2026-01-13 21:57:26",NULL
9111,Kangra,0,"2026-01-13 21:57:26","2026-01-13 21:57:26",NULL
9112,Kangra,0,"2026-01-13 21:57:26","2026-01-13 21:57:26",NULL
9113,Kangra,0,"2026-01-13 21:57:26","2026-01-13 21:57:26",NULL
9114,Kangra,0,"2026-01-13 21:57:26","2026-01-13 21:57:26",NULL
9115,Kangra,0,"2026-01-13 21:57:26","2026-01-13 21:57:26",NULL
9116,Kangra,0,"2026-01-13 21:57:26","2026-01-13 21:57:26",NULL
9117,Kangra,0,"2026-01-13 21:57:26","2026-01-13 21:57:26",NULL
9118,Kangra,0,"2026-01-13 21:57:26","2026-01-13 21:57:26",NULL
9119,Kangra,0,"2026-01-13 21:57:26","2026-01-13 21:57:26",NULL
9120,Kangra,0,"2026-01-13 21:57:26","2026-01-13 21:57:26",NULL
9121,Kangra,0,"2026-01-13 21:57:26","2026-01-13 21:57:26",NULL
9122,Kangra,0,"2026-01-13 21:57:26","2026-01-13 21:57:26",NULL
9123,Kangra,0,"2026-01-13 21:57:26","2026-01-13 21:57:26",NULL
9124,Kangra,0,"2026-01-13 21:57:26","2026-01-13 21:57:26",NULL
9125,Kangra,0,"2026-01-13 21:57:26","2026-01-13 21:57:26",NULL
9126,Kangra,0,"2026-01-13 21:57:26","2026-01-13 21:57:26",NULL
9127,Kangra,0,"2026-01-13 21:57:26","2026-01-13 21:57:26",NULL
9128,Kangra,0,"2026-01-13 21:57:26","2026-01-13 21:57:26",NULL
9129,Kangra,0,"2026-01-13 21:57:26","2026-01-13 21:57:26",NULL
9130,Kangra,0,"2026-01-13 21:57:26","2026-01-13 21:57:26",NULL
9131,Kangra,0,"2026-01-13 21:57:26","2026-01-13 21:57:26",NULL
9132,Kangra,0,"2026-01-13 21:57:26","2026-01-13 21:57:26",NULL
9133,Kangra,0,"2026-01-13 21:57:26","2026-01-13 21:57:26",NULL
9134,Kangra,0,"2026-01-13 21:57:26","2026-01-13 21:57:26",NULL
9135,Kangra,0,"2026-01-13 21:57:26","2026-01-13 21:57:26",NULL
9136,Kangra,0,"2026-01-13 21:57:26","2026-01-13 21:57:26",NULL
9137,Kangra,0,"2026-01-13 21:57:26","2026-01-13 21:57:26",NULL
9138,Kangra,0,"2026-01-13 21:57:26","2026-01-13 21:57:26",NULL
9139,Kangra,0,"2026-01-13 21:57:26","2026-01-13 21:57:26",NULL
9140,Kangra,0,"2026-01-13 21:57:26","2026-01-13 21:57:26",NULL
9141,Kangra,0,"2026-01-13 21:57:26","2026-01-13 21:57:26",NULL
9142,Kangra,0,"2026-01-13 21:57:26","2026-01-13 21:57:26",NULL
9143,Kangra,0,"2026-01-13 21:57:26","2026-01-13 21:57:26",NULL
9144,Kangra,0,"2026-01-13 21:57:26","2026-01-13 21:57:26",NULL
9145,Kangra,0,"2026-01-13 21:57:26","2026-01-13 21:57:26",NULL
9146,Kangra,0,"2026-01-13 21:57:26","2026-01-13 21:57:26",NULL
9147,Kangra,0,"2026-01-13 21:57:26","2026-01-13 21:57:26",NULL
9148,Kangra,0,"2026-01-13 21:57:26","2026-01-13 21:57:26",NULL
9149,Kangra,0,"2026-01-13 21:57:26","2026-01-13 21:57:26",NULL
9150,Kangra,0,"2026-01-13 21:57:26","2026-01-13 21:57:26",NULL
9151,Kangra,0,"2026-01-13 21:57:26","2026-01-13 21:57:26",NULL
9152,Kangra,0,"2026-01-13 21:57:26","2026-01-13 21:57:26",NULL
9153,Kangra,0,"2026-01-13 21:57:26","2026-01-13 21:57:26",NULL
9154,Hamirpur(HP),0,"2026-01-13 21:57:26","2026-01-13 21:57:26",NULL
9155,Hamirpur(HP),0,"2026-01-13 21:57:26","2026-01-13 21:57:26",NULL
9156,Hamirpur(HP),0,"2026-01-13 21:57:26","2026-01-13 21:57:26",NULL
9157,Hamirpur(HP),0,"2026-01-13 21:57:26","2026-01-13 21:57:26",NULL
9158,Hamirpur(HP),0,"2026-01-13 21:57:26","2026-01-13 21:57:26",NULL
9159,Hamirpur(HP),0,"2026-01-13 21:57:26","2026-01-13 21:57:26",NULL
9160,Hamirpur(HP),0,"2026-01-13 21:57:26","2026-01-13 21:57:26",NULL
9161,Hamirpur(HP),0,"2026-01-13 21:57:26","2026-01-13 21:57:26",NULL
9162,Hamirpur(HP),0,"2026-01-13 21:57:26","2026-01-13 21:57:26",NULL
9163,Hamirpur(HP),0,"2026-01-13 21:57:26","2026-01-13 21:57:26",NULL
9164,Hamirpur(HP),0,"2026-01-13 21:57:26","2026-01-13 21:57:26",NULL
9165,Hamirpur(HP),0,"2026-01-13 21:57:26","2026-01-13 21:57:26",NULL
9166,Hamirpur(HP),0,"2026-01-13 21:57:26","2026-01-13 21:57:26",NULL
9167,Hamirpur(HP),0,"2026-01-13 21:57:26","2026-01-13 21:57:26",NULL
9168,Hamirpur(HP),0,"2026-01-13 21:57:26","2026-01-13 21:57:26",NULL
9169,Hamirpur(HP),0,"2026-01-13 21:57:26","2026-01-13 21:57:26",NULL
9170,Hamirpur(HP),0,"2026-01-13 21:57:26","2026-01-13 21:57:26",NULL
9171,Kangra,0,"2026-01-13 21:57:26","2026-01-13 21:57:26",NULL
9172,Kangra,0,"2026-01-13 21:57:26","2026-01-13 21:57:26",NULL
9173,Kangra,0,"2026-01-13 21:57:26","2026-01-13 21:57:26",NULL
9174,Kangra,0,"2026-01-13 21:57:26","2026-01-13 21:57:26",NULL
9175,Kangra,0,"2026-01-13 21:57:26","2026-01-13 21:57:26",NULL
9176,Kangra,0,"2026-01-13 21:57:26","2026-01-13 21:57:26",NULL
9177,Kangra,0,"2026-01-13 21:57:26","2026-01-13 21:57:26",NULL
9178,Kangra,0,"2026-01-13 21:57:26","2026-01-13 21:57:26",NULL
9179,Kangra,0,"2026-01-13 21:57:26","2026-01-13 21:57:26",NULL
9180,Kangra,0,"2026-01-13 21:57:26","2026-01-13 21:57:26",NULL
9181,Kangra,0,"2026-01-13 21:57:26","2026-01-13 21:57:26",NULL
9182,Kangra,0,"2026-01-13 21:57:26","2026-01-13 21:57:26",NULL
9183,Kangra,0,"2026-01-13 21:57:26","2026-01-13 21:57:26",NULL
9184,Kangra,0,"2026-01-13 21:57:26","2026-01-13 21:57:26",NULL
9185,Kangra,0,"2026-01-13 21:57:26","2026-01-13 21:57:26",NULL
9186,Kangra,0,"2026-01-13 21:57:26","2026-01-13 21:57:26",NULL
9187,Kangra,0,"2026-01-13 21:57:26","2026-01-13 21:57:26",NULL
9188,Kangra,0,"2026-01-13 21:57:26","2026-01-13 21:57:26",NULL
9189,Kangra,0,"2026-01-13 21:57:26","2026-01-13 21:57:26",NULL
9190,Kangra,0,"2026-01-13 21:57:26","2026-01-13 21:57:26",NULL
9191,Kangra,0,"2026-01-13 21:57:26","2026-01-13 21:57:26",NULL
9192,Kangra,0,"2026-01-13 21:57:26","2026-01-13 21:57:26",NULL
9193,Kangra,0,"2026-01-13 21:57:26","2026-01-13 21:57:26",NULL
9194,Kangra,0,"2026-01-13 21:57:26","2026-01-13 21:57:26",NULL
9195,Kangra,0,"2026-01-13 21:57:26","2026-01-13 21:57:26",NULL
9196,Kangra,0,"2026-01-13 21:57:26","2026-01-13 21:57:26",NULL
9197,Kangra,0,"2026-01-13 21:57:26","2026-01-13 21:57:26",NULL
9198,Kangra,0,"2026-01-13 21:57:26","2026-01-13 21:57:26",NULL
9199,Kangra,0,"2026-01-13 21:57:26","2026-01-13 21:57:26",NULL
9200,Kangra,0,"2026-01-13 21:57:26","2026-01-13 21:57:26",NULL
9201,Kangra,0,"2026-01-13 21:57:26","2026-01-13 21:57:26",NULL
9202,Kangra,0,"2026-01-13 21:57:26","2026-01-13 21:57:26",NULL
9203,Kangra,0,"2026-01-13 21:57:26","2026-01-13 21:57:26",NULL
9204,Kangra,0,"2026-01-13 21:57:26","2026-01-13 21:57:26",NULL
9205,Kangra,0,"2026-01-13 21:57:26","2026-01-13 21:57:26",NULL
9206,Kangra,0,"2026-01-13 21:57:26","2026-01-13 21:57:26",NULL
9207,Kangra,0,"2026-01-13 21:57:26","2026-01-13 21:57:26",NULL
9208,Kangra,0,"2026-01-13 21:57:26","2026-01-13 21:57:26",NULL
9209,Kangra,0,"2026-01-13 21:57:26","2026-01-13 21:57:26",NULL
9210,Kangra,0,"2026-01-13 21:57:26","2026-01-13 21:57:26",NULL
9211,Kangra,0,"2026-01-13 21:57:26","2026-01-13 21:57:26",NULL
9212,Kangra,0,"2026-01-13 21:57:26","2026-01-13 21:57:26",NULL
9213,Kangra,0,"2026-01-13 21:57:26","2026-01-13 21:57:26",NULL
9214,Kangra,0,"2026-01-13 21:57:26","2026-01-13 21:57:26",NULL
9215,Kangra,0,"2026-01-13 21:57:26","2026-01-13 21:57:26",NULL
9216,Kangra,0,"2026-01-13 21:57:26","2026-01-13 21:57:26",NULL
9217,Kangra,0,"2026-01-13 21:57:26","2026-01-13 21:57:26",NULL
9218,Kangra,0,"2026-01-13 21:57:26","2026-01-13 21:57:26",NULL
9219,Kangra,0,"2026-01-13 21:57:26","2026-01-13 21:57:26",NULL
9220,Kangra,0,"2026-01-13 21:57:26","2026-01-13 21:57:26",NULL
9221,Kangra,0,"2026-01-13 21:57:26","2026-01-13 21:57:26",NULL
9222,Kangra,0,"2026-01-13 21:57:26","2026-01-13 21:57:26",NULL
9223,Kangra,0,"2026-01-13 21:57:26","2026-01-13 21:57:26",NULL
9224,Kangra,0,"2026-01-13 21:57:26","2026-01-13 21:57:26",NULL
9225,Kangra,0,"2026-01-13 21:57:26","2026-01-13 21:57:26",NULL
9226,Kangra,0,"2026-01-13 21:57:26","2026-01-13 21:57:26",NULL
9227,Kangra,0,"2026-01-13 21:57:26","2026-01-13 21:57:26",NULL
9228,Kangra,0,"2026-01-13 21:57:26","2026-01-13 21:57:26",NULL
9229,Kangra,0,"2026-01-13 21:57:26","2026-01-13 21:57:26",NULL
9230,Kangra,0,"2026-01-13 21:57:26","2026-01-13 21:57:26",NULL
9231,Kangra,0,"2026-01-13 21:57:26","2026-01-13 21:57:26",NULL
9232,Kangra,0,"2026-01-13 21:57:26","2026-01-13 21:57:26",NULL
9233,Kangra,0,"2026-01-13 21:57:26","2026-01-13 21:57:26",NULL
9234,Kangra,0,"2026-01-13 21:57:26","2026-01-13 21:57:26",NULL
9235,Kangra,0,"2026-01-13 21:57:26","2026-01-13 21:57:26",NULL
9236,Kangra,0,"2026-01-13 21:57:26","2026-01-13 21:57:26",NULL
9237,Kangra,0,"2026-01-13 21:57:26","2026-01-13 21:57:26",NULL
9238,Kangra,0,"2026-01-13 21:57:26","2026-01-13 21:57:26",NULL
9239,Kangra,0,"2026-01-13 21:57:26","2026-01-13 21:57:26",NULL
9240,Kangra,0,"2026-01-13 21:57:26","2026-01-13 21:57:26",NULL
9241,Kangra,0,"2026-01-13 21:57:26","2026-01-13 21:57:26",NULL
9242,Kangra,0,"2026-01-13 21:57:26","2026-01-13 21:57:26",NULL
9243,Kangra,0,"2026-01-13 21:57:26","2026-01-13 21:57:26",NULL
9244,Kangra,0,"2026-01-13 21:57:26","2026-01-13 21:57:26",NULL
9245,Kangra,0,"2026-01-13 21:57:26","2026-01-13 21:57:26",NULL
9246,Kangra,0,"2026-01-13 21:57:26","2026-01-13 21:57:26",NULL
9247,Chamba,0,"2026-01-13 21:57:26","2026-01-13 21:57:26",NULL
9248,Kangra,0,"2026-01-13 21:57:26","2026-01-13 21:57:26",NULL
9249,Kangra,0,"2026-01-13 21:57:26","2026-01-13 21:57:26",NULL
9250,Kangra,0,"2026-01-13 21:57:26","2026-01-13 21:57:26",NULL
9251,Kangra,0,"2026-01-13 21:57:26","2026-01-13 21:57:26",NULL
9252,Kangra,0,"2026-01-13 21:57:26","2026-01-13 21:57:26",NULL
9253,Kangra,0,"2026-01-13 21:57:26","2026-01-13 21:57:26",NULL
9254,Kangra,0,"2026-01-13 21:57:26","2026-01-13 21:57:26",NULL
9255,Kangra,0,"2026-01-13 21:57:26","2026-01-13 21:57:26",NULL
9256,Kangra,0,"2026-01-13 21:57:26","2026-01-13 21:57:26",NULL
9257,Kangra,0,"2026-01-13 21:57:26","2026-01-13 21:57:26",NULL
9258,Kangra,0,"2026-01-13 21:57:26","2026-01-13 21:57:26",NULL
9259,Kangra,0,"2026-01-13 21:57:26","2026-01-13 21:57:26",NULL
9260,Kangra,0,"2026-01-13 21:57:26","2026-01-13 21:57:26",NULL
9261,Kangra,0,"2026-01-13 21:57:26","2026-01-13 21:57:26",NULL
9262,Kangra,0,"2026-01-13 21:57:26","2026-01-13 21:57:26",NULL
9263,Kangra,0,"2026-01-13 21:57:26","2026-01-13 21:57:26",NULL
9264,Kangra,0,"2026-01-13 21:57:26","2026-01-13 21:57:26",NULL
9265,Kangra,0,"2026-01-13 21:57:26","2026-01-13 21:57:26",NULL
9266,Kangra,0,"2026-01-13 21:57:26","2026-01-13 21:57:26",NULL
9267,Kangra,0,"2026-01-13 21:57:26","2026-01-13 21:57:26",NULL
9268,Kangra,0,"2026-01-13 21:57:26","2026-01-13 21:57:26",NULL
9269,Kangra,0,"2026-01-13 21:57:26","2026-01-13 21:57:26",NULL
9270,Kangra,0,"2026-01-13 21:57:26","2026-01-13 21:57:26",NULL
9271,Kangra,0,"2026-01-13 21:57:26","2026-01-13 21:57:26",NULL
9272,Kangra,0,"2026-01-13 21:57:26","2026-01-13 21:57:26",NULL
9273,Kangra,0,"2026-01-13 21:57:26","2026-01-13 21:57:26",NULL
9274,Kangra,0,"2026-01-13 21:57:26","2026-01-13 21:57:26",NULL
9275,Kangra,0,"2026-01-13 21:57:26","2026-01-13 21:57:26",NULL
9276,Kangra,0,"2026-01-13 21:57:26","2026-01-13 21:57:26",NULL
9277,Kangra,0,"2026-01-13 21:57:26","2026-01-13 21:57:26",NULL
9278,Kangra,0,"2026-01-13 21:57:26","2026-01-13 21:57:26",NULL
9279,Kangra,0,"2026-01-13 21:57:26","2026-01-13 21:57:26",NULL
9280,Kangra,0,"2026-01-13 21:57:26","2026-01-13 21:57:26",NULL
9281,Kangra,0,"2026-01-13 21:57:26","2026-01-13 21:57:26",NULL
9282,Kangra,0,"2026-01-13 21:57:26","2026-01-13 21:57:26",NULL
9283,Kangra,0,"2026-01-13 21:57:26","2026-01-13 21:57:26",NULL
9284,Kangra,0,"2026-01-13 21:57:26","2026-01-13 21:57:26",NULL
9285,Kangra,0,"2026-01-13 21:57:26","2026-01-13 21:57:26",NULL
9286,Kangra,0,"2026-01-13 21:57:26","2026-01-13 21:57:26",NULL
9287,Kangra,0,"2026-01-13 21:57:26","2026-01-13 21:57:26",NULL
9288,Kangra,0,"2026-01-13 21:57:26","2026-01-13 21:57:26",NULL
9289,Kangra,0,"2026-01-13 21:57:26","2026-01-13 21:57:26",NULL
9290,Kangra,0,"2026-01-13 21:57:26","2026-01-13 21:57:26",NULL
9291,Kangra,0,"2026-01-13 21:57:26","2026-01-13 21:57:26",NULL
9292,Kangra,0,"2026-01-13 21:57:26","2026-01-13 21:57:26",NULL
9293,Kangra,0,"2026-01-13 21:57:26","2026-01-13 21:57:26",NULL
9294,Chamba,0,"2026-01-13 21:57:26","2026-01-13 21:57:26",NULL
9295,Chamba,0,"2026-01-13 21:57:26","2026-01-13 21:57:26",NULL
9296,Chamba,0,"2026-01-13 21:57:26","2026-01-13 21:57:26",NULL
9297,Chamba,0,"2026-01-13 21:57:26","2026-01-13 21:57:26",NULL
9298,Chamba,0,"2026-01-13 21:57:26","2026-01-13 21:57:26",NULL
9299,Chamba,0,"2026-01-13 21:57:26","2026-01-13 21:57:26",NULL
9300,Chamba,0,"2026-01-13 21:57:26","2026-01-13 21:57:26",NULL
9301,Chamba,0,"2026-01-13 21:57:26","2026-01-13 21:57:26",NULL
9302,Chamba,0,"2026-01-13 21:57:26","2026-01-13 21:57:26",NULL
9303,Chamba,0,"2026-01-13 21:57:26","2026-01-13 21:57:26",NULL
9304,Chamba,0,"2026-01-13 21:57:26","2026-01-13 21:57:26",NULL
9305,Chamba,0,"2026-01-13 21:57:26","2026-01-13 21:57:26",NULL
9306,Chamba,0,"2026-01-13 21:57:26","2026-01-13 21:57:26",NULL
9307,Chamba,0,"2026-01-13 21:57:26","2026-01-13 21:57:26",NULL
9308,Chamba,0,"2026-01-13 21:57:26","2026-01-13 21:57:26",NULL
9309,Chamba,0,"2026-01-13 21:57:26","2026-01-13 21:57:26",NULL
9310,Chamba,0,"2026-01-13 21:57:26","2026-01-13 21:57:26",NULL
9311,Kangra,0,"2026-01-13 21:57:26","2026-01-13 21:57:26",NULL
9312,Kangra,0,"2026-01-13 21:57:26","2026-01-13 21:57:26",NULL
9313,Kangra,0,"2026-01-13 21:57:26","2026-01-13 21:57:26",NULL
9314,Kangra,0,"2026-01-13 21:57:26","2026-01-13 21:57:26",NULL
9315,Kangra,0,"2026-01-13 21:57:26","2026-01-13 21:57:26",NULL
9316,Kangra,0,"2026-01-13 21:57:26","2026-01-13 21:57:26",NULL
9317,Kangra,0,"2026-01-13 21:57:26","2026-01-13 21:57:26",NULL
9318,Kangra,0,"2026-01-13 21:57:26","2026-01-13 21:57:26",NULL
9319,Kangra,0,"2026-01-13 21:57:26","2026-01-13 21:57:26",NULL
9320,Kangra,0,"2026-01-13 21:57:26","2026-01-13 21:57:26",NULL
9321,Kangra,0,"2026-01-13 21:57:26","2026-01-13 21:57:26",NULL
9322,Kangra,0,"2026-01-13 21:57:26","2026-01-13 21:57:26",NULL
9323,Kangra,0,"2026-01-13 21:57:26","2026-01-13 21:57:26",NULL
9324,Kangra,0,"2026-01-13 21:57:26","2026-01-13 21:57:26",NULL
9325,Kangra,0,"2026-01-13 21:57:26","2026-01-13 21:57:26",NULL
9326,Kangra,0,"2026-01-13 21:57:26","2026-01-13 21:57:26",NULL
9327,Kangra,0,"2026-01-13 21:57:26","2026-01-13 21:57:26",NULL
9328,Kangra,0,"2026-01-13 21:57:26","2026-01-13 21:57:26",NULL
9329,Kangra,0,"2026-01-13 21:57:26","2026-01-13 21:57:26",NULL
9330,Kangra,0,"2026-01-13 21:57:26","2026-01-13 21:57:26",NULL
9331,Kangra,0,"2026-01-13 21:57:26","2026-01-13 21:57:26",NULL
9332,Kangra,0,"2026-01-13 21:57:26","2026-01-13 21:57:26",NULL
9333,Kangra,0,"2026-01-13 21:57:26","2026-01-13 21:57:26",NULL
9334,Kangra,0,"2026-01-13 21:57:26","2026-01-13 21:57:26",NULL
9335,Kangra,0,"2026-01-13 21:57:26","2026-01-13 21:57:26",NULL
9336,Kangra,0,"2026-01-13 21:57:26","2026-01-13 21:57:26",NULL
9337,Kangra,0,"2026-01-13 21:57:26","2026-01-13 21:57:26",NULL
9338,Kangra,0,"2026-01-13 21:57:26","2026-01-13 21:57:26",NULL
9339,Kangra,0,"2026-01-13 21:57:26","2026-01-13 21:57:26",NULL
9340,Kangra,0,"2026-01-13 21:57:26","2026-01-13 21:57:26",NULL
9341,Kangra,0,"2026-01-13 21:57:26","2026-01-13 21:57:26",NULL
9342,Kangra,0,"2026-01-13 21:57:26","2026-01-13 21:57:26",NULL
9343,Kangra,0,"2026-01-13 21:57:26","2026-01-13 21:57:26",NULL
9344,Kangra,0,"2026-01-13 21:57:26","2026-01-13 21:57:26",NULL
9345,Kangra,0,"2026-01-13 21:57:26","2026-01-13 21:57:26",NULL
9346,Kangra,0,"2026-01-13 21:57:26","2026-01-13 21:57:26",NULL
9347,Kangra,0,"2026-01-13 21:57:26","2026-01-13 21:57:26",NULL
9348,Kangra,0,"2026-01-13 21:57:26","2026-01-13 21:57:26",NULL
9349,Kangra,0,"2026-01-13 21:57:26","2026-01-13 21:57:26",NULL
9350,Kangra,0,"2026-01-13 21:57:26","2026-01-13 21:57:26",NULL
9351,Kangra,0,"2026-01-13 21:57:26","2026-01-13 21:57:26",NULL
9352,Kangra,0,"2026-01-13 21:57:26","2026-01-13 21:57:26",NULL
9353,Kangra,0,"2026-01-13 21:57:26","2026-01-13 21:57:26",NULL
9354,Chamba,0,"2026-01-13 21:57:26","2026-01-13 21:57:26",NULL
9355,Chamba,0,"2026-01-13 21:57:26","2026-01-13 21:57:26",NULL
9356,Chamba,0,"2026-01-13 21:57:26","2026-01-13 21:57:26",NULL
9357,Chamba,0,"2026-01-13 21:57:26","2026-01-13 21:57:26",NULL
9358,Chamba,0,"2026-01-13 21:57:26","2026-01-13 21:57:26",NULL
9359,Chamba,0,"2026-01-13 21:57:26","2026-01-13 21:57:26",NULL
9360,Chamba,0,"2026-01-13 21:57:26","2026-01-13 21:57:26",NULL
9361,Chamba,0,"2026-01-13 21:57:26","2026-01-13 21:57:26",NULL
9362,Chamba,0,"2026-01-13 21:57:26","2026-01-13 21:57:26",NULL
9363,Chamba,0,"2026-01-13 21:57:26","2026-01-13 21:57:26",NULL
9364,Chamba,0,"2026-01-13 21:57:26","2026-01-13 21:57:26",NULL
9365,Chamba,0,"2026-01-13 21:57:26","2026-01-13 21:57:26",NULL
9366,Chamba,0,"2026-01-13 21:57:26","2026-01-13 21:57:26",NULL
9367,Chamba,0,"2026-01-13 21:57:26","2026-01-13 21:57:26",NULL
9368,Chamba,0,"2026-01-13 21:57:26","2026-01-13 21:57:26",NULL
9369,Chamba,0,"2026-01-13 21:57:26","2026-01-13 21:57:26",NULL
9370,Chamba,0,"2026-01-13 21:57:26","2026-01-13 21:57:26",NULL
9371,Chamba,0,"2026-01-13 21:57:26","2026-01-13 21:57:26",NULL
9372,Chamba,0,"2026-01-13 21:57:26","2026-01-13 21:57:26",NULL
9373,Chamba,0,"2026-01-13 21:57:26","2026-01-13 21:57:26",NULL
9374,Chamba,0,"2026-01-13 21:57:26","2026-01-13 21:57:26",NULL
9375,Chamba,0,"2026-01-13 21:57:26","2026-01-13 21:57:26",NULL
9376,Chamba,0,"2026-01-13 21:57:26","2026-01-13 21:57:26",NULL
9377,Chamba,0,"2026-01-13 21:57:26","2026-01-13 21:57:26",NULL
9378,Chamba,0,"2026-01-13 21:57:26","2026-01-13 21:57:26",NULL
9379,Chamba,0,"2026-01-13 21:57:26","2026-01-13 21:57:26",NULL
9380,Chamba,0,"2026-01-13 21:57:26","2026-01-13 21:57:26",NULL
9381,Chamba,0,"2026-01-13 21:57:26","2026-01-13 21:57:26",NULL
9382,Chamba,0,"2026-01-13 21:57:26","2026-01-13 21:57:26",NULL
9383,Chamba,0,"2026-01-13 21:57:26","2026-01-13 21:57:26",NULL
9384,Chamba,0,"2026-01-13 21:57:26","2026-01-13 21:57:26",NULL
9385,Chamba,0,"2026-01-13 21:57:26","2026-01-13 21:57:26",NULL
9386,Chamba,0,"2026-01-13 21:57:26","2026-01-13 21:57:26",NULL
9387,Chamba,0,"2026-01-13 21:57:26","2026-01-13 21:57:26",NULL
9388,Chamba,0,"2026-01-13 21:57:26","2026-01-13 21:57:26",NULL
9389,Chamba,0,"2026-01-13 21:57:26","2026-01-13 21:57:26",NULL
9390,Chamba,0,"2026-01-13 21:57:26","2026-01-13 21:57:26",NULL
9391,Chamba,0,"2026-01-13 21:57:26","2026-01-13 21:57:26",NULL
9392,Chamba,0,"2026-01-13 21:57:26","2026-01-13 21:57:26",NULL
9393,Chamba,0,"2026-01-13 21:57:26","2026-01-13 21:57:26",NULL
9394,Chamba,0,"2026-01-13 21:57:26","2026-01-13 21:57:26",NULL
9395,Chamba,0,"2026-01-13 21:57:26","2026-01-13 21:57:26",NULL
9396,Chamba,0,"2026-01-13 21:57:26","2026-01-13 21:57:26",NULL
9397,Chamba,0,"2026-01-13 21:57:26","2026-01-13 21:57:26",NULL
9398,Chamba,0,"2026-01-13 21:57:26","2026-01-13 21:57:26",NULL
9399,Chamba,0,"2026-01-13 21:57:26","2026-01-13 21:57:26",NULL
9400,Chamba,0,"2026-01-13 21:57:26","2026-01-13 21:57:26",NULL
9401,Chamba,0,"2026-01-13 21:57:26","2026-01-13 21:57:26",NULL
9402,Chamba,0,"2026-01-13 21:57:26","2026-01-13 21:57:26",NULL
9403,Chamba,0,"2026-01-13 21:57:26","2026-01-13 21:57:26",NULL
9404,Chamba,0,"2026-01-13 21:57:26","2026-01-13 21:57:26",NULL
9405,Chamba,0,"2026-01-13 21:57:26","2026-01-13 21:57:26",NULL
9406,Chamba,0,"2026-01-13 21:57:26","2026-01-13 21:57:26",NULL
9407,Chamba,0,"2026-01-13 21:57:26","2026-01-13 21:57:26",NULL
9408,Chamba,0,"2026-01-13 21:57:26","2026-01-13 21:57:26",NULL
9409,Chamba,0,"2026-01-13 21:57:26","2026-01-13 21:57:26",NULL
9410,Chamba,0,"2026-01-13 21:57:26","2026-01-13 21:57:26",NULL
9411,Chamba,0,"2026-01-13 21:57:26","2026-01-13 21:57:26",NULL
9412,Chamba,0,"2026-01-13 21:57:26","2026-01-13 21:57:26",NULL
9413,Chamba,0,"2026-01-13 21:57:26","2026-01-13 21:57:26",NULL
9414,Chamba,0,"2026-01-13 21:57:26","2026-01-13 21:57:26",NULL
9415,Chamba,0,"2026-01-13 21:57:26","2026-01-13 21:57:26",NULL
9416,Chamba,0,"2026-01-13 21:57:26","2026-01-13 21:57:26",NULL
9417,Chamba,0,"2026-01-13 21:57:26","2026-01-13 21:57:26",NULL
9418,Chamba,0,"2026-01-13 21:57:26","2026-01-13 21:57:26",NULL
9419,Chamba,0,"2026-01-13 21:57:26","2026-01-13 21:57:26",NULL
9420,Chamba,0,"2026-01-13 21:57:26","2026-01-13 21:57:26",NULL
9421,Chamba,0,"2026-01-13 21:57:26","2026-01-13 21:57:26",NULL
9422,Hamirpur(HP),0,"2026-01-13 21:57:26","2026-01-13 21:57:26",NULL
9423,Chamba,0,"2026-01-13 21:57:26","2026-01-13 21:57:26",NULL
9424,Chamba,0,"2026-01-13 21:57:26","2026-01-13 21:57:26",NULL
9425,Chamba,0,"2026-01-13 21:57:26","2026-01-13 21:57:26",NULL
9426,Chamba,0,"2026-01-13 21:57:26","2026-01-13 21:57:26",NULL
9427,Chamba,0,"2026-01-13 21:57:26","2026-01-13 21:57:26",NULL
9428,Chamba,0,"2026-01-13 21:57:26","2026-01-13 21:57:26",NULL
9429,Chamba,0,"2026-01-13 21:57:26","2026-01-13 21:57:26",NULL
9430,Chamba,0,"2026-01-13 21:57:26","2026-01-13 21:57:26",NULL
9431,Chamba,0,"2026-01-13 21:57:26","2026-01-13 21:57:26",NULL
9432,Chamba,0,"2026-01-13 21:57:26","2026-01-13 21:57:26",NULL
9433,Chamba,0,"2026-01-13 21:57:26","2026-01-13 21:57:26",NULL
9434,Chamba,0,"2026-01-13 21:57:27","2026-01-13 21:57:27",NULL
9435,Chamba,0,"2026-01-13 21:57:27","2026-01-13 21:57:27",NULL
9436,Chamba,0,"2026-01-13 21:57:27","2026-01-13 21:57:27",NULL
9437,Chamba,0,"2026-01-13 21:57:27","2026-01-13 21:57:27",NULL
9438,Chamba,0,"2026-01-13 21:57:27","2026-01-13 21:57:27",NULL
9439,Chamba,0,"2026-01-13 21:57:27","2026-01-13 21:57:27",NULL
9440,Chamba,0,"2026-01-13 21:57:27","2026-01-13 21:57:27",NULL
9441,Chamba,0,"2026-01-13 21:57:27","2026-01-13 21:57:27",NULL
9442,Chamba,0,"2026-01-13 21:57:27","2026-01-13 21:57:27",NULL
9443,Chamba,0,"2026-01-13 21:57:27","2026-01-13 21:57:27",NULL
9444,Chamba,0,"2026-01-13 21:57:27","2026-01-13 21:57:27",NULL
9445,Chamba,0,"2026-01-13 21:57:27","2026-01-13 21:57:27",NULL
9446,Chamba,0,"2026-01-13 21:57:27","2026-01-13 21:57:27",NULL
9447,Chamba,0,"2026-01-13 21:57:27","2026-01-13 21:57:27",NULL
9448,Chamba,0,"2026-01-13 21:57:27","2026-01-13 21:57:27",NULL
9449,Chamba,0,"2026-01-13 21:57:27","2026-01-13 21:57:27",NULL
9450,Chamba,0,"2026-01-13 21:57:27","2026-01-13 21:57:27",NULL
9451,Chamba,0,"2026-01-13 21:57:27","2026-01-13 21:57:27",NULL
9452,Chamba,0,"2026-01-13 21:57:27","2026-01-13 21:57:27",NULL
9453,Chamba,0,"2026-01-13 21:57:27","2026-01-13 21:57:27",NULL
9454,Chamba,0,"2026-01-13 21:57:27","2026-01-13 21:57:27",NULL
9455,Chamba,0,"2026-01-13 21:57:27","2026-01-13 21:57:27",NULL
9456,Chamba,0,"2026-01-13 21:57:27","2026-01-13 21:57:27",NULL
9457,Chamba,0,"2026-01-13 21:57:27","2026-01-13 21:57:27",NULL
9458,Chamba,0,"2026-01-13 21:57:27","2026-01-13 21:57:27",NULL
9459,Chamba,0,"2026-01-13 21:57:27","2026-01-13 21:57:27",NULL
9460,Chamba,0,"2026-01-13 21:57:27","2026-01-13 21:57:27",NULL
9461,Chamba,0,"2026-01-13 21:57:27","2026-01-13 21:57:27",NULL
9462,Chamba,0,"2026-01-13 21:57:27","2026-01-13 21:57:27",NULL
9463,Chamba,0,"2026-01-13 21:57:27","2026-01-13 21:57:27",NULL
9464,Chamba,0,"2026-01-13 21:57:27","2026-01-13 21:57:27",NULL
9465,Chamba,0,"2026-01-13 21:57:27","2026-01-13 21:57:27",NULL
9466,Chamba,0,"2026-01-13 21:57:27","2026-01-13 21:57:27",NULL
9467,Chamba,0,"2026-01-13 21:57:27","2026-01-13 21:57:27",NULL
9468,Chamba,0,"2026-01-13 21:57:27","2026-01-13 21:57:27",NULL
9469,Chamba,0,"2026-01-13 21:57:27","2026-01-13 21:57:27",NULL
9470,Chamba,0,"2026-01-13 21:57:27","2026-01-13 21:57:27",NULL
9471,Chamba,0,"2026-01-13 21:57:27","2026-01-13 21:57:27",NULL
9472,Chamba,0,"2026-01-13 21:57:27","2026-01-13 21:57:27",NULL
9473,Chamba,0,"2026-01-13 21:57:27","2026-01-13 21:57:27",NULL
9474,Chamba,0,"2026-01-13 21:57:27","2026-01-13 21:57:27",NULL
9475,Chamba,0,"2026-01-13 21:57:27","2026-01-13 21:57:27",NULL
9476,Chamba,0,"2026-01-13 21:57:27","2026-01-13 21:57:27",NULL
9477,Chamba,0,"2026-01-13 21:57:27","2026-01-13 21:57:27",NULL
9478,Chamba,0,"2026-01-13 21:57:27","2026-01-13 21:57:27",NULL
9479,Chamba,0,"2026-01-13 21:57:27","2026-01-13 21:57:27",NULL
9480,Chamba,0,"2026-01-13 21:57:27","2026-01-13 21:57:27",NULL
9481,Chamba,0,"2026-01-13 21:57:27","2026-01-13 21:57:27",NULL
9482,Chamba,0,"2026-01-13 21:57:27","2026-01-13 21:57:27",NULL
9483,Chamba,0,"2026-01-13 21:57:27","2026-01-13 21:57:27",NULL
9484,Chamba,0,"2026-01-13 21:57:27","2026-01-13 21:57:27",NULL
9485,Chamba,0,"2026-01-13 21:57:27","2026-01-13 21:57:27",NULL
9486,Chamba,0,"2026-01-13 21:57:27","2026-01-13 21:57:27",NULL
9487,Chamba,0,"2026-01-13 21:57:27","2026-01-13 21:57:27",NULL
9488,Chamba,0,"2026-01-13 21:57:27","2026-01-13 21:57:27",NULL
9489,Chamba,0,"2026-01-13 21:57:27","2026-01-13 21:57:27",NULL
9490,Chamba,0,"2026-01-13 21:57:27","2026-01-13 21:57:27",NULL
9491,Chamba,0,"2026-01-13 21:57:27","2026-01-13 21:57:27",NULL
9492,Chamba,0,"2026-01-13 21:57:27","2026-01-13 21:57:27",NULL
9493,Chamba,0,"2026-01-13 21:57:27","2026-01-13 21:57:27",NULL
9494,Chamba,0,"2026-01-13 21:57:27","2026-01-13 21:57:27",NULL
9495,Chamba,0,"2026-01-13 21:57:27","2026-01-13 21:57:27",NULL
9496,Chamba,0,"2026-01-13 21:57:27","2026-01-13 21:57:27",NULL
9497,Chamba,0,"2026-01-13 21:57:27","2026-01-13 21:57:27",NULL
9498,Chamba,0,"2026-01-13 21:57:27","2026-01-13 21:57:27",NULL
9499,Chamba,0,"2026-01-13 21:57:27","2026-01-13 21:57:27",NULL
9500,Chamba,0,"2026-01-13 21:57:27","2026-01-13 21:57:27",NULL
9501,Chamba,0,"2026-01-13 21:57:27","2026-01-13 21:57:27",NULL
9502,Chamba,0,"2026-01-13 21:57:27","2026-01-13 21:57:27",NULL
9503,Chamba,0,"2026-01-13 21:57:27","2026-01-13 21:57:27",NULL
9504,Chamba,0,"2026-01-13 21:57:27","2026-01-13 21:57:27",NULL
9505,Chamba,0,"2026-01-13 21:57:27","2026-01-13 21:57:27",NULL
9506,Chamba,0,"2026-01-13 21:57:27","2026-01-13 21:57:27",NULL
9507,Chamba,0,"2026-01-13 21:57:27","2026-01-13 21:57:27",NULL
9508,Chamba,0,"2026-01-13 21:57:27","2026-01-13 21:57:27",NULL
9509,Chamba,0,"2026-01-13 21:57:27","2026-01-13 21:57:27",NULL
9510,Chamba,0,"2026-01-13 21:57:27","2026-01-13 21:57:27",NULL
9511,Chamba,0,"2026-01-13 21:57:27","2026-01-13 21:57:27",NULL
9512,Chamba,0,"2026-01-13 21:57:27","2026-01-13 21:57:27",NULL
9513,Chamba,0,"2026-01-13 21:57:27","2026-01-13 21:57:27",NULL
9514,Chamba,0,"2026-01-13 21:57:27","2026-01-13 21:57:27",NULL
9515,Chamba,0,"2026-01-13 21:57:27","2026-01-13 21:57:27",NULL
9516,Chamba,0,"2026-01-13 21:57:27","2026-01-13 21:57:27",NULL
9517,Chamba,0,"2026-01-13 21:57:27","2026-01-13 21:57:27",NULL
9518,Chamba,0,"2026-01-13 21:57:27","2026-01-13 21:57:27",NULL
9519,Chamba,0,"2026-01-13 21:57:27","2026-01-13 21:57:27",NULL
9520,Chamba,0,"2026-01-13 21:57:27","2026-01-13 21:57:27",NULL
9521,Chamba,0,"2026-01-13 21:57:27","2026-01-13 21:57:27",NULL
9522,Chamba,0,"2026-01-13 21:57:27","2026-01-13 21:57:27",NULL
9523,Chamba,0,"2026-01-13 21:57:27","2026-01-13 21:57:27",NULL
9524,Chamba,0,"2026-01-13 21:57:27","2026-01-13 21:57:27",NULL
9525,Chamba,0,"2026-01-13 21:57:27","2026-01-13 21:57:27",NULL
9526,Chamba,0,"2026-01-13 21:57:27","2026-01-13 21:57:27",NULL
9527,Chamba,0,"2026-01-13 21:57:27","2026-01-13 21:57:27",NULL
9528,Chamba,0,"2026-01-13 21:57:27","2026-01-13 21:57:27",NULL
9529,Chamba,0,"2026-01-13 21:57:27","2026-01-13 21:57:27",NULL
9530,Chamba,0,"2026-01-13 21:57:27","2026-01-13 21:57:27",NULL
9531,Chamba,0,"2026-01-13 21:57:27","2026-01-13 21:57:27",NULL
9532,Chamba,0,"2026-01-13 21:57:27","2026-01-13 21:57:27",NULL
9533,Chamba,0,"2026-01-13 21:57:27","2026-01-13 21:57:27",NULL
9534,Chamba,0,"2026-01-13 21:57:27","2026-01-13 21:57:27",NULL
9535,Chamba,0,"2026-01-13 21:57:27","2026-01-13 21:57:27",NULL
9536,Chamba,0,"2026-01-13 21:57:27","2026-01-13 21:57:27",NULL
9537,Chamba,0,"2026-01-13 21:57:27","2026-01-13 21:57:27",NULL
9538,Chamba,0,"2026-01-13 21:57:27","2026-01-13 21:57:27",NULL
9539,Chamba,0,"2026-01-13 21:57:27","2026-01-13 21:57:27",NULL
9540,Chamba,0,"2026-01-13 21:57:27","2026-01-13 21:57:27",NULL
9541,Chamba,0,"2026-01-13 21:57:27","2026-01-13 21:57:27",NULL
9542,Chamba,0,"2026-01-13 21:57:27","2026-01-13 21:57:27",NULL
9543,Chamba,0,"2026-01-13 21:57:27","2026-01-13 21:57:27",NULL
9544,Chamba,0,"2026-01-13 21:57:27","2026-01-13 21:57:27",NULL
9545,Chamba,0,"2026-01-13 21:57:27","2026-01-13 21:57:27",NULL
9546,Chamba,0,"2026-01-13 21:57:27","2026-01-13 21:57:27",NULL
9547,Chamba,0,"2026-01-13 21:57:27","2026-01-13 21:57:27",NULL
9548,Kangra,0,"2026-01-13 21:57:27","2026-01-13 21:57:27",NULL
9549,Kangra,0,"2026-01-13 21:57:27","2026-01-13 21:57:27",NULL
9550,Kangra,0,"2026-01-13 21:57:27","2026-01-13 21:57:27",NULL
9551,Kangra,0,"2026-01-13 21:57:27","2026-01-13 21:57:27",NULL
9552,Kangra,0,"2026-01-13 21:57:27","2026-01-13 21:57:27",NULL
9553,Kangra,0,"2026-01-13 21:57:27","2026-01-13 21:57:27",NULL
9554,Kangra,0,"2026-01-13 21:57:27","2026-01-13 21:57:27",NULL
9555,Kangra,0,"2026-01-13 21:57:27","2026-01-13 21:57:27",NULL
9556,Kangra,0,"2026-01-13 21:57:27","2026-01-13 21:57:27",NULL
9557,Kangra,0,"2026-01-13 21:57:27","2026-01-13 21:57:27",NULL
9558,Kangra,0,"2026-01-13 21:57:27","2026-01-13 21:57:27",NULL
9559,Kangra,0,"2026-01-13 21:57:27","2026-01-13 21:57:27",NULL
9560,Kangra,0,"2026-01-13 21:57:27","2026-01-13 21:57:27",NULL
9561,Kangra,0,"2026-01-13 21:57:27","2026-01-13 21:57:27",NULL
9562,Kangra,0,"2026-01-13 21:57:27","2026-01-13 21:57:27",NULL
9563,Kangra,0,"2026-01-13 21:57:27","2026-01-13 21:57:27",NULL
9564,Kangra,0,"2026-01-13 21:57:27","2026-01-13 21:57:27",NULL
9565,Kangra,0,"2026-01-13 21:57:27","2026-01-13 21:57:27",NULL
9566,Chamba,0,"2026-01-13 21:57:27","2026-01-13 21:57:27",NULL
9567,Chamba,0,"2026-01-13 21:57:27","2026-01-13 21:57:27",NULL
9568,Chamba,0,"2026-01-13 21:57:27","2026-01-13 21:57:27",NULL
9569,Chamba,0,"2026-01-13 21:57:27","2026-01-13 21:57:27",NULL
9570,Chamba,0,"2026-01-13 21:57:27","2026-01-13 21:57:27",NULL
9571,Chamba,0,"2026-01-13 21:57:27","2026-01-13 21:57:27",NULL
9572,Chamba,0,"2026-01-13 21:57:27","2026-01-13 21:57:27",NULL
9573,Chamba,0,"2026-01-13 21:57:27","2026-01-13 21:57:27",NULL
9574,Chamba,0,"2026-01-13 21:57:27","2026-01-13 21:57:27",NULL
9575,Chamba,0,"2026-01-13 21:57:27","2026-01-13 21:57:27",NULL
9576,Chamba,0,"2026-01-13 21:57:27","2026-01-13 21:57:27",NULL
9577,Hamirpur(HP),0,"2026-01-13 21:57:27","2026-01-13 21:57:27",NULL
9578,Hamirpur(HP),0,"2026-01-13 21:57:27","2026-01-13 21:57:27",NULL
9579,Hamirpur(HP),0,"2026-01-13 21:57:27","2026-01-13 21:57:27",NULL
9580,Hamirpur(HP),0,"2026-01-13 21:57:27","2026-01-13 21:57:27",NULL
9581,Hamirpur(HP),0,"2026-01-13 21:57:27","2026-01-13 21:57:27",NULL
9582,Hamirpur(HP),0,"2026-01-13 21:57:27","2026-01-13 21:57:27",NULL
9583,Hamirpur(HP),0,"2026-01-13 21:57:27","2026-01-13 21:57:27",NULL
9584,Hamirpur(HP),0,"2026-01-13 21:57:27","2026-01-13 21:57:27",NULL
9585,Hamirpur(HP),0,"2026-01-13 21:57:27","2026-01-13 21:57:27",NULL
9586,Hamirpur(HP),0,"2026-01-13 21:57:27","2026-01-13 21:57:27",NULL
9587,Hamirpur(HP),0,"2026-01-13 21:57:27","2026-01-13 21:57:27",NULL
9588,Hamirpur(HP),0,"2026-01-13 21:57:27","2026-01-13 21:57:27",NULL
9589,Hamirpur(HP),0,"2026-01-13 21:57:27","2026-01-13 21:57:27",NULL
9590,Hamirpur(HP),0,"2026-01-13 21:57:27","2026-01-13 21:57:27",NULL
9591,Hamirpur(HP),0,"2026-01-13 21:57:27","2026-01-13 21:57:27",NULL
9592,Hamirpur(HP),0,"2026-01-13 21:57:27","2026-01-13 21:57:27",NULL
9593,Hamirpur(HP),0,"2026-01-13 21:57:27","2026-01-13 21:57:27",NULL
9594,Hamirpur(HP),0,"2026-01-13 21:57:27","2026-01-13 21:57:27",NULL
9595,Hamirpur(HP),0,"2026-01-13 21:57:27","2026-01-13 21:57:27",NULL
9596,Hamirpur(HP),0,"2026-01-13 21:57:27","2026-01-13 21:57:27",NULL
9597,Una,0,"2026-01-13 21:57:27","2026-01-13 21:57:27",NULL
9598,Hamirpur(HP),0,"2026-01-13 21:57:27","2026-01-13 21:57:27",NULL
9599,Hamirpur(HP),0,"2026-01-13 21:57:27","2026-01-13 21:57:27",NULL
9600,Hamirpur(HP),0,"2026-01-13 21:57:27","2026-01-13 21:57:27",NULL
9601,Hamirpur(HP),0,"2026-01-13 21:57:27","2026-01-13 21:57:27",NULL
9602,Hamirpur(HP),0,"2026-01-13 21:57:27","2026-01-13 21:57:27",NULL
9603,Hamirpur(HP),0,"2026-01-13 21:57:27","2026-01-13 21:57:27",NULL
9604,Hamirpur(HP),0,"2026-01-13 21:57:27","2026-01-13 21:57:27",NULL
9605,Hamirpur(HP),0,"2026-01-13 21:57:27","2026-01-13 21:57:27",NULL
9606,Hamirpur(HP),0,"2026-01-13 21:57:27","2026-01-13 21:57:27",NULL
9607,Hamirpur(HP),0,"2026-01-13 21:57:27","2026-01-13 21:57:27",NULL
9608,Hamirpur(HP),0,"2026-01-13 21:57:27","2026-01-13 21:57:27",NULL
9609,Hamirpur(HP),0,"2026-01-13 21:57:27","2026-01-13 21:57:27",NULL
9610,Hamirpur(HP),0,"2026-01-13 21:57:27","2026-01-13 21:57:27",NULL
9611,Hamirpur(HP),0,"2026-01-13 21:57:27","2026-01-13 21:57:27",NULL
9612,Hamirpur(HP),0,"2026-01-13 21:57:27","2026-01-13 21:57:27",NULL
9613,Hamirpur(HP),0,"2026-01-13 21:57:27","2026-01-13 21:57:27",NULL
9614,Hamirpur(HP),0,"2026-01-13 21:57:27","2026-01-13 21:57:27",NULL
9615,Hamirpur(HP),0,"2026-01-13 21:57:27","2026-01-13 21:57:27",NULL
9616,Hamirpur(HP),0,"2026-01-13 21:57:27","2026-01-13 21:57:27",NULL
9617,Kangra,0,"2026-01-13 21:57:27","2026-01-13 21:57:27",NULL
9618,Kangra,0,"2026-01-13 21:57:27","2026-01-13 21:57:27",NULL
9619,Kangra,0,"2026-01-13 21:57:27","2026-01-13 21:57:27",NULL
9620,Kangra,0,"2026-01-13 21:57:27","2026-01-13 21:57:27",NULL
9621,Kangra,0,"2026-01-13 21:57:27","2026-01-13 21:57:27",NULL
9622,Kangra,0,"2026-01-13 21:57:27","2026-01-13 21:57:27",NULL
9623,Kangra,0,"2026-01-13 21:57:27","2026-01-13 21:57:27",NULL
9624,Kangra,0,"2026-01-13 21:57:27","2026-01-13 21:57:27",NULL
9625,Kangra,0,"2026-01-13 21:57:27","2026-01-13 21:57:27",NULL
9626,Kangra,0,"2026-01-13 21:57:27","2026-01-13 21:57:27",NULL
9627,Kangra,0,"2026-01-13 21:57:27","2026-01-13 21:57:27",NULL
9628,Kangra,0,"2026-01-13 21:57:27","2026-01-13 21:57:27",NULL
9629,Kangra,0,"2026-01-13 21:57:27","2026-01-13 21:57:27",NULL
9630,Kangra,0,"2026-01-13 21:57:27","2026-01-13 21:57:27",NULL
9631,Una,0,"2026-01-13 21:57:27","2026-01-13 21:57:27",NULL
9632,Una,0,"2026-01-13 21:57:27","2026-01-13 21:57:27",NULL
9633,Una,0,"2026-01-13 21:57:27","2026-01-13 21:57:27",NULL
9634,Una,0,"2026-01-13 21:57:27","2026-01-13 21:57:27",NULL
9635,Una,0,"2026-01-13 21:57:27","2026-01-13 21:57:27",NULL
9636,Una,0,"2026-01-13 21:57:27","2026-01-13 21:57:27",NULL
9637,Una,0,"2026-01-13 21:57:27","2026-01-13 21:57:27",NULL
9638,Una,0,"2026-01-13 21:57:27","2026-01-13 21:57:27",NULL
9639,Hamirpur(HP),0,"2026-01-13 21:57:27","2026-01-13 21:57:27",NULL
9640,Hamirpur(HP),0,"2026-01-13 21:57:27","2026-01-13 21:57:27",NULL
9641,Hamirpur(HP),0,"2026-01-13 21:57:27","2026-01-13 21:57:27",NULL
9642,Hamirpur(HP),0,"2026-01-13 21:57:27","2026-01-13 21:57:27",NULL
9643,Hamirpur(HP),0,"2026-01-13 21:57:27","2026-01-13 21:57:27",NULL
9644,Hamirpur(HP),0,"2026-01-13 21:57:27","2026-01-13 21:57:27",NULL
9645,Hamirpur(HP),0,"2026-01-13 21:57:27","2026-01-13 21:57:27",NULL
9646,Hamirpur(HP),0,"2026-01-13 21:57:27","2026-01-13 21:57:27",NULL
9647,Hamirpur(HP),0,"2026-01-13 21:57:27","2026-01-13 21:57:27",NULL
9648,Hamirpur(HP),0,"2026-01-13 21:57:27","2026-01-13 21:57:27",NULL
9649,Kangra,0,"2026-01-13 21:57:27","2026-01-13 21:57:27",NULL
9650,Kangra,0,"2026-01-13 21:57:27","2026-01-13 21:57:27",NULL
9651,Kangra,0,"2026-01-13 21:57:27","2026-01-13 21:57:27",NULL
9652,Kangra,0,"2026-01-13 21:57:27","2026-01-13 21:57:27",NULL
9653,Kangra,0,"2026-01-13 21:57:27","2026-01-13 21:57:27",NULL
9654,Kangra,0,"2026-01-13 21:57:27","2026-01-13 21:57:27",NULL
9655,Kangra,0,"2026-01-13 21:57:27","2026-01-13 21:57:27",NULL
9656,Kangra,0,"2026-01-13 21:57:27","2026-01-13 21:57:27",NULL
9657,Hamirpur(HP),0,"2026-01-13 21:57:27","2026-01-13 21:57:27",NULL
9658,Hamirpur(HP),0,"2026-01-13 21:57:27","2026-01-13 21:57:27",NULL
9659,Hamirpur(HP),0,"2026-01-13 21:57:27","2026-01-13 21:57:27",NULL
9660,Hamirpur(HP),0,"2026-01-13 21:57:27","2026-01-13 21:57:27",NULL
9661,Hamirpur(HP),0,"2026-01-13 21:57:27","2026-01-13 21:57:27",NULL
9662,Hamirpur(HP),0,"2026-01-13 21:57:27","2026-01-13 21:57:27",NULL
9663,Hamirpur(HP),0,"2026-01-13 21:57:27","2026-01-13 21:57:27",NULL
9664,Hamirpur(HP),0,"2026-01-13 21:57:27","2026-01-13 21:57:27",NULL
9665,Hamirpur(HP),0,"2026-01-13 21:57:27","2026-01-13 21:57:27",NULL
9666,Hamirpur(HP),0,"2026-01-13 21:57:27","2026-01-13 21:57:27",NULL
9667,Hamirpur(HP),0,"2026-01-13 21:57:27","2026-01-13 21:57:27",NULL
9668,Hamirpur(HP),0,"2026-01-13 21:57:27","2026-01-13 21:57:27",NULL
9669,Hamirpur(HP),0,"2026-01-13 21:57:27","2026-01-13 21:57:27",NULL
9670,Hamirpur(HP),0,"2026-01-13 21:57:27","2026-01-13 21:57:27",NULL
9671,Hamirpur(HP),0,"2026-01-13 21:57:27","2026-01-13 21:57:27",NULL
9672,Hamirpur(HP),0,"2026-01-13 21:57:27","2026-01-13 21:57:27",NULL
9673,Hamirpur(HP),0,"2026-01-13 21:57:27","2026-01-13 21:57:27",NULL
9674,Hamirpur(HP),0,"2026-01-13 21:57:27","2026-01-13 21:57:27",NULL
9675,Hamirpur(HP),0,"2026-01-13 21:57:27","2026-01-13 21:57:27",NULL
9676,Hamirpur(HP),0,"2026-01-13 21:57:27","2026-01-13 21:57:27",NULL
9677,Hamirpur(HP),0,"2026-01-13 21:57:27","2026-01-13 21:57:27",NULL
9678,Hamirpur(HP),0,"2026-01-13 21:57:27","2026-01-13 21:57:27",NULL
9679,Hamirpur(HP),0,"2026-01-13 21:57:27","2026-01-13 21:57:27",NULL
9680,Hamirpur(HP),0,"2026-01-13 21:57:27","2026-01-13 21:57:27",NULL
9681,Hamirpur(HP),0,"2026-01-13 21:57:27","2026-01-13 21:57:27",NULL
9682,Hamirpur(HP),0,"2026-01-13 21:57:27","2026-01-13 21:57:27",NULL
9683,Hamirpur(HP),0,"2026-01-13 21:57:27","2026-01-13 21:57:27",NULL
9684,Hamirpur(HP),0,"2026-01-13 21:57:27","2026-01-13 21:57:27",NULL
9685,Hamirpur(HP),0,"2026-01-13 21:57:27","2026-01-13 21:57:27",NULL
9686,Una,0,"2026-01-13 21:57:27","2026-01-13 21:57:27",NULL
9687,Una,0,"2026-01-13 21:57:27","2026-01-13 21:57:27",NULL
9688,Hamirpur(HP),0,"2026-01-13 21:57:27","2026-01-13 21:57:27",NULL
9689,Hamirpur(HP),0,"2026-01-13 21:57:27","2026-01-13 21:57:27",NULL
9690,Hamirpur(HP),0,"2026-01-13 21:57:27","2026-01-13 21:57:27",NULL
9691,Hamirpur(HP),0,"2026-01-13 21:57:27","2026-01-13 21:57:27",NULL
9692,Kangra,0,"2026-01-13 21:57:27","2026-01-13 21:57:27",NULL
9693,Hamirpur(HP),0,"2026-01-13 21:57:27","2026-01-13 21:57:27",NULL
9694,Kangra,0,"2026-01-13 21:57:27","2026-01-13 21:57:27",NULL
9695,Kangra,0,"2026-01-13 21:57:27","2026-01-13 21:57:27",NULL
9696,Kangra,0,"2026-01-13 21:57:27","2026-01-13 21:57:27",NULL
9697,Kangra,0,"2026-01-13 21:57:27","2026-01-13 21:57:27",NULL
9698,Hamirpur(HP),0,"2026-01-13 21:57:27","2026-01-13 21:57:27",NULL
9699,Hamirpur(HP),0,"2026-01-13 21:57:27","2026-01-13 21:57:27",NULL
9700,Hamirpur(HP),0,"2026-01-13 21:57:27","2026-01-13 21:57:27",NULL
9701,Hamirpur(HP),0,"2026-01-13 21:57:27","2026-01-13 21:57:27",NULL
9702,Una,0,"2026-01-13 21:57:27","2026-01-13 21:57:27",NULL
9703,Una,0,"2026-01-13 21:57:27","2026-01-13 21:57:27",NULL
9704,Una,0,"2026-01-13 21:57:27","2026-01-13 21:57:27",NULL
9705,Hamirpur(HP),0,"2026-01-13 21:57:27","2026-01-13 21:57:27",NULL
9706,Hamirpur(HP),0,"2026-01-13 21:57:27","2026-01-13 21:57:27",NULL
9707,Hamirpur(HP),0,"2026-01-13 21:57:27","2026-01-13 21:57:27",NULL
9708,Hamirpur(HP),0,"2026-01-13 21:57:27","2026-01-13 21:57:27",NULL
9709,Hamirpur(HP),0,"2026-01-13 21:57:27","2026-01-13 21:57:27",NULL
9710,Hamirpur(HP),0,"2026-01-13 21:57:27","2026-01-13 21:57:27",NULL
9711,Hamirpur(HP),0,"2026-01-13 21:57:27","2026-01-13 21:57:27",NULL
9712,Hamirpur(HP),0,"2026-01-13 21:57:27","2026-01-13 21:57:27",NULL
9713,Hamirpur(HP),0,"2026-01-13 21:57:27","2026-01-13 21:57:27",NULL
9714,Una,0,"2026-01-13 21:57:27","2026-01-13 21:57:27",NULL
9715,Hamirpur(HP),0,"2026-01-13 21:57:27","2026-01-13 21:57:27",NULL
9716,Hamirpur(HP),0,"2026-01-13 21:57:27","2026-01-13 21:57:27",NULL
9717,Hamirpur(HP),0,"2026-01-13 21:57:27","2026-01-13 21:57:27",NULL
9718,Hamirpur(HP),0,"2026-01-13 21:57:27","2026-01-13 21:57:27",NULL
9719,Hamirpur(HP),0,"2026-01-13 21:57:27","2026-01-13 21:57:27",NULL
9720,Hamirpur(HP),0,"2026-01-13 21:57:27","2026-01-13 21:57:27",NULL
9721,Hamirpur(HP),0,"2026-01-13 21:57:27","2026-01-13 21:57:27",NULL
9722,Hamirpur(HP),0,"2026-01-13 21:57:27","2026-01-13 21:57:27",NULL
9723,Hamirpur(HP),0,"2026-01-13 21:57:27","2026-01-13 21:57:27",NULL
9724,Kangra,0,"2026-01-13 21:57:27","2026-01-13 21:57:27",NULL
9725,Kangra,0,"2026-01-13 21:57:27","2026-01-13 21:57:27",NULL
9726,Kangra,0,"2026-01-13 21:57:27","2026-01-13 21:57:27",NULL
9727,Kangra,0,"2026-01-13 21:57:27","2026-01-13 21:57:27",NULL
9728,Kangra,0,"2026-01-13 21:57:27","2026-01-13 21:57:27",NULL
9729,Kangra,0,"2026-01-13 21:57:27","2026-01-13 21:57:27",NULL
9730,Kangra,0,"2026-01-13 21:57:27","2026-01-13 21:57:27",NULL
9731,Kangra,0,"2026-01-13 21:57:27","2026-01-13 21:57:27",NULL
9732,Kangra,0,"2026-01-13 21:57:27","2026-01-13 21:57:27",NULL
9733,Kangra,0,"2026-01-13 21:57:27","2026-01-13 21:57:27",NULL
9734,Kangra,0,"2026-01-13 21:57:27","2026-01-13 21:57:27",NULL
9735,Kangra,0,"2026-01-13 21:57:27","2026-01-13 21:57:27",NULL
9736,Kangra,0,"2026-01-13 21:57:27","2026-01-13 21:57:27",NULL
9737,Kangra,0,"2026-01-13 21:57:27","2026-01-13 21:57:27",NULL
9738,Kangra,0,"2026-01-13 21:57:27","2026-01-13 21:57:27",NULL
9739,Kangra,0,"2026-01-13 21:57:27","2026-01-13 21:57:27",NULL
9740,Kangra,0,"2026-01-13 21:57:27","2026-01-13 21:57:27",NULL
9741,Kangra,0,"2026-01-13 21:57:27","2026-01-13 21:57:27",NULL
9742,Kangra,0,"2026-01-13 21:57:27","2026-01-13 21:57:27",NULL
9743,Kangra,0,"2026-01-13 21:57:27","2026-01-13 21:57:27",NULL
9744,Kangra,0,"2026-01-13 21:57:27","2026-01-13 21:57:27",NULL
9745,Kangra,0,"2026-01-13 21:57:27","2026-01-13 21:57:27",NULL
9746,Kangra,0,"2026-01-13 21:57:27","2026-01-13 21:57:27",NULL
9747,Kangra,0,"2026-01-13 21:57:27","2026-01-13 21:57:27",NULL
9748,Kangra,0,"2026-01-13 21:57:27","2026-01-13 21:57:27",NULL
9749,Kangra,0,"2026-01-13 21:57:27","2026-01-13 21:57:27",NULL
9750,Kangra,0,"2026-01-13 21:57:27","2026-01-13 21:57:27",NULL
9751,Kangra,0,"2026-01-13 21:57:27","2026-01-13 21:57:27",NULL
9752,Kangra,0,"2026-01-13 21:57:27","2026-01-13 21:57:27",NULL
9753,Kangra,0,"2026-01-13 21:57:27","2026-01-13 21:57:27",NULL
9754,Kangra,0,"2026-01-13 21:57:27","2026-01-13 21:57:27",NULL
9755,Kangra,0,"2026-01-13 21:57:27","2026-01-13 21:57:27",NULL
9756,Kangra,0,"2026-01-13 21:57:27","2026-01-13 21:57:27",NULL
9757,Kangra,0,"2026-01-13 21:57:27","2026-01-13 21:57:27",NULL
9758,Kangra,0,"2026-01-13 21:57:27","2026-01-13 21:57:27",NULL
9759,Una,0,"2026-01-13 21:57:27","2026-01-13 21:57:27",NULL
9760,Una,0,"2026-01-13 21:57:27","2026-01-13 21:57:27",NULL
9761,Una,0,"2026-01-13 21:57:27","2026-01-13 21:57:27",NULL
9762,Una,0,"2026-01-13 21:57:27","2026-01-13 21:57:27",NULL
9763,Una,0,"2026-01-13 21:57:27","2026-01-13 21:57:27",NULL
9764,Una,0,"2026-01-13 21:57:27","2026-01-13 21:57:27",NULL
9765,Una,0,"2026-01-13 21:57:27","2026-01-13 21:57:27",NULL
9766,Una,0,"2026-01-13 21:57:27","2026-01-13 21:57:27",NULL
9767,Una,0,"2026-01-13 21:57:27","2026-01-13 21:57:27",NULL
9768,Kangra,0,"2026-01-13 21:57:27","2026-01-13 21:57:27",NULL
9769,Jammu,0,"2026-01-13 21:57:27","2026-01-13 21:57:27",NULL
9770,Una,0,"2026-01-13 21:57:27","2026-01-13 21:57:27",NULL
9771,Una,0,"2026-01-13 21:57:27","2026-01-13 21:57:27",NULL
9772,Kangra,0,"2026-01-13 21:57:27","2026-01-13 21:57:27",NULL
9773,Una,0,"2026-01-13 21:57:27","2026-01-13 21:57:27",NULL
9774,Una,0,"2026-01-13 21:57:27","2026-01-13 21:57:27",NULL
9775,Kangra,0,"2026-01-13 21:57:27","2026-01-13 21:57:27",NULL
9776,Kangra,0,"2026-01-13 21:57:27","2026-01-13 21:57:27",NULL
9777,Kangra,0,"2026-01-13 21:57:27","2026-01-13 21:57:27",NULL
9778,Kangra,0,"2026-01-13 21:57:27","2026-01-13 21:57:27",NULL
9779,Kangra,0,"2026-01-13 21:57:27","2026-01-13 21:57:27",NULL
9780,Kangra,0,"2026-01-13 21:57:27","2026-01-13 21:57:27",NULL
9781,Kangra,0,"2026-01-13 21:57:27","2026-01-13 21:57:27",NULL
9782,Kangra,0,"2026-01-13 21:57:27","2026-01-13 21:57:27",NULL
9783,Kangra,0,"2026-01-13 21:57:27","2026-01-13 21:57:27",NULL
9784,Kangra,0,"2026-01-13 21:57:27","2026-01-13 21:57:27",NULL
9785,Hamirpur(HP),0,"2026-01-13 21:57:27","2026-01-13 21:57:27",NULL
9786,Hamirpur(HP),0,"2026-01-13 21:57:27","2026-01-13 21:57:27",NULL
9787,Hamirpur(HP),0,"2026-01-13 21:57:27","2026-01-13 21:57:27",NULL
9788,Una,0,"2026-01-13 21:57:27","2026-01-13 21:57:27",NULL
9789,Una,0,"2026-01-13 21:57:27","2026-01-13 21:57:27",NULL
9790,Una,0,"2026-01-13 21:57:27","2026-01-13 21:57:27",NULL
9791,Una,0,"2026-01-13 21:57:27","2026-01-13 21:57:27",NULL
9792,Una,0,"2026-01-13 21:57:27","2026-01-13 21:57:27",NULL
9793,Una,0,"2026-01-13 21:57:27","2026-01-13 21:57:27",NULL
9794,Una,0,"2026-01-13 21:57:27","2026-01-13 21:57:27",NULL
9795,Una,0,"2026-01-13 21:57:27","2026-01-13 21:57:27",NULL
9796,Una,0,"2026-01-13 21:57:27","2026-01-13 21:57:27",NULL
9797,Una,0,"2026-01-13 21:57:27","2026-01-13 21:57:27",NULL
9798,Una,0,"2026-01-13 21:57:27","2026-01-13 21:57:27",NULL
9799,Una,0,"2026-01-13 21:57:27","2026-01-13 21:57:27",NULL
9800,Una,0,"2026-01-13 21:57:27","2026-01-13 21:57:27",NULL
9801,Una,0,"2026-01-13 21:57:27","2026-01-13 21:57:27",NULL
9802,Una,0,"2026-01-13 21:57:27","2026-01-13 21:57:27",NULL
9803,Una,0,"2026-01-13 21:57:27","2026-01-13 21:57:27",NULL
9804,Una,0,"2026-01-13 21:57:27","2026-01-13 21:57:27",NULL
9805,Una,0,"2026-01-13 21:57:27","2026-01-13 21:57:27",NULL
9806,Una,0,"2026-01-13 21:57:27","2026-01-13 21:57:27",NULL
9807,Una,0,"2026-01-13 21:57:27","2026-01-13 21:57:27",NULL
9808,Una,0,"2026-01-13 21:57:27","2026-01-13 21:57:27",NULL
9809,Una,0,"2026-01-13 21:57:27","2026-01-13 21:57:27",NULL
9810,Una,0,"2026-01-13 21:57:27","2026-01-13 21:57:27",NULL
9811,Una,0,"2026-01-13 21:57:27","2026-01-13 21:57:27",NULL
9812,Una,0,"2026-01-13 21:57:27","2026-01-13 21:57:27",NULL
9813,Una,0,"2026-01-13 21:57:27","2026-01-13 21:57:27",NULL
9814,Una,0,"2026-01-13 21:57:27","2026-01-13 21:57:27",NULL
9815,Una,0,"2026-01-13 21:57:27","2026-01-13 21:57:27",NULL
9816,Una,0,"2026-01-13 21:57:27","2026-01-13 21:57:27",NULL
9817,Una,0,"2026-01-13 21:57:27","2026-01-13 21:57:27",NULL
9818,Una,0,"2026-01-13 21:57:27","2026-01-13 21:57:27",NULL
9819,Una,0,"2026-01-13 21:57:27","2026-01-13 21:57:27",NULL
9820,Una,0,"2026-01-13 21:57:27","2026-01-13 21:57:27",NULL
9821,Una,0,"2026-01-13 21:57:27","2026-01-13 21:57:27",NULL
9822,Una,0,"2026-01-13 21:57:27","2026-01-13 21:57:27",NULL
9823,Una,0,"2026-01-13 21:57:27","2026-01-13 21:57:27",NULL
9824,Una,0,"2026-01-13 21:57:27","2026-01-13 21:57:27",NULL
9825,Una,0,"2026-01-13 21:57:27","2026-01-13 21:57:27",NULL
9826,Una,0,"2026-01-13 21:57:27","2026-01-13 21:57:27",NULL
9827,Una,0,"2026-01-13 21:57:27","2026-01-13 21:57:27",NULL
9828,Una,0,"2026-01-13 21:57:27","2026-01-13 21:57:27",NULL
9829,Una,0,"2026-01-13 21:57:27","2026-01-13 21:57:27",NULL
9830,Una,0,"2026-01-13 21:57:27","2026-01-13 21:57:27",NULL
9831,Una,0,"2026-01-13 21:57:27","2026-01-13 21:57:27",NULL
9832,Una,0,"2026-01-13 21:57:27","2026-01-13 21:57:27",NULL
9833,Una,0,"2026-01-13 21:57:27","2026-01-13 21:57:27",NULL
9834,Una,0,"2026-01-13 21:57:27","2026-01-13 21:57:27",NULL
9835,Una,0,"2026-01-13 21:57:27","2026-01-13 21:57:27",NULL
9836,Una,0,"2026-01-13 21:57:27","2026-01-13 21:57:27",NULL
9837,Una,0,"2026-01-13 21:57:27","2026-01-13 21:57:27",NULL
9838,Una,0,"2026-01-13 21:57:27","2026-01-13 21:57:27",NULL
9839,Una,0,"2026-01-13 21:57:27","2026-01-13 21:57:27",NULL
9840,Una,0,"2026-01-13 21:57:27","2026-01-13 21:57:27",NULL
9841,Una,0,"2026-01-13 21:57:27","2026-01-13 21:57:27",NULL
9842,Una,0,"2026-01-13 21:57:27","2026-01-13 21:57:27",NULL
9843,Una,0,"2026-01-13 21:57:27","2026-01-13 21:57:27",NULL
9844,Una,0,"2026-01-13 21:57:27","2026-01-13 21:57:27",NULL
9845,Una,0,"2026-01-13 21:57:27","2026-01-13 21:57:27",NULL
9846,Una,0,"2026-01-13 21:57:27","2026-01-13 21:57:27",NULL
9847,Una,0,"2026-01-13 21:57:27","2026-01-13 21:57:27",NULL
9848,Una,0,"2026-01-13 21:57:27","2026-01-13 21:57:27",NULL
9849,Una,0,"2026-01-13 21:57:27","2026-01-13 21:57:27",NULL
9850,Una,0,"2026-01-13 21:57:27","2026-01-13 21:57:27",NULL
9851,Una,0,"2026-01-13 21:57:27","2026-01-13 21:57:27",NULL
9852,Una,0,"2026-01-13 21:57:27","2026-01-13 21:57:27",NULL
9853,Una,0,"2026-01-13 21:57:27","2026-01-13 21:57:27",NULL
9854,Kangra,0,"2026-01-13 21:57:27","2026-01-13 21:57:27",NULL
9855,Kangra,0,"2026-01-13 21:57:27","2026-01-13 21:57:27",NULL
9856,Kangra,0,"2026-01-13 21:57:27","2026-01-13 21:57:27",NULL
9857,Kangra,0,"2026-01-13 21:57:27","2026-01-13 21:57:27",NULL
9858,Kangra,0,"2026-01-13 21:57:27","2026-01-13 21:57:27",NULL
9859,Kangra,0,"2026-01-13 21:57:27","2026-01-13 21:57:27",NULL
9860,Hamirpur(HP),0,"2026-01-13 21:57:27","2026-01-13 21:57:27",NULL
9861,Hamirpur(HP),0,"2026-01-13 21:57:27","2026-01-13 21:57:27",NULL
9862,Hamirpur(HP),0,"2026-01-13 21:57:27","2026-01-13 21:57:27",NULL
9863,Jammu,0,"2026-01-13 21:57:27","2026-01-13 21:57:27",NULL
9864,Jammu,0,"2026-01-13 21:57:27","2026-01-13 21:57:27",NULL
9865,Jammu,0,"2026-01-13 21:57:28","2026-01-13 21:57:28",NULL
9866,Jammu,0,"2026-01-13 21:57:28","2026-01-13 21:57:28",NULL
9867,Jammu,0,"2026-01-13 21:57:28","2026-01-13 21:57:28",NULL
9868,Jammu,0,"2026-01-13 21:57:28","2026-01-13 21:57:28",NULL
9869,Jammu,0,"2026-01-13 21:57:28","2026-01-13 21:57:28",NULL
9870,Jammu,0,"2026-01-13 21:57:28","2026-01-13 21:57:28",NULL
9871,Jammu,0,"2026-01-13 21:57:28","2026-01-13 21:57:28",NULL
9872,Jammu,0,"2026-01-13 21:57:28","2026-01-13 21:57:28",NULL
9873,Jammu,0,"2026-01-13 21:57:28","2026-01-13 21:57:28",NULL
9874,Jammu,0,"2026-01-13 21:57:28","2026-01-13 21:57:28",NULL
9875,Jammu,0,"2026-01-13 21:57:28","2026-01-13 21:57:28",NULL
9876,Jammu,0,"2026-01-13 21:57:28","2026-01-13 21:57:28",NULL
9877,Jammu,0,"2026-01-13 21:57:28","2026-01-13 21:57:28",NULL
9878,Jammu,0,"2026-01-13 21:57:28","2026-01-13 21:57:28",NULL
9879,Jammu,0,"2026-01-13 21:57:28","2026-01-13 21:57:28",NULL
9880,Jammu,0,"2026-01-13 21:57:28","2026-01-13 21:57:28",NULL
9881,Jammu,0,"2026-01-13 21:57:28","2026-01-13 21:57:28",NULL
9882,Jammu,0,"2026-01-13 21:57:28","2026-01-13 21:57:28",NULL
9883,Jammu,0,"2026-01-13 21:57:28","2026-01-13 21:57:28",NULL
9884,Jammu,0,"2026-01-13 21:57:28","2026-01-13 21:57:28",NULL
9885,Jammu,0,"2026-01-13 21:57:28","2026-01-13 21:57:28",NULL
9886,Jammu,0,"2026-01-13 21:57:28","2026-01-13 21:57:28",NULL
9887,Jammu,0,"2026-01-13 21:57:28","2026-01-13 21:57:28",NULL
9888,Jammu,0,"2026-01-13 21:57:28","2026-01-13 21:57:28",NULL
9889,Jammu,0,"2026-01-13 21:57:28","2026-01-13 21:57:28",NULL
9890,Jammu,0,"2026-01-13 21:57:28","2026-01-13 21:57:28",NULL
9891,Jammu,0,"2026-01-13 21:57:28","2026-01-13 21:57:28",NULL
9892,Jammu,0,"2026-01-13 21:57:28","2026-01-13 21:57:28",NULL
9893,Jammu,0,"2026-01-13 21:57:28","2026-01-13 21:57:28",NULL
9894,Jammu,0,"2026-01-13 21:57:28","2026-01-13 21:57:28",NULL
9895,Jammu,0,"2026-01-13 21:57:28","2026-01-13 21:57:28",NULL
9896,Jammu,0,"2026-01-13 21:57:28","2026-01-13 21:57:28",NULL
9897,Jammu,0,"2026-01-13 21:57:28","2026-01-13 21:57:28",NULL
9898,Jammu,0,"2026-01-13 21:57:28","2026-01-13 21:57:28",NULL
9899,Jammu,0,"2026-01-13 21:57:28","2026-01-13 21:57:28",NULL
9900,Jammu,0,"2026-01-13 21:57:28","2026-01-13 21:57:28",NULL
9901,Jammu,0,"2026-01-13 21:57:28","2026-01-13 21:57:28",NULL
9902,Jammu,0,"2026-01-13 21:57:28","2026-01-13 21:57:28",NULL
9903,Jammu,0,"2026-01-13 21:57:28","2026-01-13 21:57:28",NULL
9904,Jammu,0,"2026-01-13 21:57:28","2026-01-13 21:57:28",NULL
9905,Jammu,0,"2026-01-13 21:57:28","2026-01-13 21:57:28",NULL
9906,Jammu,0,"2026-01-13 21:57:28","2026-01-13 21:57:28",NULL
9907,Una,0,"2026-01-13 21:57:28","2026-01-13 21:57:28",NULL
9908,Una,0,"2026-01-13 21:57:28","2026-01-13 21:57:28",NULL
9909,Hamirpur(HP),0,"2026-01-13 21:57:28","2026-01-13 21:57:28",NULL
9910,Hamirpur(HP),0,"2026-01-13 21:57:28","2026-01-13 21:57:28",NULL
9911,Hamirpur(HP),0,"2026-01-13 21:57:28","2026-01-13 21:57:28",NULL
9912,Hamirpur(HP),0,"2026-01-13 21:57:28","2026-01-13 21:57:28",NULL
9913,Hamirpur(HP),0,"2026-01-13 21:57:28","2026-01-13 21:57:28",NULL
9914,Hamirpur(HP),0,"2026-01-13 21:57:28","2026-01-13 21:57:28",NULL
9915,Hamirpur(HP),0,"2026-01-13 21:57:28","2026-01-13 21:57:28",NULL
9916,Hamirpur(HP),0,"2026-01-13 21:57:28","2026-01-13 21:57:28",NULL
9917,Hamirpur(HP),0,"2026-01-13 21:57:28","2026-01-13 21:57:28",NULL
9918,Hamirpur(HP),0,"2026-01-13 21:57:28","2026-01-13 21:57:28",NULL
9919,Hamirpur(HP),0,"2026-01-13 21:57:28","2026-01-13 21:57:28",NULL
9920,Hamirpur(HP),0,"2026-01-13 21:57:28","2026-01-13 21:57:28",NULL
9921,Hamirpur(HP),0,"2026-01-13 21:57:28","2026-01-13 21:57:28",NULL
9922,Hamirpur(HP),0,"2026-01-13 21:57:28","2026-01-13 21:57:28",NULL
9923,Jammu,0,"2026-01-13 21:57:28","2026-01-13 21:57:28",NULL
9924,Jammu,0,"2026-01-13 21:57:28","2026-01-13 21:57:28",NULL
9925,Jammu,0,"2026-01-13 21:57:28","2026-01-13 21:57:28",NULL
9926,Jammu,0,"2026-01-13 21:57:28","2026-01-13 21:57:28",NULL
9927,Jammu,0,"2026-01-13 21:57:28","2026-01-13 21:57:28",NULL
9928,Jammu,0,"2026-01-13 21:57:28","2026-01-13 21:57:28",NULL
9929,Jammu,0,"2026-01-13 21:57:28","2026-01-13 21:57:28",NULL
9930,Jammu,0,"2026-01-13 21:57:28","2026-01-13 21:57:28",NULL
9931,Jammu,0,"2026-01-13 21:57:28","2026-01-13 21:57:28",NULL
9932,Jammu,0,"2026-01-13 21:57:28","2026-01-13 21:57:28",NULL
9933,Jammu,0,"2026-01-13 21:57:28","2026-01-13 21:57:28",NULL
9934,Jammu,0,"2026-01-13 21:57:28","2026-01-13 21:57:28",NULL
9935,Jammu,0,"2026-01-13 21:57:28","2026-01-13 21:57:28",NULL
9936,Jammu,0,"2026-01-13 21:57:28","2026-01-13 21:57:28",NULL
9937,Jammu,0,"2026-01-13 21:57:28","2026-01-13 21:57:28",NULL
9938,Jammu,0,"2026-01-13 21:57:28","2026-01-13 21:57:28",NULL
9939,Jammu,0,"2026-01-13 21:57:28","2026-01-13 21:57:28",NULL
9940,Jammu,0,"2026-01-13 21:57:28","2026-01-13 21:57:28",NULL
9941,Jammu,0,"2026-01-13 21:57:28","2026-01-13 21:57:28",NULL
9942,Jammu,0,"2026-01-13 21:57:28","2026-01-13 21:57:28",NULL
9943,Jammu,0,"2026-01-13 21:57:28","2026-01-13 21:57:28",NULL
9944,Jammu,0,"2026-01-13 21:57:28","2026-01-13 21:57:28",NULL
9945,Udhampur,0,"2026-01-13 21:57:28","2026-01-13 21:57:28",NULL
9946,Jammu,0,"2026-01-13 21:57:28","2026-01-13 21:57:28",NULL
9947,Jammu,0,"2026-01-13 21:57:28","2026-01-13 21:57:28",NULL
9948,Jammu,0,"2026-01-13 21:57:28","2026-01-13 21:57:28",NULL
9949,Jammu,0,"2026-01-13 21:57:28","2026-01-13 21:57:28",NULL
9950,Jammu,0,"2026-01-13 21:57:28","2026-01-13 21:57:28",NULL
9951,Jammu,0,"2026-01-13 21:57:28","2026-01-13 21:57:28",NULL
9952,Jammu,0,"2026-01-13 21:57:28","2026-01-13 21:57:28",NULL
9953,Jammu,0,"2026-01-13 21:57:28","2026-01-13 21:57:28",NULL
9954,Jammu,0,"2026-01-13 21:57:28","2026-01-13 21:57:28",NULL
9955,Jammu,0,"2026-01-13 21:57:28","2026-01-13 21:57:28",NULL
9956,Jammu,0,"2026-01-13 21:57:28","2026-01-13 21:57:28",NULL
9957,Jammu,0,"2026-01-13 21:57:28","2026-01-13 21:57:28",NULL
9958,Jammu,0,"2026-01-13 21:57:28","2026-01-13 21:57:28",NULL
9959,Jammu,0,"2026-01-13 21:57:28","2026-01-13 21:57:28",NULL
9960,Jammu,0,"2026-01-13 21:57:28","2026-01-13 21:57:28",NULL
9961,Jammu,0,"2026-01-13 21:57:28","2026-01-13 21:57:28",NULL
9962,Jammu,0,"2026-01-13 21:57:28","2026-01-13 21:57:28",NULL
9963,Jammu,0,"2026-01-13 21:57:28","2026-01-13 21:57:28",NULL
9964,Jammu,0,"2026-01-13 21:57:28","2026-01-13 21:57:28",NULL
9965,Jammu,0,"2026-01-13 21:57:28","2026-01-13 21:57:28",NULL
9966,Jammu,0,"2026-01-13 21:57:28","2026-01-13 21:57:28",NULL
9967,Jammu,0,"2026-01-13 21:57:28","2026-01-13 21:57:28",NULL
9968,Jammu,0,"2026-01-13 21:57:28","2026-01-13 21:57:28",NULL
9969,Jammu,0,"2026-01-13 21:57:28","2026-01-13 21:57:28",NULL
9970,Jammu,0,"2026-01-13 21:57:28","2026-01-13 21:57:28",NULL
9971,Jammu,0,"2026-01-13 21:57:28","2026-01-13 21:57:28",NULL
9972,Jammu,0,"2026-01-13 21:57:28","2026-01-13 21:57:28",NULL
9973,Jammu,0,"2026-01-13 21:57:28","2026-01-13 21:57:28",NULL
9974,Jammu,0,"2026-01-13 21:57:28","2026-01-13 21:57:28",NULL
9975,Jammu,0,"2026-01-13 21:57:28","2026-01-13 21:57:28",NULL
9976,Jammu,0,"2026-01-13 21:57:28","2026-01-13 21:57:28",NULL
9977,Jammu,0,"2026-01-13 21:57:28","2026-01-13 21:57:28",NULL
9978,Jammu,0,"2026-01-13 21:57:28","2026-01-13 21:57:28",NULL
9979,Jammu,0,"2026-01-13 21:57:28","2026-01-13 21:57:28",NULL
9980,Jammu,0,"2026-01-13 21:57:28","2026-01-13 21:57:28",NULL
9981,Jammu,0,"2026-01-13 21:57:28","2026-01-13 21:57:28",NULL
9982,Jammu,0,"2026-01-13 21:57:28","2026-01-13 21:57:28",NULL
9983,Jammu,0,"2026-01-13 21:57:28","2026-01-13 21:57:28",NULL
9984,Jammu,0,"2026-01-13 21:57:28","2026-01-13 21:57:28",NULL
9985,Jammu,0,"2026-01-13 21:57:28","2026-01-13 21:57:28",NULL
9986,Jammu,0,"2026-01-13 21:57:28","2026-01-13 21:57:28",NULL
9987,Jammu,0,"2026-01-13 21:57:28","2026-01-13 21:57:28",NULL
9988,Jammu,0,"2026-01-13 21:57:28","2026-01-13 21:57:28",NULL
9989,Jammu,0,"2026-01-13 21:57:28","2026-01-13 21:57:28",NULL
9990,Jammu,0,"2026-01-13 21:57:28","2026-01-13 21:57:28",NULL
9991,Jammu,0,"2026-01-13 21:57:28","2026-01-13 21:57:28",NULL
9992,Jammu,0,"2026-01-13 21:57:28","2026-01-13 21:57:28",NULL
9993,Jammu,0,"2026-01-13 21:57:28","2026-01-13 21:57:28",NULL
9994,Jammu,0,"2026-01-13 21:57:28","2026-01-13 21:57:28",NULL
9995,Jammu,0,"2026-01-13 21:57:28","2026-01-13 21:57:28",NULL
9996,Jammu,0,"2026-01-13 21:57:28","2026-01-13 21:57:28",NULL
9997,Jammu,0,"2026-01-13 21:57:28","2026-01-13 21:57:28",NULL
9998,Jammu,0,"2026-01-13 21:57:28","2026-01-13 21:57:28",NULL
9999,Jammu,0,"2026-01-13 21:57:28","2026-01-13 21:57:28",NULL
10000,Jammu,0,"2026-01-13 21:57:28","2026-01-13 21:57:28",NULL
